-- phpMyAdmin SQL Dump
-- version 5.2.1
-- https://www.phpmyadmin.net/
--
-- Hôte : abajimxdatabase.mysql.db
-- Généré le : sam. 21 déc. 2024 à 17:51
-- Version du serveur : 8.0.39-30
-- Version de PHP : 8.2.21

SET SQL_MODE = "NO_AUTO_VALUE_ON_ZERO";
START TRANSACTION;
SET time_zone = "+00:00";


/*!40101 SET @OLD_CHARACTER_SET_CLIENT=@@CHARACTER_SET_CLIENT */;
/*!40101 SET @OLD_CHARACTER_SET_RESULTS=@@CHARACTER_SET_RESULTS */;
/*!40101 SET @OLD_COLLATION_CONNECTION=@@COLLATION_CONNECTION */;
/*!40101 SET NAMES utf8mb4 */;

--
-- Base de données : `abajimxdatabase`
--

-- --------------------------------------------------------

--
-- Structure de la table `accounting`
--

CREATE TABLE `accounting` (
  `id` int UNSIGNED NOT NULL,
  `user_id` int UNSIGNED DEFAULT NULL,
  `creator_id` int DEFAULT NULL,
  `webinar_id` int UNSIGNED DEFAULT NULL,
  `bundle_id` int UNSIGNED DEFAULT NULL,
  `meeting_time_id` int UNSIGNED DEFAULT NULL,
  `subscribe_id` int UNSIGNED DEFAULT NULL,
  `promotion_id` int UNSIGNED DEFAULT NULL,
  `registration_package_id` int UNSIGNED DEFAULT NULL,
  `product_id` int UNSIGNED DEFAULT NULL,
  `system` tinyint(1) NOT NULL DEFAULT '0',
  `tax` tinyint(1) NOT NULL DEFAULT '0',
  `amount` decimal(13,2) DEFAULT NULL,
  `type` enum('addiction','deduction') COLLATE utf8mb4_unicode_ci NOT NULL,
  `type_account` enum('income','asset','subscribe','promotion','registration_package') COLLATE utf8mb4_unicode_ci DEFAULT NULL,
  `store_type` enum('automatic','manual') COLLATE utf8mb4_unicode_ci NOT NULL DEFAULT 'automatic',
  `referred_user_id` int UNSIGNED DEFAULT NULL,
  `is_affiliate_amount` tinyint(1) NOT NULL DEFAULT '0',
  `is_affiliate_commission` tinyint(1) NOT NULL DEFAULT '0',
  `description` text COLLATE utf8mb4_unicode_ci,
  `created_at` int NOT NULL
) ENGINE=InnoDB DEFAULT CHARSET=utf8mb4 COLLATE=utf8mb4_unicode_ci ROW_FORMAT=DYNAMIC;

--
-- Déchargement des données de la table `accounting`
--

INSERT INTO `accounting` (`id`, `user_id`, `creator_id`, `webinar_id`, `bundle_id`, `meeting_time_id`, `subscribe_id`, `promotion_id`, `registration_package_id`, `product_id`, `system`, `tax`, `amount`, `type`, `type_account`, `store_type`, `referred_user_id`, `is_affiliate_amount`, `is_affiliate_commission`, `description`, `created_at`) VALUES
(251, 996, 1, NULL, NULL, NULL, NULL, NULL, NULL, NULL, 0, 0, 500.00, 'addiction', 'asset', 'automatic', NULL, 0, 0, 'offline payment approved', 1625944212),
(252, 996, NULL, NULL, NULL, 98, NULL, NULL, NULL, NULL, 0, 0, 165.00, 'deduction', 'asset', 'automatic', NULL, 0, 0, 'Paid for 1:30 hours of consultation', 1625944347),
(253, 996, NULL, NULL, NULL, 98, NULL, NULL, NULL, NULL, 0, 1, 15.00, 'addiction', 'asset', 'automatic', NULL, 0, 0, 'Tax form Buyer', 1625944347),
(254, 1015, NULL, NULL, NULL, 98, NULL, NULL, NULL, NULL, 0, 0, 120.00, 'addiction', 'income', 'automatic', NULL, 0, 0, 'Income Sale', 1625944347),
(255, 1015, NULL, NULL, NULL, 98, NULL, NULL, NULL, NULL, 1, 0, 30.00, 'addiction', 'income', 'automatic', NULL, 0, 0, 'Commission from Seller', 1625944347),
(256, 930, 1, NULL, NULL, NULL, NULL, NULL, NULL, NULL, 0, 0, 600.00, 'addiction', 'asset', 'manual', NULL, 0, 0, 'Gifts from the platform', 1625950715),
(257, 995, 1, NULL, NULL, NULL, NULL, NULL, NULL, NULL, 0, 0, 1000.00, 'addiction', 'asset', 'automatic', NULL, 0, 0, 'offline payment approved', 1625950749),
(258, 995, NULL, NULL, NULL, 160, NULL, NULL, NULL, NULL, 0, 0, 110.00, 'deduction', 'asset', 'automatic', NULL, 0, 0, 'Paid for 1:00 hours of consultation', 1625952630),
(259, 995, NULL, NULL, NULL, 160, NULL, NULL, NULL, NULL, 0, 1, 10.00, 'addiction', 'asset', 'automatic', NULL, 0, 0, 'Tax form Buyer', 1625952630),
(260, 934, NULL, NULL, NULL, 160, NULL, NULL, NULL, NULL, 0, 0, 80.00, 'addiction', 'income', 'automatic', NULL, 0, 0, 'Income Sale', 1625952630),
(261, 934, NULL, NULL, NULL, 160, NULL, NULL, NULL, NULL, 1, 0, 20.00, 'addiction', 'income', 'automatic', NULL, 0, 0, 'Commission from Seller', 1625952630),
(262, 995, NULL, 2005, NULL, NULL, NULL, NULL, NULL, NULL, 0, 0, 11.00, 'deduction', 'asset', 'automatic', NULL, 0, 0, 'Paid form Credit', 1625953197),
(263, 995, NULL, 2005, NULL, NULL, NULL, NULL, NULL, NULL, 0, 1, 1.00, 'addiction', 'asset', 'automatic', NULL, 0, 0, 'Tax form Buyer', 1625953198),
(264, 4, NULL, 2005, NULL, NULL, NULL, NULL, NULL, NULL, 0, 0, 8.00, 'addiction', 'income', 'automatic', NULL, 0, 0, 'Income Sale', 1625953198),
(265, 4, NULL, 2005, NULL, NULL, NULL, NULL, NULL, NULL, 1, 0, 2.00, 'addiction', 'income', 'automatic', NULL, 0, 0, 'Commission from Seller', 1625953198),
(266, 979, 1, NULL, NULL, NULL, NULL, NULL, NULL, NULL, 0, 0, 400.00, 'addiction', 'asset', 'automatic', NULL, 0, 0, 'offline payment approved', 1625992548),
(267, 995, NULL, NULL, NULL, 103, NULL, NULL, NULL, NULL, 0, 0, 137.50, 'deduction', 'asset', 'automatic', NULL, 0, 0, 'Paid for 1:15 hours of consultation', 1625996816),
(268, 995, NULL, NULL, NULL, 103, NULL, NULL, NULL, NULL, 0, 1, 12.50, 'addiction', 'asset', 'automatic', NULL, 0, 0, 'Tax form Buyer', 1625996817),
(269, 1015, NULL, NULL, NULL, 103, NULL, NULL, NULL, NULL, 0, 0, 100.00, 'addiction', 'income', 'automatic', NULL, 0, 0, 'Income Sale', 1625996817),
(270, 1015, NULL, NULL, NULL, 103, NULL, NULL, NULL, NULL, 1, 0, 25.00, 'addiction', 'income', 'automatic', NULL, 0, 0, 'Commission from Seller', 1625996817),
(271, 995, NULL, 1999, NULL, NULL, NULL, NULL, NULL, NULL, 0, 0, 55.00, 'deduction', 'asset', 'automatic', NULL, 0, 0, 'Paid form Credit', 1625996942),
(272, 995, NULL, 1999, NULL, NULL, NULL, NULL, NULL, NULL, 0, 1, 5.00, 'addiction', 'asset', 'automatic', NULL, 0, 0, 'Tax form Buyer', 1625996943),
(273, 929, NULL, 1999, NULL, NULL, NULL, NULL, NULL, NULL, 0, 0, 45.00, 'addiction', 'income', 'automatic', NULL, 0, 0, 'Income Sale', 1625996943),
(274, 929, NULL, 1999, NULL, NULL, NULL, NULL, NULL, NULL, 1, 0, 5.00, 'addiction', 'income', 'automatic', NULL, 0, 0, 'Commission from Seller', 1625996943),
(275, 995, NULL, 1998, NULL, NULL, NULL, NULL, NULL, NULL, 0, 0, 55.00, 'deduction', 'asset', 'automatic', NULL, 0, 0, 'Paid form Credit', 1625996979),
(276, 995, NULL, 1998, NULL, NULL, NULL, NULL, NULL, NULL, 0, 1, 5.00, 'addiction', 'asset', 'automatic', NULL, 0, 0, 'Tax form Buyer', 1625996979),
(277, 1015, NULL, 1998, NULL, NULL, NULL, NULL, NULL, NULL, 0, 0, 40.00, 'addiction', 'income', 'automatic', NULL, 0, 0, 'Income Sale', 1625996979),
(278, 1015, NULL, 1998, NULL, NULL, NULL, NULL, NULL, NULL, 1, 0, 10.00, 'addiction', 'income', 'automatic', NULL, 0, 0, 'Commission from Seller', 1625996979),
(279, 995, NULL, 2001, NULL, NULL, NULL, NULL, NULL, NULL, 0, 0, 17.60, 'deduction', 'asset', 'automatic', NULL, 0, 0, 'Paid form Credit', 1625997105),
(280, 995, NULL, 2001, NULL, NULL, NULL, NULL, NULL, NULL, 0, 1, 1.60, 'addiction', 'asset', 'automatic', NULL, 0, 0, 'Tax form Buyer', 1625997106),
(281, 3, NULL, 2001, NULL, NULL, NULL, NULL, NULL, NULL, 0, 0, 14.40, 'addiction', 'income', 'automatic', NULL, 0, 0, 'Income Sale', 1625997106),
(282, 3, NULL, 2001, NULL, NULL, NULL, NULL, NULL, NULL, 1, 0, 1.60, 'addiction', 'income', 'automatic', NULL, 0, 0, 'Commission from Seller', 1625997106),
(283, 996, NULL, 2006, NULL, NULL, NULL, NULL, NULL, NULL, 0, 0, 24.75, 'deduction', 'asset', 'automatic', NULL, 0, 0, 'Paid form Credit', 1626060488),
(284, 996, NULL, 2006, NULL, NULL, NULL, NULL, NULL, NULL, 0, 1, 2.25, 'addiction', 'asset', 'automatic', NULL, 0, 0, 'Tax form Buyer', 1626060488),
(285, 867, NULL, 2006, NULL, NULL, NULL, NULL, NULL, NULL, 0, 0, 18.00, 'addiction', 'income', 'automatic', NULL, 0, 0, 'Income Sale', 1626060488),
(286, 867, NULL, 2006, NULL, NULL, NULL, NULL, NULL, NULL, 1, 0, 4.50, 'addiction', 'income', 'automatic', NULL, 0, 0, 'Commission from Seller', 1626060488),
(287, 996, NULL, 1998, NULL, NULL, NULL, NULL, NULL, NULL, 0, 0, 44.00, 'deduction', 'asset', 'automatic', NULL, 0, 0, 'Paid form Credit', 1626060553),
(288, 996, NULL, 1998, NULL, NULL, NULL, NULL, NULL, NULL, 0, 1, 4.00, 'addiction', 'asset', 'automatic', NULL, 0, 0, 'Tax form Buyer', 1626060553),
(289, 1015, NULL, 1998, NULL, NULL, NULL, NULL, NULL, NULL, 0, 0, 32.00, 'addiction', 'income', 'automatic', NULL, 0, 0, 'Income Sale', 1626060553),
(290, 1015, NULL, 1998, NULL, NULL, NULL, NULL, NULL, NULL, 1, 0, 8.00, 'addiction', 'income', 'automatic', NULL, 0, 0, 'Commission from Seller', 1626060553),
(291, 930, NULL, 1998, NULL, NULL, NULL, NULL, NULL, NULL, 0, 0, 55.00, 'deduction', 'asset', 'automatic', NULL, 0, 0, 'Paid form Credit', 1626060836),
(292, 930, NULL, 1998, NULL, NULL, NULL, NULL, NULL, NULL, 0, 1, 5.00, 'addiction', 'asset', 'automatic', NULL, 0, 0, 'Tax form Buyer', 1626060837),
(293, 1015, NULL, 1998, NULL, NULL, NULL, NULL, NULL, NULL, 0, 0, 40.00, 'addiction', 'income', 'automatic', NULL, 0, 0, 'Income Sale', 1626060837),
(294, 1015, NULL, 1998, NULL, NULL, NULL, NULL, NULL, NULL, 1, 0, 10.00, 'addiction', 'income', 'automatic', NULL, 0, 0, 'Commission from Seller', 1626060837),
(295, 1015, 1, NULL, NULL, NULL, NULL, NULL, NULL, NULL, 0, 0, 332.00, 'deduction', 'income', 'automatic', NULL, 0, 0, 'Payout request', 1626061220),
(296, 979, NULL, 2004, NULL, NULL, NULL, NULL, NULL, NULL, 0, 0, 66.00, 'deduction', 'asset', 'automatic', NULL, 0, 0, 'Paid form Credit', 1626061333),
(297, 979, NULL, 2004, NULL, NULL, NULL, NULL, NULL, NULL, 0, 1, 6.00, 'addiction', 'asset', 'automatic', NULL, 0, 0, 'Tax form Buyer', 1626061334),
(298, 929, NULL, 2004, NULL, NULL, NULL, NULL, NULL, NULL, 0, 0, 54.00, 'addiction', 'income', 'automatic', NULL, 0, 0, 'Income Sale', 1626061334),
(299, 929, NULL, 2004, NULL, NULL, NULL, NULL, NULL, NULL, 1, 0, 6.00, 'addiction', 'income', 'automatic', NULL, 0, 0, 'Commission from Seller', 1626061334),
(300, 979, NULL, 2002, NULL, NULL, NULL, NULL, NULL, NULL, 0, 0, 22.00, 'deduction', 'asset', 'automatic', NULL, 0, 0, 'Paid form Credit', 1626061374),
(301, 979, NULL, 2002, NULL, NULL, NULL, NULL, NULL, NULL, 0, 1, 2.00, 'addiction', 'asset', 'automatic', NULL, 0, 0, 'Tax form Buyer', 1626061374),
(302, 863, NULL, 2002, NULL, NULL, NULL, NULL, NULL, NULL, 0, 0, 16.00, 'addiction', 'income', 'automatic', NULL, 0, 0, 'Income Sale', 1626061374),
(303, 863, NULL, 2002, NULL, NULL, NULL, NULL, NULL, NULL, 1, 0, 4.00, 'addiction', 'income', 'automatic', NULL, 0, 0, 'Commission from Seller', 1626061374),
(304, 979, NULL, 2000, NULL, NULL, NULL, NULL, NULL, NULL, 0, 0, 33.00, 'deduction', 'asset', 'automatic', NULL, 0, 0, 'Paid form Credit', 1626061375),
(305, 979, NULL, 2000, NULL, NULL, NULL, NULL, NULL, NULL, 0, 1, 3.00, 'addiction', 'asset', 'automatic', NULL, 0, 0, 'Tax form Buyer', 1626061376),
(306, 867, NULL, 2000, NULL, NULL, NULL, NULL, NULL, NULL, 0, 0, 24.00, 'addiction', 'income', 'automatic', NULL, 0, 0, 'Income Sale', 1626061376),
(307, 867, NULL, 2000, NULL, NULL, NULL, NULL, NULL, NULL, 1, 0, 6.00, 'addiction', 'income', 'automatic', NULL, 0, 0, 'Commission from Seller', 1626061376),
(308, 995, NULL, NULL, NULL, NULL, 3, NULL, NULL, NULL, 0, 0, 22.00, 'deduction', 'asset', 'automatic', NULL, 0, 0, 'Paid form Credit', 1626061450),
(309, 995, NULL, NULL, NULL, NULL, 3, NULL, NULL, NULL, 0, 1, 2.00, 'addiction', 'asset', 'automatic', NULL, 0, 0, 'Tax form Buyer', 1626061451),
(310, 995, NULL, NULL, NULL, NULL, 3, NULL, NULL, NULL, 1, 0, 20.00, 'addiction', 'subscribe', 'automatic', NULL, 0, 0, 'Income for Subscribe', 1626061451),
(311, 867, NULL, 2006, NULL, NULL, NULL, NULL, NULL, NULL, 0, 0, 0.16, 'addiction', 'income', 'automatic', NULL, 0, 0, 'Paid for Subscribe', 1626061483),
(312, 1, NULL, 2006, NULL, NULL, NULL, NULL, NULL, NULL, 1, 0, 0.16, 'deduction', 'asset', 'automatic', NULL, 0, 0, 'Paid for Subscribe', 1626061483),
(313, 929, NULL, 2004, NULL, NULL, NULL, NULL, NULL, NULL, 0, 0, 0.16, 'addiction', 'income', 'automatic', NULL, 0, 0, 'Paid for Subscribe', 1626061490),
(314, 1, NULL, 2004, NULL, NULL, NULL, NULL, NULL, NULL, 1, 0, 0.16, 'deduction', 'asset', 'automatic', NULL, 0, 0, 'Paid for Subscribe', 1626061490),
(315, 863, NULL, 2002, NULL, NULL, NULL, NULL, NULL, NULL, 0, 0, 0.16, 'addiction', 'income', 'automatic', NULL, 0, 0, 'Paid for Subscribe', 1626061494),
(316, 1, NULL, 2002, NULL, NULL, NULL, NULL, NULL, NULL, 1, 0, 0.16, 'deduction', 'asset', 'automatic', NULL, 0, 0, 'Paid for Subscribe', 1626061494),
(317, 1015, 1, NULL, NULL, NULL, NULL, NULL, NULL, NULL, 0, 0, 500.00, 'addiction', 'asset', 'automatic', NULL, 0, 0, 'offline payment approved', 1626132570),
(318, 1015, NULL, 2002, NULL, NULL, NULL, NULL, NULL, NULL, 0, 0, 17.60, 'deduction', 'asset', 'automatic', NULL, 0, 0, 'Paid form Credit', 1626132845),
(319, 1015, NULL, 2002, NULL, NULL, NULL, NULL, NULL, NULL, 0, 1, 1.60, 'addiction', 'asset', 'automatic', NULL, 0, 0, 'Tax form Buyer', 1626132845),
(320, 863, NULL, 2002, NULL, NULL, NULL, NULL, NULL, NULL, 0, 0, 12.80, 'addiction', 'income', 'automatic', NULL, 0, 0, 'Income Sale', 1626132845),
(321, 863, NULL, 2002, NULL, NULL, NULL, NULL, NULL, NULL, 1, 0, 3.20, 'addiction', 'income', 'automatic', NULL, 0, 0, 'Commission from Seller', 1626132845),
(322, 929, 1, NULL, NULL, NULL, NULL, NULL, NULL, NULL, 0, 0, 300.00, 'addiction', 'asset', 'automatic', NULL, 0, 0, 'offline payment approved', 1626241074),
(323, 929, NULL, 2004, NULL, NULL, NULL, 3, NULL, NULL, 0, 0, 55.00, 'deduction', 'asset', 'automatic', NULL, 0, 0, 'Paid form Credit', 1626241152),
(324, 929, NULL, 2004, NULL, NULL, NULL, 3, NULL, NULL, 0, 1, 5.00, 'addiction', 'asset', 'automatic', NULL, 0, 0, 'Tax form Buyer', 1626241153),
(325, 929, NULL, NULL, NULL, NULL, NULL, 3, NULL, NULL, 1, 0, 50.00, 'addiction', 'promotion', 'automatic', NULL, 0, 0, 'Paid for Promotion', 1626241153),
(326, 929, NULL, 2003, NULL, NULL, NULL, NULL, NULL, NULL, 0, 0, 33.00, 'deduction', 'asset', 'automatic', NULL, 0, 0, 'Paid form Credit', 1626241213),
(327, 929, NULL, 2003, NULL, NULL, NULL, NULL, NULL, NULL, 0, 1, 3.00, 'addiction', 'asset', 'automatic', NULL, 0, 0, 'Tax form Buyer', 1626241214),
(328, 864, NULL, 2003, NULL, NULL, NULL, NULL, NULL, NULL, 0, 0, 24.00, 'addiction', 'income', 'automatic', NULL, 0, 0, 'Income Sale', 1626241214),
(329, 864, NULL, 2003, NULL, NULL, NULL, NULL, NULL, NULL, 1, 0, 6.00, 'addiction', 'income', 'automatic', NULL, 0, 0, 'Commission from Seller', 1626241214),
(330, 995, NULL, NULL, NULL, 114, NULL, NULL, NULL, NULL, 0, 0, 110.00, 'deduction', 'asset', 'automatic', NULL, 0, 0, 'Paid for 1:00 hours of consultation', 1626247196),
(331, 995, NULL, NULL, NULL, 114, NULL, NULL, NULL, NULL, 0, 1, 10.00, 'addiction', 'asset', 'automatic', NULL, 0, 0, 'Tax form Buyer', 1626247196),
(332, 870, NULL, NULL, NULL, 114, NULL, NULL, NULL, NULL, 0, 0, 80.00, 'addiction', 'income', 'automatic', NULL, 0, 0, 'Income Sale', 1626247196),
(333, 870, NULL, NULL, NULL, 114, NULL, NULL, NULL, NULL, 1, 0, 20.00, 'addiction', 'income', 'automatic', NULL, 0, 0, 'Commission from Seller', 1626247196),
(334, 995, NULL, NULL, NULL, 114, NULL, NULL, NULL, NULL, 0, 0, 110.00, 'addiction', 'asset', 'automatic', NULL, 0, 0, 'Refunded to Buyer', 1626247245),
(335, NULL, NULL, NULL, NULL, 114, NULL, NULL, NULL, NULL, 0, 1, 10.00, 'deduction', 'asset', 'automatic', NULL, 0, 0, 'Refunded Tax', 1626247245),
(336, 870, NULL, NULL, NULL, 114, NULL, NULL, NULL, NULL, 0, 0, 100.00, 'deduction', 'income', 'automatic', NULL, 0, 0, 'Refunded Income', 1626247245),
(337, 870, NULL, NULL, NULL, 114, NULL, NULL, NULL, NULL, 0, 0, 20.00, 'addiction', 'income', 'automatic', NULL, 0, 0, 'Refunded Commission to Seller', 1626247245),
(338, 870, NULL, NULL, NULL, 114, NULL, NULL, NULL, NULL, 1, 0, 20.00, 'deduction', 'income', 'automatic', NULL, 0, 0, 'Refunded Commission', 1626247245),
(339, 996, NULL, 2000, NULL, NULL, NULL, NULL, NULL, NULL, 0, 0, 29.70, 'deduction', 'asset', 'automatic', NULL, 0, 0, 'Paid form Credit', 1626508957),
(340, 996, NULL, 2000, NULL, NULL, NULL, NULL, NULL, NULL, 0, 1, 2.70, 'addiction', 'asset', 'automatic', NULL, 0, 0, 'Tax form Buyer', 1626508957),
(341, 867, NULL, 2000, NULL, NULL, NULL, NULL, NULL, NULL, 0, 0, 21.60, 'addiction', 'income', 'automatic', NULL, 0, 0, 'Income Sale', 1626508957),
(342, 867, NULL, 2000, NULL, NULL, NULL, NULL, NULL, NULL, 1, 0, 5.40, 'addiction', 'income', 'automatic', NULL, 0, 0, 'Commission from Seller', 1626508957),
(343, 930, 1, NULL, NULL, NULL, NULL, NULL, NULL, NULL, 0, 0, 250.00, 'addiction', 'asset', 'automatic', NULL, 0, 0, 'offline payment approved', 1628704280),
(344, 923, 1, NULL, NULL, NULL, NULL, NULL, NULL, NULL, 0, 0, 300.00, 'addiction', 'asset', 'automatic', NULL, 0, 0, 'offline payment approved', 1628704284),
(345, 995, 1, NULL, NULL, NULL, NULL, NULL, NULL, NULL, 0, 0, 200.00, 'addiction', 'asset', 'automatic', NULL, 0, 0, 'offline payment approved', 1628704378),
(346, 995, 1, NULL, NULL, NULL, NULL, NULL, NULL, NULL, 0, 0, 100.00, 'addiction', 'asset', 'automatic', NULL, 0, 0, 'offline payment approved', 1628704382),
(347, 996, 1, NULL, NULL, NULL, NULL, NULL, NULL, NULL, 0, 0, 200.00, 'addiction', 'asset', 'automatic', NULL, 0, 0, 'offline payment approved', 1628704397),
(348, 929, NULL, 2000, NULL, NULL, NULL, NULL, NULL, NULL, 0, 0, 33.00, 'deduction', 'asset', 'automatic', NULL, 0, 0, 'Paid form Credit', 1635412197),
(349, 929, NULL, 2000, NULL, NULL, NULL, NULL, NULL, NULL, 0, 1, 3.00, 'addiction', 'asset', 'automatic', NULL, 0, 0, 'Tax form Buyer', 1635412197),
(350, 867, NULL, 2000, NULL, NULL, NULL, NULL, NULL, NULL, 0, 0, 24.00, 'addiction', 'income', 'automatic', NULL, 0, 0, 'Income Sale', 1635412197),
(351, 867, NULL, 2000, NULL, NULL, NULL, NULL, NULL, NULL, 1, 0, 6.00, 'addiction', 'income', 'automatic', NULL, 0, 0, 'Commission from Seller', 1635412197),
(352, 1015, NULL, NULL, NULL, NULL, NULL, NULL, NULL, NULL, 0, 0, 80.00, 'addiction', 'income', 'automatic', 1017, 1, 0, 'public.get_amount_from_referral', 1639378855),
(353, 1015, NULL, NULL, NULL, NULL, NULL, NULL, NULL, NULL, 1, 0, 80.00, 'deduction', 'income', 'automatic', 1017, 1, 0, 'public.get_amount_from_referral', 1639378855),
(354, 1017, NULL, NULL, NULL, NULL, NULL, NULL, NULL, NULL, 0, 0, 50.00, 'addiction', 'income', 'automatic', NULL, 1, 0, 'public.get_amount_from_referral', 1639378855),
(355, 1017, NULL, NULL, NULL, NULL, NULL, NULL, NULL, NULL, 1, 0, 50.00, 'deduction', 'income', 'automatic', NULL, 1, 0, 'public.get_amount_from_referral', 1639378855),
(356, 1017, 1, NULL, NULL, NULL, NULL, NULL, NULL, NULL, 0, 0, 500.00, 'addiction', 'asset', 'manual', NULL, 0, 0, 'charging for test', 1639379205),
(357, 1017, NULL, 2000, NULL, NULL, NULL, NULL, NULL, NULL, 0, 0, 33.00, 'deduction', 'asset', 'automatic', NULL, 0, 0, 'Paid form Credit', 1639379284),
(358, 1017, NULL, 2000, NULL, NULL, NULL, NULL, NULL, NULL, 0, 1, 3.00, 'addiction', 'asset', 'automatic', NULL, 0, 0, 'Tax form Buyer', 1639379285),
(359, 867, NULL, 2000, NULL, NULL, NULL, NULL, NULL, NULL, 0, 0, 24.00, 'addiction', 'income', 'automatic', NULL, 0, 0, 'Income Sale', 1639379285),
(360, 867, NULL, 2000, NULL, NULL, NULL, NULL, NULL, NULL, 1, 0, 4.50, 'addiction', 'income', 'automatic', NULL, 0, 0, 'Commission from Seller', 1639379285),
(361, 1015, NULL, 2000, NULL, NULL, NULL, NULL, NULL, NULL, 0, 0, 1.50, 'addiction', 'income', 'automatic', 1017, 0, 1, 'public.get_commission_from_referral', 1639379285),
(362, 1017, NULL, 1998, NULL, NULL, NULL, NULL, NULL, NULL, 0, 0, 110.00, 'deduction', 'asset', 'automatic', NULL, 0, 0, 'Paid form Credit', 1639379351),
(363, 1017, NULL, 1998, NULL, NULL, NULL, NULL, NULL, NULL, 0, 1, 10.00, 'addiction', 'asset', 'automatic', NULL, 0, 0, 'Tax form Buyer', 1639379352),
(364, 1015, NULL, 1998, NULL, NULL, NULL, NULL, NULL, NULL, 0, 0, 80.00, 'addiction', 'income', 'automatic', NULL, 0, 0, 'Income Sale', 1639379352),
(365, 1015, NULL, 1998, NULL, NULL, NULL, NULL, NULL, NULL, 1, 0, 15.00, 'addiction', 'income', 'automatic', NULL, 0, 0, 'Commission from Seller', 1639379352),
(366, 1015, NULL, 1998, NULL, NULL, NULL, NULL, NULL, NULL, 0, 0, 5.00, 'addiction', 'income', 'automatic', 1017, 0, 1, 'public.get_commission_from_referral', 1639379352),
(367, 1017, NULL, 2003, NULL, NULL, NULL, NULL, NULL, NULL, 0, 0, 33.00, 'deduction', 'asset', 'automatic', NULL, 0, 0, 'Paid form Credit', 1639379394),
(368, 1017, NULL, 2003, NULL, NULL, NULL, NULL, NULL, NULL, 0, 1, 3.00, 'addiction', 'asset', 'automatic', NULL, 0, 0, 'Tax form Buyer', 1639379395),
(369, 864, NULL, 2003, NULL, NULL, NULL, NULL, NULL, NULL, 0, 0, 24.00, 'addiction', 'income', 'automatic', NULL, 0, 0, 'Income Sale', 1639379395),
(370, 864, NULL, 2003, NULL, NULL, NULL, NULL, NULL, NULL, 1, 0, 4.50, 'addiction', 'income', 'automatic', NULL, 0, 0, 'Commission from Seller', 1639379395),
(371, 1015, NULL, 2003, NULL, NULL, NULL, NULL, NULL, NULL, 0, 0, 1.50, 'addiction', 'income', 'automatic', 1017, 0, 1, 'public.get_commission_from_referral', 1639379395),
(372, 995, NULL, 2009, NULL, NULL, NULL, NULL, NULL, NULL, 0, 0, 11.00, 'deduction', 'asset', 'automatic', NULL, 0, 0, 'Paid Form Credit', 1646172087),
(373, 995, NULL, 2009, NULL, NULL, NULL, NULL, NULL, NULL, 0, 1, 1.00, 'addiction', 'asset', 'automatic', NULL, 0, 0, 'Tax Get Form Buyer', 1646172087),
(374, 1015, NULL, 2009, NULL, NULL, NULL, NULL, NULL, NULL, 0, 0, 8.00, 'addiction', 'income', 'automatic', NULL, 0, 0, 'Income Sale', 1646172087),
(375, 1015, NULL, 2009, NULL, NULL, NULL, NULL, NULL, NULL, 1, 0, 2.00, 'addiction', 'income', 'automatic', NULL, 0, 0, 'Get Commission From Seller', 1646172087),
(376, 996, NULL, 2009, NULL, NULL, NULL, NULL, NULL, NULL, 0, 0, 9.90, 'deduction', 'asset', 'automatic', NULL, 0, 0, 'Paid Form Credit', 1646172124),
(377, 996, NULL, 2009, NULL, NULL, NULL, NULL, NULL, NULL, 0, 1, 0.90, 'addiction', 'asset', 'automatic', NULL, 0, 0, 'Tax Get Form Buyer', 1646172124),
(378, 1015, NULL, 2009, NULL, NULL, NULL, NULL, NULL, NULL, 0, 0, 7.20, 'addiction', 'income', 'automatic', NULL, 0, 0, 'Income Sale', 1646172124),
(379, 1015, NULL, 2009, NULL, NULL, NULL, NULL, NULL, NULL, 1, 0, 1.80, 'addiction', 'income', 'automatic', NULL, 0, 0, 'Get Commission From Seller', 1646172124),
(380, 979, NULL, 2009, NULL, NULL, NULL, NULL, NULL, NULL, 0, 0, 11.00, 'deduction', 'asset', 'automatic', NULL, 0, 0, 'Paid Form Credit', 1646172160),
(381, 979, NULL, 2009, NULL, NULL, NULL, NULL, NULL, NULL, 0, 1, 1.00, 'addiction', 'asset', 'automatic', NULL, 0, 0, 'Tax Get Form Buyer', 1646172160),
(382, 1015, NULL, 2009, NULL, NULL, NULL, NULL, NULL, NULL, 0, 0, 8.00, 'addiction', 'income', 'automatic', NULL, 0, 0, 'Income Sale', 1646172160),
(383, 1015, NULL, 2009, NULL, NULL, NULL, NULL, NULL, NULL, 1, 0, 2.00, 'addiction', 'income', 'automatic', NULL, 0, 0, 'Get Commission From Seller', 1646172160),
(384, 929, NULL, 2009, NULL, NULL, NULL, NULL, NULL, NULL, 0, 0, 11.00, 'deduction', 'asset', 'automatic', NULL, 0, 0, 'Paid Form Credit', 1646172296),
(385, 929, NULL, 2009, NULL, NULL, NULL, NULL, NULL, NULL, 0, 1, 1.00, 'addiction', 'asset', 'automatic', NULL, 0, 0, 'Tax Get Form Buyer', 1646172297),
(386, 1015, NULL, 2009, NULL, NULL, NULL, NULL, NULL, NULL, 0, 0, 8.00, 'addiction', 'income', 'automatic', NULL, 0, 0, 'Income Sale', 1646172297),
(387, 1015, NULL, 2009, NULL, NULL, NULL, NULL, NULL, NULL, 1, 0, 2.00, 'addiction', 'income', 'automatic', NULL, 0, 0, 'Get Commission From Seller', 1646172297),
(388, 995, NULL, NULL, NULL, 169, NULL, NULL, NULL, NULL, 0, 0, 825.00, 'deduction', 'asset', 'automatic', NULL, 0, 0, 'Paid for 1:00 hours of consultation', 1646379290),
(389, 995, NULL, NULL, NULL, 169, NULL, NULL, NULL, NULL, 0, 1, 75.00, 'addiction', 'asset', 'automatic', NULL, 0, 0, 'Tax Get Form Buyer', 1646379290),
(390, 1015, NULL, NULL, NULL, 169, NULL, NULL, NULL, NULL, 0, 0, 600.00, 'addiction', 'income', 'automatic', NULL, 0, 0, 'Income Sale', 1646379290),
(391, 1015, NULL, NULL, NULL, 169, NULL, NULL, NULL, NULL, 1, 0, 150.00, 'addiction', 'income', 'automatic', NULL, 0, 0, 'Get Commission From Seller', 1646379290),
(392, 867, 1, NULL, NULL, NULL, NULL, NULL, NULL, NULL, 0, 0, 200.00, 'addiction', 'asset', 'manual', NULL, 0, 0, 'gift', 1646381415),
(393, 930, NULL, NULL, NULL, NULL, NULL, NULL, 2, NULL, 0, 0, 218.90, 'deduction', 'asset', 'automatic', NULL, 0, 0, 'Paid Form Credit', 1646386792),
(394, 930, NULL, NULL, NULL, NULL, NULL, NULL, 2, NULL, 0, 1, 19.90, 'addiction', 'asset', 'automatic', NULL, 0, 0, 'Tax Get Form Buyer', 1646386797),
(395, 1, NULL, NULL, NULL, NULL, NULL, NULL, 2, NULL, 1, 0, 199.00, 'addiction', 'registration_package', 'automatic', NULL, 0, 0, 'Paid For Registration Package', 1646386797),
(396, 859, 1, NULL, NULL, NULL, NULL, NULL, NULL, NULL, 0, 0, 500.00, 'addiction', 'asset', 'manual', NULL, 0, 0, 'Charge for the test.', 1646387608),
(397, 859, NULL, NULL, NULL, NULL, NULL, NULL, 4, NULL, 0, 0, 220.00, 'deduction', 'asset', 'automatic', NULL, 0, 0, 'Paid Form Credit', 1646387660),
(398, 859, NULL, NULL, NULL, NULL, NULL, NULL, 4, NULL, 0, 1, 20.00, 'addiction', 'asset', 'automatic', NULL, 0, 0, 'Tax Get Form Buyer', 1646387660),
(399, 1, NULL, NULL, NULL, NULL, NULL, NULL, 4, NULL, 1, 0, 200.00, 'addiction', 'registration_package', 'automatic', NULL, 0, 0, 'Paid For Registration Package', 1646387660),
(400, 930, NULL, NULL, 1, NULL, NULL, NULL, NULL, NULL, 0, 0, 55.00, 'deduction', 'asset', 'automatic', NULL, 0, 0, 'Paid form credit', 1656083263),
(401, 930, NULL, NULL, 1, NULL, NULL, NULL, NULL, NULL, 0, 1, 5.00, 'addiction', 'asset', 'automatic', NULL, 0, 0, 'Tax form buyer', 1656083263),
(402, 1015, NULL, NULL, 1, NULL, NULL, NULL, NULL, NULL, 0, 0, 40.00, 'addiction', 'income', 'automatic', NULL, 0, 0, 'Sales income', 1656083263),
(403, 1015, NULL, NULL, 1, NULL, NULL, NULL, NULL, NULL, 1, 0, 10.00, 'addiction', 'income', 'automatic', NULL, 0, 0, 'Seller commission', 1656083263),
(404, 995, NULL, NULL, NULL, NULL, NULL, NULL, NULL, 4, 0, 0, 5.25, 'deduction', 'asset', 'automatic', NULL, 0, 0, 'Paid form credit', 1656103844),
(405, 995, NULL, NULL, NULL, NULL, NULL, NULL, NULL, 4, 0, 1, 0.25, 'addiction', 'asset', 'automatic', NULL, 0, 0, 'Tax form buyer', 1656103844),
(406, 1016, NULL, NULL, NULL, NULL, NULL, NULL, NULL, 4, 0, 0, 4.00, 'addiction', 'income', 'automatic', NULL, 0, 0, 'Sales income', 1656103844),
(407, 1016, NULL, NULL, NULL, NULL, NULL, NULL, NULL, 4, 1, 0, 1.00, 'addiction', 'income', 'automatic', NULL, 0, 0, 'Seller commission', 1656103844),
(408, 923, NULL, NULL, NULL, NULL, NULL, NULL, NULL, 1, 0, 0, 31.25, 'deduction', 'asset', 'automatic', NULL, 0, 0, 'Paid form credit', 1656104131),
(409, 923, NULL, NULL, NULL, NULL, NULL, NULL, NULL, 1, 0, 1, 1.25, 'addiction', 'asset', 'automatic', NULL, 0, 0, 'Tax form buyer', 1656104132),
(410, 1015, NULL, NULL, NULL, NULL, NULL, NULL, NULL, 1, 0, 0, 27.50, 'addiction', 'income', 'automatic', NULL, 0, 0, 'Sales income', 1656104132),
(411, 1015, NULL, NULL, NULL, NULL, NULL, NULL, NULL, 1, 1, 0, 2.50, 'addiction', 'income', 'automatic', NULL, 0, 0, 'Seller commission', 1656104132),
(412, 996, NULL, 2003, NULL, NULL, NULL, NULL, NULL, NULL, 0, 0, 39.60, 'deduction', 'asset', 'automatic', NULL, 0, 0, 'Paid form credit', 1656130482),
(413, 996, NULL, 2003, NULL, NULL, NULL, NULL, NULL, NULL, 0, 1, 3.60, 'addiction', 'asset', 'automatic', NULL, 0, 0, 'Tax form buyer', 1656130482),
(414, 864, NULL, 2003, NULL, NULL, NULL, NULL, NULL, NULL, 0, 0, 28.80, 'addiction', 'income', 'automatic', NULL, 0, 0, 'Sales income', 1656130482),
(415, 864, NULL, 2003, NULL, NULL, NULL, NULL, NULL, NULL, 1, 0, 7.20, 'addiction', 'income', 'automatic', NULL, 0, 0, 'Seller commission', 1656130482),
(416, 930, NULL, NULL, NULL, NULL, NULL, NULL, NULL, 2, 0, 0, 314.50, 'deduction', 'asset', 'automatic', NULL, 0, 0, 'Paid form credit', 1656130707),
(417, 930, NULL, NULL, NULL, NULL, NULL, NULL, NULL, 2, 0, 1, 14.50, 'addiction', 'asset', 'automatic', NULL, 0, 0, 'Tax form buyer', 1656130707),
(418, 934, NULL, NULL, NULL, NULL, NULL, NULL, NULL, 2, 0, 0, 271.00, 'addiction', 'income', 'automatic', NULL, 0, 0, 'Sales income', 1656130707),
(419, 934, NULL, NULL, NULL, NULL, NULL, NULL, NULL, 2, 1, 0, 29.00, 'addiction', 'income', 'automatic', NULL, 0, 0, 'Seller commission', 1656130707),
(420, 996, NULL, NULL, NULL, NULL, NULL, NULL, NULL, 5, 0, 0, 78.75, 'deduction', 'asset', 'automatic', NULL, 0, 0, 'Paid form credit', 1656130963),
(421, 996, NULL, NULL, NULL, NULL, NULL, NULL, NULL, 5, 0, 1, 3.75, 'addiction', 'asset', 'automatic', NULL, 0, 0, 'Tax form buyer', 1656130964),
(422, 1015, NULL, NULL, NULL, NULL, NULL, NULL, NULL, 5, 0, 0, 60.00, 'addiction', 'income', 'automatic', NULL, 0, 0, 'Sales income', 1656130964),
(423, 1015, NULL, NULL, NULL, NULL, NULL, NULL, NULL, 5, 1, 0, 15.00, 'addiction', 'income', 'automatic', NULL, 0, 0, 'Seller commission', 1656130964),
(424, 979, NULL, NULL, 2, NULL, NULL, NULL, NULL, NULL, 0, 0, 8.80, 'deduction', 'asset', 'automatic', NULL, 0, 0, 'Paid form credit', 1656139704),
(425, 979, NULL, NULL, 2, NULL, NULL, NULL, NULL, NULL, 0, 1, 0.80, 'addiction', 'asset', 'automatic', NULL, 0, 0, 'Tax form buyer', 1656139705),
(426, 934, NULL, NULL, 2, NULL, NULL, NULL, NULL, NULL, 0, 0, 6.40, 'addiction', 'income', 'automatic', NULL, 0, 0, 'Sales income', 1656139705),
(427, 934, NULL, NULL, 2, NULL, NULL, NULL, NULL, NULL, 1, 0, 1.60, 'addiction', 'income', 'automatic', NULL, 0, 0, 'Seller commission', 1656139705),
(428, 979, NULL, NULL, 3, NULL, NULL, NULL, NULL, NULL, 0, 0, 27.50, 'deduction', 'asset', 'automatic', NULL, 0, 0, 'Paid form credit', 1656139705),
(429, 979, NULL, NULL, 3, NULL, NULL, NULL, NULL, NULL, 0, 1, 2.50, 'addiction', 'asset', 'automatic', NULL, 0, 0, 'Tax form buyer', 1656139706),
(430, 929, NULL, NULL, 3, NULL, NULL, NULL, NULL, NULL, 0, 0, 20.00, 'addiction', 'income', 'automatic', NULL, 0, 0, 'Sales income', 1656139706),
(431, 929, NULL, NULL, 3, NULL, NULL, NULL, NULL, NULL, 1, 0, 5.00, 'addiction', 'income', 'automatic', NULL, 0, 0, 'Seller commission', 1656139706),
(432, 1017, NULL, NULL, NULL, NULL, NULL, NULL, NULL, 1, 0, 0, 26.00, 'deduction', 'asset', 'automatic', NULL, 0, 0, 'Paid form credit', 1656148574),
(433, 1017, NULL, NULL, NULL, NULL, NULL, NULL, NULL, 1, 0, 1, 1.00, 'addiction', 'asset', 'automatic', NULL, 0, 0, 'Tax form buyer', 1656148574),
(434, 1015, NULL, NULL, NULL, NULL, NULL, NULL, NULL, 1, 0, 0, 23.00, 'addiction', 'income', 'automatic', NULL, 0, 0, 'Sales income', 1656148574),
(435, 1015, NULL, NULL, NULL, NULL, NULL, NULL, NULL, 1, 1, 0, 2.00, 'addiction', 'income', 'automatic', NULL, 0, 0, 'Seller commission', 1656148574),
(436, 995, 1, NULL, NULL, NULL, NULL, NULL, NULL, NULL, 0, 0, 300.00, 'addiction', 'asset', 'manual', NULL, 0, 0, 'Gift Balance', 1656148789),
(437, 995, NULL, NULL, NULL, NULL, NULL, NULL, NULL, 1, 0, 0, 52.25, 'deduction', 'asset', 'automatic', NULL, 0, 0, 'Paid form credit', 1656148838),
(438, 995, NULL, NULL, NULL, NULL, NULL, NULL, NULL, 1, 0, 1, 2.25, 'addiction', 'asset', 'automatic', NULL, 0, 0, 'Tax form buyer', 1656148838),
(439, 1015, NULL, NULL, NULL, NULL, NULL, NULL, NULL, 1, 0, 0, 45.50, 'addiction', 'income', 'automatic', NULL, 0, 0, 'Sales income', 1656148838),
(440, 1015, NULL, NULL, NULL, NULL, NULL, NULL, NULL, 1, 1, 0, 4.50, 'addiction', 'income', 'automatic', NULL, 0, 0, 'Seller commission', 1656148838),
(441, 995, NULL, NULL, NULL, NULL, NULL, NULL, NULL, 6, 0, 0, 17.00, 'deduction', 'asset', 'automatic', NULL, 0, 0, 'Paid form credit', 1656322658),
(442, 995, NULL, NULL, NULL, NULL, NULL, NULL, NULL, 6, 0, 1, 1.00, 'addiction', 'asset', 'automatic', NULL, 0, 0, 'Tax form buyer', 1656322658),
(443, 1, NULL, NULL, NULL, NULL, NULL, NULL, NULL, 6, 0, 0, 12.00, 'addiction', 'income', 'automatic', NULL, 0, 0, 'Sales income', 1656322658),
(444, 1, NULL, NULL, NULL, NULL, NULL, NULL, NULL, 6, 1, 0, 4.00, 'addiction', 'income', 'automatic', NULL, 0, 0, 'Seller commission', 1656322658),
(445, 1017, NULL, 2005, NULL, NULL, NULL, NULL, NULL, NULL, 0, 0, 11.00, 'deduction', 'asset', 'automatic', NULL, 0, 0, 'Paid form Credit', 1677238935),
(446, 1017, NULL, 2005, NULL, NULL, NULL, NULL, NULL, NULL, 0, 1, 1.00, 'addiction', 'asset', 'automatic', NULL, 0, 0, 'Tax form Buyer', 1677238935),
(447, 4, NULL, 2005, NULL, NULL, NULL, NULL, NULL, NULL, 0, 0, 8.00, 'addiction', 'income', 'automatic', NULL, 0, 0, 'Income Sale', 1677238935),
(448, 4, NULL, 2005, NULL, NULL, NULL, NULL, NULL, NULL, 1, 0, 2.00, 'addiction', 'income', 'automatic', NULL, 0, 0, 'Commission from Seller', 1677238935),
(449, 934, 1, NULL, NULL, NULL, NULL, NULL, NULL, NULL, 0, 0, 80.00, 'deduction', 'income', 'automatic', NULL, 0, 0, 'Payout request', 1678927913),
(450, 1017, 1, NULL, NULL, NULL, NULL, NULL, NULL, NULL, 0, 0, 2530.00, 'addiction', 'asset', 'manual', NULL, 0, 0, 'ddd', 1679068164),
(451, 1017, 1, NULL, NULL, NULL, NULL, NULL, NULL, NULL, 0, 0, 200.00, 'addiction', 'asset', 'manual', NULL, 0, 0, '3', 1679068228),
(452, 1024, 1, NULL, NULL, NULL, NULL, NULL, NULL, NULL, 0, 0, 2000.00, 'addiction', 'asset', 'automatic', NULL, 0, 0, 'offline payment approved', 1679097227),
(453, 1024, NULL, 2001, NULL, NULL, NULL, NULL, NULL, NULL, 0, 0, 17.60, 'deduction', 'asset', 'automatic', NULL, 0, 0, 'Paid form Credit', 1679097283),
(454, 1024, NULL, 2001, NULL, NULL, NULL, NULL, NULL, NULL, 0, 1, 1.60, 'addiction', 'asset', 'automatic', NULL, 0, 0, 'Tax form Buyer', 1679097283),
(455, 3, NULL, 2001, NULL, NULL, NULL, NULL, NULL, NULL, 0, 0, 12.80, 'addiction', 'income', 'automatic', NULL, 0, 0, 'Income Sale', 1679097283),
(456, 3, NULL, 2001, NULL, NULL, NULL, NULL, NULL, NULL, 1, 0, 3.20, 'addiction', 'income', 'automatic', NULL, 0, 0, 'Commission from Seller', 1679097283),
(457, 1024, NULL, 2004, NULL, NULL, NULL, NULL, NULL, NULL, 0, 0, 39.60, 'deduction', 'asset', 'automatic', NULL, 0, 0, 'Paid form Credit', 1679097395),
(458, 1024, NULL, 2004, NULL, NULL, NULL, NULL, NULL, NULL, 0, 1, 3.60, 'addiction', 'asset', 'automatic', NULL, 0, 0, 'Tax form Buyer', 1679097395),
(459, 929, NULL, 2004, NULL, NULL, NULL, NULL, NULL, NULL, 0, 0, 28.80, 'addiction', 'income', 'automatic', NULL, 0, 0, 'Income Sale', 1679097395),
(460, 929, NULL, 2004, NULL, NULL, NULL, NULL, NULL, NULL, 1, 0, 7.20, 'addiction', 'income', 'automatic', NULL, 0, 0, 'Commission from Seller', 1679097395),
(461, 1024, NULL, 2005, NULL, NULL, NULL, NULL, NULL, NULL, 0, 0, 11.00, 'deduction', 'asset', 'automatic', NULL, 0, 0, 'Paid form Credit', 1679097505),
(462, 1024, NULL, 2005, NULL, NULL, NULL, NULL, NULL, NULL, 0, 1, 1.00, 'addiction', 'asset', 'automatic', NULL, 0, 0, 'Tax form Buyer', 1679097505),
(463, 4, NULL, 2005, NULL, NULL, NULL, NULL, NULL, NULL, 0, 0, 8.00, 'addiction', 'income', 'automatic', NULL, 0, 0, 'Income Sale', 1679097505),
(464, 4, NULL, 2005, NULL, NULL, NULL, NULL, NULL, NULL, 1, 0, 2.00, 'addiction', 'income', 'automatic', NULL, 0, 0, 'Commission from Seller', 1679097505),
(465, 1024, NULL, NULL, NULL, 173, NULL, NULL, NULL, NULL, 0, 0, 412.50, 'deduction', 'asset', 'automatic', NULL, 0, 0, 'Paid for 1:30 hours of consultation', 1679097723),
(466, 1024, NULL, NULL, NULL, 173, NULL, NULL, NULL, NULL, 0, 1, 37.50, 'addiction', 'asset', 'automatic', NULL, 0, 0, 'Tax form Buyer', 1679097723),
(467, 1015, NULL, NULL, NULL, 173, NULL, NULL, NULL, NULL, 0, 0, 300.00, 'addiction', 'income', 'automatic', NULL, 0, 0, 'Income Sale', 1679097723),
(468, 1015, NULL, NULL, NULL, 173, NULL, NULL, NULL, NULL, 1, 0, 75.00, 'addiction', 'income', 'automatic', NULL, 0, 0, 'Commission from Seller', 1679097723),
(469, 1024, NULL, NULL, NULL, NULL, 4, NULL, NULL, NULL, 0, 0, 110.00, 'deduction', 'asset', 'automatic', NULL, 0, 0, 'Paid form Credit', 1679098267),
(470, 1024, NULL, NULL, NULL, NULL, 4, NULL, NULL, NULL, 0, 1, 10.00, 'addiction', 'asset', 'automatic', NULL, 0, 0, 'Tax form Buyer', 1679098268),
(471, 1024, NULL, NULL, NULL, NULL, 4, NULL, NULL, NULL, 1, 0, 100.00, 'addiction', 'subscribe', 'automatic', NULL, 0, 0, 'Income for Subscribe', 1679098268),
(472, 1024, NULL, 2000, NULL, NULL, NULL, NULL, NULL, NULL, 0, 0, 33.00, 'deduction', 'asset', 'automatic', NULL, 0, 0, 'Paid form Credit', 1679098715),
(473, 1024, NULL, 2000, NULL, NULL, NULL, NULL, NULL, NULL, 0, 1, 3.00, 'addiction', 'asset', 'automatic', NULL, 0, 0, 'Tax form Buyer', 1679098715),
(474, 867, NULL, 2000, NULL, NULL, NULL, NULL, NULL, NULL, 0, 0, 24.00, 'addiction', 'income', 'automatic', NULL, 0, 0, 'Income Sale', 1679098715),
(475, 867, NULL, 2000, NULL, NULL, NULL, NULL, NULL, NULL, 1, 0, 6.00, 'addiction', 'income', 'automatic', NULL, 0, 0, 'Commission from Seller', 1679098715),
(476, 1024, NULL, 1996, NULL, NULL, NULL, NULL, NULL, NULL, 0, 0, 220.00, 'deduction', 'asset', 'automatic', NULL, 0, 0, 'Paid form Credit', 1679098992),
(477, 1024, NULL, 1996, NULL, NULL, NULL, NULL, NULL, NULL, 0, 1, 20.00, 'addiction', 'asset', 'automatic', NULL, 0, 0, 'Tax form Buyer', 1679098992),
(478, 1015, NULL, 1996, NULL, NULL, NULL, NULL, NULL, NULL, 0, 0, 160.00, 'addiction', 'income', 'automatic', NULL, 0, 0, 'Income Sale', 1679098992),
(479, 1015, NULL, 1996, NULL, NULL, NULL, NULL, NULL, NULL, 1, 0, 40.00, 'addiction', 'income', 'automatic', NULL, 0, 0, 'Commission from Seller', 1679098992),
(480, 1024, 1, NULL, NULL, NULL, NULL, NULL, NULL, NULL, 0, 0, 4000.00, 'addiction', 'asset', 'automatic', NULL, 0, 0, 'offline payment approved', 1679353169),
(481, 995, NULL, NULL, NULL, 170, NULL, NULL, NULL, NULL, 0, 0, 110.00, 'deduction', 'asset', 'automatic', NULL, 0, 0, 'Paid for 1:00 hours of consultation', 1680222236),
(482, 995, NULL, NULL, NULL, 170, NULL, NULL, NULL, NULL, 0, 1, 10.00, 'addiction', 'asset', 'automatic', NULL, 0, 0, 'Tax form Buyer', 1680222236),
(483, 1015, NULL, NULL, NULL, 170, NULL, NULL, NULL, NULL, 0, 0, 80.00, 'addiction', 'income', 'automatic', NULL, 0, 0, 'Income Sale', 1680222236),
(484, 1015, NULL, NULL, NULL, 170, NULL, NULL, NULL, NULL, 1, 0, 20.00, 'addiction', 'income', 'automatic', NULL, 0, 0, 'Commission from Seller', 1680222236),
(485, 995, NULL, 2004, NULL, NULL, NULL, NULL, NULL, NULL, 0, 0, 39.60, 'deduction', 'asset', 'automatic', NULL, 0, 0, 'Paid form Credit', 1680222879),
(486, 995, NULL, 2004, NULL, NULL, NULL, NULL, NULL, NULL, 0, 1, 3.60, 'addiction', 'asset', 'automatic', NULL, 0, 0, 'Tax form Buyer', 1680222879),
(487, 929, NULL, 2004, NULL, NULL, NULL, NULL, NULL, NULL, 0, 0, 28.80, 'addiction', 'income', 'automatic', NULL, 0, 0, 'Income Sale', 1680222879),
(488, 929, NULL, 2004, NULL, NULL, NULL, NULL, NULL, NULL, 1, 0, 7.20, 'addiction', 'income', 'automatic', NULL, 0, 0, 'Commission from Seller', 1680222879),
(489, 995, NULL, NULL, NULL, NULL, 4, NULL, NULL, NULL, 0, 0, 110.00, 'deduction', 'asset', 'automatic', NULL, 0, 0, 'Paid form Credit', 1681783495),
(490, 995, NULL, NULL, NULL, NULL, 4, NULL, NULL, NULL, 0, 1, 10.00, 'addiction', 'asset', 'automatic', NULL, 0, 0, 'Tax form Buyer', 1681783495),
(491, 995, NULL, NULL, NULL, NULL, 4, NULL, NULL, NULL, 1, 0, 100.00, 'addiction', 'subscribe', 'automatic', NULL, 0, 0, 'Income for Subscribe', 1681783495),
(492, 1015, 1, NULL, NULL, NULL, NULL, NULL, NULL, NULL, 0, 0, 600.00, 'addiction', 'asset', 'automatic', NULL, 0, 0, 'offline payment approved', 1682170962),
(493, 1015, 1, NULL, NULL, NULL, NULL, NULL, NULL, NULL, 0, 0, 900.00, 'addiction', 'asset', 'manual', NULL, 0, 0, 'fds', 1682171012),
(494, 995, 1, NULL, NULL, NULL, NULL, NULL, NULL, NULL, 0, 0, 6000.00, 'addiction', 'asset', 'automatic', NULL, 0, 0, 'offline payment approved', 1682274027),
(495, 995, 1, NULL, NULL, NULL, NULL, NULL, NULL, NULL, 0, 0, 1000.00, 'addiction', 'asset', 'manual', NULL, 0, 0, 'feds', 1682274187),
(496, 995, NULL, NULL, NULL, 107, NULL, NULL, NULL, NULL, 0, 0, 1375.00, 'deduction', 'asset', 'automatic', NULL, 0, 0, 'Paid for 2:30 hours of consultation', 1682274300),
(497, 995, NULL, NULL, NULL, 107, NULL, NULL, NULL, NULL, 0, 1, 125.00, 'addiction', 'asset', 'automatic', NULL, 0, 0, 'Tax form Buyer', 1682274300),
(498, 929, NULL, NULL, NULL, 107, NULL, NULL, NULL, NULL, 0, 0, 1000.00, 'addiction', 'income', 'automatic', NULL, 0, 0, 'Income Sale', 1682274300),
(499, 929, NULL, NULL, NULL, 107, NULL, NULL, NULL, NULL, 1, 0, 250.00, 'addiction', 'income', 'automatic', NULL, 0, 0, 'Commission from Seller', 1682274300),
(500, 995, NULL, 2003, NULL, NULL, NULL, NULL, NULL, NULL, 0, 0, 44.00, 'deduction', 'asset', 'automatic', NULL, 0, 0, 'Paid form Credit', 1682872506),
(501, 995, NULL, 2003, NULL, NULL, NULL, NULL, NULL, NULL, 0, 1, 4.00, 'addiction', 'asset', 'automatic', NULL, 0, 0, 'Tax form Buyer', 1682872506),
(502, 864, NULL, 2003, NULL, NULL, NULL, NULL, NULL, NULL, 0, 0, 32.00, 'addiction', 'income', 'automatic', NULL, 0, 0, 'Income Sale', 1682872506),
(503, 864, NULL, 2003, NULL, NULL, NULL, NULL, NULL, NULL, 1, 0, 8.00, 'addiction', 'income', 'automatic', NULL, 0, 0, 'Commission from Seller', 1682872506),
(504, 995, 1, NULL, NULL, NULL, NULL, NULL, NULL, NULL, 0, 0, 1000.00, 'addiction', 'asset', 'automatic', NULL, 0, 0, 'offline payment approved', 1682940889),
(505, 995, NULL, NULL, NULL, 101, NULL, NULL, NULL, NULL, 0, 0, 275.00, 'deduction', 'asset', 'automatic', NULL, 0, 0, 'Paid for 1:00 hours of consultation', 1683238180),
(506, 995, NULL, NULL, NULL, 101, NULL, NULL, NULL, NULL, 0, 1, 25.00, 'addiction', 'asset', 'automatic', NULL, 0, 0, 'Tax form Buyer', 1683238180),
(507, 1015, NULL, NULL, NULL, 101, NULL, NULL, NULL, NULL, 0, 0, 200.00, 'addiction', 'income', 'automatic', NULL, 0, 0, 'Income Sale', 1683238180),
(508, 1015, NULL, NULL, NULL, 101, NULL, NULL, NULL, NULL, 1, 0, 50.00, 'addiction', 'income', 'automatic', NULL, 0, 0, 'Commission from Seller', 1683238180),
(509, 995, NULL, NULL, NULL, 105, NULL, NULL, NULL, NULL, 0, 0, 550.00, 'deduction', 'asset', 'automatic', NULL, 0, 0, 'Paid for 2:00 hours of consultation', 1683238794),
(510, 995, NULL, NULL, NULL, 105, NULL, NULL, NULL, NULL, 0, 1, 50.00, 'addiction', 'asset', 'automatic', NULL, 0, 0, 'Tax form Buyer', 1683238794),
(511, 1015, NULL, NULL, NULL, 105, NULL, NULL, NULL, NULL, 0, 0, 400.00, 'addiction', 'income', 'automatic', NULL, 0, 0, 'Income Sale', 1683238794),
(512, 1015, NULL, NULL, NULL, 105, NULL, NULL, NULL, NULL, 1, 0, 100.00, 'addiction', 'income', 'automatic', NULL, 0, 0, 'Commission from Seller', 1683238794),
(513, 995, NULL, NULL, NULL, 105, NULL, NULL, NULL, NULL, 0, 0, 550.00, 'deduction', 'asset', 'automatic', NULL, 0, 0, 'Paid for 2:00 hours of consultation', 1683289781),
(514, 995, NULL, NULL, NULL, 105, NULL, NULL, NULL, NULL, 0, 1, 50.00, 'addiction', 'asset', 'automatic', NULL, 0, 0, 'Tax form Buyer', 1683289781),
(515, 1015, NULL, NULL, NULL, 105, NULL, NULL, NULL, NULL, 0, 0, 400.00, 'addiction', 'income', 'automatic', NULL, 0, 0, 'Income Sale', 1683289781),
(516, 1015, NULL, NULL, NULL, 105, NULL, NULL, NULL, NULL, 1, 0, 100.00, 'addiction', 'income', 'automatic', NULL, 0, 0, 'Commission from Seller', 1683289781),
(517, 995, NULL, NULL, NULL, 177, NULL, NULL, NULL, NULL, 0, 0, 550.00, 'deduction', 'asset', 'automatic', NULL, 0, 0, 'Paid for 2:00 hours of consultation', 1683551248),
(518, 995, NULL, NULL, NULL, 177, NULL, NULL, NULL, NULL, 0, 1, 50.00, 'addiction', 'asset', 'automatic', NULL, 0, 0, 'Tax form Buyer', 1683551248),
(519, 1015, NULL, NULL, NULL, 177, NULL, NULL, NULL, NULL, 0, 0, 400.00, 'addiction', 'income', 'automatic', NULL, 0, 0, 'Income Sale', 1683551248),
(520, 1015, NULL, NULL, NULL, 177, NULL, NULL, NULL, NULL, 1, 0, 100.00, 'addiction', 'income', 'automatic', NULL, 0, 0, 'Commission from Seller', 1683551248),
(521, 995, NULL, NULL, NULL, 179, NULL, NULL, NULL, NULL, 0, 0, 220.00, 'deduction', 'asset', 'automatic', NULL, 0, 0, 'Paid for 2:00 hours of consultation', 1683551815),
(522, 995, NULL, NULL, NULL, 179, NULL, NULL, NULL, NULL, 0, 1, 20.00, 'addiction', 'asset', 'automatic', NULL, 0, 0, 'Tax form Buyer', 1683551815),
(523, 1015, NULL, NULL, NULL, 179, NULL, NULL, NULL, NULL, 0, 0, 160.00, 'addiction', 'income', 'automatic', NULL, 0, 0, 'Income Sale', 1683551815),
(524, 1015, NULL, NULL, NULL, 179, NULL, NULL, NULL, NULL, 1, 0, 40.00, 'addiction', 'income', 'automatic', NULL, 0, 0, 'Commission from Seller', 1683551815),
(525, 995, NULL, 2022, NULL, NULL, NULL, NULL, NULL, NULL, 0, 0, 22.00, 'deduction', 'asset', 'automatic', NULL, 0, 0, 'Paid form Credit', 1683553975),
(526, 995, NULL, 2022, NULL, NULL, NULL, NULL, NULL, NULL, 0, 1, 2.00, 'addiction', 'asset', 'automatic', NULL, 0, 0, 'Tax form Buyer', 1683553975),
(527, 1015, NULL, 2022, NULL, NULL, NULL, NULL, NULL, NULL, 0, 0, 16.00, 'addiction', 'income', 'automatic', NULL, 0, 0, 'Income Sale', 1683553975),
(528, 1015, NULL, 2022, NULL, NULL, NULL, NULL, NULL, NULL, 1, 0, 4.00, 'addiction', 'income', 'automatic', NULL, 0, 0, 'Commission from Seller', 1683553975),
(529, 995, 1, NULL, NULL, NULL, NULL, NULL, NULL, NULL, 0, 0, 3000.00, 'addiction', 'asset', 'automatic', NULL, 0, 0, 'offline payment approved', 1683567533),
(530, 995, 1, NULL, NULL, NULL, NULL, NULL, NULL, NULL, 0, 0, 100.00, 'addiction', 'asset', 'manual', NULL, 0, 0, 'DONE', 1683567722),
(531, 995, 1, NULL, NULL, NULL, NULL, NULL, NULL, NULL, 0, 0, 300.00, 'addiction', 'asset', 'automatic', NULL, 0, 0, 'offline payment approved', 1683568709),
(532, 995, 1, NULL, NULL, NULL, NULL, NULL, NULL, NULL, 0, 0, 400.00, 'addiction', 'asset', 'manual', NULL, 0, 0, 'done', 1683571424),
(533, 995, 1, NULL, NULL, NULL, NULL, NULL, NULL, NULL, 0, 0, 200.00, 'addiction', 'asset', 'automatic', NULL, 0, 0, 'offline payment approved', 1684329577),
(534, 995, 1, NULL, NULL, NULL, NULL, NULL, NULL, NULL, 0, 0, 400.00, 'addiction', 'asset', 'manual', NULL, 0, 0, 'DONE', 1684329754),
(535, 995, NULL, 2000, NULL, NULL, NULL, NULL, NULL, NULL, 0, 0, 33.00, 'deduction', 'asset', 'automatic', NULL, 0, 0, 'Paid form Credit', 1684329995),
(536, 995, NULL, 2000, NULL, NULL, NULL, NULL, NULL, NULL, 0, 1, 3.00, 'addiction', 'asset', 'automatic', NULL, 0, 0, 'Tax form Buyer', 1684329995),
(537, 867, NULL, 2000, NULL, NULL, NULL, NULL, NULL, NULL, 0, 0, 24.00, 'addiction', 'income', 'automatic', NULL, 0, 0, 'Income Sale', 1684329995),
(538, 867, NULL, 2000, NULL, NULL, NULL, NULL, NULL, NULL, 1, 0, 6.00, 'addiction', 'income', 'automatic', NULL, 0, 0, 'Commission from Seller', 1684329995),
(539, 995, NULL, NULL, NULL, 101, NULL, NULL, NULL, NULL, 0, 0, 275.00, 'deduction', 'asset', 'automatic', NULL, 0, 0, 'Paid for 1:00 hours of consultation', 1684330504),
(540, 995, NULL, NULL, NULL, 101, NULL, NULL, NULL, NULL, 0, 1, 25.00, 'addiction', 'asset', 'automatic', NULL, 0, 0, 'Tax form Buyer', 1684330504),
(541, 1015, NULL, NULL, NULL, 101, NULL, NULL, NULL, NULL, 0, 0, 200.00, 'addiction', 'income', 'automatic', NULL, 0, 0, 'Income Sale', 1684330504),
(542, 1015, NULL, NULL, NULL, 101, NULL, NULL, NULL, NULL, 1, 0, 50.00, 'addiction', 'income', 'automatic', NULL, 0, 0, 'Commission from Seller', 1684330504),
(543, 1042, 1, NULL, NULL, NULL, NULL, NULL, NULL, NULL, 0, 0, 9000.00, 'addiction', 'asset', 'automatic', NULL, 0, 0, 'offline payment approved', 1684764796),
(544, 1042, NULL, 2001, NULL, NULL, NULL, NULL, NULL, NULL, 0, 0, 17.60, 'deduction', 'asset', 'automatic', NULL, 0, 0, 'Paid form Credit', 1684764823),
(545, 1042, NULL, 2001, NULL, NULL, NULL, NULL, NULL, NULL, 0, 1, 1.60, 'addiction', 'asset', 'automatic', NULL, 0, 0, 'Tax form Buyer', 1684764823),
(546, 3, NULL, 2001, NULL, NULL, NULL, NULL, NULL, NULL, 0, 0, 12.80, 'addiction', 'income', 'automatic', NULL, 0, 0, 'Income Sale', 1684764823),
(547, 3, NULL, 2001, NULL, NULL, NULL, NULL, NULL, NULL, 1, 0, 3.20, 'addiction', 'income', 'automatic', NULL, 0, 0, 'Commission from Seller', 1684764823),
(548, 1042, NULL, 2022, NULL, NULL, NULL, NULL, NULL, NULL, 0, 0, 22.00, 'deduction', 'asset', 'automatic', NULL, 0, 0, 'Paid form Credit', 1684765323),
(549, 1042, NULL, 2022, NULL, NULL, NULL, NULL, NULL, NULL, 0, 1, 2.00, 'addiction', 'asset', 'automatic', NULL, 0, 0, 'Tax form Buyer', 1684765323),
(550, 1015, NULL, 2022, NULL, NULL, NULL, NULL, NULL, NULL, 0, 0, 16.00, 'addiction', 'income', 'automatic', NULL, 0, 0, 'Income Sale', 1684765323),
(551, 1015, NULL, 2022, NULL, NULL, NULL, NULL, NULL, NULL, 1, 0, 4.00, 'addiction', 'income', 'automatic', NULL, 0, 0, 'Commission from Seller', 1684765323),
(552, 995, 1, NULL, NULL, NULL, NULL, NULL, NULL, NULL, 0, 0, 700.00, 'addiction', 'asset', 'manual', NULL, 0, 0, 'done', 1686832622),
(553, 995, 1, NULL, NULL, NULL, NULL, NULL, NULL, NULL, 0, 0, 1000.00, 'addiction', 'asset', 'automatic', NULL, 0, 0, 'offline payment approved', 1686832882),
(554, 1015, NULL, 2001, NULL, NULL, NULL, NULL, NULL, NULL, 0, 0, 17.60, 'deduction', 'asset', 'automatic', NULL, 0, 0, 'Paid form Credit', 1686833662),
(555, 1015, NULL, 2001, NULL, NULL, NULL, NULL, NULL, NULL, 0, 1, 1.60, 'addiction', 'asset', 'automatic', NULL, 0, 0, 'Tax form Buyer', 1686833662),
(556, 3, NULL, 2001, NULL, NULL, NULL, NULL, NULL, NULL, 0, 0, 12.80, 'addiction', 'income', 'automatic', NULL, 0, 0, 'Income Sale', 1686833662),
(557, 3, NULL, 2001, NULL, NULL, NULL, NULL, NULL, NULL, 1, 0, 3.20, 'addiction', 'income', 'automatic', NULL, 0, 0, 'Commission from Seller', 1686833662),
(558, 995, NULL, NULL, NULL, 181, NULL, NULL, NULL, NULL, 0, 0, 275.00, 'deduction', 'asset', 'automatic', NULL, 0, 0, 'Paid for 1:00 hours of consultation', 1686836838),
(559, 995, NULL, NULL, NULL, 181, NULL, NULL, NULL, NULL, 0, 1, 25.00, 'addiction', 'asset', 'automatic', NULL, 0, 0, 'Tax form Buyer', 1686836838),
(560, 1015, NULL, NULL, NULL, 181, NULL, NULL, NULL, NULL, 0, 0, 200.00, 'addiction', 'income', 'automatic', NULL, 0, 0, 'Income Sale', 1686836838),
(561, 1015, NULL, NULL, NULL, 181, NULL, NULL, NULL, NULL, 1, 0, 50.00, 'addiction', 'income', 'automatic', NULL, 0, 0, 'Commission from Seller', 1686836838),
(562, 995, NULL, NULL, NULL, 182, NULL, NULL, NULL, NULL, 0, 0, 412.50, 'deduction', 'asset', 'automatic', NULL, 0, 0, 'Paid for 1:30 hours of consultation', 1687250813),
(563, 995, NULL, NULL, NULL, 182, NULL, NULL, NULL, NULL, 0, 1, 37.50, 'addiction', 'asset', 'automatic', NULL, 0, 0, 'Tax form Buyer', 1687250813),
(564, 1015, NULL, NULL, NULL, 182, NULL, NULL, NULL, NULL, 0, 0, 300.00, 'addiction', 'income', 'automatic', NULL, 0, 0, 'Income Sale', 1687250813),
(565, 1015, NULL, NULL, NULL, 182, NULL, NULL, NULL, NULL, 1, 0, 75.00, 'addiction', 'income', 'automatic', NULL, 0, 0, 'Commission from Seller', 1687250813),
(566, 995, 1, NULL, NULL, NULL, NULL, NULL, NULL, NULL, 0, 0, 1000.00, 'addiction', 'asset', 'automatic', NULL, 0, 0, 'offline payment approved', 1687529510),
(567, 995, 1, NULL, NULL, NULL, NULL, NULL, NULL, NULL, 0, 0, 2000.00, 'addiction', 'asset', 'manual', NULL, 0, 0, 'DONE', 1687529612),
(568, 995, NULL, NULL, NULL, 183, NULL, NULL, NULL, NULL, 0, 0, 275.00, 'deduction', 'asset', 'automatic', NULL, 0, 0, 'Paid for 1:00 hours of consultation', 1688654490),
(569, 995, NULL, NULL, NULL, 183, NULL, NULL, NULL, NULL, 0, 1, 25.00, 'addiction', 'asset', 'automatic', NULL, 0, 0, 'Tax form Buyer', 1688654490),
(570, 1015, NULL, NULL, NULL, 183, NULL, NULL, NULL, NULL, 0, 0, 200.00, 'addiction', 'income', 'automatic', NULL, 0, 0, 'Income Sale', 1688654490),
(571, 1015, NULL, NULL, NULL, 183, NULL, NULL, NULL, NULL, 1, 0, 50.00, 'addiction', 'income', 'automatic', NULL, 0, 0, 'Commission from Seller', 1688654490),
(572, 995, NULL, NULL, NULL, 183, NULL, NULL, NULL, NULL, 0, 0, 275.00, 'deduction', 'asset', 'automatic', NULL, 0, 0, 'Paid for 1:00 hours of consultation', 1688765259),
(573, 995, NULL, NULL, NULL, 183, NULL, NULL, NULL, NULL, 0, 1, 25.00, 'addiction', 'asset', 'automatic', NULL, 0, 0, 'Tax form Buyer', 1688765259),
(574, 1015, NULL, NULL, NULL, 183, NULL, NULL, NULL, NULL, 0, 0, 200.00, 'addiction', 'income', 'automatic', NULL, 0, 0, 'Income Sale', 1688765259),
(575, 1015, NULL, NULL, NULL, 183, NULL, NULL, NULL, NULL, 1, 0, 50.00, 'addiction', 'income', 'automatic', NULL, 0, 0, 'Commission from Seller', 1688765259),
(576, 995, NULL, NULL, NULL, 101, NULL, NULL, NULL, NULL, 0, 0, 275.00, 'deduction', 'asset', 'automatic', NULL, 0, 0, 'Paid for 1:00 hours of consultation', 1689185327),
(577, 995, NULL, NULL, NULL, 101, NULL, NULL, NULL, NULL, 0, 1, 25.00, 'addiction', 'asset', 'automatic', NULL, 0, 0, 'Tax form Buyer', 1689185327),
(578, 1015, NULL, NULL, NULL, 101, NULL, NULL, NULL, NULL, 0, 0, 200.00, 'addiction', 'income', 'automatic', NULL, 0, 0, 'Income Sale', 1689185327);
INSERT INTO `accounting` (`id`, `user_id`, `creator_id`, `webinar_id`, `bundle_id`, `meeting_time_id`, `subscribe_id`, `promotion_id`, `registration_package_id`, `product_id`, `system`, `tax`, `amount`, `type`, `type_account`, `store_type`, `referred_user_id`, `is_affiliate_amount`, `is_affiliate_commission`, `description`, `created_at`) VALUES
(579, 1015, NULL, NULL, NULL, 101, NULL, NULL, NULL, NULL, 1, 0, 50.00, 'addiction', 'income', 'automatic', NULL, 0, 0, 'Commission from Seller', 1689185327),
(580, 995, NULL, NULL, NULL, 110, NULL, NULL, NULL, NULL, 0, 0, 825.00, 'deduction', 'asset', 'automatic', NULL, 0, 0, 'Paid for 1:30 hours of consultation', 1689605048),
(581, 995, NULL, NULL, NULL, 110, NULL, NULL, NULL, NULL, 0, 1, 75.00, 'addiction', 'asset', 'automatic', NULL, 0, 0, 'Tax form Buyer', 1689605048),
(582, 929, NULL, NULL, NULL, 110, NULL, NULL, NULL, NULL, 0, 0, 600.00, 'addiction', 'income', 'automatic', NULL, 0, 0, 'Income Sale', 1689605048),
(583, 929, NULL, NULL, NULL, 110, NULL, NULL, NULL, NULL, 1, 0, 150.00, 'addiction', 'income', 'automatic', NULL, 0, 0, 'Commission from Seller', 1689605048),
(584, 1097, 1, NULL, NULL, NULL, NULL, NULL, NULL, NULL, 0, 0, 2000.00, 'addiction', 'asset', 'automatic', NULL, 0, 0, 'offline payment approved', 1689942596),
(585, 1097, NULL, NULL, NULL, 100, NULL, NULL, NULL, NULL, 0, 0, 275.00, 'deduction', 'asset', 'automatic', NULL, 0, 0, 'Paid for 1:00 hours of consultation', 1689942823),
(586, 1097, NULL, NULL, NULL, 100, NULL, NULL, NULL, NULL, 0, 1, 25.00, 'addiction', 'asset', 'automatic', NULL, 0, 0, 'Tax form Buyer', 1689942823),
(587, 1015, NULL, NULL, NULL, 100, NULL, NULL, NULL, NULL, 0, 0, 200.00, 'addiction', 'income', 'automatic', NULL, 0, 0, 'Income Sale', 1689942823),
(588, 1015, NULL, NULL, NULL, 100, NULL, NULL, NULL, NULL, 1, 0, 50.00, 'addiction', 'income', 'automatic', NULL, 0, 0, 'Commission from Seller', 1689942823),
(589, 1097, NULL, 2022, NULL, NULL, NULL, NULL, NULL, NULL, 0, 0, 22.00, 'deduction', 'asset', 'automatic', NULL, 0, 0, 'Paid form Credit', 1689943080),
(590, 1097, NULL, 2022, NULL, NULL, NULL, NULL, NULL, NULL, 0, 1, 2.00, 'addiction', 'asset', 'automatic', NULL, 0, 0, 'Tax form Buyer', 1689943080),
(591, 1015, NULL, 2022, NULL, NULL, NULL, NULL, NULL, NULL, 0, 0, 16.00, 'addiction', 'income', 'automatic', NULL, 0, 0, 'Income Sale', 1689943080),
(592, 1015, NULL, 2022, NULL, NULL, NULL, NULL, NULL, NULL, 1, 0, 4.00, 'addiction', 'income', 'automatic', NULL, 0, 0, 'Commission from Seller', 1689943080),
(593, 995, NULL, NULL, NULL, 187, NULL, NULL, NULL, NULL, 0, 0, 930.41, 'deduction', 'asset', 'automatic', NULL, 0, 0, 'Paid for 3:23 hours of consultation', 1690546381),
(594, 995, NULL, NULL, NULL, 187, NULL, NULL, NULL, NULL, 0, 1, 84.58, 'addiction', 'asset', 'automatic', NULL, 0, 0, 'Tax form Buyer', 1690546381),
(595, 1015, NULL, NULL, NULL, 187, NULL, NULL, NULL, NULL, 0, 0, 676.66, 'addiction', 'income', 'automatic', NULL, 0, 0, 'Income Sale', 1690546381),
(596, 1015, NULL, NULL, NULL, 187, NULL, NULL, NULL, NULL, 1, 0, 169.17, 'addiction', 'income', 'automatic', NULL, 0, 0, 'Commission from Seller', 1690546381),
(597, 995, NULL, NULL, NULL, 98, NULL, NULL, NULL, NULL, 0, 0, 412.50, 'deduction', 'asset', 'automatic', NULL, 0, 0, 'Paid for 1:30 hours of consultation', 1690800762),
(598, 995, NULL, NULL, NULL, 98, NULL, NULL, NULL, NULL, 0, 1, 37.50, 'addiction', 'asset', 'automatic', NULL, 0, 0, 'Tax form Buyer', 1690800762),
(599, 1015, NULL, NULL, NULL, 98, NULL, NULL, NULL, NULL, 0, 0, 300.00, 'addiction', 'income', 'automatic', NULL, 0, 0, 'Income Sale', 1690800762),
(600, 1015, NULL, NULL, NULL, 98, NULL, NULL, NULL, NULL, 1, 0, 75.00, 'addiction', 'income', 'automatic', NULL, 0, 0, 'Commission from Seller', 1690800762),
(601, 1015, NULL, 2003, NULL, NULL, NULL, NULL, NULL, NULL, 0, 0, 44.00, 'deduction', 'asset', 'automatic', NULL, 0, 0, 'Paid form Credit', 1692903212),
(602, 1015, NULL, 2003, NULL, NULL, NULL, NULL, NULL, NULL, 0, 1, 4.00, 'addiction', 'asset', 'automatic', NULL, 0, 0, 'Tax form Buyer', 1692903212),
(603, 864, NULL, 2003, NULL, NULL, NULL, NULL, NULL, NULL, 0, 0, 32.00, 'addiction', 'income', 'automatic', NULL, 0, 0, 'Income Sale', 1692903212),
(604, 864, NULL, 2003, NULL, NULL, NULL, NULL, NULL, NULL, 1, 0, 8.00, 'addiction', 'income', 'automatic', NULL, 0, 0, 'Commission from Seller', 1692903212),
(605, 995, 1, NULL, NULL, NULL, NULL, NULL, NULL, NULL, 0, 0, 500.00, 'addiction', 'asset', 'automatic', NULL, 0, 0, 'offline payment approved', 1695200825),
(606, 995, 1, NULL, NULL, NULL, NULL, NULL, NULL, NULL, 0, 0, 500.00, 'addiction', 'asset', 'manual', NULL, 0, 0, NULL, 1695200850),
(607, 995, NULL, NULL, NULL, 197, NULL, NULL, NULL, NULL, 0, 0, 627.00, 'deduction', 'asset', 'automatic', NULL, 0, 0, 'Paid for 2:00 hours of consultation', 1695206917),
(608, 995, NULL, NULL, NULL, 197, NULL, NULL, NULL, NULL, 0, 1, 57.00, 'addiction', 'asset', 'automatic', NULL, 0, 0, 'Tax form Buyer', 1695206917),
(609, 1112, NULL, NULL, NULL, 197, NULL, NULL, NULL, NULL, 0, 0, 456.00, 'addiction', 'income', 'automatic', NULL, 0, 0, 'Income Sale', 1695206917),
(610, 1112, NULL, NULL, NULL, 197, NULL, NULL, NULL, NULL, 1, 0, 114.00, 'addiction', 'income', 'automatic', NULL, 0, 0, 'Commission from Seller', 1695206917),
(611, 995, 1, NULL, NULL, NULL, NULL, NULL, NULL, NULL, 0, 0, 1000.00, 'addiction', 'asset', 'automatic', NULL, 0, 0, 'offline payment approved', 1695210632),
(612, 995, 1, NULL, NULL, NULL, NULL, NULL, NULL, NULL, 0, 0, 1000.00, 'addiction', 'asset', 'automatic', NULL, 0, 0, 'offline payment approved', 1695210632),
(613, 1112, 1, NULL, NULL, NULL, NULL, NULL, NULL, NULL, 0, 0, 500.00, 'addiction', 'asset', 'manual', NULL, 0, 0, 'done', 1695210667),
(614, 1105, 1, NULL, NULL, NULL, NULL, NULL, NULL, NULL, 0, 0, 3000.00, 'addiction', 'asset', 'automatic', NULL, 0, 0, 'offline payment approved', 1699560215),
(615, 1105, NULL, 2001, NULL, NULL, NULL, NULL, NULL, NULL, 0, 0, 22.00, 'deduction', 'asset', 'automatic', NULL, 0, 0, 'Paid form Credit', 1699560328),
(616, 1105, NULL, 2001, NULL, NULL, NULL, NULL, NULL, NULL, 0, 1, 2.00, 'addiction', 'asset', 'automatic', NULL, 0, 0, 'Tax form Buyer', 1699560328),
(617, 3, NULL, 2001, NULL, NULL, NULL, NULL, NULL, NULL, 0, 0, 16.00, 'addiction', 'income', 'automatic', NULL, 0, 0, 'Income Sale', 1699560328),
(618, 3, NULL, 2001, NULL, NULL, NULL, NULL, NULL, NULL, 1, 0, 4.00, 'addiction', 'income', 'automatic', NULL, 0, 0, 'Commission from Seller', 1699560328),
(619, 1105, 1, NULL, NULL, NULL, NULL, NULL, NULL, NULL, 0, 0, 400.00, 'addiction', 'asset', 'manual', NULL, 0, 0, NULL, 1699560403),
(620, 1122, 1, NULL, NULL, NULL, NULL, NULL, NULL, NULL, 0, 0, 20000.00, 'addiction', 'asset', 'manual', NULL, 0, 0, NULL, 1707473565),
(621, 1122, NULL, NULL, NULL, 99, NULL, NULL, NULL, NULL, 0, 0, 275.00, 'deduction', 'asset', 'automatic', NULL, 0, 0, 'Paid for 1:00 hours of consultation', 1707473589),
(622, 1122, NULL, NULL, NULL, 99, NULL, NULL, NULL, NULL, 0, 1, 25.00, 'addiction', 'asset', 'automatic', NULL, 0, 0, 'Tax form Buyer', 1707473589),
(623, 1015, NULL, NULL, NULL, 99, NULL, NULL, NULL, NULL, 0, 0, 200.00, 'addiction', 'income', 'automatic', NULL, 0, 0, 'Income Sale', 1707473589),
(624, 1015, NULL, NULL, NULL, 99, NULL, NULL, NULL, NULL, 1, 0, 50.00, 'addiction', 'income', 'automatic', NULL, 0, 0, 'Commission from Seller', 1707473589),
(625, 1122, NULL, NULL, NULL, 111, NULL, NULL, NULL, NULL, 0, 0, 165.00, 'deduction', 'asset', 'automatic', NULL, 0, 0, 'Paid for 1:30 hours of consultation', 1707477450),
(626, 1122, NULL, NULL, NULL, 111, NULL, NULL, NULL, NULL, 0, 1, 15.00, 'addiction', 'asset', 'automatic', NULL, 0, 0, 'Tax form Buyer', 1707477450),
(627, 870, NULL, NULL, NULL, 111, NULL, NULL, NULL, NULL, 0, 0, 120.00, 'addiction', 'income', 'automatic', NULL, 0, 0, 'Income Sale', 1707477450),
(628, 870, NULL, NULL, NULL, 111, NULL, NULL, NULL, NULL, 1, 0, 30.00, 'addiction', 'income', 'automatic', NULL, 0, 0, 'Commission from Seller', 1707477450),
(629, 1122, NULL, NULL, NULL, 97, NULL, NULL, NULL, NULL, 0, 0, 82.50, 'deduction', 'asset', 'automatic', NULL, 0, 0, 'دفع مقابل 0:45 ساعات من الاستشارة', 1711508179),
(630, 1122, NULL, NULL, NULL, 97, NULL, NULL, NULL, NULL, 0, 1, 7.50, 'addiction', 'asset', 'automatic', NULL, 0, 0, 'الضريبة من المشتري', 1711508179),
(631, 1015, NULL, NULL, NULL, 97, NULL, NULL, NULL, NULL, 0, 0, 60.00, 'addiction', 'income', 'automatic', NULL, 0, 0, 'دخل البيع', 1711508179),
(632, 1015, NULL, NULL, NULL, 97, NULL, NULL, NULL, NULL, 1, 0, 15.00, 'addiction', 'income', 'automatic', NULL, 0, 0, 'العمولة من البائع', 1711508179),
(633, 1122, NULL, NULL, NULL, 166, NULL, NULL, NULL, NULL, 0, 0, 198.00, 'deduction', 'asset', 'automatic', NULL, 0, 0, 'دفع مقابل 1:00 ساعات من الاستشارة', 1711508179),
(634, 1122, NULL, NULL, NULL, 166, NULL, NULL, NULL, NULL, 0, 1, 18.00, 'addiction', 'asset', 'automatic', NULL, 0, 0, 'الضريبة من المشتري', 1711508179),
(635, 923, NULL, NULL, NULL, 166, NULL, NULL, NULL, NULL, 0, 0, 144.00, 'addiction', 'income', 'automatic', NULL, 0, 0, 'دخل البيع', 1711508179),
(636, 923, NULL, NULL, NULL, 166, NULL, NULL, NULL, NULL, 1, 0, 36.00, 'addiction', 'income', 'automatic', NULL, 0, 0, 'العمولة من البائع', 1711508179),
(637, 1122, NULL, NULL, NULL, 155, NULL, NULL, NULL, NULL, 0, 0, 110.00, 'deduction', 'asset', 'automatic', NULL, 0, 0, 'دفع مقابل 1:00 ساعات من الاستشارة', 1711508179),
(638, 1122, NULL, NULL, NULL, 155, NULL, NULL, NULL, NULL, 0, 1, 10.00, 'addiction', 'asset', 'automatic', NULL, 0, 0, 'الضريبة من المشتري', 1711508179),
(639, 934, NULL, NULL, NULL, 155, NULL, NULL, NULL, NULL, 0, 0, 80.00, 'addiction', 'income', 'automatic', NULL, 0, 0, 'دخل البيع', 1711508179),
(640, 934, NULL, NULL, NULL, 155, NULL, NULL, NULL, NULL, 1, 0, 20.00, 'addiction', 'income', 'automatic', NULL, 0, 0, 'العمولة من البائع', 1711508179),
(641, 1219, 1, NULL, NULL, NULL, NULL, NULL, NULL, NULL, 0, 0, 10000.00, 'addiction', 'asset', 'manual', NULL, 0, 0, 'd', 1719323231),
(642, 1219, NULL, NULL, NULL, NULL, 4, NULL, NULL, NULL, 0, 0, 110.00, 'deduction', 'asset', 'automatic', NULL, 0, 0, 'Paid form Credit', 1719323253),
(643, 1219, NULL, NULL, NULL, NULL, 4, NULL, NULL, NULL, 0, 1, 10.00, 'addiction', 'asset', 'automatic', NULL, 0, 0, 'Tax form Buyer', 1719323253),
(644, 1219, NULL, NULL, NULL, NULL, 4, NULL, NULL, NULL, 1, 0, 100.00, 'addiction', 'subscribe', 'automatic', NULL, 0, 0, 'Income for Subscribe', 1719323253),
(645, 1015, 1, NULL, NULL, NULL, NULL, NULL, NULL, NULL, 0, 0, 400.00, 'addiction', 'asset', 'manual', NULL, 0, 0, 'fedd', 1719481395),
(646, 1257, 1, NULL, NULL, NULL, NULL, NULL, NULL, NULL, 0, 0, 945.00, 'addiction', 'asset', 'manual', NULL, 0, 0, 'DONE', 1719566692),
(647, 995, 1, NULL, NULL, NULL, NULL, NULL, NULL, NULL, 0, 0, 5000.00, 'addiction', 'asset', 'manual', NULL, 0, 0, 'done', 1726767406),
(648, 1360, 1, NULL, NULL, NULL, NULL, NULL, NULL, NULL, 0, 0, 5000.00, 'addiction', 'asset', 'manual', NULL, 0, 0, 'done', 1726767469);

-- --------------------------------------------------------

--
-- Structure de la table `advertising_banners`
--

CREATE TABLE `advertising_banners` (
  `id` int UNSIGNED NOT NULL,
  `position` enum('home1','home2','course','course_sidebar','product_show','bundle','bundle_sidebar') COLLATE utf8mb4_unicode_ci NOT NULL,
  `size` int UNSIGNED NOT NULL DEFAULT '12',
  `link` varchar(255) COLLATE utf8mb4_unicode_ci NOT NULL,
  `published` tinyint(1) NOT NULL DEFAULT '0',
  `created_at` int UNSIGNED NOT NULL
) ENGINE=InnoDB DEFAULT CHARSET=utf8mb4 COLLATE=utf8mb4_unicode_ci ROW_FORMAT=DYNAMIC;

--
-- Déchargement des données de la table `advertising_banners`
--

INSERT INTO `advertising_banners` (`id`, `position`, `size`, `link`, `published`, `created_at`) VALUES
(2, 'home1', 12, '/login', 0, 1607885353),
(3, 'home2', 6, '/certificate_validation', 1, 1607885656),
(4, 'home2', 6, '/instructors', 1, 1607885681),
(6, 'course_sidebar', 12, '/instructors', 1, 1607886391),
(7, 'course_sidebar', 12, '/certificate_validation', 1, 1607886440),
(8, 'product_show', 12, '/products', 1, 1656569687),
(9, 'bundle_sidebar', 12, '/classes?type[]=bundle', 1, 1656571896);

-- --------------------------------------------------------

--
-- Structure de la table `advertising_banners_translations`
--

CREATE TABLE `advertising_banners_translations` (
  `id` int UNSIGNED NOT NULL,
  `advertising_banner_id` int UNSIGNED NOT NULL,
  `locale` varchar(255) COLLATE utf8mb4_unicode_ci NOT NULL,
  `title` varchar(255) COLLATE utf8mb4_unicode_ci NOT NULL,
  `image` varchar(255) COLLATE utf8mb4_unicode_ci NOT NULL
) ENGINE=InnoDB DEFAULT CHARSET=utf8mb4 COLLATE=utf8mb4_unicode_ci;

--
-- Déchargement des données de la table `advertising_banners_translations`
--

INSERT INTO `advertising_banners_translations` (`id`, `advertising_banner_id`, `locale`, `title`, `image`) VALUES
(1, 2, 'en', 'Home - Join as instructor', '/store/1/default_images/banners/become_instructor_banner.png'),
(2, 3, 'en', 'Certificate validation - Home', '/store/1/default_images/banners/validate_certificates_banner.png'),
(3, 4, 'en', 'Reserve a meeting - Home', '/store/1/default_images/banners/reserve_a_meeting.png'),
(4, 6, 'en', 'Reserve a meeting - Course page', '/store/1/default_images/banners/reserve_a_meeting.png'),
(5, 7, 'en', 'Certificate validation - Course page', '/store/1/default_images/banners/validate_certificates_banner.png'),
(7, 2, 'ar', 'Home - Join as instructor', '/store/1/default_images/banners/become_instructor_banner.png'),
(8, 2, 'es', 'Inicio - Únete como instructora', '/store/1/default_images/banners/become_instructor_banner_es.png'),
(9, 3, 'ar', 'التحقق من صحة الشهادة - الصفحة الرئيسية', '/store/1/default_images/banners/validate_certificates_banner_ar.png'),
(10, 3, 'es', 'Validación de certificados - Inicio', '/store/1/default_images/banners/validate_certificates_banner_es.png'),
(11, 4, 'ar', 'حجز اجتماع - الصفحة الرئيسية', '/store/1/default_images/banners/reserve_a_meeting_ar.png'),
(12, 4, 'es', 'Reservar una reunión - Inicio', '/store/1/default_images/banners/reserve_a_meeting_es.png'),
(13, 6, 'ar', 'حجز اجتماع - صفحة الدورة', '/store/1/default_images/banners/reserve_a_meeting_ar.png'),
(14, 6, 'es', 'Reservar una reunión - página del curso', '/store/1/default_images/banners/reserve_a_meeting_es.png'),
(15, 7, 'ar', 'التحقق من صحة الشهادة - صفحة الدورة', '/store/1/default_images/banners/validate_certificates_banner_ar.png'),
(16, 7, 'es', 'Validación del certificado - página del curso', '/store/1/default_images/banners/validate_certificates_banner_es.png'),
(17, 8, 'en', 'Store - Product page', '/store/1/default_images/banners/store_en.png'),
(18, 8, 'ar', 'المتجر - صفحة المنتج', '/store/1/default_images/banners/store_ar.png'),
(19, 8, 'es', 'Tienda - Página del producto', '/store/1/default_images/banners/store_es.png'),
(20, 9, 'en', 'Course Bundle - Sidebar', '/store/1/default_images/banners/bundle_en.png'),
(21, 9, 'ar', 'حزمة الدورة - الشريط الجانبي', '/store/1/default_images/banners/bundle_ar.png'),
(22, 9, 'es', 'Paquete de cursos - Barra lateral', '/store/1/default_images/banners/bundle_es.png');

-- --------------------------------------------------------

--
-- Structure de la table `affiliates`
--

CREATE TABLE `affiliates` (
  `id` int UNSIGNED NOT NULL,
  `affiliate_user_id` int UNSIGNED NOT NULL,
  `referred_user_id` int UNSIGNED NOT NULL,
  `created_at` int UNSIGNED NOT NULL
) ENGINE=InnoDB DEFAULT CHARSET=utf8mb4 COLLATE=utf8mb4_unicode_ci;

-- --------------------------------------------------------

--
-- Structure de la table `affiliates_codes`
--

CREATE TABLE `affiliates_codes` (
  `id` int UNSIGNED NOT NULL,
  `user_id` int UNSIGNED NOT NULL,
  `code` varchar(32) COLLATE utf8mb4_unicode_ci NOT NULL,
  `created_at` int UNSIGNED NOT NULL
) ENGINE=InnoDB DEFAULT CHARSET=utf8mb4 COLLATE=utf8mb4_unicode_ci;

-- --------------------------------------------------------

--
-- Structure de la table `agora_history`
--

CREATE TABLE `agora_history` (
  `id` int UNSIGNED NOT NULL,
  `session_id` int UNSIGNED NOT NULL,
  `start_at` int UNSIGNED NOT NULL,
  `end_at` int UNSIGNED DEFAULT NULL
) ENGINE=InnoDB DEFAULT CHARSET=utf8mb4 COLLATE=utf8mb4_unicode_ci;

-- --------------------------------------------------------

--
-- Structure de la table `amel`
--

CREATE TABLE `amel` (
  `id` bigint UNSIGNED NOT NULL,
  `created_at` timestamp NULL DEFAULT NULL,
  `updated_at` timestamp NULL DEFAULT NULL
) ENGINE=InnoDB DEFAULT CHARSET=utf8mb4 COLLATE=utf8mb4_unicode_ci;

-- --------------------------------------------------------

--
-- Structure de la table `badges`
--

CREATE TABLE `badges` (
  `id` int UNSIGNED NOT NULL,
  `image` varchar(255) COLLATE utf8mb4_unicode_ci NOT NULL,
  `type` enum('register_date','course_count','course_rate','sale_count','support_rate','product_sale_count','make_topic','send_post_in_topic','instructor_blog') COLLATE utf8mb4_unicode_ci NOT NULL,
  `condition` varchar(128) COLLATE utf8mb4_unicode_ci NOT NULL,
  `score` int DEFAULT NULL,
  `created_at` int UNSIGNED NOT NULL
) ENGINE=InnoDB DEFAULT CHARSET=utf8mb4 COLLATE=utf8mb4_unicode_ci ROW_FORMAT=DYNAMIC;

--
-- Déchargement des données de la table `badges`
--

INSERT INTO `badges` (`id`, `image`, `type`, `condition`, `score`, `created_at`) VALUES
(21, '/store/1/default_images/badges/new_user.svg', 'register_date', '{\"from\":\"1\",\"to\":\"30\"}', 5, 1625553769),
(22, '/store/1/default_images/badges/loyal_user.svg', 'register_date', '{\"from\":\"31\",\"to\":\"365\"}', 10, 1625554171),
(23, '/store/1/default_images/badges/faithful_user.svg', 'register_date', '{\"from\":\"365\",\"to\":\"1000\"}', 15, 1625554495),
(24, '/store/1/default_images/badges/junior_vendor.svg', 'course_count', '{\"from\":\"1\",\"to\":\"1\"}', 10, 1625554772),
(25, '/store/1/default_images/badges/senior_vendor.svg', 'course_count', '{\"from\":\"2\",\"to\":\"2\"}', 20, 1625554960),
(26, '/store/1/default_images/badges/expert_vendor.svg', 'course_count', '{\"from\":\"3\",\"to\":\"6\"}', 30, 1625555421),
(27, '/store/1/default_images/badges/bronze_classes.svg', 'course_rate', '{\"from\":\"2\",\"to\":\"3\"}', NULL, 1625556048),
(28, '/store/1/default_images/badges/silver_classes.svg', 'course_rate', '{\"from\":\"3\",\"to\":\"4\"}', 10, 1625556159),
(29, '/store/1/default_images/badges/golden_classes.svg', 'course_rate', '{\"from\":\"4\",\"to\":\"5\"}', 50, 1625556284),
(30, '/store/1/default_images/badges/best_seller.svg', 'sale_count', '{\"from\":\"1\",\"to\":\"2\"}', NULL, 1625557021),
(31, '/store/1/default_images/badges/top_seller.svg', 'sale_count', '{\"from\":\"3\",\"to\":\"9\"}', 20, 1625557247),
(32, '/store/1/default_images/badges/king_seller.svg', 'sale_count', '{\"from\":\"10\",\"to\":\"20\"}', 50, 1625558061),
(33, '/store/1/default_images/badges/good_support.svg', 'support_rate', '{\"from\":\"2\",\"to\":\"3\"}', NULL, 1625558473),
(34, '/store/1/default_images/badges/amazing_support.svg', 'support_rate', '{\"from\":\"3\",\"to\":\"4\"}', NULL, 1625558682),
(35, '/store/1/default_images/badges/fantastic_support.svg', 'support_rate', '{\"from\":\"4\",\"to\":\"5\"}', 20, 1625558892),
(36, '/store/1/default_images/badges/Best Store Seller.svg', 'product_sale_count', '{\"from\":\"5\",\"to\":\"9\"}', 5, 1656145531),
(37, '/store/1/default_images/badges/King Store Seller.svg', 'product_sale_count', '{\"from\":\"10\",\"to\":\"15\"}', 10, 1656145677),
(38, '/store/1/default_images/badges/Forums Top User.svg', 'make_topic', '{\"from\":\"1\",\"to\":\"5\"}', 10, 1656145989),
(39, '/store/1/default_images/badges/Forums Best User.svg', 'make_topic', '{\"from\":\"6\",\"to\":\"10\"}', 15, 1656146136),
(40, '/store/1/default_images/badges/Loyal Writer.svg', 'instructor_blog', '{\"from\":\"5\",\"to\":\"10\"}', 20, 1656146397),
(41, '/store/1/default_images/badges/Forums Loyal User.svg', 'send_post_in_topic', '{\"from\":\"20\",\"to\":\"30\"}', 10, 1656146689);

-- --------------------------------------------------------

--
-- Structure de la table `badge_translations`
--

CREATE TABLE `badge_translations` (
  `id` bigint UNSIGNED NOT NULL,
  `badge_id` int UNSIGNED NOT NULL,
  `locale` varchar(255) COLLATE utf8mb4_unicode_ci NOT NULL,
  `title` varchar(255) COLLATE utf8mb4_unicode_ci NOT NULL,
  `description` text COLLATE utf8mb4_unicode_ci NOT NULL
) ENGINE=InnoDB DEFAULT CHARSET=utf8mb4 COLLATE=utf8mb4_unicode_ci;

--
-- Déchargement des données de la table `badge_translations`
--

INSERT INTO `badge_translations` (`id`, `badge_id`, `locale`, `title`, `description`) VALUES
(1, 21, 'en', 'New User', '1 Month of Membership'),
(2, 22, 'en', 'Loyal User', '1 year of Membership'),
(3, 23, 'en', 'Faithful User', 'Old Membership'),
(4, 24, 'en', 'Junior Vendor', 'Has 1 Class'),
(5, 25, 'en', 'Senior Vendor', 'Has 2 Classes'),
(6, 26, 'en', 'Expert Vendor', 'Has 3 to 6 Classes'),
(7, 27, 'en', 'Bronze Classes', 'Classes Rating from 2 to 3'),
(8, 28, 'en', 'Silver Classes', 'Classes Rating from 3 to 4'),
(9, 29, 'en', 'Golden Classes', 'Classes Rating from 4 to 5'),
(10, 30, 'en', 'Best Seller', 'Classes Sales from 1 to 2'),
(11, 31, 'en', 'Top Seller', 'Classes Sales from 3 to 9'),
(12, 32, 'en', 'King Seller', 'Classes Sales from 10 to 20'),
(13, 33, 'en', 'Good Support', 'Support Rating from 2 to 3'),
(14, 34, 'en', 'Amazing Support', 'Support Rating from 3 to 4'),
(15, 35, 'en', 'Fantastic Support', 'Support Rating from 4 to 5'),
(16, 36, 'en', 'Store Best Seller', 'Store Products Sales from 1 to 5'),
(17, 37, 'en', 'Store King Seller', 'Store Products Sales from 6 to 15'),
(18, 38, 'en', 'Forums Top User', 'Has 2 to 5 Topics'),
(19, 39, 'en', 'Forums Best User', 'Has 6 to 10 Topics'),
(20, 40, 'en', 'Loyal Writer', 'Has 5 to 10 Articles'),
(21, 41, 'en', 'Forum Loyal User', 'Has 20 to 30 Posts in Forums');

-- --------------------------------------------------------

--
-- Structure de la table `become_instructors`
--

CREATE TABLE `become_instructors` (
  `id` int UNSIGNED NOT NULL,
  `user_id` int UNSIGNED NOT NULL,
  `role` enum('teacher','organization') COLLATE utf8mb4_unicode_ci NOT NULL,
  `package_id` int UNSIGNED DEFAULT NULL,
  `certificate` varchar(255) COLLATE utf8mb4_unicode_ci DEFAULT NULL,
  `description` text COLLATE utf8mb4_unicode_ci,
  `status` enum('pending','accept','reject') COLLATE utf8mb4_unicode_ci NOT NULL DEFAULT 'pending',
  `created_at` int UNSIGNED NOT NULL
) ENGINE=InnoDB DEFAULT CHARSET=utf8mb4 COLLATE=utf8mb4_unicode_ci ROW_FORMAT=DYNAMIC;

--
-- Déchargement des données de la table `become_instructors`
--

INSERT INTO `become_instructors` (`id`, `user_id`, `role`, `package_id`, `certificate`, `description`, `status`, `created_at`) VALUES
(471, 1316, 'teacher', NULL, NULL, NULL, 'pending', 1724400824),
(473, 1318, 'teacher', NULL, NULL, NULL, 'pending', 1724424607),
(474, 1316, 'teacher', NULL, NULL, NULL, 'pending', 1724769744),
(477, 1316, 'teacher', NULL, NULL, NULL, 'pending', 1724855595),
(487, 1367, 'teacher', NULL, NULL, NULL, 'pending', 1725558810),
(490, 1394, 'teacher', NULL, NULL, NULL, 'pending', 1726402666),
(492, 1396, 'teacher', NULL, NULL, NULL, 'pending', 1726507038),
(493, 1411, 'teacher', NULL, NULL, NULL, 'pending', 1726862932),
(496, 1426, 'teacher', NULL, NULL, NULL, 'pending', 1727177771),
(506, 1316, 'teacher', NULL, NULL, NULL, 'pending', 1727886051),
(510, 1530, 'teacher', NULL, NULL, NULL, 'pending', 1727971770),
(515, 1316, 'teacher', NULL, NULL, NULL, 'pending', 1728040035),
(516, 1316, 'teacher', NULL, NULL, NULL, 'pending', 1728046692),
(517, 1316, 'teacher', NULL, NULL, NULL, 'pending', 1728069640),
(518, 1665, 'teacher', NULL, NULL, NULL, 'pending', 1728125779),
(519, 1665, 'teacher', NULL, NULL, NULL, 'pending', 1728126728),
(520, 1666, 'teacher', NULL, NULL, NULL, 'pending', 1728127183),
(521, 1530, 'teacher', NULL, NULL, NULL, 'pending', 1728128211),
(522, 1426, 'teacher', NULL, NULL, NULL, 'pending', 1728133249),
(523, 1411, 'teacher', NULL, NULL, NULL, 'pending', 1728134028),
(524, 1396, 'teacher', NULL, NULL, NULL, 'pending', 1728137385),
(525, 1369, 'teacher', NULL, NULL, NULL, 'pending', 1728137946),
(526, 1353, 'teacher', NULL, NULL, NULL, 'pending', 1728139712),
(527, 1669, 'teacher', NULL, NULL, NULL, 'pending', 1728144037),
(528, 1670, 'teacher', NULL, NULL, NULL, 'pending', 1728146167),
(529, 1318, 'teacher', NULL, NULL, NULL, 'pending', 1728290863),
(530, 1318, 'teacher', NULL, NULL, NULL, 'pending', 1728290881),
(531, 1316, 'teacher', NULL, NULL, NULL, 'pending', 1728297264),
(533, 1316, 'teacher', NULL, NULL, NULL, 'pending', 1728655143),
(534, 1880, 'teacher', NULL, NULL, NULL, 'pending', 1728915534),
(535, 1896, 'teacher', NULL, NULL, NULL, 'pending', 1728985672),
(536, 1901, 'teacher', NULL, NULL, NULL, 'pending', 1728990174),
(546, 1318, 'teacher', NULL, NULL, NULL, 'pending', 1729099638),
(555, 1954, 'teacher', NULL, NULL, NULL, 'pending', 1729268082),
(556, 1670, 'teacher', NULL, NULL, NULL, 'pending', 1729271167),
(559, 1426, 'teacher', NULL, NULL, NULL, 'pending', 1729514877),
(560, 1426, 'teacher', NULL, NULL, NULL, 'pending', 1729596521),
(561, 1665, 'teacher', NULL, NULL, NULL, 'pending', 1729620299),
(563, 1992, 'teacher', NULL, NULL, NULL, 'pending', 1729624247),
(564, 1394, 'teacher', NULL, NULL, NULL, 'pending', 1729689306),
(565, 1994, 'teacher', NULL, NULL, NULL, 'pending', 1729689334),
(566, 1318, 'teacher', NULL, NULL, NULL, 'pending', 1729716420),
(567, 1316, 'teacher', NULL, NULL, NULL, 'pending', 1729792396),
(568, 1316, 'teacher', NULL, NULL, NULL, 'pending', 1729854130),
(569, 1316, 'teacher', NULL, NULL, NULL, 'pending', 1729854283),
(570, 1316, 'teacher', NULL, NULL, NULL, 'pending', 1729878323),
(571, 2012, 'teacher', NULL, NULL, NULL, 'pending', 1729967587),
(572, 2026, 'teacher', NULL, NULL, NULL, 'pending', 1730149399),
(576, 2079, 'teacher', NULL, NULL, NULL, 'pending', 1730317814),
(577, 2091, 'teacher', NULL, NULL, NULL, 'pending', 1730468401),
(578, 2115, 'teacher', NULL, NULL, NULL, 'pending', 1730553033),
(579, 2145, 'teacher', NULL, NULL, NULL, 'pending', 1730735180),
(580, 2020, 'teacher', NULL, NULL, NULL, 'pending', 1731101824),
(581, 2266, 'teacher', NULL, NULL, NULL, 'pending', 1731354930),
(582, 2306, 'teacher', NULL, NULL, NULL, 'pending', 1731533351),
(583, 2387, 'teacher', NULL, NULL, NULL, 'pending', 1731706145),
(584, 2392, 'teacher', NULL, NULL, NULL, 'pending', 1731753513),
(585, 2405, 'teacher', NULL, NULL, NULL, 'pending', 1731775453),
(586, 2406, 'teacher', NULL, NULL, NULL, 'pending', 1731941647),
(587, 1954, 'teacher', NULL, NULL, NULL, 'pending', 1731946071),
(588, 2426, 'teacher', NULL, NULL, NULL, 'pending', 1732002736),
(589, 1426, 'teacher', NULL, NULL, NULL, 'pending', 1732091525),
(590, 2451, 'teacher', NULL, NULL, NULL, 'pending', 1732093563),
(591, 2457, 'teacher', NULL, NULL, NULL, 'pending', 1732121357),
(592, 1316, 'teacher', NULL, NULL, NULL, 'pending', 1732127975),
(593, 1316, 'teacher', NULL, NULL, NULL, 'pending', 1732127989),
(594, 2473, 'teacher', NULL, NULL, NULL, 'pending', 1732260469),
(595, 1666, 'teacher', NULL, NULL, NULL, 'pending', 1732617942),
(596, 1666, 'teacher', NULL, NULL, NULL, 'pending', 1732617995),
(597, 1954, 'teacher', NULL, NULL, NULL, 'pending', 1732620254),
(598, 1954, 'teacher', NULL, NULL, NULL, 'pending', 1732620344),
(599, 1954, 'teacher', NULL, NULL, NULL, 'pending', 1732620377),
(600, 1954, 'teacher', NULL, NULL, NULL, 'pending', 1732620417),
(601, 1954, 'teacher', NULL, NULL, NULL, 'pending', 1732620443),
(602, 2544, 'teacher', NULL, NULL, NULL, 'pending', 1732716103),
(603, 2558, 'teacher', NULL, NULL, NULL, 'pending', 1732822311),
(604, 2570, 'teacher', NULL, NULL, NULL, 'pending', 1732984871),
(605, 2571, 'teacher', NULL, NULL, NULL, 'pending', 1732991529),
(606, 2578, 'teacher', NULL, NULL, NULL, 'pending', 1733042419),
(607, 2576, 'teacher', NULL, NULL, NULL, 'pending', 1733042603),
(608, 2580, 'teacher', NULL, NULL, NULL, 'pending', 1733042722),
(609, 2579, 'teacher', NULL, NULL, NULL, 'pending', 1733043000),
(610, 2580, 'teacher', NULL, NULL, NULL, 'pending', 1733043045),
(611, 2577, 'teacher', NULL, NULL, NULL, 'pending', 1733043127),
(612, 2582, 'teacher', NULL, NULL, NULL, 'pending', 1733043585),
(613, 2582, 'teacher', NULL, NULL, NULL, 'pending', 1733043791),
(614, 2583, 'teacher', NULL, NULL, NULL, 'pending', 1733043918),
(615, 2580, 'teacher', NULL, NULL, NULL, 'pending', 1733044345),
(616, 2588, 'teacher', NULL, NULL, NULL, 'pending', 1733044586),
(617, 2590, 'teacher', NULL, NULL, NULL, 'pending', 1733044685),
(618, 2590, 'teacher', NULL, NULL, NULL, 'pending', 1733044711),
(619, 2590, 'teacher', NULL, NULL, NULL, 'pending', 1733044731),
(620, 2593, 'teacher', NULL, NULL, NULL, 'pending', 1733045012),
(621, 2592, 'teacher', NULL, NULL, NULL, 'pending', 1733045236),
(622, 2591, 'teacher', NULL, NULL, NULL, 'pending', 1733045592),
(623, 2595, 'teacher', NULL, NULL, NULL, 'pending', 1733047091),
(624, 2596, 'teacher', NULL, NULL, NULL, 'pending', 1733049973),
(625, 2597, 'teacher', NULL, NULL, NULL, 'pending', 1733050228),
(626, 2598, 'teacher', NULL, NULL, NULL, 'pending', 1733051080),
(627, 2599, 'teacher', NULL, NULL, NULL, 'pending', 1733051914),
(628, 1318, 'teacher', NULL, NULL, NULL, 'pending', 1733057103),
(629, 1318, 'teacher', NULL, NULL, NULL, 'pending', 1733057221),
(630, 2600, 'teacher', NULL, NULL, NULL, 'pending', 1733065200),
(631, 2612, 'teacher', NULL, NULL, NULL, 'pending', 1733237374),
(632, 2613, 'teacher', NULL, NULL, NULL, 'pending', 1733239714),
(633, 1954, 'teacher', NULL, NULL, NULL, 'pending', 1733336395),
(634, 1954, 'teacher', NULL, NULL, NULL, 'pending', 1733336412),
(635, 1954, 'teacher', NULL, NULL, NULL, 'pending', 1733336543),
(636, 1666, 'teacher', NULL, NULL, NULL, 'pending', 1733404617),
(637, 1666, 'teacher', NULL, NULL, NULL, 'pending', 1733404987),
(638, 1316, 'teacher', NULL, NULL, NULL, 'pending', 1733412947),
(639, 1316, 'teacher', NULL, NULL, NULL, 'pending', 1733414092),
(640, 1316, 'teacher', NULL, NULL, NULL, 'pending', 1733424284),
(641, 1316, 'teacher', NULL, NULL, NULL, 'pending', 1733424361),
(642, 1316, 'teacher', NULL, NULL, NULL, 'pending', 1733424370),
(643, 2623, 'teacher', NULL, NULL, NULL, 'pending', 1733463507),
(644, 1316, 'teacher', NULL, NULL, NULL, 'pending', 1733482192),
(645, 1316, 'teacher', NULL, NULL, NULL, 'pending', 1733487613),
(646, 2624, 'teacher', NULL, NULL, NULL, 'pending', 1733488473),
(647, 1316, 'teacher', NULL, NULL, NULL, 'pending', 1733491831),
(648, 2625, 'teacher', NULL, NULL, NULL, 'pending', 1733495080),
(649, 2613, 'teacher', NULL, NULL, NULL, 'pending', 1733671657),
(650, 2630, 'teacher', NULL, NULL, NULL, 'pending', 1733673599),
(651, 2613, 'teacher', NULL, NULL, NULL, 'pending', 1733849683),
(652, 2644, 'teacher', NULL, NULL, NULL, 'pending', 1733932450),
(653, 2613, 'teacher', NULL, NULL, NULL, 'pending', 1734076762),
(654, 2655, 'teacher', NULL, NULL, NULL, 'pending', 1734098996),
(655, 2624, 'teacher', NULL, NULL, NULL, 'pending', 1734709437);

-- --------------------------------------------------------

--
-- Structure de la table `blog`
--

CREATE TABLE `blog` (
  `id` int UNSIGNED NOT NULL,
  `category_id` int UNSIGNED DEFAULT NULL,
  `author_id` int UNSIGNED NOT NULL,
  `slug` varchar(255) COLLATE utf8mb4_unicode_ci NOT NULL,
  `image` varchar(255) COLLATE utf8mb4_unicode_ci NOT NULL,
  `visit_count` int UNSIGNED DEFAULT '0',
  `enable_comment` tinyint(1) NOT NULL DEFAULT '1',
  `status` enum('pending','publish') COLLATE utf8mb4_unicode_ci NOT NULL DEFAULT 'pending',
  `created_at` int UNSIGNED NOT NULL,
  `updated_at` int UNSIGNED DEFAULT NULL
) ENGINE=InnoDB DEFAULT CHARSET=utf8mb4 COLLATE=utf8mb4_unicode_ci ROW_FORMAT=DYNAMIC;

--
-- Déchargement des données de la table `blog`
--

INSERT INTO `blog` (`id`, `category_id`, `author_id`, `slug`, `image`, `visit_count`, `enable_comment`, `status`, `created_at`, `updated_at`) VALUES
(21, 34, 1014, 'How-To-Teach-Your-Kid-Anything-Easily', '/store/1/default_images/blogs/blog1.jpg', 118, 1, 'publish', 1625091953, 1656136960),
(22, 37, 1014, 'Better-Relationship-Between-You-and-Your-Student-s-Parent', '/store/1/default_images/blogs/blog2.jpg', 93, 1, 'publish', 1625093279, 1645386787),
(23, 36, 1, '3-Laws-to-Become-a-Straight-A-Student', '/store/1014/blog3.jpg', 121, 1, 'publish', 1625094412, 1656136976),
(24, 34, 1015, 'Test', '/store/1015/lll.png', 0, 1, 'pending', 1677686777, 1677686777);

-- --------------------------------------------------------

--
-- Structure de la table `blog_categories`
--

CREATE TABLE `blog_categories` (
  `id` int UNSIGNED NOT NULL,
  `title` varchar(255) COLLATE utf8mb4_unicode_ci NOT NULL,
  `slug` varchar(255) COLLATE utf8mb4_unicode_ci NOT NULL
) ENGINE=InnoDB DEFAULT CHARSET=utf8mb4 COLLATE=utf8mb4_unicode_ci ROW_FORMAT=DYNAMIC;

--
-- Déchargement des données de la table `blog_categories`
--

INSERT INTO `blog_categories` (`id`, `title`, `slug`) VALUES
(33, 'Announcements', 'Vel-consequatur'),
(34, 'Articles', 'Facilis-ea'),
(36, 'Events', 'Fugit-dignissimos-possimus'),
(37, 'News', 'new');

-- --------------------------------------------------------

--
-- Structure de la table `blog_translations`
--

CREATE TABLE `blog_translations` (
  `id` bigint UNSIGNED NOT NULL,
  `blog_id` int UNSIGNED NOT NULL,
  `locale` varchar(255) COLLATE utf8mb4_unicode_ci NOT NULL,
  `title` varchar(255) COLLATE utf8mb4_unicode_ci NOT NULL,
  `description` text COLLATE utf8mb4_unicode_ci NOT NULL,
  `content` longtext COLLATE utf8mb4_unicode_ci NOT NULL,
  `meta_description` text COLLATE utf8mb4_unicode_ci
) ENGINE=InnoDB DEFAULT CHARSET=utf8mb4 COLLATE=utf8mb4_unicode_ci;

--
-- Déchargement des données de la table `blog_translations`
--

INSERT INTO `blog_translations` (`id`, `blog_id`, `locale`, `title`, `description`, `content`, `meta_description`) VALUES
(2, 21, 'en', 'How To Teach Your Kid Easily', '<p>The primary reason kids struggle with school is fear. And in most cases, it’s their parent\'s fault. I started tutoring math out of financial desperation. I’d just been fired from my job as a waiter, most of the proofreading in jobs in New York had been outsourced to India, and for the third time in my life, I was facing dire poverty.</p>', '<p>A strong academic record can open doors for you down the road. More importantly, through the process of becoming a straight-A student, you’ll learn values like hard work, discipline and determination.</p><h3 style=\"color: rgb(0, 0, 0); font-family: Lato, sans-serif; margin-right: 0px; margin-bottom: 16px; margin-left: 0px; padding: 0px; font-size: 24px;\">Rule #1: Always have a plan.</h3><div><div>(a) As the semester progresses, keep track of key dates: tests and exams, project submission deadlines, term breaks, etc.</div><div><br></div><div>Enter these dates into a physical or digital calendar.</div><div><br></div><div><div>If you choose to use a digital calendar, I recommend Google Calendar.</div><div><br></div><div>(b) Schedule a fixed time every week where you review your upcoming events over the next two months. Mark down when you’ll start preparing for that Math exam, working on that History project, or writing that English paper.</div><div><br></div><div>(d) Next, note your commitments for the coming week, e.g. extracurricular activities, family gatherings, extra classes. On your calendar, highlight the blocks of time you’ll have for schoolwork.</div><div><br></div><div>This planning process might sound time-consuming, but it’ll typically take just 15 minutes every week.</div><div><br></div><div>This is a wise investment of time as a student, because the rest of your week will become far more productive.</div><div><br></div><div>This way, you’ll be studying smart, not just hard!</div><div><br></div><div><h3 style=\"color: rgb(0, 0, 0); font-family: Lato, sans-serif; margin-right: 0px; margin-bottom: 16px; margin-left: 0px; padding: 0px; font-size: 24px;\">Rule #2: Be organized.</h3></div></div></div><div><div>Ever had trouble finding your notes or assignments when you needed them? You probably ended up wasting precious time looking for them, before you finally asked to borrow them from your friend.</div><div><br></div><div>Many students tell me that they keep all their notes and assignments in one big pile, and only sort them out before their exams!</div><div><br></div><div>Being organized – it’s easier said than done, I know.</div></div>', 'The primary reason kids struggle with school is fear. And in most cases, it’s their parent\'s fault.'),
(3, 22, 'en', 'Better Relationship Between Friends', '<p>The tutor-parent relationship is an important relationship and unfortunately greatly overlooked. Why is it important? Well, a good relationship between you and the student’s parent or guardian serves to help students perform better personally and academically. Fostering a relationship with them as a tutor can be challenging due to a number of factors, however, there are a number of ways to build this relationship and optimize students’ learning support system over time.</p>', '<p>A strong academic record can open doors for you down the road. More importantly, through the process of becoming a straight-A student, you’ll learn values like hard work, discipline and determination.</p><h3 style=\"color: rgb(0, 0, 0); font-family: Lato, sans-serif; margin-right: 0px; margin-bottom: 16px; margin-left: 0px; padding: 0px; font-size: 24px;\">Rule #1: Always have a plan.</h3><div><div>(a) As the semester progresses, keep track of key dates: tests and exams, project submission deadlines, term breaks, etc.</div><div><br></div><div>Enter these dates into a physical or digital calendar.</div><div><br></div><div><div>If you choose to use a digital calendar, I recommend Google Calendar.</div><div><br></div><div>(b) Schedule a fixed time every week where you review your upcoming events over the next two months. Mark down when you’ll start preparing for that Math exam, working on that History project, or writing that English paper.</div><div><br></div><div>(d) Next, note your commitments for the coming week, e.g. extracurricular activities, family gatherings, extra classes. On your calendar, highlight the blocks of time you’ll have for schoolwork.</div><div><br></div><div>This planning process might sound time-consuming, but it’ll typically take just 15 minutes every week.</div><div><br></div><div>This is a wise investment of time as a student, because the rest of your week will become far more productive.</div><div><br></div><div>This way, you’ll be studying smart, not just hard!</div><div><br></div><div><h3 style=\"color: rgb(0, 0, 0); font-family: Lato, sans-serif; margin-right: 0px; margin-bottom: 16px; margin-left: 0px; padding: 0px; font-size: 24px;\">Rule #2: Be organized.</h3></div></div></div><div><div>Ever had trouble finding your notes or assignments when you needed them? You probably ended up wasting precious time looking for them, before you finally asked to borrow them from your friend.</div><div><br></div><div>Many students tell me that they keep all their notes and assignments in one big pile, and only sort them out before their exams!</div><div><br></div><div>Being organized – it’s easier said than done, I know.</div></div>', 'The tutor-parent relationship is an important relationship and unfortunately greatly overlooked.'),
(4, 23, 'en', 'Become a Straight-A Student', '<p>In this article, I’ll explain the two rules I followed to become a straight-A student. If you take my advice, you’ll get better grades and lead a more balanced life too.</p>', '<p>A strong academic record can open doors for you down the road. More importantly, through the process of becoming a straight-A student, you’ll learn values like hard work, discipline and determination.</p><h3 style=\"color: rgb(0, 0, 0); font-family: Lato, sans-serif; margin-right: 0px; margin-bottom: 16px; margin-left: 0px; padding: 0px; font-size: 24px;\">Rule #1: Always have a plan.</h3><div><div>(a) As the semester progresses, keep track of key dates: tests and exams, project submission deadlines, term breaks, etc.</div><div><br></div><div>Enter these dates into a physical or digital calendar.</div><div><br></div><div><div>If you choose to use a digital calendar, I recommend Google Calendar.</div><div><br></div><div>(b) Schedule a fixed time every week where you review your upcoming events over the next two months. Mark down when you’ll start preparing for that Math exam, working on that History project, or writing that English paper.</div><div><br></div><div>(d) Next, note your commitments for the coming week, e.g. extracurricular activities, family gatherings, extra classes. On your calendar, highlight the blocks of time you’ll have for schoolwork.</div><div><br></div><div>This planning process might sound time-consuming, but it’ll typically take just 15 minutes every week.</div><div><br></div><div>This is a wise investment of time as a student, because the rest of your week will become far more productive.</div><div><br></div><div>This way, you’ll be studying smart, not just hard!</div><div><br></div><div><h3 style=\"color: rgb(0, 0, 0); font-family: Lato, sans-serif; margin-right: 0px; margin-bottom: 16px; margin-left: 0px; padding: 0px; font-size: 24px;\">Rule #2: Be organized.</h3></div></div></div><div><div>Ever had trouble finding your notes or assignments when you needed them? You probably ended up wasting precious time looking for them, before you finally asked to borrow them from your friend.</div><div><br></div><div>Many students tell me that they keep all their notes and assignments in one big pile, and only sort them out before their exams!</div><div><br></div><div>Being organized – it’s easier said than done, I know.</div></div>', 'In this article, I’ll explain the two rules I followed to become a straight-A student.'),
(5, 21, 'ar', 'كيف تعلم طفلك أي شيء بسهولة', '<p style=\"text-align: right; \">الخوف هو السبب الرئيسي الذي يجعل الأطفال يكافحون مع المدرسة. وفي معظم الحالات ، يكون ذلك خطأ الوالدين. بدأت في تدريس الرياضيات بسبب اليأس المالي.</p>', '<p style=\"text-align: right; \">بدأت في تدريس الرياضيات بسبب اليأس المالي. لقد طُردت للتو من وظيفتي كنادل ، ومعظم عمليات التدقيق اللغوي في الوظائف في نيويورك تم الاستعانة بمصادر خارجية للهند ، وللمرة الثالثة في حياتي ، كنت أواجه فقرًا مدقعًا.</p><p style=\"text-align: right; \"><br></p><p style=\"text-align: right; \">كان المبلغ الذي نسيته مذهلاً في البداية ، وقد تفوقت في الرياضيات طوال حياتي الأكاديمية. إذا كنت لا تستخدمها ، فأنت تخسرها حقًا ، لذلك ليس من المستغرب أن يبكي معظم الآباء عمي في الرياضيات في الصف الرابع تقريبًا. إنهم لا يتذكرون ولا يريدون أن يتذكروا ، مما يديم هذا الموقف لدى أطفالهم.</p><p style=\"text-align: right; \"><br></p><p style=\"text-align: right; \">تخيل أنك تفعل أي شيء ، حتى لو كنت بارعًا فيه ، بما يعادل عملاقًا يلوح في الأفق خلفك ويفحص كل تحركاتك. وهذا هو ما يفعله الآباء لأطفالهم. إنهم يحومون وينقضون على كل خطأ.</p><p style=\"text-align: right; \"><br></p><p style=\"text-align: right; \">1) تعاطف مع أطفالك</p><p style=\"text-align: right; \"><br></p><p style=\"text-align: right; \">في جلستي الأولى مع تلميذي الأول ، تراجعت والدته بعصبية خلفنا ، ثم اتصلت بي لمدة خمس دقائق. سألت إذا لاحظت أن ابنها قد أجاب على السؤال الأخير بشكل غير صحيح ، ورأيت على الفور جوهر المشكلة.</p><p style=\"text-align: right; \"><br></p><p style=\"text-align: right; \">عليك أن ترتاح وتسترخي حتى يكون طفلك مرتاحًا وتنتظر حتى النهاية قبل أن تبدأ في تصحيح أي شيء. هذه هي الطريقة التي يتعلم بها الأطفال التحقق من عملهم ، وأن ارتكاب الأخطاء ليس مشكلة كبيرة.</p><p style=\"text-align: right; \"><br></p><p style=\"text-align: right; \">الأخطاء لا مفر منها ، ولكن كيفية التعامل معها ليست كذلك. إذا كنت تريد أن يشعر ابنك بالرعب إلى الأبد من الرياضيات ، إذن ، بكل الوسائل ، استمر في الازدحام ومقاطعته على الدوام. من المحتمل أن تجعلهم حذرين من محاولة تعلم أي شيء على الإطلاق.</p><p style=\"text-align: right; \"><br></p><p style=\"text-align: right; \">2) إعطاء نفسك وأطلق عليه الرصاص</p><p style=\"text-align: right; \"><br></p><p style=\"text-align: right; \">لحسن الحظ ، فهمت هذه الأم ومعظم الآباء الآخرين ما كنت أفعله ، وأدركوا تواطؤهم في كفاح أطفالهم. بعد تلك الجلسة الأولى ، تركتنا أمي وشأننا ، وبدأ طفلها في التحسن على الفور.</p><p style=\"text-align: right; \"><br></p><p style=\"text-align: right; \">تم تشجيع والديه لدرجة أنهم سألوا عما إذا كان بإمكاني المساعدة في مواضيع أخرى. كان التاريخ والعلوم واللغة الإنجليزية داخل غرفة قيادتي ، لكن الطفل ذهب إلى مدرسة كاثوليكية وكان عليه أن يتعلم اللاتينية.</p><p style=\"text-align: right; \"><br></p><p style=\"text-align: right; \">استعرت نسخة من كتابه اللاتيني وأصيبت بالإحباط تمامًا. اللغة اللاتينية محيرة ، خاصة في البداية. هذا العدد الكبير من الإقتران، ومسألة السياق. الطريقة التي تتحدث بها إلى النبلاء والأقران والعبيد تشبه عمليًا تعلم ثلاث لغات مختلفة.</p><p style=\"text-align: right; \"><br></p><p style=\"text-align: right; \">ما زلت مفلسة ، وهذا يعني المزيد من المال. وهل كان علي بالفعل معرفة اللاتينية؟ كل ما كان علي فعله هو البقاء قبل الطفل ببضعة أيام.</p><p style=\"text-align: right; \"><br></p><p style=\"text-align: right; \">3) كن صادقا</p><p style=\"text-align: right; \"><br></p><p style=\"text-align: right; \">حالتنا الافتراضية هي إنكار جهلنا ، خاصة أمام الأطفال. نحن دفاعيون ورفضون ، ويمكن لمعظم الأطفال أن يقولوا إنك ضائع مثلهم.</p><p style=\"text-align: right; \"><br></p><p style=\"text-align: right; \">كان الحل هو الاعتراف بذلك منذ البداية. سألني الطفل عن وجهة نظر تعلم اللاتينية وأخبرته أنني لا أعرف. من المفترض أنه ساعد مع لغات أخرى ، لكن ربما يمكنه استخدامه يومًا ما لإثارة إعجاب الأشخاص الطنانين في حفلات الكوكتيل. سألني لماذا تكسر بعض الأفعال أنماط الاقتران ، وقلت له إنها طريقة القدماء في تعذيبنا.</p><p style=\"text-align: right; \">عندما كان طفلاً صغيرًا ، كان يتعلم اللغة أسرع مني ، لكنه كان يواجه صعوبة أكبر في بعض التفاصيل الدقيقة. كانت هناك أوقات حيرتني فيها وأتحدث بصوت عالٍ أمامه.</p><p style=\"text-align: right; \">أنا مدرس رياضيات. ما الذي جعلني أعتقد أنني مستعد لتدريس اللاتينية ، ناهيك عن تعلمها؟</p><p style=\"text-align: right; \"><br></p><p style=\"text-align: right; \">قال لي الطفل إنني أبدو جيدًا في كل شيء آخر ، لذا من المحتمل أن أفهم ذلك ، لكن كان هناك القليل من القلق في صوته. كلما فعلت الأسوأ ، زاد احتمال فشله ، وأراد إخراج اللاتينية من حياته أكثر مما فعلت.</p><p style=\"text-align: right; \"><br></p><p style=\"text-align: right; \">لقد قربنا كراهيتنا المتبادل للغة اللاتينية من بعضنا البعض. لأول مرة ، أدرك كلانا أننا في هذا معًا.</p><p style=\"text-align: right; \"><br></p><p style=\"text-align: right; \">4) التعامل مع أولياء الأمور والمعلمين هو جزء من التعليم</p><p style=\"text-align: right; \"><br></p><p style=\"text-align: right; \">مع تقدمه في السن ، بدأ يسألني عن والديه ، اللذين كانا من المحافظين في قناة فوكس نيوز. قال لي انه يمكن ان نرى انهم منحازون، ولكن لم أفهم لماذا، أو أعرف ما يفكر.</p><p style=\"text-align: right; \"><br></p><p style=\"text-align: right; \">أخبرته أن يفكر بنفسه ويعترف عندما لا يعرف شيئًا ، وأنه لا يجب أن يخشى تغيير رأيه في ضوء أدلة جديدة صحيحة.</p><p style=\"text-align: right; \"><br></p><p style=\"text-align: right; \">واشتكى أساتذته، واحد منهم لم يكن سعيدا كنت قد علمته الطرق المختلفة لعلم الجبر. في نهاية المطاف، وعلم أنه كيفية القيام بذلك بطريقة المعلم، ولكن عنيدا حاجة سبيلا آخر للوصول إلى هناك. كنا غاضبين بعض الشيء ، لكنني أخبرته أن تعلم التعامل مع المعلمين هو جزء من التعليم.</p><p style=\"text-align: right; \"><br></p><p style=\"text-align: right; \">احتفظت بالضغينة لنفسي ، لكنني أردت أيضًا خنق معلمه. وكان هذا الطفل قد ذهب من متوسط ​​D إلى B +، وكان هذا المعلم لا يزال يطارد له. ولا عجب في ذلك كثير من الناس رديء في الرياضيات - الآباء والامهات والمعلمين ضدهم وحتى لم يدرك ذلك.</p><p style=\"text-align: right; \"><br></p><p style=\"text-align: right; \">5) احتضان موقف التعلم</p><p style=\"text-align: right; \"><br></p><p style=\"text-align: right; \">إذا لم تكن على استعداد للتعلم ، فسيكون من الصعب تدريسه ، والخطوة الأولى هي قبول مدى ضآلة معرفتنا. من النفاق أن تنقض على ابنك عندما لا تتمكن من أداء واجبه المنزلي أيضًا ، ويلاحظ الأطفال ذلك ويشعرون بحق أنك غير عادل.</p><p style=\"text-align: right; \"><br></p><p style=\"text-align: right; \">التعلم الإلكتروني) سيحسن إدراكك بشكل عام.</p><p style=\"text-align: right; \"><br></p><p style=\"text-align: right; \">القراءة والرياضيات مهارات أساسية ، وتعلم الرياضيات أمر متواضع. في حين أن هناك القليل من الأدلة التي تدعم أن الرياضيات تحسن التفكير بشكل عام ، فأنت بحاجة إليها لفهم العلوم ، وعندما تشعر بالحيرة تجاه الكثير من الواجبات المدرسية لطفلك في المدرسة الابتدائية ، فإن القليل على الأقل من عدم اليقين يخترق آرائك. أنت تدرك أنك لا تعرف الكثير كما كنت تعتقد ، وبالنسبة لمعظم الناس ، يمكن أن يمثل هذا بداية جديدة. مع انحسار الصلابة ، تعاود اللدونة الظهور ، وعادات التعلم مدى الحياة هي أثمن هدية يمكن أن تقدمها لنفسك ولطفلك.إذا اخترت أن يكون الأطفال، يجب أن يكون لديك الاولوية رقم واحد، وسوف يفاجأ في مقدار التعلم (أو ص</p>', 'الخوف هو السبب الرئيسي الذي يجعل الأطفال يكافحون مع المدرسة. وفي معظم الحالات ، يكون ذلك خطأ الوالدين.'),
(6, 21, 'es', 'Cómo enseñar a tu hija cualquier cosa fácilmente', '<p>La razón principal por la que los niños luchan con la escuela es el miedo. Y en la mayoría de los casos, es culpa de sus padres. Comencé a dar clases particulares de matemáticas por desesperación financiera. Me acababan de despedir de mi trabajo como camarero, la mayor parte de la corrección de pruebas en los trabajos en Nueva York se habían subcontratado a la India y, por tercera vez en mi vida, me enfrentaba a una pobreza extrema.</p>', '<p>Comencé a dar clases particulares de matemáticas por desesperación financiera. Me acababan de despedir de mi trabajo como camarero, la mayor parte de la corrección de pruebas en los trabajos en Nueva York se habían subcontratado a la India y, por tercera vez en mi vida, me enfrentaba a una pobreza extrema.</p><p><br></p><p>La cantidad que había olvidado fue sorprendente al principio, y había sobresalido en matemáticas durante toda mi vida académica. Si no lo usas, realmente lo pierdes, así que no es de extrañar que la mayoría de los padres lloren a tío en matemáticas de cuarto grado. No recuerdan y no quieren recordar, perpetuando esta actitud en sus hijos.</p><p><br></p><p>Imagínese haciendo cualquier cosa, incluso algo en lo que se le da bien, con el equivalente a un gigante acechando detrás de usted y escudriñando cada uno de sus movimientos. Esto es lo que les hacen los padres a sus hijos. Se ciernen y se abalanzan sobre cada error.</p><p><br></p><p>1) Tenga empatía por sus hijos</p><p><br></p><p>En mi primera sesión con mi primer alumno, su madre se escondió nerviosamente detrás de nosotros, luego me llamó unos cinco minutos después. Me preguntó si noté que su hijo había respondido la última pregunta incorrectamente, e inmediatamente vi la esencia del problema.</p><p><br></p><p>Tienes que descansar y relajarte para que tu hijo se sienta cómodo y esperar hasta el final antes de empezar a corregir algo. Así es como los niños aprenden a controlar su trabajo y que cometer errores no es gran cosa.</p><p><br></p><p>Los errores son inevitables, pero la forma en que los manejamos no lo es. Si quiere que su hijo esté eternamente aterrorizado por las matemáticas, entonces, por supuesto, continúe apiñándolos e interrumpiéndolos perpetuamente. Lo más probable es que los haga desconfiar de intentar aprender algo.</p><p><br></p><p>2) Date una oportunidad</p><p><br></p><p>Afortunadamente, esta madre y la mayoría de los otros padres entendieron lo que estaba haciendo y reconocieron su complicidad en las luchas de sus hijos. Después de esa primera sesión, mamá nos dejó solos y su hijo comenzó a mejorar de inmediato.</p><p><br></p><p>Sus padres estaban tan animados que me preguntaron si podía ayudar con otros temas. La historia, la ciencia y el inglés estaban a mi alcance, pero el niño fue a una escuela católica y tuvo que aprender latín.</p><p><br></p><p>Pedí prestada una copia de su libro en latín y me desmoralicé por completo. El latín es desconcertante, especialmente al principio. Tantas conjugaciones y contexto son importantes. La forma de hablar con nobles, compañeros y esclavos es prácticamente como aprender tres idiomas diferentes.</p><p><br></p><p>Aún así, estaba arruinado y esto significaría más dinero. ¿Y realmente tenía que saber latín? Todo lo que tenía que hacer era quedarme unos días por delante del chico.</p><p><br></p><p>3) Sea honesto</p><p><br></p><p>Nuestro estado predeterminado es negar nuestra ignorancia, especialmente frente a los niños. Estamos a la defensiva y desdeñosos, y la mayoría de los niños pueden decir que estás tan perdido como ellos.</p><p><br></p><p>Mi solución fue admitir esto desde el principio. El niño me preguntó qué sentido tenía aprender latín y le dije que no lo sabía. Supuestamente le ayudó con otros idiomas, pero tal vez algún día podría usarlo para impresionar a personas pretenciosas en los cócteles. Me preguntó por qué algunos verbos rompían los patrones de conjugación y le dije que era la forma de los antiguos de torturarnos.</p><p><br></p><p>Cuando era niño, aprendió el idioma más rápido que yo, pero tuvo más dificultades con algunas de las sutilezas. Hubo momentos en que estaba desconcertado y me hablaba en voz alta frente a él.</p><p><br></p><p>Soy un tutor de matemáticas. ¿Qué diablos me hizo pensar que estaba equipado para enseñar latín, y mucho menos aprenderlo?</p><p><br></p><p>El chico me dijo que parecía ser bastante bueno en todo lo demás, así que probablemente lo entendería, pero había un matiz de preocupación en su voz. Cuanto peor lo hacía, más probabilidades había de que fracasara, y quería que el latín fuera de su vida incluso más que yo.</p><p><br></p><p>Nuestro odio mutuo por el latín nos acercó más. Por primera vez, ambos comprendimos que estábamos juntos en esto.</p><p><br></p><p>4) Tratar con padres y maestros es parte de la educación</p><p><br></p><p>A medida que crecía, empezó a preguntarme sobre sus padres, que eran conservadores de Fox News. Me dijo que podía ver que eran parciales, pero que no entendía por qué ni sabía qué pensar.</p><p><br></p><p>Le dije que pensara por sí mismo y admitiera cuando no sabía algo, y que no debería tener miedo de cambiar de opinión a la luz de nuevas pruebas válidas.</p><p><br></p><p>Se quejaba de sus profesores, uno de los cuales no estaba contento de que le hubiera enseñado diferentes enfoques del álgebra. Con el tiempo, aprendió a hacerlo a la manera del maestro, pero necesitaba otra vía para llegar allí. Ambos estábamos un poco enojados, pero le dije que aprender a tratar con los maestros es parte de la educación.</p><p><br></p><p>Me guardé mi rencor, pero también quería estrangular a su maestro. Este niño había pasado de un promedio D a un B +, y esta maestra todavía lo perseguía. No es de extrañar que tanta gente sea pésima en matemáticas: sus padres y maestros estaban en contra de ellos y ni siquiera se dieron cuenta.</p><p><br></p><p>5) Adopte una actitud de aprendizaje</p><p><br></p><p>Si no está dispuesto a aprender, será difícil enseñar y el primer paso es aceptar lo poco que sabemos. Es hipócrita atacar a tu hijo cuando tú tampoco puedes hacer su tarea, y los niños se dan cuenta de esto y sienten que estás siendo injusto.</p><p><br></p><p>Si elige tener hijos, deberían ser su prioridad número uno y se sorprenderá de cuánto aprendizaje (o relearning) mejorará su cognición en general.</p><p><br></p><p>La lectura y las matemáticas son habilidades fundamentales, y aprender matemáticas es una lección de humildad. Si bien hay poca evidencia que respalde que las matemáticas mejoran el razonamiento en general, las necesita para comprender las ciencias, y cuando gran parte de las tareas de la escuela primaria de su hijo le desconcierta, al menos un poco de incertidumbre penetra en sus puntos de vista. Te das cuenta de que no sabes tanto como pensabas y, para la mayoría, esto puede marcar un nuevo comienzo. A medida que cede la rigidez, resurge la plasticidad y el hábito del aprendizaje permanente es el regalo más valioso que puede hacerse a sí mismo y a su hijo.</p>', 'La razón principal por la que los niños luchan con la escuela es el miedo. Y en la mayoría de los casos, es culpa de sus padres.'),
(7, 23, 'es', '3 leyes para convertirse en una estudiante heterosexual', '<p>En este artículo, explicaré las dos reglas que seguí para convertirme en un estudiante sobresaliente. Si sigue mi consejo, obtendrá mejores calificaciones y también llevará una vida más equilibrada.</p>', '<p>Un historial académico sólido puede abrirle puertas en el futuro. Más importante aún, a través del proceso de convertirse en un estudiante sobresaliente, aprenderá valores como el trabajo duro, la disciplina y la determinación.</p><p>Regla 1: siempre tenga un plan.</p><p>(a) A medida que avanza el semestre, realice un seguimiento de las fechas clave: pruebas y exámenes, fechas límite para la presentación de proyectos, interrupciones del período, etc.</p><p>Ingrese estas fechas en un calendario físico o digital.</p><p>Si elige utilizar un calendario digital, le recomiendo Google Calendar.</p><p><br></p><p>(b) Programe un horario fijo cada semana en el que revise sus próximos eventos durante los próximos dos meses. Marque cuándo comenzará a prepararse para ese examen de matemáticas, a trabajar en ese proyecto de historia o a escribir ese ensayo en inglés.</p><p>(d) A continuación, anote sus compromisos para la próxima semana, p. ej. actividades extracurriculares, reuniones familiares, clases extra. En su calendario, resalte los bloques de tiempo que tendrá para el trabajo escolar.</p><p>Este proceso de planificación puede parecer lento, pero por lo general solo tomará 15 minutos cada semana.</p><p>Esta es una sabia inversión de tiempo como estudiante, porque el resto de la semana será mucho más productiva.</p><p>De esta manera, estudiarás inteligentemente, ¡no solo duro!</p><p><br></p><p>Regla # 2: Sea organizado.</p><p>Alguna vez ha tenido problemas para encontrar sus notas o tareas cuando las necesitaba? Probablemente terminó perdiendo un tiempo precioso buscándolos, antes de que finalmente se los pidiera prestados a su amigo.</p><p>Muchos estudiantes me dicen que guardan todas sus notas y tareas en una gran pila, ¡y solo las clasifican antes de sus exámenes!</p><p>Ser organizado, es más fácil decirlo que hacerlo, lo sé.</p>', 'En este artículo, explicaré las dos reglas que seguí para convertirme en un estudiante sobresaliente.'),
(8, 23, 'ar', 'علاقة أفضل بينك وبين ولي أمر الطالب', '<div style=\"text-align: right;\">في هذه المقالة ، سأشرح القاعدتين اللتين اتبعتهما لأصبح طالبًا عاديًا. إذا أخذت بنصيحتي ، ستحصل على درجات أفضل وتعيش حياة أكثر توازناً أيضًا.</div>', '<div style=\"text-align: right; \">يمكن للسجل الأكاديمي القوي أن يفتح لك الأبواب في المستقبل. والأهم من ذلك ، من خلال عملية أن تصبح طالبًا عاديًا ، ستتعلم قيمًا مثل العمل الجاد والانضباط والتصميم.</div><div style=\"text-align: right; \"><br></div><div style=\"text-align: right; \">القاعدة 1: امتلك خطة دائمًا.</div><div style=\"text-align: right; \">(أ) مع تقدم الفصل الدراسي ، تتبع التواريخ الرئيسية: الاختبارات والامتحانات والمواعيد النهائية لتقديم المشروع وفواصل الفصل الدراسي وما إلى ذلك.</div><div style=\"text-align: right; \"><br></div><div style=\"text-align: right; \">أدخل هذه التواريخ في تقويم مادي أو رقمي.</div><div style=\"text-align: right; \"><br></div><div style=\"text-align: right; \">إذا اخترت استخدام تقويم رقمي ، فإنني أوصي بتقويم Google.</div><div style=\"text-align: right; \"><br></div><div style=\"text-align: right; \">(ب) حدد موعدًا محددًا كل أسبوع حيث تقوم بمراجعة الأحداث القادمة على مدار الشهرين المقبلين. ضع علامة على الوقت الذي ستبدأ فيه التحضير لامتحان الرياضيات هذا ، أو العمل في مشروع التاريخ ، أو كتابة هذه الورقة باللغة الإنجليزية.</div><div style=\"text-align: right; \"><br></div><div style=\"text-align: right; \">(د) بعد ذلك ، دوِّن التزاماتك للأسبوع القادم ، على سبيل المثال الأنشطة اللامنهجية والتجمعات العائلية والفصول الإضافية. في التقويم الخاص بك ، حدد فترات الوقت التي ستتاح لك للعمل المدرسي.</div><div style=\"text-align: right; \"><br></div><div style=\"text-align: right; \">قد تبدو عملية التخطيط هذه مضيعة للوقت ، ولكنها عادة ما تستغرق 15 دقيقة فقط كل أسبوع.</div><div style=\"text-align: right; \"><br></div><div style=\"text-align: right; \">هذا استثمار حكيم للوقت كطالب ، لأن بقية الأسبوع ستصبح أكثر إنتاجية بكثير.</div><div style=\"text-align: right; \"><br></div><div style=\"text-align: right; \">بهذه الطريقة ، ستدرس بذكاء ، وليس فقط بجد!</div><div style=\"text-align: right; \"><br></div><div style=\"text-align: right; \">القاعدة رقم 2: كن منظمًا.</div><div style=\"text-align: right; \">هل واجهت مشكلة في العثور على ملاحظاتك أو مهامك عندما احتجت إليها؟ ربما انتهى بك الأمر إلى إضاعة الوقت الثمين في البحث عنهم ، قبل أن تطلب أخيرًا استعارتهم من صديقك.</div><div style=\"text-align: right; \"><br></div><div style=\"text-align: right; \">يخبرني العديد من الطلاب أنهم يحتفظون بجميع ملاحظاتهم وواجباتهم في كومة كبيرة واحدة ، ولا يقوموا بفرزها إلا قبل امتحاناتهم!</div><div style=\"text-align: right; \"><br></div><div style=\"text-align: right; \">كونك منظمًا - القول أسهل من الفعل ، أعلم.</div>', 'في هذه المقالة ، سأشرح القاعدتين اللتين اتبعتهما لأصبح طالبًا عاديًا.'),
(9, 22, 'ar', 'علاقة أفضل بينك وبين ولي أمر الطالب', '<p style=\"text-align: right; \">العلاقة بين المعلم والوالدين هي علاقة مهمة ويتم التغاضي عنها للأسف إلى حد كبير. لماذا هو مهم؟ حسنًا ، تساعد العلاقة الجيدة بينك وبين ولي أمر الطالب أو الوصي عليه في مساعدة الطلاب على أداء أفضل على المستوى الشخصي والأكاديمي. </p>', '<p style=\"text-align: right; \">الرحمة والإيجابية هي كل شيء</p><p style=\"text-align: right; \"><br></p><p style=\"text-align: right; \">قد يكون التعامل معك أمرًا مرهقًا للوالدين أو الأوصياء. قد يكون هناك خوف من أن أداء طفلهم ليس جيدًا كما ينبغي ، أو ضيق الوقت للتواصل ، أو حتى حواجز اللغة. بصفتك مدرسًا ، فإن التعاطف وتقديم المعلومات بنبرة مهذبة يؤدي إلى العجائب في مثل هذه المواقف. من الأفضل الابتسام والتواصل البصري والترحيب وتقديم أي نصيحة إذا لزم الأمر. إحدى الحيل الجيدة للمساعدة في تهدئة الآباء أو الأوصياء عند التحدث إليهم هي الاعتراف أولاً بشيء إيجابي عن طفلهم لاحظته مهما كان صغيراً. على سبيل المثال ، ربما لاحظت أنهم أكثر انخراطًا في دروسهم وطرحوا المزيد من الأسئلة.</p><p style=\"text-align: right; \"><br></p><p style=\"text-align: right; \">كن استباقيًا وتواصل كثيرًا</p><p style=\"text-align: right; \"><br></p><p style=\"text-align: right; \">قد يتحدث بعض المعلمين مع الوالدين أو الأوصياء فقط عندما تكون هناك مشكلة ، مما يخلق بيئة سلبية لكليهما. هذا هو السبب في أنه من الضروري بذل الجهد للتحدث معهم كثيرًا سواء كان ذلك وجهًا لوجه أو مكالمة هاتفية أو حتى رسالة بريد إلكتروني. من الأفضل إبقائهم على اطلاع دائم بما يتعلمه أطفالهم. غالبًا ما يمنعهم التواصل من الشعور باليقظة القصوى عند التواصل معهم ويمكنه أيضًا تعزيز صداقة جميلة. بالطبع من المهم معرفة أن الآباء والأوصياء مشغولون! لذا تأكد عند التواصل معهم أنك تخطط مسبقًا للعثور على وقت يناسبهم بشكل أفضل.</p><p style=\"text-align: right; \"><br></p><p style=\"text-align: right; \">اجعل الوالد أو الوصي يشعر بالتقدير واطلب مشورتهما</p><p style=\"text-align: right; \"><br></p><p style=\"text-align: right; \">من الطرق الرائعة لبناء علاقة مع الوالدين أو الأوصياء إشراكهم في تعليم أطفالهم. هذا لا يعني مجرد مساعدتهم في أداء واجباتهم المدرسية ، ولكن قد يعني مطالبتهم بالمشاركة في الأنشطة أو الأحداث المدرسية. يُعد سؤالهم عما إذا كانوا يرغبون في المساعدة في تنظيم حدث طريقة رائعة للتعرف عليهم ومنحهم فرصة لمقابلة أولياء الأمور أو الأوصياء الآخرين. يمكن أن يكون أيضًا شيئًا بسيطًا مثل إنشاء خطة درس تطلب مدخلات منهم. بالطبع كل هذا يعتمد على جدولهم الزمني وما إذا كان لديهم الوقت للمشاركة. في النهاية ، كلما حاولت إشراكهم في الأنشطة ، كان ذلك أفضل.</p><p style=\"text-align: right; \"><br></p><p style=\"text-align: right; \">طريقة أخرى رائعة لجعلهم يشعرون بالتقدير هي طلب نصيحتهم. إذا كان الطالب يعرض سلوكيات سلبية أثناء الدرس ، فمن الحكمة طلب مشورة الوالد أو الوصي. من خلال طلب نصيحتهم ، يمكن أن يحدث شيئان. أولاً ، قد لا يعرفون أن هناك سلوكًا سلبيًا للبدء به لأن الطالب قد لا يعرضه في المنزل. ثانيًا ، أنت تبني علاقة أفضل مع الوالد أو الوصي من خلال الحصول على مدخلاتهم في هذا الموقف ، مما سيبني الثقة. لا يجب أن تدور الأسئلة حول تعليم الطالب فقط عند التحدث إليهم ، بل يمكنك أيضًا طرح أسئلة حول اهتمامات الطالب والخطط التي لديهم خلال العطلات. من المهم دائمًا أن تتصرف بشكل احترافي عند التعامل مع أحد الوالدين أو الوصي ، ولكن لا يجب أن تكون المحادثة فقط حول التعليم.</p><p style=\"text-align: right; \"><br></p><p style=\"text-align: right; \">تجنب أخذها بشكل شخصي والافتراضات</p><p style=\"text-align: right; \"><br></p><p style=\"text-align: right; \">الآباء والأوصياء بشر ولديهم ضغوط خاصة بهم للتعامل معها سواء كان ذلك في العمل أو في حياتهم المنزلية. من الأفضل لك أن تحافظ على هدوئك دائمًا ولا تأخذ أي شيء يقولونه على محمل الجد. يجب عليك دائمًا الرد بأسئلة من شأنها أن تساعد في نزع فتيل الموقف. على سبيل المثال ، قد يقول أحد الوالدين أو الوصي \"أنت تقول هذا لأنك خرجت لإحضار طفلي\" وأفضل طريقة للرد على سؤال مثل هذا هي \"أنا آسف لأنك تشعر بهذه الطريقة ، يرجى إعلامي لماذا تعتقد هذا؟\"</p><p style=\"text-align: right; \"><br></p><p style=\"text-align: right; \">كما يجب ألا تضع افتراضات حول الحياة المنزلية للطالب. ما لم يتم ذكر ذلك ، يمكن للافتراض أن يسبب العديد من المشاكل ويمكن أن يكون غير حساس لوضع الأسرة. يجب ألا تفترض أن الطالب يعيش مع كلا الوالدين أو أي من الوالدين في هذا الشأن. الآن ، في عالمنا المتنوع عالميًا ، لا يجب أن تفترض أن اللغة الأولى للوالد أو الوصي هي اللغة الإنجليزية ويجب دائمًا تأكيد ما إذا كان بإمكانهم التحدث باللغة الإنجليزية في المقام الأول. سيكون لكل طالب وضع مختلف عن الوضع الذي يليه. تؤدي الافتراضات إلى سوء الفهم الذي يمكن أن يخلق ظروفًا أكثر صعوبة للتعلم.</p><p style=\"text-align: right; \"><br></p><p style=\"text-align: right; \">قد يكون بناء علاقة مع أحد الوالدين أو الوصي أمرًا صعبًا في بعض الأحيان. يمكن أن يساعدك وضع هذه الأفكار في الاعتبار على التواصل معها بشكل أفضل. من الجيد أن تتذكر ، في نهاية اليوم ، أنه كلما كان لديك اتصال أفضل معهم ، كان من الأفضل أن يساعدوا في تعليم الطالب ، مما يسمح لهم في النهاية بتحقيق النجاح الأكاديمي وتعزيز حب التعلم.</p>', 'العلاقة بين المعلم والوالدين هي علاقة مهمة ويتم التغاضي عنها للأسف إلى حد كبير.'),
(10, 22, 'es', 'Mejor relación entre usted y los padres de su estudiante', '<p>La relación padre / tutor es una relación importante y, lamentablemente, se pasa por alto en gran medida. ¿Por qué es importante? Bueno, una buena relación entre usted y el padre o tutor del estudiante sirve para ayudar a los estudiantes a desempeñarse mejor a nivel personal y académico. Fomentar una relación con ellos como tutor puede ser un desafío debido a una serie de factores; sin embargo, hay varias formas de construir esta relación y optimizar el sistema de apoyo al aprendizaje de los estudiantes a lo largo del tiempo.</p>', '<p>La compasión y la positividad lo son todo</p><p>Puede ser estresante para los padres o tutores interactuar con usted. Puede haber temor de que a su hijo no le esté yendo tan bien como debería, falta de tiempo para conectarse o incluso barreras del idioma. Como tutor, ser compasivo y brindar información en un tono educado hace maravillas en situaciones como esta. Es mejor sonreír, hacer contacto visual, ser acogedor y ofrecer cualquier consejo si es necesario. Un buen truco para ayudar a los padres o tutores a hablar con ellos es reconocer primero algo positivo acerca de su hijo que haya notado, sin importar lo pequeño que sea. Por ejemplo, es posible que haya notado que están más involucrados en sus lecciones y hacen más preguntas.</p><p><br></p><p>Sea proactivo y comuníquese con frecuencia</p><p><br></p><p>Es posible que algunos tutores solo hablen con los padres o tutores cuando hay un problema, lo que crea un entorno negativo para ambos. Por eso es clave hacer el esfuerzo de hablar con ellos a menudo, ya sea cara a cara, por teléfono o incluso por correo electrónico. Es mejor mantenerlos actualizados sobre el aprendizaje de sus hijos. Comunicarse a menudo evita que se sientan en alerta máxima cuando se acerca e incluso puede fomentar una hermosa amistad. ¡Por supuesto que es importante saber que los padres y tutores están ocupados! Por eso, cuando te comuniques con ellos, asegúrate de planificar con anticipación para encontrar el momento que mejor funcione para ellos.</p><p><br></p><p>Haga que el padre o tutor se sienta valorado y solicite su consejo</p><p><br></p><p>Una excelente manera de entablar una relación con los padres o tutores es involucrarlos en la educación de sus hijos. Esto no significa solo que los ayuden con la tarea, sino que también podría significar pedirles que participen en actividades o eventos escolares. Preguntarles si les gustaría ayudar a organizar un evento es una excelente manera de conocerlos y darles la oportunidad de conocer a otros padres o tutores. También podría ser algo tan simple como crear un plan de lección que solicite su opinión. Por supuesto, todo esto depende de su horario y si tienen tiempo para participar. Al final, cuanto más intente involucrarlos en las actividades, mejor.</p><p><br></p><p>Otra excelente manera de hacerlos sentir valorados es pedirles su consejo. Si su estudiante muestra comportamientos negativos durante una lección, es aconsejable buscar el consejo del padre o tutor. Al pedirles su consejo, pueden ocurrir dos cosas. Uno, para empezar, es posible que no sepan que existe un comportamiento negativo, ya que es posible que el estudiante no lo esté mostrando en casa. Dos, está construyendo una mejor relación con el padre o tutor al obtener su opinión en esta situación, lo que generará confianza. Las preguntas no tienen que ser solo sobre la educación del estudiante al hablar con él, también puede hacer preguntas sobre el interés del estudiante y los planes que tiene durante las vacaciones. Siempre es importante que te comportes de manera profesional cuando trates con un padre o tutor, pero la conversación no tiene que ser estrictamente sobre educación.</p><p><br></p><p>Evite tomárselo personalmente y hacer suposiciones</p><p><br></p><p>Los padres y tutores son humanos y tienen que lidiar con su propio estrés, ya sea en el trabajo o en su vida familiar. Es mejor para usted mantener siempre la calma y nunca tomar en serio nada de lo que le digan. Siempre debe responder con preguntas que ayuden a calmar la situación. Por ejemplo, un padre o tutor puede decir \"Dices esto porque quieres atrapar a mi hijo\" y la mejor manera de responder a una pregunta como esta es \"Lamento que te sientas así, por favor avísame Por qué piensas esto?</p><p>Además, no debe hacer suposiciones sobre la vida hogareña de un estudiante. A menos que se haya indicado así, una suposición puede causar muchos problemas y puede ser insensible a la situación de una familia. No debe asumir que el estudiante vive con ambos padres o con cualquier padre. Ahora, en nuestro mundo globalmente diverso, no debe asumir que el primer idioma del padre o tutor es el inglés y siempre debe confirmar si pueden hablar inglés en primer lugar. Cada estudiante tendrá una situación diferente a la del próximo. Las suposiciones conducen a malentendidos que pueden crear circunstancias más desafiantes para el aprendizaje.</p><p><br></p><p>Establecer una relación con un padre o tutor a veces puede ser un desafío. Tener estas ideas en mente puede ayudarlo a conectarse mejor con ellas. Es bueno recordar que, al final del día, cuanto mejor sea la conexión que tenga con ellos, mejor podrán ayudar a enseñar al estudiante, lo que en última instancia les permitirá alcanzar el éxito académico y fomentar el amor por el aprendizaje.</p>', 'La relación padre / tutor es una relación importante y, lamentablemente, se pasa por alto en gran medida.'),
(11, 24, 'en', 'Test', '<p>articles................</p>', '<p>articles................<br></p>', 'articles................');

-- --------------------------------------------------------

--
-- Structure de la table `bundles`
--

CREATE TABLE `bundles` (
  `id` int UNSIGNED NOT NULL,
  `creator_id` int UNSIGNED NOT NULL,
  `teacher_id` int UNSIGNED NOT NULL,
  `category_id` int UNSIGNED DEFAULT NULL,
  `slug` varchar(255) COLLATE utf8mb4_unicode_ci NOT NULL,
  `thumbnail` varchar(255) COLLATE utf8mb4_unicode_ci NOT NULL,
  `image_cover` varchar(255) COLLATE utf8mb4_unicode_ci NOT NULL,
  `video_demo` varchar(255) COLLATE utf8mb4_unicode_ci DEFAULT NULL,
  `video_demo_source` enum('upload','youtube','vimeo','external_link') COLLATE utf8mb4_unicode_ci DEFAULT NULL,
  `price` int DEFAULT NULL,
  `points` int DEFAULT NULL,
  `subscribe` tinyint(1) NOT NULL DEFAULT '0',
  `access_days` int UNSIGNED DEFAULT NULL COMMENT 'Number of days to access the bundle',
  `message_for_reviewer` text COLLATE utf8mb4_unicode_ci,
  `status` enum('active','pending','is_draft','inactive') COLLATE utf8mb4_unicode_ci NOT NULL,
  `created_at` bigint UNSIGNED NOT NULL,
  `updated_at` bigint UNSIGNED DEFAULT NULL
) ENGINE=InnoDB DEFAULT CHARSET=utf8mb4 COLLATE=utf8mb4_unicode_ci;

-- --------------------------------------------------------

--
-- Structure de la table `bundle_filter_option`
--

CREATE TABLE `bundle_filter_option` (
  `id` int UNSIGNED NOT NULL,
  `bundle_id` int UNSIGNED NOT NULL,
  `filter_option_id` int UNSIGNED NOT NULL
) ENGINE=InnoDB DEFAULT CHARSET=utf8mb4 COLLATE=utf8mb4_unicode_ci;

-- --------------------------------------------------------

--
-- Structure de la table `bundle_translations`
--

CREATE TABLE `bundle_translations` (
  `id` bigint UNSIGNED NOT NULL,
  `bundle_id` int UNSIGNED NOT NULL,
  `locale` varchar(255) COLLATE utf8mb4_unicode_ci NOT NULL,
  `title` varchar(255) COLLATE utf8mb4_unicode_ci NOT NULL,
  `seo_description` text COLLATE utf8mb4_unicode_ci,
  `description` longtext COLLATE utf8mb4_unicode_ci
) ENGINE=InnoDB DEFAULT CHARSET=utf8mb4 COLLATE=utf8mb4_unicode_ci;

-- --------------------------------------------------------

--
-- Structure de la table `bundle_webinars`
--

CREATE TABLE `bundle_webinars` (
  `id` int UNSIGNED NOT NULL,
  `creator_id` int UNSIGNED NOT NULL,
  `bundle_id` int UNSIGNED NOT NULL,
  `webinar_id` int UNSIGNED NOT NULL,
  `order` int UNSIGNED DEFAULT NULL
) ENGINE=InnoDB DEFAULT CHARSET=utf8mb4 COLLATE=utf8mb4_unicode_ci;

-- --------------------------------------------------------

--
-- Structure de la table `cache`
--

CREATE TABLE `cache` (
  `key` varchar(255) COLLATE utf8mb4_unicode_ci NOT NULL,
  `value` mediumtext COLLATE utf8mb4_unicode_ci NOT NULL,
  `expiration` int NOT NULL
) ENGINE=InnoDB DEFAULT CHARSET=utf8mb4 COLLATE=utf8mb4_unicode_ci;

-- --------------------------------------------------------

--
-- Structure de la table `cart`
--

CREATE TABLE `cart` (
  `id` int UNSIGNED NOT NULL,
  `creator_id` int UNSIGNED NOT NULL,
  `webinar_id` int UNSIGNED DEFAULT NULL,
  `bundle_id` int UNSIGNED DEFAULT NULL,
  `product_order_id` int UNSIGNED DEFAULT NULL,
  `reserve_meeting_id` int UNSIGNED DEFAULT NULL,
  `subscribe_id` int UNSIGNED DEFAULT NULL,
  `promotion_id` int UNSIGNED DEFAULT NULL,
  `ticket_id` int UNSIGNED DEFAULT NULL,
  `special_offer_id` int UNSIGNED DEFAULT NULL,
  `product_discount_id` int UNSIGNED DEFAULT NULL,
  `created_at` int NOT NULL
) ENGINE=InnoDB DEFAULT CHARSET=utf8mb4 COLLATE=utf8mb4_unicode_ci ROW_FORMAT=DYNAMIC;

--
-- Déchargement des données de la table `cart`
--

INSERT INTO `cart` (`id`, `creator_id`, `webinar_id`, `bundle_id`, `product_order_id`, `reserve_meeting_id`, `subscribe_id`, `promotion_id`, `ticket_id`, `special_offer_id`, `product_discount_id`, `created_at`) VALUES
(182, 2071, NULL, NULL, 10, NULL, NULL, NULL, NULL, NULL, NULL, 1730729408);

-- --------------------------------------------------------

--
-- Structure de la table `categories`
--

CREATE TABLE `categories` (
  `id` int UNSIGNED NOT NULL,
  `parent_id` int DEFAULT NULL,
  `icon` varchar(255) COLLATE utf8mb4_unicode_ci DEFAULT NULL,
  `order` int UNSIGNED DEFAULT NULL
) ENGINE=InnoDB DEFAULT CHARSET=utf8mb4 COLLATE=utf8mb4_unicode_ci ROW_FORMAT=DYNAMIC;

--
-- Déchargement des données de la table `categories`
--

INSERT INTO `categories` (`id`, `parent_id`, `icon`, `order`) VALUES
(520, NULL, '/store/1/default_images/categories_icons/feather.svg', NULL),
(522, NULL, '/store/1/default_images/categories_icons/briefcase.svg', NULL),
(523, NULL, '/store/1/default_images/categories_icons/heart.svg', NULL),
(524, NULL, '/store/1/default_images/categories_icons/umbrella.svg', NULL),
(525, NULL, '/store/1/default_images/categories_icons/pie-chart.svg', NULL),
(526, NULL, '/store/1/default_images/categories_icons/anchor.svg', NULL),
(528, NULL, '/store/1/default_images/categories_icons/code.svg', NULL),
(601, 522, '/store/1/default_images/categories_icons/sub_categories/divide-square.png', 1),
(602, 522, '/store/1/default_images/categories_icons/sub_categories/zap.png', 2),
(603, 522, '/store/1/default_images/categories_icons/sub_categories/globe.png', 3),
(604, 524, '/store/1/default_images/categories_icons/sub_categories/sun.png', 1),
(605, 524, '/store/1/default_images/categories_icons/sub_categories/droplet.png', 2),
(606, 528, '/store/1/reserve_a_meeting.png', 1),
(607, 528, '/store/1/default_images/categories_icons/sub_categories/smartphone.png', 2),
(608, 528, '/store/1/default_images/categories_icons/sub_categories/codesandbox.png', 3),
(609, 526, '/store/1/default_images/categories_icons/sub_categories/users.png', 1),
(610, 526, '/store/1/default_images/categories_icons/sub_categories/share-2.png', 2),
(611, 526, '/store/1/default_images/categories_icons/sub_categories/target.png', 3);

-- --------------------------------------------------------

--
-- Structure de la table `category_translations`
--

CREATE TABLE `category_translations` (
  `id` bigint UNSIGNED NOT NULL,
  `category_id` int UNSIGNED NOT NULL,
  `locale` varchar(255) COLLATE utf8mb4_unicode_ci NOT NULL,
  `title` varchar(255) COLLATE utf8mb4_unicode_ci NOT NULL
) ENGINE=InnoDB DEFAULT CHARSET=utf8mb4 COLLATE=utf8mb4_unicode_ci;

--
-- Déchargement des données de la table `category_translations`
--

INSERT INTO `category_translations` (`id`, `category_id`, `locale`, `title`) VALUES
(1, 520, 'en', 'Design'),
(2, 522, 'en', 'Academics'),
(3, 523, 'en', 'Health & Fitness'),
(4, 524, 'en', 'Lifestyle'),
(5, 525, 'en', 'Marketing'),
(6, 526, 'en', 'Mathematique'),
(7, 528, 'en', 'Informatique'),
(8, 601, 'en', 'Math'),
(9, 602, 'en', 'Science'),
(10, 603, 'en', 'Language'),
(11, 604, 'en', 'Lifestyle'),
(12, 605, 'en', 'Beauty & Makeup'),
(13, 606, 'en', 'Python'),
(14, 607, 'en', 'Database'),
(15, 608, 'en', 'Algorithmique'),
(16, 609, 'en', 'Analyse'),
(17, 610, 'en', 'Algèbre'),
(18, 611, 'en', 'Business Strategy'),
(19, 528, 'ar', 'المعلوماتية'),
(20, 606, 'ar', 'تطوير الشبكة'),
(21, 607, 'ar', 'تطوير المحمول'),
(22, 608, 'ar', 'تطوير اللعبة'),
(23, 526, 'ar', 'أسلوب الحياة'),
(24, 609, 'ar', 'الرياضيات'),
(25, 610, 'ar', 'مجال الاتصالات'),
(26, 611, 'ar', 'استراتيجية العمل'),
(27, 525, 'ar', 'تسويق'),
(28, 524, 'ar', 'أسلوب الحياة'),
(29, 604, 'ar', 'أسلوب الحياة'),
(30, 605, 'ar', 'الجمال والمكياج'),
(31, 523, 'ar', 'الصحة واللياقة البدنية'),
(32, 522, 'ar', 'أكاديميون'),
(33, 601, 'ar', 'الرياضيات'),
(34, 602, 'ar', 'علم'),
(35, 603, 'ar', 'لغة'),
(36, 520, 'ar', 'تصميم'),
(37, 528, 'es', 'Desarrollo'),
(38, 606, 'es', 'Desarrollo web'),
(39, 607, 'es', 'Desarrollo móvil'),
(40, 608, 'es', 'Desarrollo de juegos'),
(41, 526, 'es', 'Negocio'),
(42, 609, 'es', 'Gestión'),
(43, 610, 'es', 'Comunicaciones'),
(44, 611, 'es', 'Estrategia de negocios'),
(45, 525, 'es', 'Márketing'),
(46, 524, 'es', 'Estilo de vida'),
(47, 604, 'es', 'Estilo de vida'),
(48, 605, 'es', 'Belleza y maquillaje'),
(49, 523, 'es', 'salud y estado fisico'),
(50, 522, 'es', 'Académica'),
(51, 601, 'es', 'Matemáticas'),
(52, 602, 'es', 'Ciencias'),
(53, 603, 'es', 'Idioma'),
(54, 520, 'es', 'Diseño');

-- --------------------------------------------------------

--
-- Structure de la table `certificates`
--

CREATE TABLE `certificates` (
  `id` int UNSIGNED NOT NULL,
  `quiz_id` int UNSIGNED DEFAULT NULL,
  `quiz_result_id` int UNSIGNED DEFAULT NULL,
  `student_id` int UNSIGNED NOT NULL,
  `webinar_id` int UNSIGNED DEFAULT NULL,
  `user_grade` int UNSIGNED DEFAULT NULL,
  `type` enum('quiz','course') COLLATE utf8mb4_unicode_ci NOT NULL,
  `created_at` int NOT NULL
) ENGINE=InnoDB DEFAULT CHARSET=utf8mb4 COLLATE=utf8mb4_unicode_ci ROW_FORMAT=DYNAMIC;

-- --------------------------------------------------------

--
-- Structure de la table `certificates_templates`
--

CREATE TABLE `certificates_templates` (
  `id` int UNSIGNED NOT NULL,
  `image` varchar(255) COLLATE utf8mb4_unicode_ci NOT NULL,
  `type` enum('quiz','course') COLLATE utf8mb4_unicode_ci NOT NULL,
  `position_x` varchar(255) CHARACTER SET utf8mb4 COLLATE utf8mb4_general_ci DEFAULT NULL,
  `position_y` varchar(255) CHARACTER SET utf8mb4 COLLATE utf8mb4_general_ci DEFAULT NULL,
  `font_size` varchar(255) CHARACTER SET utf8mb4 COLLATE utf8mb4_general_ci DEFAULT NULL,
  `text_color` varchar(255) CHARACTER SET utf8mb4 COLLATE utf8mb4_general_ci DEFAULT NULL,
  `status` enum('draft','publish') COLLATE utf8mb4_unicode_ci NOT NULL,
  `created_at` int NOT NULL,
  `updated_at` int DEFAULT NULL
) ENGINE=InnoDB DEFAULT CHARSET=utf8mb4 COLLATE=utf8mb4_unicode_ci ROW_FORMAT=DYNAMIC;

--
-- Déchargement des données de la table `certificates_templates`
--

INSERT INTO `certificates_templates` (`id`, `image`, `type`, `position_x`, `position_y`, `font_size`, `text_color`, `status`, `created_at`, `updated_at`) VALUES
(1, '/store/1/default_images/certificate.jpg', 'quiz', '300', '400', '32', '#314963', 'publish', 1608663541, 1656581793),
(2, '/store/1/default_images/certificate.jpg', 'course', '200', '400', '28', '#314963', 'publish', 1656581772, 1656664628);

-- --------------------------------------------------------

--
-- Structure de la table `certificate_template_translations`
--

CREATE TABLE `certificate_template_translations` (
  `id` bigint UNSIGNED NOT NULL,
  `certificate_template_id` int UNSIGNED NOT NULL,
  `locale` varchar(255) COLLATE utf8mb4_unicode_ci NOT NULL,
  `title` varchar(255) COLLATE utf8mb4_unicode_ci DEFAULT NULL,
  `body` longtext COLLATE utf8mb4_unicode_ci,
  `rtl` tinyint DEFAULT NULL
) ENGINE=InnoDB DEFAULT CHARSET=utf8mb4 COLLATE=utf8mb4_unicode_ci;

--
-- Déchargement des données de la table `certificate_template_translations`
--

INSERT INTO `certificate_template_translations` (`id`, `certificate_template_id`, `locale`, `title`, `body`, `rtl`) VALUES
(1, 1, 'en', 'Quiz-depended Certificate Template', 'This certificate awarded to [student] \r\nregarding passing the [course] with \r\nthe [grade] with success\r\nCertificate ID : [certificate_id]', 0),
(2, 1, 'es', 'Certificado', 'Este certificado se otorgó a [student]\r\nen cuanto a aprobar el [course] con\r\nel [grade] con éxito\r\nID de certificado: [certificate_id]', NULL),
(3, 2, 'en', 'Completion Certificate Template', 'This certificate awarded to [student] \r\nregarding completing the course [course] with \r\nsuccess for [duration] minutes.\r\nCertificate ID : [certificate_id]', 0);

-- --------------------------------------------------------

--
-- Structure de la table `comments`
--

CREATE TABLE `comments` (
  `id` int UNSIGNED NOT NULL,
  `user_id` int UNSIGNED NOT NULL,
  `review_id` int UNSIGNED DEFAULT NULL,
  `webinar_id` int UNSIGNED DEFAULT NULL,
  `bundle_id` int UNSIGNED DEFAULT NULL,
  `blog_id` int UNSIGNED DEFAULT NULL,
  `product_id` int UNSIGNED DEFAULT NULL,
  `product_review_id` int UNSIGNED DEFAULT NULL,
  `reply_id` int UNSIGNED DEFAULT NULL,
  `comment` text COLLATE utf8mb4_unicode_ci,
  `status` enum('pending','active') COLLATE utf8mb4_unicode_ci NOT NULL,
  `report` tinyint(1) NOT NULL DEFAULT '0',
  `disabled` tinyint(1) NOT NULL DEFAULT '0',
  `created_at` int NOT NULL,
  `viewed_at` int UNSIGNED DEFAULT NULL
) ENGINE=InnoDB DEFAULT CHARSET=utf8mb4 COLLATE=utf8mb4_unicode_ci ROW_FORMAT=DYNAMIC;

-- --------------------------------------------------------

--
-- Structure de la table `comments_reports`
--

CREATE TABLE `comments_reports` (
  `id` int UNSIGNED NOT NULL,
  `user_id` int UNSIGNED NOT NULL,
  `blog_id` int UNSIGNED DEFAULT NULL,
  `product_id` int UNSIGNED DEFAULT NULL,
  `webinar_id` int UNSIGNED DEFAULT NULL,
  `comment_id` int UNSIGNED NOT NULL,
  `message` text COLLATE utf8mb4_unicode_ci NOT NULL,
  `created_at` int UNSIGNED NOT NULL
) ENGINE=InnoDB DEFAULT CHARSET=utf8mb4 COLLATE=utf8mb4_unicode_ci ROW_FORMAT=DYNAMIC;

-- --------------------------------------------------------

--
-- Structure de la table `contacts`
--

CREATE TABLE `contacts` (
  `id` int UNSIGNED NOT NULL,
  `name` varchar(255) COLLATE utf8mb4_unicode_ci NOT NULL,
  `email` varchar(255) COLLATE utf8mb4_unicode_ci NOT NULL,
  `phone` varchar(255) COLLATE utf8mb4_unicode_ci NOT NULL,
  `subject` varchar(255) COLLATE utf8mb4_unicode_ci NOT NULL,
  `message` text COLLATE utf8mb4_unicode_ci NOT NULL,
  `reply` text COLLATE utf8mb4_unicode_ci,
  `status` enum('pending','replied') COLLATE utf8mb4_unicode_ci NOT NULL DEFAULT 'pending',
  `created_at` int UNSIGNED NOT NULL
) ENGINE=InnoDB DEFAULT CHARSET=utf8mb4 COLLATE=utf8mb4_unicode_ci ROW_FORMAT=DYNAMIC;

--
-- Déchargement des données de la table `contacts`
--

INSERT INTO `contacts` (`id`, `name`, `email`, `phone`, `subject`, `message`, `reply`, `status`, `created_at`) VALUES
(1, 'ZAIER MOHAMED ALI', 'mohamedali.zaier@outlook.com', '25893331', 'heloooo', 'fbf', NULL, 'pending', 1708459514),
(2, 'dali', 'mohamedali.zaier@outlook.com', '25983331', 'urgent', 'reseau social educatif', NULL, 'pending', 1725882449),
(3, 'Mohamed ali', 'mohamedali.zaier@outlook.com', '+21625893331', 'urgent', 'ok', NULL, 'pending', 1726182625),
(4, 'dali', 'ameny.elokb@polytechnicien.tn', '+21625823331', 'urgence', 'hello', NULL, 'pending', 1726243545),
(5, 'Mohamed ali', 'admin@demo.com', '25983331', 'urgence', 'd', NULL, 'pending', 1726333873),
(6, 'gg', 'admin@demo.com', '+21625893331', 'gg', 'uuuuttt', NULL, 'pending', 1726334355),
(7, 'Mohamed ali', 'mohamedali.zaier@outlook.com', '+21625893331', 'urgent', 'ff', NULL, 'pending', 1726495189),
(8, 'mohamed ben romdhane', 'mohamed.benromdhane@esprit.tn', '21091263', '66666666666', '66666', NULL, 'pending', 1728564884);

-- --------------------------------------------------------

--
-- Structure de la table `course_forums`
--

CREATE TABLE `course_forums` (
  `id` int UNSIGNED NOT NULL,
  `webinar_id` int UNSIGNED NOT NULL,
  `user_id` int UNSIGNED NOT NULL,
  `title` varchar(255) COLLATE utf8mb4_unicode_ci NOT NULL,
  `description` text COLLATE utf8mb4_unicode_ci NOT NULL,
  `attach` varchar(255) COLLATE utf8mb4_unicode_ci DEFAULT NULL,
  `pin` tinyint(1) NOT NULL DEFAULT '0',
  `created_at` bigint UNSIGNED NOT NULL
) ENGINE=InnoDB DEFAULT CHARSET=utf8mb4 COLLATE=utf8mb4_unicode_ci;

-- --------------------------------------------------------

--
-- Structure de la table `course_forum_answers`
--

CREATE TABLE `course_forum_answers` (
  `id` int UNSIGNED NOT NULL,
  `forum_id` int UNSIGNED NOT NULL,
  `user_id` int UNSIGNED NOT NULL,
  `description` text COLLATE utf8mb4_unicode_ci NOT NULL,
  `pin` tinyint(1) NOT NULL DEFAULT '0',
  `resolved` tinyint(1) NOT NULL DEFAULT '0',
  `created_at` bigint UNSIGNED NOT NULL
) ENGINE=InnoDB DEFAULT CHARSET=utf8mb4 COLLATE=utf8mb4_unicode_ci;

-- --------------------------------------------------------

--
-- Structure de la table `course_learning`
--

CREATE TABLE `course_learning` (
  `id` int UNSIGNED NOT NULL,
  `user_id` int UNSIGNED NOT NULL,
  `text_lesson_id` int UNSIGNED DEFAULT NULL,
  `file_id` int UNSIGNED DEFAULT NULL,
  `session_id` int UNSIGNED DEFAULT NULL,
  `created_at` int UNSIGNED NOT NULL
) ENGINE=InnoDB DEFAULT CHARSET=utf8mb4 COLLATE=utf8mb4_unicode_ci;

--
-- Déchargement des données de la table `course_learning`
--

INSERT INTO `course_learning` (`id`, `user_id`, `text_lesson_id`, `file_id`, `session_id`, `created_at`) VALUES
(95, 1954, NULL, 151, NULL, 1731601252),
(96, 1954, NULL, 153, NULL, 1731604329),
(101, 1, NULL, 151, NULL, 1731606862),
(106, 2304, NULL, 152, NULL, 1731610351),
(107, 2314, NULL, 154, NULL, 1731610519),
(109, 1316, NULL, 128, NULL, 1731782054),
(112, 1316, NULL, 190, NULL, 1732804330),
(113, 1665, NULL, 200, NULL, 1733236468);

-- --------------------------------------------------------

--
-- Structure de la table `course_noticeboards`
--

CREATE TABLE `course_noticeboards` (
  `id` int UNSIGNED NOT NULL,
  `creator_id` int UNSIGNED NOT NULL,
  `webinar_id` int UNSIGNED NOT NULL,
  `color` enum('warning','danger','neutral','info','success') COLLATE utf8mb4_unicode_ci NOT NULL,
  `title` varchar(255) COLLATE utf8mb4_unicode_ci NOT NULL,
  `message` text COLLATE utf8mb4_unicode_ci NOT NULL,
  `created_at` bigint UNSIGNED NOT NULL
) ENGINE=InnoDB DEFAULT CHARSET=utf8mb4 COLLATE=utf8mb4_unicode_ci;

-- --------------------------------------------------------

--
-- Structure de la table `course_noticeboard_status`
--

CREATE TABLE `course_noticeboard_status` (
  `id` int UNSIGNED NOT NULL,
  `user_id` int UNSIGNED NOT NULL,
  `noticeboard_id` int UNSIGNED NOT NULL,
  `seen_at` int UNSIGNED NOT NULL
) ENGINE=InnoDB DEFAULT CHARSET=utf8mb4 COLLATE=utf8mb4_unicode_ci;

-- --------------------------------------------------------

--
-- Structure de la table `delete_account_requests`
--

CREATE TABLE `delete_account_requests` (
  `id` int UNSIGNED NOT NULL,
  `user_id` int UNSIGNED NOT NULL,
  `created_at` bigint UNSIGNED NOT NULL
) ENGINE=InnoDB DEFAULT CHARSET=utf8mb4 COLLATE=utf8mb4_unicode_ci;

-- --------------------------------------------------------

--
-- Structure de la table `discounts`
--

CREATE TABLE `discounts` (
  `id` int UNSIGNED NOT NULL,
  `creator_id` int UNSIGNED NOT NULL,
  `title` varchar(255) COLLATE utf8mb4_unicode_ci NOT NULL,
  `discount_type` enum('percentage','fixed_amount') COLLATE utf8mb4_unicode_ci NOT NULL,
  `source` enum('all','course','category','meeting','product') COLLATE utf8mb4_unicode_ci NOT NULL,
  `code` varchar(64) COLLATE utf8mb4_unicode_ci NOT NULL,
  `percent` int UNSIGNED DEFAULT NULL,
  `amount` int UNSIGNED DEFAULT NULL,
  `max_amount` int UNSIGNED DEFAULT NULL,
  `minimum_order` int UNSIGNED DEFAULT NULL,
  `count` int NOT NULL DEFAULT '1',
  `user_type` enum('all_users','special_users') COLLATE utf8mb4_unicode_ci NOT NULL,
  `product_type` enum('all','physical','virtual') COLLATE utf8mb4_unicode_ci DEFAULT NULL,
  `for_first_purchase` tinyint(1) NOT NULL DEFAULT '0',
  `status` enum('active','disable') COLLATE utf8mb4_unicode_ci NOT NULL DEFAULT 'active',
  `expired_at` int UNSIGNED NOT NULL,
  `created_at` int UNSIGNED NOT NULL
) ENGINE=InnoDB DEFAULT CHARSET=utf8mb4 COLLATE=utf8mb4_unicode_ci ROW_FORMAT=DYNAMIC;

--
-- Déchargement des données de la table `discounts`
--

INSERT INTO `discounts` (`id`, `creator_id`, `title`, `discount_type`, `source`, `code`, `percent`, `amount`, `max_amount`, `minimum_order`, `count`, `user_type`, `product_type`, `for_first_purchase`, `status`, `expired_at`, `created_at`) VALUES
(7, 1, 'Black Friday', 'percentage', 'all', 'BLK2021', 20, 10, NULL, NULL, 20, 'all_users', NULL, 0, 'active', 1639427340, 1626132792),
(8, 1, 'Store Physical Products Coupon', 'percentage', 'product', 'SPGH22', 10, NULL, NULL, NULL, 5, 'all_users', 'physical', 0, 'active', 1678494600, 1656320198),
(9, 1, 'Store Virtual Products Coupon', 'percentage', 'product', 'VKRYT22', 20, NULL, NULL, NULL, 10, 'all_users', 'virtual', 0, 'active', 1680357600, 1656320568),
(10, 1, 'Categories Coupon', 'percentage', 'category', 'GJKTPW', 10, NULL, 10, NULL, 1, 'all_users', 'all', 0, 'active', 1702684800, 1656320749);

-- --------------------------------------------------------

--
-- Structure de la table `discount_categories`
--

CREATE TABLE `discount_categories` (
  `id` int UNSIGNED NOT NULL,
  `discount_id` int UNSIGNED NOT NULL,
  `category_id` int UNSIGNED NOT NULL,
  `created_at` int UNSIGNED NOT NULL
) ENGINE=InnoDB DEFAULT CHARSET=utf8mb4 COLLATE=utf8mb4_unicode_ci;

--
-- Déchargement des données de la table `discount_categories`
--

INSERT INTO `discount_categories` (`id`, `discount_id`, `category_id`, `created_at`) VALUES
(4, 10, 520, 1656395856),
(5, 10, 608, 1656395856),
(6, 10, 606, 1656395856);

-- --------------------------------------------------------

--
-- Structure de la table `discount_courses`
--

CREATE TABLE `discount_courses` (
  `id` int UNSIGNED NOT NULL,
  `discount_id` int UNSIGNED NOT NULL,
  `course_id` int UNSIGNED NOT NULL,
  `created_at` int UNSIGNED NOT NULL
) ENGINE=InnoDB DEFAULT CHARSET=utf8mb4 COLLATE=utf8mb4_unicode_ci;

-- --------------------------------------------------------

--
-- Structure de la table `discount_groups`
--

CREATE TABLE `discount_groups` (
  `id` int UNSIGNED NOT NULL,
  `discount_id` int UNSIGNED NOT NULL,
  `group_id` int UNSIGNED NOT NULL,
  `created_at` int UNSIGNED NOT NULL
) ENGINE=InnoDB DEFAULT CHARSET=utf8mb4 COLLATE=utf8mb4_unicode_ci;

-- --------------------------------------------------------

--
-- Structure de la table `discount_users`
--

CREATE TABLE `discount_users` (
  `id` int UNSIGNED NOT NULL,
  `discount_id` int UNSIGNED NOT NULL,
  `user_id` int UNSIGNED NOT NULL,
  `created_at` int UNSIGNED NOT NULL
) ENGINE=InnoDB DEFAULT CHARSET=utf8mb4 COLLATE=utf8mb4_unicode_ci ROW_FORMAT=DYNAMIC;

-- --------------------------------------------------------

--
-- Structure de la table `documents`
--

CREATE TABLE `documents` (
  `id` int UNSIGNED NOT NULL,
  `name` varchar(200) COLLATE utf8mb4_unicode_ci NOT NULL,
  `nombre_page` int DEFAULT '0',
  `pdf` text COLLATE utf8mb4_unicode_ci NOT NULL,
  `manuel_id` int UNSIGNED NOT NULL,
  `created_at` timestamp NULL DEFAULT NULL,
  `updated_at` timestamp NULL DEFAULT NULL,
  `3d_path_teacher` varchar(255) COLLATE utf8mb4_unicode_ci NOT NULL,
  `3d_path_enfant` varchar(255) COLLATE utf8mb4_unicode_ci NOT NULL
) ENGINE=InnoDB DEFAULT CHARSET=utf8mb4 COLLATE=utf8mb4_unicode_ci;

--
-- Déchargement des données de la table `documents`
--

INSERT INTO `documents` (`id`, `name`, `nombre_page`, `pdf`, `manuel_id`, `created_at`, `updated_at`, `3d_path_teacher`, `3d_path_enfant`) VALUES
(212, 'أنيسي قراءة ', 113, '1_ere/anisi_kiraaa_oula.pdf', 1, NULL, NULL, 'https://www.abajim.com/BOOK/anisi_kiraaa_oula_i/index.html#page=', 'https://www.abajim.com/BOOK/anisi_kiraaa_oula_pi/anisi_kiraaa_oula.html#page='),
(213, 'رياضيات ', 122, '1_ere/riadhiat_oula.pdf', 3, NULL, NULL, 'https://www.abajim.com/BOOK/riadhiat_oula_i/index.html#page=', 'https://www.abajim.com/BOOK/riadhiat_oula_pppp/index.html#page='),
(215, 'كتاب الرياضيات', 122, '2_eme/riadhiat_thania/riadhiat_sana_thania.pdf', 4, NULL, NULL, 'https://www.abajim.com/BOOK/i_riadhiat_sana_thania/i_riadhiat_sana_thania.html#page=', 'https://www.abajim.com/BOOK/p_riadhiat_sana_thania/p_riadhiat_sana_thania.html#page='),
(216, 'الإيقاظ العلمي', 152, '4_eme/ikaadh/ikadh_rabaa.pdf', 15, NULL, NULL, 'https://www.abajim.com/BOOK/i_ikadh_rabaa/index.html#page=', 'https://www.abajim.com/BOOK/p_ikadh_rabaa/index.html#page='),
(217, 'رياضيات', 168, '4_eme/riadhiat/riadhiat_rabaa.pdf', 13, NULL, NULL, 'https://www.abajim.com/BOOK/i_riadhiat_rabaa/index.html#page=', 'https://www.abajim.com/BOOK/p_riadhiat_rabaa/index.html#page='),
(218, 'رياضيات-كراس-التمارين-', 28, '4_eme/riadhiat_tamarine/riadhiat_tamarine.pdf', 14, NULL, NULL, 'https://www.abajim.com/BOOK/i_riadhiat_tamarine/index.html#page=', 'https://www.abajim.com/BOOK/p_riadhiat_tamarine/index.html#page='),
(219, 'دروب-الحوار-كتاب-القراءة', 168, '4_eme/douroub_hiwar/douroub_hiwar_rabaa.pdf', 18, NULL, NULL, 'https://abajim.com/BOOK/IIIdouroub_hiwar_rabaa/index.html#page=', 'https://abajim.com/BOOK/Pdouroub_hiwar_rabaa/index.html#page='),
(220, 'قراءة', 114, '2_eme/2emeketeb.pdf', 5, NULL, NULL, 'https://www.abajim.com/BOOK/2emeketeb_i/2emeketeb_i.html#page=', 'https://www.abajim.com/BOOK/2emeketeb_p/2emeketeb_p.html#page='),
(221, 'ينابيع - كتاب القراءة', 168, '3_eme/yanabiaa_kiraa_thaltha.pdf', 7, NULL, NULL, 'https://www.abajim.com/BOOK/i_yanabiaa_kiraa_thaltha/index.html#page=', 'https://www.abajim.com/BOOK/p_yanabiaa_kiraa_thaltha/index.html#page='),
(222, 'الإيقاظ العلمي السنة الثالثة ', 160, '3_eme/ikaadh_thaltha.pdf', 9, NULL, NULL, 'https://www.abajim.com/BOOK/i_ikaadh_thaltha/index.html#page=', 'https://www.abajim.com/BOOK/p_ikaadh_thaltha/index.html#page='),
(226, 'التواصل كتاب التمارين', 144, '4_eme/adawat_tawasol_tamarine/adawat_tawasol_tamarine.pdf', 19, NULL, NULL, 'https://abajim.com/BOOK/iii_adawat_tawasol_tamarine/adawat_tawasol_tamarine.html#page=', 'https://abajim.com/BOOK/p_adawat_tawasol_tamarine/index.html#page='),
(227, 'كتاب المواد الاجتماعية السنة السادسة', 280, '6_eme/mawad_ijitimaiaa.pdf', 30, NULL, NULL, 'https://abajim.com/BOOK/mawad_ijitimaiaa/index.html#page=', 'https://abajim.com/BOOK/p_mawad_ijitimaiaa/index.html#page='),
(228, 'كراس الرياضيات ', 32, '6_eme/koras_riadhiat.pdf', 28, NULL, NULL, 'https://abajim.com/BOOK/i_koras_riadhiat_6eme/i_koras_riadhiat_6eme.html#page=', 'https://abajim.com/BOOK/p_koras_riadhiat_6eme/p_koras_riadhiat_6eme.html#page='),
(229, 'Prime English', 208, '6_eme/Prime English - Year 6 BE.pdf', 31, NULL, NULL, 'https://abajim.com/BOOK/i_Prime-English-Year-6-BE/index.html#page=', 'https://abajim.com/BOOK/p_Prime-English-Year-6-BE/index.html#page='),
(230, 'Un pas de plus vers le collège - Cahier dactivités ', 112, '6_eme/Un pas de plus vers le collège - Cahier dactivités - 6ème EB.pdf', 32, NULL, NULL, 'https://abajim.com/BOOK/i_Un-pas-de-plus-vers-le-coll-ge-Cahier-dactivit-s-6-me-EB/index.html#page=', 'https://abajim.com/BOOK/p_Un-pas-de-plus-vers-le-coll-ge-Cahier-dactivit-s-6-me-EB/index.html#page='),
(231, 'Un pas de plus vers le collège - Manuel de lecture ', 136, '6_eme/Un pas de plus vers le collège - Manuel de lecture - 6ème EB.pdf', 33, NULL, NULL, 'https://abajim.com/BOOK/i_Un-pas-de-plus-vers-le-coll-ge-Manuel-de-lecture-6-me-EB/index.html#page=', 'https://abajim.com/BOOK/p_Un-pas-de-plus-vers-le-coll-ge-Manuel-de-lecture-6-me-EB/p_Un-pas-de-plus-vers-le-coll-ge-Manuel-de-lecture-6-me-EB.html#page='),
(232, 'عالم القراءة - كتاب النصوص', 224, '6_eme/alam_kiraa_nousous.pdf', 34, NULL, NULL, 'https://abajim.com/BOOK/i_alam_kiraa_nousous/i_alam_kiraa_nousous.html#page=', 'https://abajim.com/BOOK/p_alam_kiraa_nousous/p_alam_kiraa_nousous.html#page='),
(233, 'كتاب الرياضيات', 174, '6_eme/riadhiat.pdf', 29, NULL, NULL, 'https://abajim.com/BOOK/i_riadhiat_6eme/i_riadhiat_6eme.html#page=', 'https://abajim.com/BOOK/p_riadhiat_6eme/p_riadhiat_6eme.html#page='),
(234, 'عالم الكتابة - كتاب التمارين ', 248, '6_eme/alam_kitaba_tamarine.pdf', 35, NULL, NULL, 'https://abajim.com/BOOK/i_alam_kitaba_tamarine/index.html#page=', 'https://abajim.com/BOOK/p_alam_kitaba_tamarine/p_alam_kitaba_tamarine.html#page='),
(235, 'الإيقاظ العلمي', 160, '6_eme/ikadh.pdf', 36, NULL, NULL, 'https://abajim.com/BOOK/i_ikadh_6eme/i_ikadh_6eme.html#page=', 'https://abajim.com/BOOK/p_ikadh_6eme/p_ikadh_6eme.html#page='),
(236, 'مسالك الكتابة - كتاب التمارين', 191, '5_eme/masalek_kitaba_tamarine.pdf', 26, NULL, NULL, 'https://www.abajim.com/BOOK/i_masalek_kitaba_tamarine/i_masalek_kitaba_tamarine.html#page=', 'https://www.abajim.com/BOOK/p_masalek_kitaba_tamarine/p_masalek_kitaba_tamarine.html#page='),
(237, 'مسالك القراءة - كتاب النصوص ', 174, '5_eme/masalek_kiraa_dourous.pdf', 27, NULL, NULL, 'https://www.abajim.com/BOOK/i_masalek_kiraa_dourou/i_masalek_kiraa_dourous.html#page=', 'https://www.abajim.com/BOOK/p_masalek_kiraa_dourou/p_masalek_kiraa_dourous.html#page='),
(238, 'كراس الرياضيات ', 32, '5_eme/koras_riadhiat.pdf', 24, NULL, NULL, 'https://www.abajim.com/BOOK/i_koras_riadhiat/i_koras_riadhiat.html#page=', 'https://www.abajim.com/BOOK/p_koras_riadhiat/p_koras_riadhiat.html#page='),
(239, 'كتاب الرياضيات', 168, '5_eme/riadhiat.pdf', 25, NULL, NULL, 'https://www.abajim.com/BOOK/i_riadhiat/i_riadhiat.html#page=', 'https://www.abajim.com/BOOK/p_riadhiat/p_riadhiat.html#page='),
(240, 'المواد الاجتماعية ', 240, '5_eme/mawad_ijtimaia.pdf', 23, NULL, NULL, 'https://abajim.com/BOOK/i_mawad_ijtimaia/i_mawad_ijtimaia.html#page=', 'https://www.abajim.com/BOOK/p_mawad_ijtimaia/p_mawad_ijtimaia.html#page='),
(241, 'الإيقاظ العلمي ', 175, '5_eme/ikadh.pdf', 20, NULL, NULL, 'https://www.abajim.com/BOOK/i_ikadh/i_ikadh.html#page=', 'https://www.abajim.com/BOOK/p_ikadh/p_ikadh.html#page='),
(242, 'Le français un pas de plus - Manuel de lecture', 108, '5_eme/Le français un pas de plus - Manuel de lecture - 5ème EB.pdf', 21, NULL, NULL, 'https://abajim.com/BOOK/i_Le-fran-ais-un-pas-de-plus-Manuel-de-lecture-5-me-EB/i_Le-fran-ais-un-pas-de-plus-Manuel-de-lecture-5-me-EB.html#page=', 'https://abajim.com/BOOK/p_Le-fran-ais-un-pas-de-plus-Manuel-de-lecture-5-me-EB/p_Le-fran-ais-un-pas-de-plus-Manuel-de-lecture-5-me-EB.html#page='),
(243, 'Le français un pas de plus - Cahier dactivités ', 85, '5_eme/Le français un pas de plus - Cahier dactivités - 5ème EB.pdf', 22, NULL, NULL, 'https://abajim.com/BOOK/i_Le-fran-ais-un-pas-de-plus-Cahier-dactivit-s-5-me-EB/i_Le-fran-ais-un-pas-de-plus-Cahier-dactivit-s-5-me-EB.html#page=', 'https://abajim.com/BOOK/p_Le-fran-ais-un-pas-de-plus-Cahier-dactivit-s-5-me-EB/p_Le-fran-ais-un-pas-de-plus-Cahier-dactivit-s-5-me-EB.html#page='),
(244, 'ينابيع الكتابة - تمارين', 256, '3_eme/yanabia_tamarine_thaltha.pdf', 8, NULL, NULL, 'https://www.abajim.com/BOOK/i_yanabia_tamarine_thaltha/index.html#page=', 'https://www.abajim.com/BOOK/p_yanabia_tamarine_thaltha/index.html#page='),
(245, 'رياضيات - السنة الثالثة', 176, '3_eme/riadhiat_thaltha.pdf', 12, NULL, NULL, 'https://www.abajim.com/BOOK/i_riadhiat_thaltha/index.html#page=', 'https://www.abajim.com/BOOK/p_riadhiat_thaltha/index.html#page='),
(246, 'Le français pas à pas - Manuel de lecture ', 160, '3_eme/Le français pas à pas - Manuel de lecture - 3ème EB.pdf', 10, NULL, NULL, '', ''),
(247, 'Le français pas à pas - Cahier dactivités ', 88, '3_eme/Le français pas à pas - Cahier dactivités - 3ème EB.pdf', 11, NULL, NULL, '', ''),
(249, 'مساراتي - كتاب التمارين ', 111, '2_eme/masarati_tamarine/masarati_tamarine_thania.pdf', 6, NULL, NULL, 'https://www.abajim.com/BOOK/masarati_tamarine_thania_i/masarati_tamarine_thania_i.html#page=', 'https://www.abajim.com/BOOK/masarati_tamarine_thania_p/masarati_tamarine_thania_p.html#page='),
(250, 'الفرنسية', 160, '4_eme/français_lecture/Au-rythme-des-projets-Lecture-4eme-enseignement-de-base.pdf', 16, NULL, NULL, 'https://abajim.com/BOOK/i_Au-rythme-des-projets-Lecture-4eme-enseignement-de-base/index.html#page=', 'https://abajim.com/BOOK/p_Au-rythme-des-projets-Lecture-4eme-enseignement-de-base/index.html#page='),
(254, 'أنيسي تمارين', 114, '1_ere/anisi_tamarine_sana_oula.pdf', 2, NULL, NULL, 'https://www.abajim.com/BOOK/anisi_tamarine_sana_oula_i/index.html#page=', 'https://www.abajim.com/BOOK/anisi_tamarine_sana_oula_p/index.html#page='),
(255, 'fr Cahier dactivites', 123, '4_eme/français_acitivite/Au-rythme-des-projets-Cahier-dactivites-4eme-enseignement-de-base.pdf', 17, NULL, NULL, 'https://abajim.com/BOOK/i_Au-rythme-des-projets-Cahier-dactivites-4eme-enseignement-de-base/index.html#page=', 'https://abajim.com/BOOK/p_Au-rythme-des-projets-Cahier-dactivites-4eme-enseignement-de-base/index.html#page=');

-- --------------------------------------------------------

--
-- Structure de la table `enfant`
--

CREATE TABLE `enfant` (
  `id` bigint UNSIGNED NOT NULL,
  `Nom` varchar(40) COLLATE utf8mb4_unicode_ci NOT NULL,
  `prenom` varchar(40) CHARACTER SET utf8mb4 COLLATE utf8mb4_unicode_ci DEFAULT NULL,
  `sexe` enum('Garçon','Fille') COLLATE utf8mb4_unicode_ci NOT NULL,
  `level_id` int UNSIGNED NOT NULL,
  `parent_id` int UNSIGNED NOT NULL,
  `created_at` timestamp NULL DEFAULT NULL,
  `updated_at` timestamp NULL DEFAULT NULL,
  `path` varchar(255) COLLATE utf8mb4_unicode_ci DEFAULT NULL,
  `user_id` int UNSIGNED DEFAULT NULL
) ENGINE=InnoDB DEFAULT CHARSET=utf8mb4 COLLATE=utf8mb4_unicode_ci;

--
-- Déchargement des données de la table `enfant`
--

INSERT INTO `enfant` (`id`, `Nom`, `prenom`, `sexe`, `level_id`, `parent_id`, `created_at`, `updated_at`, `path`, `user_id`) VALUES
(276, 'Oumayma', NULL, 'Fille', 9, 1508, '2024-10-01 18:38:41', '2024-10-01 18:38:41', '/girl2.jpeg', 1509),
(277, 'ahla', NULL, 'Fille', 7, 1508, '2024-10-01 18:44:57', '2024-10-01 18:44:57', '/girl1.jpeg', 1510),
(278, 'oussema', NULL, 'Garçon', 11, 1508, '2024-10-01 18:45:21', '2024-10-01 18:45:21', '/boy1.jpeg', 1511),
(279, 'asma', NULL, 'Fille', 8, 1508, '2024-10-01 18:45:46', '2024-10-01 18:52:05', '/girl3.jpeg', 1512),
(280, 'enfant', NULL, 'Garçon', 8, 1514, '2024-10-01 22:40:09', '2024-10-01 22:40:09', '/f14.png', 1515),
(281, 'molka', NULL, 'Fille', 10, 1514, '2024-10-01 22:40:20', '2024-10-01 22:40:20', '/girl4.jpeg', 1516),
(282, 'Mahmoud', NULL, 'Garçon', 9, 1514, '2024-10-01 22:40:30', '2024-10-01 22:40:30', '/f16.png', 1517),
(283, 'saif', NULL, 'Fille', 7, 1514, '2024-10-01 22:40:41', '2024-10-01 22:40:41', '/girl1.jpeg', 1518),
(285, 'molka', NULL, 'Garçon', 7, 1406, '2024-10-03 10:44:42', '2024-10-03 10:44:42', '/boy2.jpeg', 1520),
(288, 'Aya', NULL, 'Fille', 6, 1525, '2024-10-03 14:04:14', '2024-10-03 14:04:14', '/girl3.jpeg', 1526),
(289, 'Eya', NULL, 'Fille', 6, 1525, '2024-10-03 14:04:31', '2024-10-03 14:04:31', '/girl2.jpeg', 1527),
(290, 'Mehdi', NULL, 'Garçon', 7, 1525, '2024-10-03 14:04:48', '2024-10-03 14:04:48', '/f16.png', 1528),
(291, 'Anas', NULL, 'Garçon', 11, 1525, '2024-10-03 14:04:59', '2024-10-03 14:04:59', '/boy1.jpeg', 1529),
(296, 'yassin rhouma', NULL, 'Garçon', 8, 1536, '2024-10-04 08:08:05', '2024-10-04 08:08:05', '/f16.png', 1537),
(298, 'DZS', NULL, 'Garçon', 9, 1539, '2024-10-04 09:26:08', '2024-10-04 09:26:08', '/f14.png', 1540),
(395, 'Oumayma', NULL, 'Fille', 8, 1643, '2024-10-04 20:54:47', '2024-10-04 20:54:47', '/girl4.jpeg', 1644),
(396, 'Oumayma', NULL, 'Fille', 9, 1643, '2024-10-04 21:06:54', '2024-10-04 21:06:54', '/girl2.jpeg', 1645),
(397, 'oussema', NULL, 'Fille', 11, 1643, '2024-10-04 21:07:12', '2024-10-04 21:07:12', '/girl3.jpeg', 1646),
(402, 'Eya Boukattaya', NULL, 'Fille', 11, 1652, '2024-10-05 08:13:09', '2024-10-05 08:13:09', '/girl1.jpeg', 1653),
(403, 'Mohamed ali zaier', NULL, 'Garçon', 8, 1652, '2024-10-05 08:13:32', '2024-10-05 08:13:32', '/f14.png', 1654),
(404, 'Sabrine salem', NULL, 'Fille', 6, 1652, '2024-10-05 08:13:53', '2024-10-05 08:13:53', '/girl3.jpeg', 1655),
(405, 'Nour laatiri', NULL, 'Fille', 7, 1652, '2024-10-05 08:14:17', '2024-10-05 08:14:17', '/girl4.jpeg', 1656),
(418, 'mohamed aziz', NULL, 'Garçon', 11, 1678, '2024-10-07 08:26:53', '2024-10-07 08:26:53', '/boy1.jpeg', 1679),
(419, 'oswa ayedi', NULL, 'Fille', 9, 1678, '2024-10-07 08:27:16', '2024-10-07 08:27:16', '/girl1.jpeg', 1680),
(420, 'assil', NULL, 'Garçon', 9, 1678, '2024-10-07 08:30:26', '2024-10-07 08:30:26', '/f16.png', 1681),
(422, 'هارون', NULL, 'Garçon', 8, 1684, '2024-10-07 09:02:18', '2024-10-07 09:04:21', '/f16.png', 1685),
(503, 'ادم', NULL, 'Garçon', 10, 1789, '2024-10-09 11:01:34', '2024-10-09 11:02:48', '/f16.png', 1790),
(504, 'ميار', NULL, 'Fille', 6, 1789, '2024-10-09 11:02:12', '2024-10-09 11:02:12', '/girl3.jpeg', 1792),
(510, 'Eline', NULL, 'Fille', 10, 1799, '2024-10-09 11:35:08', '2024-10-09 11:35:08', '/girl4.jpeg', 1800),
(518, 'Khaled', NULL, 'Garçon', 6, 1812, '2024-10-09 15:04:26', '2024-10-09 15:04:26', '/f16.png', 1813),
(520, 'malek', NULL, 'Garçon', 7, 1812, '2024-10-09 15:05:01', '2024-10-09 15:05:01', '/boy1.jpeg', 1815),
(521, 'yasmine', NULL, 'Fille', 11, 1812, '2024-10-09 15:05:09', '2024-10-09 15:05:09', '/girl2.jpeg', 1816),
(522, 'YOUSSEF', NULL, 'Garçon', 10, 1817, '2024-10-10 09:20:16', '2024-10-10 09:20:16', '/boy1.jpeg', 1818),
(523, 'SARRA', NULL, 'Fille', 10, 1819, '2024-10-10 12:26:05', '2024-10-10 12:26:05', '/girl2.jpeg', 1820),
(524, 'EYA', NULL, 'Fille', 6, 1819, '2024-10-10 12:26:17', '2024-10-10 12:26:17', '/girl4.jpeg', 1821),
(525, 'روميساء', NULL, 'Fille', 10, 1822, '2024-10-10 14:13:42', '2024-10-10 14:13:42', '/girl3.jpeg', 1823),
(533, 'emna ayachi', NULL, 'Fille', 10, 1832, '2024-10-11 09:43:04', '2024-10-11 09:43:04', '/girl3.jpeg', 1833),
(534, 'محمد أمين', NULL, 'Garçon', 8, 1834, '2024-10-11 10:34:52', '2024-10-11 10:34:52', '/f16.png', 1835),
(542, 'مريم', NULL, 'Fille', 10, 1844, '2024-10-11 17:10:29', '2024-10-11 17:10:43', '/girl1.jpeg', 1845),
(553, 'مجد', NULL, 'Garçon', 10, 1858, '2024-10-12 22:23:23', '2024-10-12 22:23:23', '/boy2.jpeg', 1859),
(557, 'child1', NULL, 'Garçon', 6, 1864, '2024-10-13 10:56:17', '2024-10-13 10:56:17', '/f14.png', 1865),
(558, 'child 02', NULL, 'Fille', 8, 1864, '2024-10-13 10:56:35', '2024-10-13 10:56:35', '/girl4.jpeg', 1866),
(559, 'child3', NULL, 'Fille', 11, 1864, '2024-10-13 11:01:44', '2024-10-13 11:01:44', '/girl1.jpeg', 1867),
(575, 'Firas', NULL, 'Garçon', 6, 1888, '2024-10-15 07:20:09', '2024-10-15 07:20:09', '/f16.png', 1889),
(576, 'Haifa', NULL, 'Fille', 7, 1888, '2024-10-15 07:20:55', '2024-10-15 07:20:55', '/girl3.jpeg', 1890),
(577, 'Mohamed', NULL, 'Garçon', 8, 1888, '2024-10-15 07:21:06', '2024-10-15 07:21:06', '/boy2.jpeg', 1891),
(578, 'Zayneb', NULL, 'Fille', 11, 1888, '2024-10-15 07:21:21', '2024-10-15 07:21:21', '/girl4.jpeg', 1892),
(579, 'امنة', NULL, 'Fille', 7, 1893, '2024-10-15 07:33:31', '2024-10-15 07:33:31', '/girl2.jpeg', 1894),
(580, 'ادم', NULL, 'Garçon', 11, 1893, '2024-10-15 07:33:55', '2024-10-15 07:33:55', '/boy2.jpeg', 1895),
(582, '2Rayen1', NULL, 'Garçon', 9, 1898, '2024-10-15 08:39:18', '2024-10-21 10:19:14', '/boy2.jpeg', 1899),
(583, 'oumayma', NULL, 'Fille', 7, 1898, '2024-10-15 08:39:33', '2024-10-15 08:39:33', '/girl2.jpeg', 1900),
(596, 'taki', NULL, 'Garçon', 10, 1924, '2024-10-16 06:46:27', '2024-10-16 06:46:27', '/boy1.jpeg', 1925),
(627, 'amal', NULL, 'Fille', 7, 1945, '2024-10-21 06:22:23', '2024-10-21 06:22:23', '/girl1.jpeg', 1971),
(640, 'Hedi', NULL, 'Garçon', 11, 1988, '2024-10-22 16:54:04', '2024-10-22 16:54:04', '/boy2.jpeg', 1989),
(641, 'Kenza', NULL, 'Fille', 7, 1988, '2024-10-22 16:54:18', '2024-10-22 16:54:18', '/girl3.jpeg', 1990),
(642, 'Mouna', NULL, 'Fille', 6, 1988, '2024-10-22 16:57:26', '2024-10-22 16:57:26', '/girl1.jpeg', 1991),
(649, 'Badr', NULL, 'Garçon', 7, 2001, '2024-10-24 10:44:48', '2024-10-24 10:44:48', '/boy2.jpeg', 2002),
(650, 'Hariun', NULL, 'Garçon', 10, 2001, '2024-10-24 10:45:02', '2024-10-24 10:45:02', '/f14.png', 2003),
(651, 'Emran', NULL, 'Garçon', 7, 2004, '2024-10-24 10:50:01', '2024-10-24 10:50:01', '/boy2.jpeg', 2005),
(652, 'Razan', NULL, 'Fille', 6, 2004, '2024-10-24 10:50:16', '2024-10-24 10:50:16', '/girl4.jpeg', 2006),
(654, 'Ahmed abid', NULL, 'Garçon', 6, 2009, '2024-10-25 08:56:32', '2024-10-25 08:56:32', '/boy1.jpeg', 2010),
(664, 'ياسين', NULL, 'Garçon', 10, 2024, '2024-10-28 19:37:34', '2024-10-28 19:37:34', '/boy2.jpeg', 2025),
(665, 'ريتاج', NULL, 'Fille', 10, 2027, '2024-10-29 07:40:17', '2024-10-29 07:40:17', '/girl1.jpeg', 2028),
(666, 'رنيم', NULL, 'Fille', 8, 2027, '2024-10-29 07:40:41', '2024-10-29 07:40:41', '/girl2.jpeg', 2029),
(667, 'ahmed', NULL, 'Garçon', 7, 2031, '2024-10-29 09:43:25', '2024-10-29 09:43:25', '/boy2.jpeg', 2032),
(668, 'mariem', NULL, 'Fille', 6, 2031, '2024-10-29 09:43:42', '2024-10-29 09:43:42', '/girl1.jpeg', 2033),
(669, 'ahmed', NULL, 'Garçon', 6, 2035, '2024-10-29 10:24:11', '2024-10-29 10:24:11', '/boy1.jpeg', 2036),
(670, 'mariem', NULL, 'Fille', 7, 2035, '2024-10-29 10:24:29', '2024-10-29 10:24:29', '/girl2.jpeg', 2037),
(671, 'ahmed', NULL, 'Garçon', 6, 2038, '2024-10-29 12:04:05', '2024-10-29 12:04:05', '/f14.png', 2039),
(672, 'malek', NULL, 'Fille', 7, 2038, '2024-10-29 12:04:19', '2024-10-29 12:04:19', '/girl3.jpeg', 2040),
(673, 'mohamed', NULL, 'Garçon', 8, 2038, '2024-10-29 12:04:35', '2024-10-29 12:04:35', '/f16.png', 2041),
(674, 'Yassine', NULL, 'Garçon', 6, 1667, '2024-10-29 12:44:11', '2024-10-29 12:44:11', '/boy2.jpeg', 2042),
(675, 'ahmed', NULL, 'Garçon', 6, 2043, '2024-10-29 13:20:58', '2024-10-29 13:20:58', '/boy2.jpeg', 2044),
(677, 'mouhamed', NULL, 'Garçon', 7, 2043, '2024-10-29 13:21:21', '2024-10-29 13:21:21', '/boy1.jpeg', 2046),
(678, 'تيسير', NULL, 'Fille', 10, 2047, '2024-10-29 13:31:59', '2024-10-29 13:31:59', '/girl4.jpeg', 2048),
(679, 'حمزة', NULL, 'Garçon', 8, 2047, '2024-10-29 13:32:15', '2024-10-29 13:32:15', '/boy1.jpeg', 2049),
(680, 'ahmed', NULL, 'Garçon', 6, 2050, '2024-10-29 13:45:00', '2024-10-29 13:45:00', '/f14.png', 2051),
(681, 'maram', NULL, 'Fille', 7, 2050, '2024-10-29 13:45:14', '2024-10-29 13:45:14', '/girl2.jpeg', 2052),
(682, 'malek', NULL, 'Fille', 8, 2050, '2024-10-29 13:45:29', '2024-10-29 13:45:29', '/girl3.jpeg', 2053),
(684, 'ahmed', NULL, 'Garçon', 6, 2055, '2024-10-29 16:27:02', '2024-10-29 16:27:02', '/boy2.jpeg', 2056),
(685, 'maram', NULL, 'Fille', 7, 2055, '2024-10-29 16:27:15', '2024-10-29 16:27:15', '/girl3.jpeg', 2057),
(687, 'Yassin', NULL, 'Garçon', 9, 2061, '2024-10-30 10:37:00', '2024-10-30 10:37:00', '/boy2.jpeg', 2062),
(688, 'كنزة', NULL, 'Fille', 11, 2065, '2024-10-30 12:49:45', '2024-10-30 12:49:45', '/girl2.jpeg', 2066),
(689, 'gff', NULL, 'Garçon', 8, 2067, '2024-10-30 13:04:50', '2024-10-30 13:04:50', '/f16.png', 2068),
(690, 'ksdkj', NULL, 'Garçon', 7, 2069, '2024-10-30 13:56:52', '2024-10-30 13:56:52', '/f16.png', 2070),
(692, 'الطفل الثالث', NULL, 'Fille', 8, 2071, '2024-10-30 14:10:52', '2024-11-15 17:18:58', '/girl1.jpeg', 2073),
(695, 'محمد آدم', NULL, 'Garçon', 10, 2076, '2024-10-30 17:13:58', '2024-10-30 17:13:58', '/boy2.jpeg', 2077),
(696, 'محمد اوس', NULL, 'Garçon', 7, 2076, '2024-10-30 17:14:40', '2024-10-30 17:14:40', '/boy1.jpeg', 2078),
(697, 'ادم', NULL, 'Garçon', 9, 2080, '2024-10-30 20:51:28', '2024-10-30 20:51:28', '/boy2.jpeg', 2081),
(698, 'حمزة', NULL, 'Garçon', 8, 2080, '2024-10-30 20:51:53', '2024-10-30 20:51:53', '/f14.png', 2082),
(699, 'mayar', NULL, 'Fille', 6, 2083, '2024-10-31 08:47:49', '2024-10-31 08:47:49', '/girl1.jpeg', 2084),
(700, 'malek', NULL, 'Fille', 6, 2085, '2024-10-31 11:23:24', '2024-10-31 11:23:24', '/girl1.jpeg', 2086),
(703, 'ملك بسي', NULL, 'Fille', 10, 2089, '2024-11-01 09:44:17', '2024-11-01 09:44:17', '/girl1.jpeg', 2090),
(704, 'Massara', NULL, 'Fille', 6, 2092, '2024-11-01 15:14:25', '2024-11-01 15:14:25', '/girl2.jpeg', 2093),
(705, 'mohamed', NULL, 'Garçon', 6, 2094, '2024-11-01 19:09:00', '2024-11-01 19:09:00', '/f16.png', 2095),
(706, 'saif', NULL, 'Garçon', 8, 1667, '2024-11-01 20:27:06', '2024-11-01 20:27:06', '/boy1.jpeg', 2096),
(707, 'جيداء', NULL, 'Fille', 8, 2097, '2024-11-02 05:31:20', '2024-11-02 05:31:20', '/girl2.jpeg', 2098),
(708, 'قمر', NULL, 'Fille', 8, 2099, '2024-11-02 06:05:21', '2024-11-02 06:05:21', '/girl1.jpeg', 2100),
(709, 'الما', NULL, 'Fille', 6, 2099, '2024-11-02 06:05:39', '2024-11-02 06:05:39', '/girl4.jpeg', 2101),
(710, 'نجود', NULL, 'Fille', 10, 2102, '2024-11-02 07:49:31', '2024-11-02 07:49:31', '/girl1.jpeg', 2103),
(711, 'نحد', NULL, 'Garçon', 8, 2102, '2024-11-02 07:50:04', '2024-11-02 07:50:04', '/boy2.jpeg', 2104),
(712, 'نوران', NULL, 'Fille', 6, 2102, '2024-11-02 07:50:18', '2024-11-02 07:50:18', '/girl2.jpeg', 2105),
(713, 'Yahya', NULL, 'Garçon', 8, 2106, '2024-11-02 10:59:31', '2024-11-02 10:59:31', '/boy1.jpeg', 2107),
(714, 'Sarah', NULL, 'Fille', 8, 2108, '2024-11-02 11:42:56', '2024-11-02 11:42:56', '/girl2.jpeg', 2109),
(715, 'Ouways', NULL, 'Garçon', 6, 2110, '2024-11-02 11:47:08', '2024-11-02 11:47:08', '/boy2.jpeg', 2111),
(716, 'Mourad', NULL, 'Garçon', 8, 2110, '2024-11-02 11:47:28', '2024-11-02 11:47:28', '/f16.png', 2112),
(717, 'Arij', NULL, 'Fille', 11, 2110, '2024-11-02 11:47:41', '2024-11-02 11:47:41', '/girl3.jpeg', 2113),
(718, 'yezyfyhl barka', NULL, 'Fille', 7, 2110, '2024-11-02 11:47:56', '2024-11-02 11:47:56', '/girl1.jpeg', 2114),
(719, 'Essil', NULL, 'Fille', 8, 2116, '2024-11-02 13:38:08', '2024-11-02 13:38:08', '/girl3.jpeg', 2117),
(720, 'saif', NULL, 'Garçon', 8, 2118, '2024-11-02 15:07:30', '2024-11-02 15:07:30', '/f14.png', 2119),
(721, 'رودنية', NULL, 'Fille', 8, 2120, '2024-11-02 15:41:40', '2024-11-02 15:41:40', '/girl1.jpeg', 2121),
(723, 'Assil lahbib', NULL, 'Fille', 8, 2122, '2024-11-02 15:49:30', '2024-11-02 15:49:30', '/girl1.jpeg', 2124),
(724, 'Mohamed zaghouani', NULL, 'Garçon', 8, 2125, '2024-11-02 17:07:54', '2024-11-02 17:07:54', '/f14.png', 2126),
(725, 'حمزة', NULL, 'Garçon', 8, 2127, '2024-11-02 20:00:22', '2024-11-02 20:00:22', '/boy2.jpeg', 2128),
(726, 'ميار مشفر', NULL, 'Fille', 9, 2129, '2024-11-02 21:36:11', '2024-11-02 21:36:11', '/girl1.jpeg', 2130),
(727, 'محمد أمين رسلان مشفر', NULL, 'Garçon', 6, 2129, '2024-11-02 21:37:46', '2024-11-02 21:37:46', '/boy2.jpeg', 2131),
(728, 'نورس', NULL, 'Fille', 11, 2134, '2024-11-03 07:09:12', '2024-11-03 07:09:12', '/girl3.jpeg', 2135),
(729, 'Med ali', NULL, 'Garçon', 6, 2136, '2024-11-03 10:36:28', '2024-11-03 10:36:28', '/boy2.jpeg', 2137),
(730, 'Mariem ebrahim', NULL, 'Fille', 7, 2138, '2024-11-03 11:36:04', '2024-11-03 11:36:04', '/girl3.jpeg', 2139),
(731, 'Kousay', NULL, 'Garçon', 6, 2140, '2024-11-03 12:11:02', '2024-11-03 12:11:02', '/boy2.jpeg', 2141),
(732, 'الطفل الثاني', NULL, 'Garçon', 11, 2071, '2024-11-04 08:09:34', '2024-11-15 17:18:41', '/boy2.jpeg', 2142),
(735, 'مامية', NULL, 'Fille', 10, 2148, '2024-11-06 13:11:13', '2024-11-06 13:11:13', '/girl4.jpeg', 2149),
(736, 'Aseel', NULL, 'Fille', 6, 2150, '2024-11-06 16:56:33', '2024-11-06 16:56:33', '/girl2.jpeg', 2151),
(737, 'Elina', NULL, 'Fille', 6, 2150, '2024-11-06 16:57:00', '2024-11-06 16:57:00', '/girl1.jpeg', 2152),
(738, 'Elyana', NULL, 'Fille', 6, 2150, '2024-11-06 16:57:26', '2024-11-06 16:57:26', '/girl4.jpeg', 2153),
(739, 'Yassine', NULL, 'Garçon', 6, 2150, '2024-11-06 16:57:51', '2024-11-06 16:57:51', '/f14.png', 2154),
(740, 'يوسف علوي', NULL, 'Garçon', 8, 2155, '2024-11-06 18:06:02', '2024-11-06 18:06:02', '/boy1.jpeg', 2157),
(741, 'Fatma', NULL, 'Fille', 8, 2156, '2024-11-06 18:06:16', '2024-11-06 18:06:16', '/girl2.jpeg', 2158),
(742, 'ايوب علوي', NULL, 'Garçon', 6, 2155, '2024-11-06 18:06:21', '2024-11-06 18:06:21', '/boy2.jpeg', 2159),
(743, 'Mouhamed', NULL, 'Garçon', 7, 2156, '2024-11-06 18:06:34', '2024-11-06 18:06:34', '/f16.png', 2160),
(744, 'Yahya', NULL, 'Garçon', 8, 2161, '2024-11-06 18:36:21', '2024-11-06 18:36:21', '/f16.png', 2162),
(745, 'آدم', NULL, 'Garçon', 8, 2163, '2024-11-06 18:37:48', '2024-11-06 18:37:48', '/boy2.jpeg', 2164),
(746, 'ادم', NULL, 'Garçon', 8, 2165, '2024-11-06 19:28:54', '2024-11-06 19:31:57', '/boy1.jpeg', 2166),
(747, 'أيسن', NULL, 'Garçon', 8, 2167, '2024-11-06 20:14:23', '2024-11-06 20:14:23', '/boy1.jpeg', 2168),
(748, 'أسيل', NULL, 'Fille', 6, 2167, '2024-11-06 20:14:48', '2024-11-06 20:14:48', '/girl2.jpeg', 2169),
(749, 'احمد', NULL, 'Garçon', 8, 2170, '2024-11-07 05:24:41', '2024-11-07 05:25:12', '/f14.png', 2171),
(750, 'ابراهيم', NULL, 'Garçon', 8, 2172, '2024-11-07 05:26:04', '2024-11-07 05:26:04', '/f14.png', 2173),
(751, 'آمنة الولهازي', NULL, 'Fille', 8, 2174, '2024-11-07 07:15:54', '2024-11-07 07:15:54', '/girl3.jpeg', 2175),
(752, 'آلاء الولهازي', NULL, 'Fille', 6, 2174, '2024-11-07 07:16:37', '2024-11-07 07:16:37', '/girl1.jpeg', 2176),
(753, 'Amen', NULL, 'Garçon', 7, 2177, '2024-11-07 07:31:57', '2024-11-07 07:31:57', '/f14.png', 2178),
(754, 'Eslem', NULL, 'Fille', 10, 2177, '2024-11-07 07:32:21', '2024-11-07 07:32:21', '/girl1.jpeg', 2179),
(755, 'souleima jaeim', NULL, 'Fille', 11, 2180, '2024-11-07 08:44:59', '2024-11-07 08:44:59', '/girl4.jpeg', 2181),
(756, 'Joud', NULL, 'Garçon', 6, 2182, '2024-11-07 14:07:54', '2024-11-07 14:07:54', '/boy1.jpeg', 2183),
(757, 'مريم', NULL, 'Fille', 6, 2184, '2024-11-07 15:50:21', '2024-11-07 15:50:21', '/girl3.jpeg', 2185),
(758, 'عمر', NULL, 'Garçon', 11, 2186, '2024-11-07 15:58:54', '2024-11-07 15:58:54', '/boy1.jpeg', 2187),
(759, 'ميرال', NULL, 'Fille', 6, 2188, '2024-11-07 17:06:13', '2024-11-07 17:06:13', '/girl2.jpeg', 2189),
(760, 'ميرال', NULL, 'Fille', 6, 2188, '2024-11-07 17:06:34', '2024-11-07 17:06:34', '/girl4.jpeg', 2190),
(761, 'الين', NULL, 'Fille', 10, 2191, '2024-11-07 17:43:44', '2024-11-07 17:43:44', '/girl2.jpeg', 2192),
(762, 'Chiheb', NULL, 'Garçon', 6, 2193, '2024-11-07 19:53:52', '2024-11-07 19:53:52', '/f16.png', 2194),
(763, 'ريحانة', NULL, 'Fille', 10, 2195, '2024-11-07 20:34:27', '2024-11-07 20:34:27', '/girl3.jpeg', 2196),
(764, 'خديجة', NULL, 'Fille', 7, 2195, '2024-11-07 20:34:50', '2024-11-07 20:34:50', '/girl4.jpeg', 2197),
(765, 'قصي', NULL, 'Garçon', 9, 2199, '2024-11-08 05:46:14', '2024-11-08 05:46:14', '/boy2.jpeg', 2200),
(766, 'بيرم', NULL, 'Garçon', 6, 2201, '2024-11-08 08:02:26', '2024-11-08 08:02:26', '/f14.png', 2202),
(768, 'وائل', NULL, 'Garçon', 9, 2204, '2024-11-08 16:53:18', '2024-11-08 16:53:18', '/f16.png', 2205),
(769, 'بنيحي', NULL, 'Garçon', 10, 2206, '2024-11-08 17:57:52', '2024-11-08 17:57:52', '/f14.png', 2207),
(770, 'Mariem', NULL, 'Fille', 9, 1976, '2024-11-08 21:15:00', '2024-11-08 21:15:00', '/girl2.jpeg', 2208),
(771, 'Adem', NULL, 'Garçon', 11, 2209, '2024-11-09 00:48:54', '2024-11-09 00:48:54', '/f14.png', 2210),
(772, 'Elias', NULL, 'Garçon', 10, 2209, '2024-11-09 00:49:13', '2024-11-09 00:49:13', '/f16.png', 2211),
(773, 'الين', NULL, 'Fille', 8, 2213, '2024-11-09 03:44:54', '2024-11-09 03:44:54', '/girl1.jpeg', 2214),
(774, 'Maissa', NULL, 'Fille', 10, 2215, '2024-11-09 08:05:11', '2024-11-09 08:05:11', '/girl1.jpeg', 2216),
(775, 'محمد', NULL, 'Fille', 11, 2215, '2024-11-09 08:12:46', '2024-11-09 08:12:46', '/girl3.jpeg', 2217),
(776, 'زينب', NULL, 'Fille', 9, 2218, '2024-11-09 09:00:07', '2024-11-09 09:00:07', '/girl4.jpeg', 2219),
(777, 'رزان', NULL, 'Fille', 9, 2218, '2024-11-09 09:00:31', '2024-11-09 09:00:31', '/girl1.jpeg', 2220),
(778, 'May', NULL, 'Fille', 8, 2215, '2024-11-09 09:25:30', '2024-11-09 09:25:30', '/girl3.jpeg', 2221),
(780, 'yasmine', NULL, 'Fille', 7, 2223, '2024-11-09 11:04:45', '2024-11-09 11:04:45', '/girl1.jpeg', 2224),
(781, 'Mohamed ali', NULL, 'Garçon', 8, 2225, '2024-11-09 13:13:15', '2024-11-09 13:13:15', '/boy1.jpeg', 2226),
(782, 'tasnim', NULL, 'Fille', 9, 2228, '2024-11-10 22:01:21', '2024-11-10 22:01:21', '/girl4.jpeg', 2229),
(783, 'anas', NULL, 'Garçon', 6, 2228, '2024-11-10 22:01:42', '2024-11-10 22:01:42', '/f16.png', 2230),
(784, 'يسرى', NULL, 'Fille', 7, 2231, '2024-11-11 04:02:52', '2024-11-11 04:02:52', '/girl2.jpeg', 2232),
(785, 'مريم', NULL, 'Fille', 7, 2233, '2024-11-11 04:24:23', '2024-11-11 04:24:23', '/girl1.jpeg', 2234),
(786, 'منصور', NULL, 'Garçon', 8, 2236, '2024-11-11 07:13:50', '2024-11-11 07:13:50', '/boy2.jpeg', 2237),
(787, 'يحي', NULL, 'Garçon', 6, 2236, '2024-11-11 07:14:43', '2024-11-11 07:14:43', '/boy1.jpeg', 2238),
(788, 'أسيل', NULL, 'Fille', 6, 2239, '2024-11-11 07:24:25', '2024-11-11 07:24:25', '/girl3.jpeg', 2240),
(789, 'معتز', NULL, 'Garçon', 8, 2239, '2024-11-11 07:25:13', '2024-11-11 07:25:13', '/f14.png', 2241),
(790, 'Aziz', NULL, 'Garçon', 8, 2242, '2024-11-11 07:36:37', '2024-11-11 07:36:37', '/f16.png', 2243),
(791, 'amal', NULL, 'Fille', 10, 1976, '2024-11-11 08:48:15', '2024-11-11 08:48:15', '/girl4.jpeg', 2244),
(792, 'لجين عبيد', NULL, 'Fille', 9, 2245, '2024-11-11 09:05:25', '2024-11-11 09:05:25', '/girl2.jpeg', 2246),
(793, 'معز', NULL, 'Garçon', 6, 2245, '2024-11-11 09:10:34', '2024-11-11 09:10:34', '/f16.png', 2247),
(794, 'enfant 1', NULL, 'Garçon', 8, 2248, '2024-11-11 11:14:26', '2024-11-11 11:14:26', '/f14.png', 2249),
(795, 'dgrhf', NULL, 'Garçon', 6, 2248, '2024-11-11 11:16:24', '2024-11-11 11:16:24', '/boy1.jpeg', 2250),
(796, 'لين', NULL, 'Fille', 8, 2251, '2024-11-11 12:44:30', '2024-11-11 12:44:30', '/girl1.jpeg', 2252),
(797, 'ياسين', NULL, 'Garçon', 7, 2251, '2024-11-11 12:44:56', '2024-11-11 12:44:56', '/f14.png', 2253),
(798, 'hachem', NULL, 'Garçon', 11, 2254, '2024-11-11 12:59:57', '2024-11-11 12:59:57', '/boy1.jpeg', 2255),
(799, 'mohamed', NULL, 'Garçon', 10, 2254, '2024-11-11 13:00:27', '2024-11-11 13:00:27', '/boy2.jpeg', 2256),
(800, 'taha', NULL, 'Garçon', 8, 2254, '2024-11-11 13:00:43', '2024-11-11 13:00:43', '/f14.png', 2257),
(802, 'enfant', NULL, 'Garçon', 7, 2254, '2024-11-11 13:21:37', '2024-11-11 13:21:37', '/f16.png', 2259),
(803, 'Yahya', NULL, 'Garçon', 8, 2260, '2024-11-11 18:14:12', '2024-11-11 18:14:31', '/boy2.jpeg', 2261),
(804, 'محمد لمين بوراس', NULL, 'Fille', 10, 2262, '2024-11-11 18:26:39', '2024-11-11 18:26:39', '/girl3.jpeg', 2263),
(805, 'محمد', NULL, 'Garçon', 10, 2264, '2024-11-11 18:46:29', '2024-11-11 18:46:29', '/f14.png', 2265),
(806, 'أحمد المختار', NULL, 'Garçon', 9, 2268, '2024-11-12 05:07:37', '2024-11-12 05:07:37', '/f14.png', 2269),
(807, 'تسنيم', NULL, 'Fille', 8, 2270, '2024-11-12 07:25:53', '2024-11-12 07:25:53', '/girl2.jpeg', 2271),
(808, 'رنيم', NULL, 'Fille', 6, 2270, '2024-11-12 07:26:12', '2024-11-12 07:26:12', '/girl3.jpeg', 2272),
(809, 'جود', NULL, 'Fille', 8, 2273, '2024-11-12 14:37:10', '2024-11-12 14:37:10', '/girl2.jpeg', 2274),
(812, 'élève1', NULL, 'Garçon', 6, 2275, '2024-11-12 16:55:34', '2024-11-12 19:12:44', '/f14.png', 2278),
(813, 'اوسيد', NULL, 'Garçon', 11, 2127, '2024-11-12 18:04:55', '2024-11-12 18:04:55', '/f14.png', 2279),
(814, 'Mohamed zaghouani', NULL, 'Garçon', 8, 2125, '2024-11-12 18:17:41', '2024-11-12 18:17:41', '/boy2.jpeg', 2280),
(815, 'élève2', NULL, 'Fille', 7, 2275, '2024-11-12 19:09:12', '2024-11-12 19:13:31', '/girl1.jpeg', 2281),
(816, 'élève3', NULL, 'Garçon', 8, 2275, '2024-11-12 19:09:35', '2024-11-12 19:14:11', '/boy1.jpeg', 2282),
(817, 'élève4', NULL, 'Fille', 9, 2275, '2024-11-12 19:10:04', '2024-11-12 19:14:46', '/girl3.jpeg', 2283),
(818, 'إلين', NULL, 'Fille', 8, 2284, '2024-11-12 19:46:09', '2024-11-12 19:46:09', '/girl4.jpeg', 2285),
(819, 'امان الله', NULL, 'Garçon', 8, 2286, '2024-11-12 20:28:46', '2024-11-12 20:28:46', '/boy2.jpeg', 2287),
(820, 'يوسف', NULL, 'Garçon', 11, 2286, '2024-11-12 20:29:03', '2024-11-12 20:29:03', '/f14.png', 2288),
(821, 'لجين', NULL, 'Fille', 8, 2289, '2024-11-13 03:10:53', '2024-11-13 03:10:53', '/girl2.jpeg', 2290),
(822, 'Lilia', NULL, 'Fille', 8, 2291, '2024-11-13 04:38:35', '2024-11-13 04:38:35', '/girl2.jpeg', 2292),
(823, 'احمد شرفي', NULL, 'Garçon', 8, 2294, '2024-11-13 05:01:50', '2024-11-13 05:01:50', '/f14.png', 2295),
(824, 'عبد الرحمان عثمان', NULL, 'Garçon', 8, 2296, '2024-11-13 05:14:34', '2024-11-13 05:14:34', '/boy1.jpeg', 2297),
(825, 'ميرال', NULL, 'Fille', 8, 2298, '2024-11-13 06:26:28', '2024-11-13 06:26:28', '/girl1.jpeg', 2299),
(826, 'سليمان', NULL, 'Garçon', 8, 2300, '2024-11-13 08:48:39', '2024-11-13 08:48:39', '/boy1.jpeg', 2301),
(827, 'سارة', NULL, 'Fille', 8, 2302, '2024-11-13 17:32:52', '2024-11-13 17:32:52', '/girl2.jpeg', 2303),
(828, 'محمد عزيز', NULL, 'Garçon', 6, 2302, '2024-11-13 17:33:12', '2024-11-13 17:33:12', '/boy1.jpeg', 2304),
(829, 'Yazan', NULL, 'Garçon', 8, 2307, '2024-11-13 21:44:37', '2024-11-13 21:44:37', '/f14.png', 2308),
(830, 'Moez', NULL, 'Garçon', 7, 2309, '2024-11-14 09:04:09', '2024-11-14 09:04:09', '/f14.png', 2310),
(831, 'Yahya', NULL, 'Garçon', 8, 2311, '2024-11-14 14:26:10', '2024-11-14 14:26:10', '/boy1.jpeg', 2312),
(832, '11ameny2', NULL, 'Fille', 6, 2313, '2024-11-14 16:31:48', '2024-11-15 16:22:33', '/girl3.jpeg', 2314),
(833, 'Iyed ben jbara', NULL, 'Garçon', 9, 2316, '2024-11-14 18:50:25', '2024-11-14 18:52:56', '/boy2.jpeg', 2317),
(834, 'Maryem benjbara', NULL, 'Fille', 6, 2316, '2024-11-14 18:50:46', '2024-11-14 18:50:46', '/girl3.jpeg', 2318),
(835, 'أمين جبلي', NULL, 'Garçon', 9, 2319, '2024-11-14 18:58:23', '2024-11-14 18:58:23', '/f16.png', 2320),
(836, 'محمد امين قمودي', NULL, 'Garçon', 10, 2321, '2024-11-14 18:59:09', '2024-11-14 18:59:09', '/boy2.jpeg', 2322),
(837, 'يقين قمودي', NULL, 'Fille', 9, 2321, '2024-11-14 18:59:37', '2024-11-14 18:59:37', '/girl2.jpeg', 2323),
(838, 'ادم قمودي', NULL, 'Garçon', 6, 2321, '2024-11-14 19:00:05', '2024-11-14 19:00:05', '/f14.png', 2324),
(839, 'جود', NULL, 'Fille', 8, 2325, '2024-11-14 19:25:36', '2024-11-14 19:25:36', '/girl1.jpeg', 2326),
(840, 'كيكي', NULL, 'Garçon', 7, 2327, '2024-11-14 19:37:08', '2024-11-14 19:37:08', '/f16.png', 2328),
(841, 'كوكو', NULL, 'Garçon', 9, 2327, '2024-11-14 19:37:22', '2024-11-14 19:37:22', '/boy2.jpeg', 2329),
(842, 'علاءالدين', NULL, 'Garçon', 6, 2330, '2024-11-14 22:56:12', '2024-11-14 22:56:12', '/boy1.jpeg', 2331),
(843, 'الاء', NULL, 'Fille', 11, 2330, '2024-11-14 22:56:59', '2024-11-14 22:56:59', '/girl2.jpeg', 2332),
(844, 'محمد', NULL, 'Garçon', 10, 2330, '2024-11-14 22:57:27', '2024-11-14 22:57:27', '/f14.png', 2333),
(845, 'اوس', NULL, 'Garçon', 9, 2330, '2024-11-14 22:57:48', '2024-11-14 22:57:48', '/f16.png', 2334),
(846, 'مودّة', NULL, 'Fille', 11, 2335, '2024-11-15 02:58:57', '2024-11-17 17:45:29', '/girl3.jpeg', 2336),
(847, 'محمد مهدي', NULL, 'Garçon', 6, 2337, '2024-11-15 03:11:19', '2024-11-15 03:11:19', '/boy2.jpeg', 2338),
(848, 'زكريا', NULL, 'Garçon', 11, 2339, '2024-11-15 03:39:01', '2024-11-15 03:39:01', '/boy1.jpeg', 2340),
(849, 'سليمان', NULL, 'Garçon', 10, 2339, '2024-11-15 03:39:21', '2024-11-15 03:39:21', '/f14.png', 2341),
(850, 'عائشة', NULL, 'Fille', 10, 2342, '2024-11-15 04:04:05', '2024-11-15 04:04:05', '/girl1.jpeg', 2343),
(851, 'خديجة', NULL, 'Fille', 10, 2342, '2024-11-15 04:04:22', '2024-11-15 04:04:22', '/girl2.jpeg', 2344),
(852, 'eya arfaoui', NULL, 'Fille', 11, 2345, '2024-11-15 04:14:23', '2024-11-15 04:14:23', '/girl3.jpeg', 2346),
(853, 'آلاء', NULL, 'Fille', 11, 2348, '2024-11-15 05:28:27', '2024-11-15 05:28:27', '/girl1.jpeg', 2349),
(854, 'أريج', NULL, 'Fille', 9, 2348, '2024-11-15 05:28:54', '2024-11-15 05:28:54', '/girl2.jpeg', 2350),
(855, 'اسراء عوني', NULL, 'Fille', 11, 2351, '2024-11-15 05:49:32', '2024-11-15 05:49:32', '/girl2.jpeg', 2352),
(856, 'Joud', NULL, 'Garçon', 6, 2354, '2024-11-15 07:08:16', '2024-11-15 07:08:16', '/f16.png', 2355),
(857, 'Sarra', NULL, 'Fille', 8, 2356, '2024-11-15 08:09:53', '2024-11-15 08:09:53', '/girl1.jpeg', 2357),
(858, 'Joury', NULL, 'Fille', 6, 2358, '2024-11-15 09:51:37', '2024-11-15 09:51:37', '/girl3.jpeg', 2359),
(859, 'اياد', NULL, 'Garçon', 10, 2360, '2024-11-15 11:58:36', '2024-11-15 11:58:36', '/boy1.jpeg', 2361),
(860, 'ميرال', NULL, 'Fille', 6, 2360, '2024-11-15 11:58:45', '2024-11-15 11:58:45', '/girl1.jpeg', 2362),
(861, 'يوسف', NULL, 'Garçon', 8, 2363, '2024-11-15 12:10:44', '2024-11-15 12:10:44', '/f14.png', 2364),
(862, 'جود', NULL, 'Garçon', 6, 2363, '2024-11-15 12:11:10', '2024-11-15 12:11:10', '/boy1.jpeg', 2365),
(863, 'طه', NULL, 'Garçon', 8, 2366, '2024-11-15 12:42:00', '2024-11-15 12:42:00', '/boy2.jpeg', 2367),
(864, 'اياد', NULL, 'Garçon', 10, 2369, '2024-11-15 13:38:21', '2024-11-15 13:38:21', '/boy1.jpeg', 2370),
(865, 'ميرال', NULL, 'Fille', 6, 2369, '2024-11-15 13:39:00', '2024-11-15 13:39:00', '/girl4.jpeg', 2371),
(866, 'سلسبيل معموري', NULL, 'Fille', 11, 2372, '2024-11-15 14:43:24', '2024-11-15 14:43:24', '/girl3.jpeg', 2373),
(867, 'محمد عمر معموري', NULL, 'Garçon', 10, 2372, '2024-11-15 14:43:55', '2024-11-15 14:43:55', '/boy1.jpeg', 2374),
(868, 'ايلين', NULL, 'Fille', 6, 2375, '2024-11-15 16:38:15', '2024-11-15 16:38:15', '/girl4.jpeg', 2376),
(874, 'سجى بن علي', NULL, 'Fille', 8, 2385, '2024-11-15 19:52:43', '2024-11-15 19:52:43', '/girl3.jpeg', 2386),
(875, 'نجد', NULL, 'Garçon', 10, 2388, '2024-11-16 04:18:17', '2024-11-16 04:18:17', '/f14.png', 2389),
(876, 'youssef', NULL, 'Garçon', 10, 2390, '2024-11-16 08:02:30', '2024-11-16 08:02:30', '/boy2.jpeg', 2391),
(877, 'Samer', NULL, 'Garçon', 11, 2394, '2024-11-16 09:58:14', '2024-11-16 09:58:14', '/boy2.jpeg', 2395),
(878, 'souleimene', NULL, 'Garçon', 11, 2393, '2024-11-16 10:00:22', '2024-11-16 10:00:22', '/boy1.jpeg', 2396),
(879, 'alma', NULL, 'Fille', 6, 2393, '2024-11-16 10:00:41', '2024-11-16 10:00:41', '/girl4.jpeg', 2397),
(880, 'ahmed', NULL, 'Garçon', 9, 2400, '2024-11-16 12:37:51', '2024-11-16 12:37:51', '/boy2.jpeg', 2401),
(881, 'arselane', NULL, 'Garçon', 6, 2402, '2024-11-16 13:41:06', '2024-11-16 13:41:06', '/boy1.jpeg', 2403),
(882, 'ahmed', NULL, 'Garçon', 9, 2402, '2024-11-16 13:49:19', '2024-11-16 13:49:19', '/boy2.jpeg', 2404),
(884, 'Israa', NULL, 'Fille', 11, 2409, '2024-11-17 00:23:48', '2024-11-17 00:23:48', '/girl1.jpeg', 2410),
(885, 'يوسف', NULL, 'Garçon', 7, 2411, '2024-11-17 03:24:17', '2024-11-17 03:24:17', '/boy2.jpeg', 2412),
(886, 'أسيل', NULL, 'Fille', 6, 2411, '2024-11-17 03:24:49', '2024-11-17 03:24:49', '/girl3.jpeg', 2413),
(887, 'مجمد', NULL, 'Garçon', 7, 2414, '2024-11-17 05:17:26', '2024-11-17 05:17:26', '/f14.png', 2415),
(888, 'احمد', NULL, 'Garçon', 10, 2414, '2024-11-17 05:17:50', '2024-11-17 05:17:50', '/boy1.jpeg', 2416),
(889, 'ياسمين', NULL, 'Fille', 7, 2419, '2024-11-17 10:31:55', '2024-11-17 10:31:55', '/girl1.jpeg', 2420),
(890, 'خديجة', NULL, 'Fille', 7, 2421, '2024-11-17 10:59:22', '2024-11-17 10:59:22', '/girl4.jpeg', 2422),
(891, 'ريمان', NULL, 'Fille', 7, 2424, '2024-11-17 12:27:45', '2024-11-17 12:27:45', '/girl2.jpeg', 2425),
(893, 'أواب', NULL, 'Garçon', 11, 2428, '2024-11-17 18:07:37', '2024-11-17 18:07:37', '/f16.png', 2429),
(897, 'selmen hasni', NULL, 'Garçon', 9, 2434, '2024-11-18 17:26:18', '2024-11-18 17:26:18', '/f14.png', 2435),
(898, 'ألاء', NULL, 'Fille', 8, 2437, '2024-11-19 19:37:10', '2024-11-19 19:37:10', '/girl1.jpeg', 2438),
(899, 'Meriem', NULL, 'Fille', 8, 2439, '2024-11-19 20:41:09', '2024-11-19 20:41:09', '/girl3.jpeg', 2440),
(900, 'Chahd', NULL, 'Fille', 10, 2441, '2024-11-20 00:37:32', '2024-11-20 00:37:32', '/girl4.jpeg', 2442),
(901, 'يوسف', NULL, 'Garçon', 10, 2443, '2024-11-20 02:37:57', '2024-11-20 02:37:57', '/boy2.jpeg', 2444),
(902, 'Haroun', NULL, 'Garçon', 9, 2445, '2024-11-20 07:27:34', '2024-11-20 07:27:34', '/boy2.jpeg', 2446),
(903, 'Salma', NULL, 'Fille', 7, 2445, '2024-11-20 07:27:52', '2024-11-20 07:27:52', '/girl1.jpeg', 2447),
(904, 'Moataz', NULL, 'Garçon', 8, 2445, '2024-11-20 07:28:15', '2024-11-20 07:28:15', '/boy1.jpeg', 2448),
(906, 'child 4', NULL, 'Garçon', 10, 2445, '2024-11-20 07:42:58', '2024-11-20 07:42:58', '/f16.png', 2450),
(907, 'Ahmed', NULL, 'Garçon', 9, 2452, '2024-11-20 08:13:10', '2024-11-20 08:13:10', '/f14.png', 2453),
(908, 'sami', NULL, 'Garçon', 9, 2454, '2024-11-20 09:09:49', '2024-11-20 09:09:49', '/f14.png', 2455),
(909, 'amira', NULL, 'Fille', 6, 2454, '2024-11-20 09:11:55', '2024-11-20 09:11:55', '/girl1.jpeg', 2456),
(910, 'Haroune', NULL, 'Garçon', 9, 2459, '2024-11-21 09:34:41', '2024-11-21 09:34:41', '/f16.png', 2460),
(912, 'Mirane', NULL, 'Fille', 7, 2459, '2024-11-21 10:34:49', '2024-11-21 10:34:49', '/girl4.jpeg', 2462),
(913, 'ahmed', NULL, 'Garçon', 6, 2463, '2024-11-21 11:10:58', '2024-11-21 11:10:58', '/f16.png', 2464),
(914, 'mariem', NULL, 'Fille', 8, 2463, '2024-11-21 13:01:15', '2024-11-21 13:01:15', '/girl4.jpeg', 2466),
(915, 'malek', NULL, 'Fille', 9, 2463, '2024-11-21 13:04:11', '2024-11-21 13:04:11', '/girl1.jpeg', 2467),
(918, 'اريج', NULL, 'Fille', 10, 2471, '2024-11-22 04:25:57', '2024-11-22 04:25:57', '/girl1.jpeg', 2472),
(919, 'مريم', NULL, 'Fille', 11, 2474, '2024-11-22 07:09:55', '2024-11-22 07:09:55', '/girl3.jpeg', 2475),
(920, 'مؤيد السحباني', NULL, 'Garçon', 11, 2476, '2024-11-22 08:10:01', '2024-11-22 08:10:01', '/f16.png', 2477),
(921, 'ألما السحباني', NULL, 'Fille', 6, 2476, '2024-11-22 08:10:41', '2024-11-22 08:10:41', '/girl1.jpeg', 2478),
(922, 'لينة', NULL, 'Fille', 7, 2480, '2024-11-22 10:10:29', '2024-11-22 10:10:29', '/girl2.jpeg', 2481),
(924, 'هارون', NULL, 'Garçon', 6, 2482, '2024-11-22 11:53:38', '2024-11-22 11:53:38', '/boy2.jpeg', 2484),
(925, 'enfant1', NULL, 'Garçon', 6, 2485, '2024-11-22 15:29:29', '2024-11-22 15:29:29', '/boy2.jpeg', 2486),
(926, 'enfant 02', NULL, 'Fille', 8, 2485, '2024-11-22 15:29:43', '2024-11-22 15:29:43', '/girl3.jpeg', 2487),
(927, 'enfant 3', NULL, 'Garçon', 10, 2485, '2024-11-22 15:29:55', '2024-11-22 15:29:55', '/f14.png', 2488),
(928, 'enfant 4', NULL, 'Garçon', 11, 2485, '2024-11-22 15:30:04', '2024-11-22 15:30:04', '/f16.png', 2489),
(929, 'شهد', NULL, 'Fille', 8, 2490, '2024-11-22 16:47:01', '2024-11-22 16:47:01', '/girl4.jpeg', 2491),
(930, 'شيماء', NULL, 'Fille', 10, 2490, '2024-11-22 16:47:25', '2024-11-22 16:47:25', '/girl2.jpeg', 2492),
(931, 'روان', NULL, 'Fille', 11, 2493, '2024-11-22 16:58:32', '2024-11-22 17:00:16', '/girl4.jpeg', 2494),
(932, 'Bbaha', NULL, 'Garçon', 11, 2061, '2024-11-22 23:04:48', '2024-11-22 23:04:48', '/boy2.jpeg', 2495),
(933, 'شهد بن رحومة', NULL, 'Fille', 10, 2496, '2024-11-23 02:32:48', '2024-11-23 02:32:48', '/girl1.jpeg', 2497),
(934, 'هارون', NULL, 'Garçon', 8, 2498, '2024-11-23 21:01:05', '2024-11-23 21:01:05', '/f16.png', 2499),
(935, 'سليم الفاتح', NULL, 'Garçon', 9, 2133, '2024-11-24 13:38:13', '2024-11-24 13:38:13', '/f16.png', 2501),
(936, 'امان', NULL, 'Garçon', 9, 2502, '2024-11-24 16:28:20', '2024-11-24 16:28:20', '/f14.png', 2503),
(937, 'Mays', NULL, 'Fille', 11, 2504, '2024-11-24 19:52:37', '2024-11-24 19:54:35', '/girl2.jpeg', 2505),
(938, 'Takoua', NULL, 'Fille', 8, 2504, '2024-11-24 19:53:07', '2024-11-24 19:53:07', '/girl1.jpeg', 2506),
(939, 'Imen', NULL, 'Fille', 9, 2504, '2024-11-24 19:53:27', '2024-11-24 19:53:27', '/girl3.jpeg', 2507),
(940, 'Ghalia', NULL, 'Fille', 10, 2504, '2024-11-24 19:53:59', '2024-11-24 19:53:59', '/girl4.jpeg', 2509),
(941, 'Youssef', NULL, 'Garçon', 6, 2510, '2024-11-24 22:12:57', '2024-11-24 22:12:57', '/f16.png', 2511),
(942, 'malek', NULL, 'Garçon', 10, 2513, '2024-11-25 10:52:40', '2024-11-25 10:52:40', '/f14.png', 2514),
(943, 'ahmed', NULL, 'Garçon', 8, 2515, '2024-11-25 12:37:50', '2024-11-25 12:37:50', '/f16.png', 2516),
(944, 'malika', NULL, 'Fille', 11, 2513, '2024-11-25 13:13:49', '2024-11-25 13:13:49', '/girl3.jpeg', 2517),
(945, 'رتاج', NULL, 'Fille', 10, 2520, '2024-11-25 19:04:37', '2024-11-25 19:04:37', '/girl4.jpeg', 2521),
(946, 'Amen', NULL, 'Garçon', 7, 2522, '2024-11-26 06:39:16', '2024-11-26 06:39:16', '/boy1.jpeg', 2523),
(947, 'Haroun', NULL, 'Garçon', 6, 2522, '2024-11-26 06:39:43', '2024-11-26 06:39:43', '/boy2.jpeg', 2524),
(948, 'ahmed', NULL, 'Garçon', 7, 2525, '2024-11-26 08:21:42', '2024-11-26 08:21:42', '/f16.png', 2526),
(949, 'malek', NULL, 'Fille', 8, 2525, '2024-11-26 08:23:07', '2024-11-26 08:23:07', '/girl1.jpeg', 2527),
(951, 'cfvgbhn', NULL, 'Garçon', 6, 1536, '2024-11-26 08:51:06', '2024-11-26 08:51:06', '/boy2.jpeg', 2529),
(952, 'ahmed', NULL, 'Garçon', 7, 2530, '2024-11-26 11:18:03', '2024-11-26 11:18:03', '/f14.png', 2531),
(953, 'malek', NULL, 'Fille', 8, 2530, '2024-11-26 11:18:21', '2024-11-26 11:18:21', '/girl2.jpeg', 2532),
(955, 'enfant 1', NULL, 'Garçon', 6, 2534, '2024-11-26 12:45:51', '2024-11-26 12:45:51', '/f14.png', 2535),
(956, 'enfant 02', NULL, 'Garçon', 11, 2534, '2024-11-26 12:46:01', '2024-11-26 12:46:01', '/boy2.jpeg', 2536),
(957, 'enfant 3', NULL, 'Garçon', 8, 2534, '2024-11-26 12:46:11', '2024-11-26 12:46:11', '/f16.png', 2537),
(958, 'enfant 4', NULL, 'Garçon', 9, 2534, '2024-11-26 12:46:24', '2024-11-26 12:46:24', '/boy1.jpeg', 2538),
(959, 'amine', NULL, 'Garçon', 7, 2539, '2024-11-26 12:54:10', '2024-11-26 12:54:10', '/f14.png', 2540),
(961, 'enfant', NULL, 'Garçon', 10, 2071, '2024-11-26 14:36:26', '2024-11-26 14:36:26', '/f16.png', 2542),
(962, 'enfant 1', NULL, 'Garçon', 7, 2545, '2024-11-27 14:24:46', '2024-11-27 14:24:46', '/boy2.jpeg', 2546),
(963, 'ines', NULL, 'Fille', 10, 2545, '2024-11-27 14:25:09', '2024-11-27 14:25:09', '/girl4.jpeg', 2547),
(965, 'فارس', NULL, 'Garçon', 9, 2548, '2024-11-28 04:52:32', '2024-11-28 04:52:32', '/boy2.jpeg', 2550),
(966, 'فارس', NULL, 'Garçon', 10, 2548, '2024-11-28 04:55:07', '2024-11-28 04:55:07', '/f16.png', 2551),
(967, 'محمد عبد الرحمن الأحمدي', NULL, 'Garçon', 10, 2553, '2024-11-28 16:42:45', '2024-11-28 16:42:45', '/boy1.jpeg', 2554),
(968, 'يحيى الأحمدي', NULL, 'Garçon', 9, 2553, '2024-11-28 16:43:17', '2024-11-28 16:45:43', '/f16.png', 2555),
(969, 'شيماء', NULL, 'Fille', 10, 2556, '2024-11-28 17:50:38', '2024-11-28 17:50:38', '/girl3.jpeg', 2557),
(970, 'Yassine', NULL, 'Garçon', 11, 2560, '2024-11-29 08:58:07', '2024-11-29 08:58:07', '/boy2.jpeg', 2562),
(971, 'Ata hz', NULL, 'Garçon', 10, 2561, '2024-11-29 08:58:16', '2024-11-29 08:58:16', '/f14.png', 2563),
(972, 'جود', NULL, 'Garçon', 6, 2565, '2024-11-30 05:31:14', '2024-11-30 05:31:14', '/f14.png', 2566),
(973, 'janna', NULL, 'Fille', 6, 2567, '2024-11-30 14:50:55', '2024-11-30 14:50:55', '/girl1.jpeg', 2568),
(974, 'med', NULL, 'Garçon', 7, 2567, '2024-11-30 14:51:13', '2024-11-30 14:51:13', '/boy1.jpeg', 2569),
(975, 'أريج', NULL, 'Fille', 11, 2572, '2024-11-30 17:48:07', '2024-11-30 17:48:07', '/girl3.jpeg', 2573),
(976, 'ميار', NULL, 'Fille', 9, 2572, '2024-11-30 17:48:22', '2024-11-30 17:48:22', '/girl1.jpeg', 2574),
(977, 'اسراء', NULL, 'Fille', 8, 2585, '2024-12-01 08:14:21', '2024-12-01 08:14:21', '/girl1.jpeg', 2586),
(978, 'firas', NULL, 'Garçon', 8, 2587, '2024-12-01 08:15:07', '2024-12-01 08:15:07', '/boy1.jpeg', 2589),
(979, 'omar', NULL, 'Garçon', 10, 2603, '2024-12-02 12:13:47', '2024-12-02 12:13:47', '/boy2.jpeg', 2604),
(980, 'ريّان', NULL, 'Garçon', 10, 2313, '2024-12-03 10:05:26', '2024-12-12 10:11:47', '/boy1.jpeg', 2606),
(981, 'ahmed', NULL, 'Garçon', 7, 2607, '2024-12-03 11:35:15', '2024-12-03 11:35:15', '/f16.png', 2608),
(982, 'malek', NULL, 'Fille', 8, 2607, '2024-12-03 12:36:53', '2024-12-03 12:36:53', '/girl2.jpeg', 2609),
(983, 'ahmed', NULL, 'Garçon', 8, 2610, '2024-12-03 13:17:24', '2024-12-03 13:17:24', '/f14.png', 2611),
(985, 'enfant 1', NULL, 'Garçon', 6, 2617, '2024-12-05 09:37:17', '2024-12-05 09:37:17', '/boy2.jpeg', 2618),
(986, 'e2', NULL, 'Fille', 8, 2617, '2024-12-05 09:37:26', '2024-12-05 09:37:26', '/girl3.jpeg', 2619),
(987, 'e3', NULL, 'Garçon', 10, 2617, '2024-12-05 09:37:34', '2024-12-05 09:37:34', '/boy1.jpeg', 2620),
(988, 'e4', NULL, 'Fille', 11, 2617, '2024-12-05 09:37:42', '2024-12-05 09:37:42', '/girl4.jpeg', 2621),
(990, 'يوسف', NULL, 'Garçon', 11, 2635, '2024-12-10 16:56:22', '2024-12-10 16:56:22', '/f14.png', 2636),
(991, 'يسر', NULL, 'Fille', 10, 2635, '2024-12-10 16:56:48', '2024-12-10 16:56:48', '/girl2.jpeg', 2637),
(992, 'asma', NULL, 'Fille', 6, 2639, '2024-12-11 08:42:47', '2024-12-11 08:42:47', '/girl3.jpeg', 2640),
(993, 'nahed', NULL, 'Fille', 8, 2639, '2024-12-11 08:45:08', '2024-12-11 08:45:08', '/girl1.jpeg', 2641),
(994, 'oumayma', NULL, 'Fille', 8, 2313, '2024-12-11 08:58:06', '2024-12-11 08:58:06', '/girl3.jpeg', 2642),
(995, 'yassmine', NULL, 'Garçon', 9, 2313, '2024-12-11 08:59:17', '2024-12-11 08:59:17', '/f14.png', 2643),
(996, 'yousssef', NULL, 'Garçon', 11, 2645, '2024-12-11 15:33:42', '2024-12-11 15:33:42', '/boy2.jpeg', 2646),
(997, 'saif', NULL, 'Garçon', 8, 2645, '2024-12-11 15:35:56', '2024-12-11 15:39:57', '/f16.png', 2647),
(998, 'Yassine RHOUMA', NULL, 'Garçon', 9, 2645, '2024-12-11 15:36:06', '2024-12-11 15:36:06', '/f14.png', 2648),
(999, 'ameni', NULL, 'Fille', 9, 2645, '2024-12-11 15:36:18', '2024-12-11 15:36:18', '/girl1.jpeg', 2649),
(1000, 'dfghj', NULL, 'Garçon', 7, 2071, '2024-12-13 11:28:31', '2024-12-13 11:28:31', '/boy1.jpeg', 2651),
(1001, 'Arij', NULL, 'Fille', 7, 2658, '2024-12-15 11:15:39', '2024-12-15 11:15:39', '/girl4.jpeg', 2659),
(1002, 'Rokaya', NULL, 'Fille', 9, 2658, '2024-12-15 11:17:30', '2024-12-15 11:17:30', '/girl2.jpeg', 2660),
(1003, 'Yassine', NULL, 'Garçon', 9, 1667, '2024-12-17 09:30:20', '2024-12-17 09:30:20', '/boy2.jpeg', 2662),
(1004, 'Aziz', NULL, 'Garçon', 7, 2215, '2024-12-20 20:07:12', '2024-12-20 20:07:12', '/f14.png', 2666),
(1005, 'Louay', NULL, 'Garçon', 7, 2667, '2024-12-20 21:40:20', '2024-12-20 21:40:20', '/boy1.jpeg', 2668),
(1006, 'فروزان', NULL, 'Fille', 11, 2669, '2024-12-21 13:57:37', '2024-12-21 13:57:37', '/girl2.jpeg', 2670),
(1007, 'Farwazene', NULL, 'Fille', 11, 2671, '2024-12-21 14:01:19', '2024-12-21 14:07:01', '/girl2.jpeg', 2672);

-- --------------------------------------------------------

--
-- Structure de la table `example`
--

CREATE TABLE `example` (
  `id` bigint UNSIGNED NOT NULL,
  `Name` varchar(255) COLLATE utf8mb4_unicode_ci NOT NULL,
  `created_at` timestamp NULL DEFAULT NULL,
  `updated_at` timestamp NULL DEFAULT NULL
) ENGINE=InnoDB DEFAULT CHARSET=utf8mb4 COLLATE=utf8mb4_unicode_ci;

-- --------------------------------------------------------

--
-- Structure de la table `faqs`
--

CREATE TABLE `faqs` (
  `id` int UNSIGNED NOT NULL,
  `creator_id` int UNSIGNED NOT NULL,
  `webinar_id` int UNSIGNED DEFAULT NULL,
  `bundle_id` int UNSIGNED DEFAULT NULL,
  `order` int UNSIGNED DEFAULT NULL,
  `created_at` int UNSIGNED DEFAULT NULL,
  `updated_at` int UNSIGNED DEFAULT NULL
) ENGINE=InnoDB DEFAULT CHARSET=utf8mb4 COLLATE=utf8mb4_unicode_ci ROW_FORMAT=DYNAMIC;

-- --------------------------------------------------------

--
-- Structure de la table `faq_translations`
--

CREATE TABLE `faq_translations` (
  `id` bigint UNSIGNED NOT NULL,
  `faq_id` int UNSIGNED NOT NULL,
  `locale` varchar(255) COLLATE utf8mb4_unicode_ci NOT NULL,
  `title` varchar(255) COLLATE utf8mb4_unicode_ci NOT NULL,
  `answer` text COLLATE utf8mb4_unicode_ci NOT NULL
) ENGINE=InnoDB DEFAULT CHARSET=utf8mb4 COLLATE=utf8mb4_unicode_ci;

-- --------------------------------------------------------

--
-- Structure de la table `favorites`
--

CREATE TABLE `favorites` (
  `id` int UNSIGNED NOT NULL,
  `user_id` int UNSIGNED NOT NULL,
  `webinar_id` int UNSIGNED DEFAULT NULL,
  `bundle_id` int UNSIGNED DEFAULT NULL,
  `created_at` int NOT NULL
) ENGINE=InnoDB DEFAULT CHARSET=utf8mb4 COLLATE=utf8mb4_unicode_ci ROW_FORMAT=DYNAMIC;

-- --------------------------------------------------------

--
-- Structure de la table `feature_webinars`
--

CREATE TABLE `feature_webinars` (
  `id` int UNSIGNED NOT NULL,
  `webinar_id` int UNSIGNED NOT NULL,
  `page` enum('categories','home','home_categories') COLLATE utf8mb4_unicode_ci NOT NULL,
  `status` enum('publish','pending') COLLATE utf8mb4_unicode_ci NOT NULL,
  `updated_at` int UNSIGNED NOT NULL
) ENGINE=InnoDB DEFAULT CHARSET=utf8mb4 COLLATE=utf8mb4_unicode_ci ROW_FORMAT=DYNAMIC;

-- --------------------------------------------------------

--
-- Structure de la table `feature_webinar_translations`
--

CREATE TABLE `feature_webinar_translations` (
  `id` bigint UNSIGNED NOT NULL,
  `feature_webinar_id` int UNSIGNED NOT NULL,
  `locale` varchar(255) COLLATE utf8mb4_unicode_ci NOT NULL,
  `description` text COLLATE utf8mb4_unicode_ci
) ENGINE=InnoDB DEFAULT CHARSET=utf8mb4 COLLATE=utf8mb4_unicode_ci;

-- --------------------------------------------------------

--
-- Structure de la table `files`
--

CREATE TABLE `files` (
  `id` int UNSIGNED NOT NULL,
  `creator_id` int UNSIGNED NOT NULL,
  `webinar_id` int UNSIGNED NOT NULL,
  `chapter_id` int UNSIGNED DEFAULT NULL,
  `accessibility` enum('free','paid') COLLATE utf8mb4_unicode_ci NOT NULL,
  `downloadable` tinyint(1) DEFAULT '0',
  `storage` enum('upload','youtube','vimeo','external_link','google_drive','dropbox','iframe','s3','upload_archive') COLLATE utf8mb4_unicode_ci NOT NULL,
  `file` text COLLATE utf8mb4_unicode_ci NOT NULL,
  `volume` varchar(64) COLLATE utf8mb4_unicode_ci NOT NULL,
  `file_type` varchar(64) COLLATE utf8mb4_unicode_ci NOT NULL,
  `interactive_type` enum('adobe_captivate','i_spring','custom') COLLATE utf8mb4_unicode_ci DEFAULT NULL,
  `interactive_file_name` varchar(255) COLLATE utf8mb4_unicode_ci DEFAULT NULL,
  `interactive_file_path` varchar(255) COLLATE utf8mb4_unicode_ci DEFAULT NULL,
  `check_previous_parts` tinyint(1) NOT NULL DEFAULT '0',
  `access_after_day` int UNSIGNED DEFAULT NULL,
  `online_viewer` tinyint(1) NOT NULL DEFAULT '0',
  `order` int UNSIGNED DEFAULT NULL,
  `status` enum('active','inactive') COLLATE utf8mb4_unicode_ci NOT NULL DEFAULT 'active',
  `created_at` int NOT NULL,
  `updated_at` int DEFAULT NULL,
  `deleted_at` int DEFAULT NULL
) ENGINE=InnoDB DEFAULT CHARSET=utf8mb4 COLLATE=utf8mb4_unicode_ci ROW_FORMAT=DYNAMIC;

--
-- Déchargement des données de la table `files`
--

INSERT INTO `files` (`id`, `creator_id`, `webinar_id`, `chapter_id`, `accessibility`, `downloadable`, `storage`, `file`, `volume`, `file_type`, `interactive_type`, `interactive_file_name`, `interactive_file_path`, `check_previous_parts`, `access_after_day`, `online_viewer`, `order`, `status`, `created_at`, `updated_at`, `deleted_at`) VALUES
(128, 1316, 2116, 135, 'free', 0, 's3', 'https://videos-abajim-1.s3.de.io.cloud.ovh.net/videos/1729077648_shopping - Google Chrome 2022-08-19 04-42-23 (1).mp4', '20197099', 'video', NULL, NULL, NULL, 0, NULL, 0, NULL, 'active', 1731153610, NULL, NULL),
(151, 1954, 2090, 112, 'free', 0, 's3', 'https://videos-abajim-1.s3.de.io.cloud.ovh.net/videos/Video HD 129Mb.mp4', '3,254.00 GB', 'video', NULL, NULL, NULL, 0, NULL, 0, NULL, 'active', 1731600805, 1731600882, NULL),
(152, 1954, 2124, 145, 'free', 0, 's3', 'https://videos-abajim-1.s3.de.io.cloud.ovh.net/videos/15 seconds of nature.mp4', '467344', 'video', NULL, NULL, NULL, 0, NULL, 0, NULL, 'active', 1731603840, NULL, NULL),
(153, 1954, 2124, 145, 'free', 0, 's3', 'https://videos-abajim-1.s3.de.io.cloud.ovh.net/videos/15 seconds of nature.mp4', '467344', 'video', NULL, NULL, NULL, 0, NULL, 0, NULL, 'active', 1731603898, NULL, NULL),
(154, 1954, 2124, 146, 'free', 0, 's3', 'https://videos-abajim-1.s3.de.io.cloud.ovh.net/videos/15 seconds of nature.mp4', '467344', 'video', NULL, NULL, NULL, 0, NULL, 0, NULL, 'active', 1731603986, NULL, NULL),
(155, 1316, 2116, 148, 'free', 0, 's3', 'https://videos-abajim-1.s3.de.io.cloud.ovh.net/videos/abajim 03 d book.mp4', '25.00 MB', 'video', NULL, NULL, NULL, 0, NULL, 0, NULL, 'active', 1731782175, 1731919765, NULL),
(156, 1316, 2116, 149, 'free', 0, 's3', 'https://videos-abajim-1.s3.de.io.cloud.ovh.net/videos/Main.mp4', '5,980.83 GB', 'video', NULL, NULL, NULL, 0, NULL, 0, NULL, 'active', 1731782907, 1731919780, NULL),
(157, 1901, 2127, 150, 'free', 0, 's3', 'https://videos-abajim-1.s3.de.io.cloud.ovh.net/videos/abjim1.mp4', '2588573', 'video', NULL, NULL, NULL, 0, NULL, 0, NULL, 'active', 1731876574, NULL, NULL),
(158, 1901, 2127, 150, 'free', 0, 's3', 'https://videos-abajim-1.s3.de.io.cloud.ovh.net/videos/Main.mp4', '6124365', 'video', NULL, NULL, NULL, 0, NULL, 0, NULL, 'active', 1731876626, NULL, NULL),
(159, 1901, 2127, 150, 'free', 0, 's3', 'https://videos-abajim-1.s3.de.io.cloud.ovh.net/videos/Média2.mp4', '17098370', 'video', NULL, NULL, NULL, 0, NULL, 0, NULL, 'active', 1731876681, NULL, NULL),
(160, 1901, 2127, 151, 'free', 0, 's3', 'https://videos-abajim-1.s3.de.io.cloud.ovh.net/videos/Main.mp4', '6124365', 'video', NULL, NULL, NULL, 0, NULL, 0, NULL, 'active', 1731876768, NULL, NULL),
(161, 1901, 2127, 151, 'free', 0, 's3', 'https://videos-abajim-1.s3.de.io.cloud.ovh.net/videos/abajim 03 d book.mp4', '25700742', 'video', NULL, NULL, NULL, 0, NULL, 0, NULL, 'active', 1731876857, NULL, NULL),
(162, 1426, 2128, 152, 'free', 0, 's3', 'https://videos-abajim-1.s3.de.io.cloud.ovh.net/videos/Battement du cœur humain - Augmentation du rythme cardiaque.mp4', '2965714', 'video', NULL, NULL, NULL, 0, NULL, 0, NULL, 'active', 1731937878, NULL, NULL),
(163, 1426, 2128, 152, 'free', 0, 's3', 'https://videos-abajim-1.s3.de.io.cloud.ovh.net/videos/265366841.webm', '2089323', 'video', NULL, NULL, NULL, 0, NULL, 0, NULL, 'active', 1731937923, NULL, NULL),
(164, 1426, 2128, 153, 'free', 0, 's3', 'https://videos-abajim-1.s3.de.io.cloud.ovh.net/videos/265366841.webm', '2,040.35 GB', 'video', NULL, NULL, NULL, 0, NULL, 0, NULL, 'active', 1731937975, 1731938200, NULL),
(165, 1426, 2128, 153, 'free', 0, 's3', 'https://videos-abajim-1.s3.de.io.cloud.ovh.net/videos/265366841.webm', '2,040.35 GB', 'video', NULL, NULL, NULL, 0, NULL, 0, NULL, 'active', 1731937994, 1731938225, NULL),
(166, 1954, 2125, 154, 'free', 0, 's3', 'https://videos-abajim-1.s3.de.io.cloud.ovh.net/videos/Video HD 129Mb.mp4', '3332099', 'video', NULL, NULL, NULL, 0, NULL, 0, NULL, 'inactive', 1731940371, NULL, NULL),
(167, 1954, 2125, 154, 'free', 0, 's3', 'https://videos-abajim-1.s3.de.io.cloud.ovh.net/videos/Video HD 129Mb.mp4', '3332099', 'video', NULL, NULL, NULL, 0, NULL, 0, NULL, 'inactive', 1731944110, NULL, NULL),
(168, 1954, 2125, 160, 'free', 0, 's3', 'https://videos-abajim-1.s3.de.io.cloud.ovh.net/videos/Video HD 129Mb.mp4', '3332099', 'video', NULL, NULL, NULL, 0, NULL, 0, NULL, 'inactive', 1732100352, NULL, NULL),
(169, 1316, 2130, 162, 'free', 0, 's3', 'https://videos-abajim-1.s3.de.io.cloud.ovh.net/videos/Vidéo sans titre ‐ Réalisée avec Clipchamp (8).mp4', '25700742', 'video', NULL, NULL, NULL, 0, NULL, 0, NULL, 'active', 1732119945, NULL, NULL),
(172, 1316, 2132, 166, 'free', 0, 's3', 'https://videos-abajim-1.s3.de.io.cloud.ovh.net/videos/Brain 3.0 vdeo.mp4', '24010154', 'video', NULL, NULL, NULL, 0, NULL, 0, NULL, 'active', 1732362289, NULL, NULL),
(174, 1954, 2126, 147, 'free', 0, 's3', 'https://videos-abajim-1.s3.de.io.cloud.ovh.net/videos/Video HD 129Mb.mp4', '3332099', 'video', NULL, NULL, NULL, 0, NULL, 0, NULL, 'active', 1732365860, NULL, NULL),
(177, 1954, 2135, 169, 'free', 0, 's3', 'https://videos-abajim-1.s3.de.io.cloud.ovh.net/videos/Erreur du modification de la langue de l\'interface Enseignant .mp4', '3449360', 'video', NULL, NULL, NULL, 0, NULL, 0, NULL, 'active', 1732552610, 1732611925, NULL),
(178, 1954, 2135, 169, 'free', 0, 's3', 'https://videos-abajim-1.s3.de.io.cloud.ovh.net/videos/Erreur du modification de la langue de l\'interface Enseignant .mp4', '3449360', 'video', NULL, NULL, NULL, 0, NULL, 0, NULL, 'active', 1732552802, NULL, NULL),
(179, 1954, 2135, 169, 'free', 0, 's3', 'https://videos-abajim-1.s3.de.io.cloud.ovh.net/videos/Video HD 129Mb.mp4', '3332099', 'video', NULL, NULL, NULL, 0, NULL, 0, NULL, 'active', 1732553231, NULL, NULL),
(180, 1954, 2135, 169, 'free', 0, 's3', 'https://videos-abajim-1.s3.de.io.cloud.ovh.net/videos/Erreur du modification de la langue de l\'interface Enseignant .mp4', '3449360', 'video', NULL, NULL, NULL, 0, NULL, 0, NULL, 'active', 1732553278, NULL, NULL),
(183, 1954, 2124, 145, 'free', 0, 's3', 'https://videos-abajim-1.s3.de.io.cloud.ovh.net/videos/Erreur du modification de la langue de l\'interface Enseignant .mp4', '3449360', 'video', NULL, NULL, NULL, 0, NULL, 0, NULL, 'inactive', 1732642467, NULL, NULL),
(187, 1411, 2146, 191, 'free', 0, 's3', 'https://videos-abajim-1.s3.de.io.cloud.ovh.net/videos/Vidéo sans titre ‐ Réalisée avec Clipchamp (13).mp4', '5354696', 'video', NULL, NULL, NULL, 0, NULL, 0, NULL, 'active', 1732793046, NULL, NULL),
(189, 1316, 2149, 196, 'free', 0, 's3', 'https://videos-abajim-1.s3.de.io.cloud.ovh.net/videos/Vidéo sans titre ‐ Réalisée avec Clipchamp (13).mp4', '5354696', 'video', NULL, NULL, NULL, 0, NULL, 0, NULL, 'active', 1732804128, NULL, NULL),
(190, 1316, 2149, 196, 'free', 0, 's3', 'https://videos-abajim-1.s3.de.io.cloud.ovh.net/videos/essai enregistré.mp4', '43911722', 'video', NULL, NULL, NULL, 0, NULL, 0, NULL, 'active', 1732804177, NULL, NULL),
(191, 1316, 2149, 196, 'free', 0, 's3', 'https://videos-abajim-1.s3.de.io.cloud.ovh.net/videos/DEMO_PARENT_ABAJIM.mp4', '53383197', 'video', NULL, NULL, NULL, 0, NULL, 0, NULL, 'active', 1732804397, NULL, NULL),
(192, 1954, 2085, 115, 'free', 0, 's3', 'https://videos-abajim-1.s3.de.io.cloud.ovh.net/videos/Erreur du modification de la langue de l\'interface Enseignant .mp4', '3449360', 'video', NULL, NULL, NULL, 0, NULL, 0, NULL, 'active', 1732878775, NULL, NULL),
(193, 1316, 2151, 198, 'free', 0, 's3', 'https://videos-abajim-1.s3.de.io.cloud.ovh.net/videos/WhatsApp Vidéo 2024-10-28 à 18.03.46_c0215b19.mp4', '10162520', 'video', NULL, NULL, NULL, 0, NULL, 0, NULL, 'active', 1732904337, NULL, NULL),
(194, 1316, 2152, 199, 'free', 0, 's3', 'https://videos-abajim-1.s3.de.io.cloud.ovh.net/videos/WhatsApp Vidéo 2024-10-28 à 18.03.46_c0215b19.mp4', '10162520', 'video', NULL, NULL, NULL, 0, NULL, 0, NULL, 'active', 1732904611, NULL, NULL),
(198, 2012, 2159, 203, 'free', 0, 's3', 'https://videos-abajim-1.s3.de.io.cloud.ovh.net/videos/bandicam 2024-12-01 07-17-57-959.mp4', '21926925', 'video', NULL, NULL, NULL, 0, NULL, 0, NULL, 'active', 1733041567, NULL, NULL),
(199, 2582, 2162, 207, 'free', 0, 's3', 'https://videos-abajim-1.s3.de.io.cloud.ovh.net/videos/bandicam 2024-10-26 23-12-28-128.mp4', '7694082', 'video', NULL, NULL, NULL, 0, NULL, 0, NULL, 'active', 1733051079, NULL, NULL),
(200, 1665, 2165, 211, 'free', 0, 's3', 'https://videos-abajim-1.s3.de.io.cloud.ovh.net/videos/WhatsApp Vidéo 2024-10-28 à 18.03.46_c0215b19.mp4', '10162520', 'video', NULL, NULL, NULL, 0, NULL, 0, NULL, 'active', 1733236242, NULL, NULL),
(201, 1411, 2168, 214, 'free', 0, 's3', 'https://videos-abajim-1.s3.de.io.cloud.ovh.net/videos/(Audio) bandicam 2024-11-28 14-05-45-561.webm', '3080824', 'video', NULL, NULL, NULL, 0, NULL, 0, NULL, 'active', 1733323460, NULL, NULL),
(202, 1316, 2152, 215, 'free', 0, 's3', 'https://videos-abajim-1.s3.de.io.cloud.ovh.net/videos/1084133977-preview.mp4', '83792', 'video', NULL, NULL, NULL, 0, NULL, 0, NULL, 'active', 1733405599, NULL, NULL),
(203, 1316, 2152, 200, 'free', 0, 's3', 'https://videos-abajim-1.s3.de.io.cloud.ovh.net/videos/1084133977-preview.mp4', '83792', 'video', NULL, NULL, NULL, 0, NULL, 0, NULL, 'active', 1733405627, NULL, NULL),
(206, 2623, 2174, 218, 'free', 0, 's3', 'https://videos-abajim-1.s3.de.io.cloud.ovh.net/videos/bandicam 2024-11-16 13-28-15-627.mp4', '33361901', 'video', NULL, NULL, NULL, 0, NULL, 0, NULL, 'active', 1733480791, NULL, NULL),
(207, 2623, 2174, 218, 'free', 0, 's3', 'https://videos-abajim-1.s3.de.io.cloud.ovh.net/videos/bandicam 2024-09-07 12-02-34-696.mp4', '17852308', 'video', NULL, NULL, NULL, 0, NULL, 0, NULL, 'active', 1733480817, NULL, NULL),
(208, 2624, 2175, 221, 'free', 0, 's3', 'https://videos-abajim-1.s3.de.io.cloud.ovh.net/videos/videoo sans titre.mp4', '37332782', 'video', NULL, NULL, NULL, 0, NULL, 0, NULL, 'active', 1733489048, NULL, NULL),
(209, 2624, 2175, 221, 'free', 0, 's3', 'https://videos-abajim-1.s3.de.io.cloud.ovh.net/videos/Vidéo sans titre ‐ Réalisée avec Clipchamp (13).mp4', '5354696', 'video', NULL, NULL, NULL, 0, NULL, 0, NULL, 'active', 1733489070, NULL, NULL),
(210, 2624, 2175, 222, 'free', 0, 's3', 'https://videos-abajim-1.s3.de.io.cloud.ovh.net/videos/DEMO_PARENT_ABAJIM.mp4', '53383197', 'video', NULL, NULL, NULL, 0, NULL, 0, NULL, 'active', 1733489125, NULL, NULL),
(211, 1316, 2176, 224, 'free', 0, 's3', 'https://videos-abajim-1.s3.de.io.cloud.ovh.net/videos/Média1.mp4', '15753188', 'video', NULL, NULL, NULL, 0, NULL, 0, NULL, 'active', 1733849093, NULL, NULL),
(212, 2612, 2177, 227, 'free', 0, 's3', 'https://videos-abajim-1.s3.de.io.cloud.ovh.net/videos/evaluation de 1 er trimestre 3 éme français.mp4', '36505020', 'video', NULL, NULL, NULL, 0, NULL, 0, NULL, 'active', 1733921260, NULL, NULL);

-- --------------------------------------------------------

--
-- Structure de la table `file_translations`
--

CREATE TABLE `file_translations` (
  `id` bigint UNSIGNED NOT NULL,
  `file_id` int UNSIGNED NOT NULL,
  `locale` varchar(255) COLLATE utf8mb4_unicode_ci NOT NULL,
  `title` varchar(255) COLLATE utf8mb4_unicode_ci NOT NULL,
  `description` text COLLATE utf8mb4_unicode_ci
) ENGINE=InnoDB DEFAULT CHARSET=utf8mb4 COLLATE=utf8mb4_unicode_ci;

--
-- Déchargement des données de la table `file_translations`
--

INSERT INTO `file_translations` (`id`, `file_id`, `locale`, `title`, `description`) VALUES
(96, 128, 'ar', 'azer', NULL),
(119, 151, 'ar', 'azzeaze', NULL),
(120, 152, 'ar', 'الحساب الذهني', NULL),
(121, 153, 'ar', 'ترتيب الأعداد', NULL),
(122, 154, 'ar', 'تفكيك الأعداد', NULL),
(123, 155, 'ar', 'test test', NULL),
(124, 156, 'ar', 'test3', NULL),
(125, 157, 'ar', 'gbgbg', NULL),
(126, 158, 'ar', 'btbtr', NULL),
(127, 159, 'ar', 'fbgbgngngngh', NULL),
(128, 160, 'ar', 'gfngng', NULL),
(129, 161, 'ar', 'xcc vc', NULL),
(130, 162, 'ar', 'أنواع المفاصل', NULL),
(131, 163, 'ar', 'الحوادث', NULL),
(132, 164, 'ar', 'أنواع', NULL),
(133, 165, 'ar', 'الحوادث', NULL),
(134, 166, 'ar', 'video1', NULL),
(135, 167, 'ar', 'azeaze', NULL),
(136, 168, 'ar', 'new file', NULL),
(137, 169, 'ar', 'kjbjkb', NULL),
(140, 172, 'ar', 'k:jhjh', NULL),
(142, 174, 'ar', 'azeaze', NULL),
(145, 177, 'ar', 'aaa', NULL),
(146, 178, 'ar', 'aaa', NULL),
(147, 179, 'ar', 'azerty', NULL),
(148, 180, 'ar', 'azerty', NULL),
(151, 183, 'ar', 'azery', NULL),
(155, 187, 'ar', 'rgrger', NULL),
(157, 189, 'ar', 'test', NULL),
(158, 190, 'ar', 'test 2', NULL),
(159, 191, 'ar', 'test 3', NULL),
(160, 192, 'ar', 'aze', NULL),
(161, 193, 'ar', 'dsvdvde', NULL),
(162, 194, 'ar', 'egee', NULL),
(166, 198, 'ar', 'الفعل الماضي', NULL),
(167, 199, 'ar', 'تابلبل', NULL),
(168, 200, 'ar', 'sfgnf', NULL),
(169, 201, 'ar', 'HJGFG', NULL),
(170, 202, 'ar', 'GBTHNYN', NULL),
(171, 203, 'ar', 'JGFFGH', NULL),
(174, 206, 'ar', 'titre_dars1', NULL),
(175, 207, 'ar', 'titre_dars2', NULL),
(176, 208, 'ar', 'درس مهم في قواعد اللغة', NULL),
(177, 209, 'ar', 'قواعد اللغة', NULL),
(178, 210, 'ar', 'درس', NULL),
(179, 211, 'ar', 'title lesson', NULL),
(180, 212, 'ar', 'correction d\'évaluation du 1er trimestre 3èm', NULL);

-- --------------------------------------------------------

--
-- Structure de la table `filters`
--

CREATE TABLE `filters` (
  `id` int UNSIGNED NOT NULL,
  `category_id` int UNSIGNED NOT NULL
) ENGINE=InnoDB DEFAULT CHARSET=utf8mb4 COLLATE=utf8mb4_unicode_ci ROW_FORMAT=DYNAMIC;

--
-- Déchargement des données de la table `filters`
--

INSERT INTO `filters` (`id`, `category_id`) VALUES
(1805, 520),
(1819, 520),
(1834, 520),
(1809, 523),
(1823, 523),
(1838, 523),
(1812, 525),
(1826, 525),
(1841, 525),
(1806, 601),
(1820, 601),
(1835, 601),
(1807, 602),
(1821, 602),
(1836, 602),
(1808, 603),
(1822, 603),
(1837, 603),
(1810, 604),
(1824, 604),
(1839, 604),
(1811, 605),
(1825, 605),
(1840, 605),
(1816, 606),
(1831, 606),
(1845, 606),
(1817, 607),
(1832, 607),
(1846, 607),
(1818, 608),
(1833, 608),
(1847, 608),
(1813, 609),
(1827, 609),
(1842, 609),
(1814, 610),
(1829, 610),
(1843, 610),
(1815, 611),
(1830, 611),
(1844, 611);

-- --------------------------------------------------------

--
-- Structure de la table `filter_options`
--

CREATE TABLE `filter_options` (
  `id` int UNSIGNED NOT NULL,
  `filter_id` int UNSIGNED NOT NULL,
  `order` int UNSIGNED DEFAULT NULL
) ENGINE=InnoDB DEFAULT CHARSET=utf8mb4 COLLATE=utf8mb4_unicode_ci ROW_FORMAT=DYNAMIC;

--
-- Déchargement des données de la table `filter_options`
--

INSERT INTO `filter_options` (`id`, `filter_id`, `order`) VALUES
(9114, 1805, 1),
(9115, 1805, 2),
(9116, 1805, 3),
(9117, 1806, 1),
(9118, 1806, 2),
(9119, 1806, 3),
(9120, 1807, 1),
(9121, 1807, 2),
(9122, 1807, 3),
(9123, 1808, 1),
(9124, 1808, 2),
(9125, 1808, 3),
(9126, 1809, 1),
(9127, 1809, 2),
(9128, 1809, 3),
(9129, 1810, 1),
(9130, 1810, 2),
(9131, 1810, 3),
(9132, 1811, 1),
(9133, 1811, 2),
(9134, 1811, 3),
(9135, 1812, 1),
(9136, 1812, 2),
(9137, 1812, 3),
(9138, 1813, 1),
(9139, 1813, 2),
(9140, 1813, 3),
(9141, 1814, 1),
(9142, 1814, 2),
(9143, 1814, 3),
(9144, 1815, 1),
(9145, 1815, 2),
(9146, 1815, 3),
(9147, 1816, 1),
(9148, 1816, 2),
(9149, 1816, 3),
(9150, 1817, 1),
(9151, 1817, 2),
(9152, 1817, 3),
(9153, 1818, 1),
(9154, 1818, 2),
(9155, 1818, 3),
(9156, 1819, 1),
(9157, 1819, 3),
(9158, 1819, 2),
(9159, 1819, 4),
(9160, 1819, 5),
(9161, 1820, 1),
(9162, 1820, 3),
(9163, 1820, 2),
(9164, 1820, 4),
(9165, 1820, 5),
(9166, 1821, 1),
(9167, 1821, 3),
(9168, 1821, 2),
(9169, 1821, 4),
(9170, 1821, 5),
(9171, 1822, 1),
(9172, 1822, 3),
(9173, 1822, 2),
(9174, 1822, 4),
(9175, 1822, 5),
(9176, 1823, 1),
(9177, 1823, 3),
(9178, 1823, 2),
(9179, 1823, 4),
(9180, 1823, 5),
(9181, 1824, 1),
(9182, 1824, 3),
(9183, 1824, 2),
(9184, 1824, 4),
(9185, 1824, 5),
(9186, 1825, 1),
(9187, 1825, 3),
(9188, 1825, 2),
(9189, 1825, 4),
(9190, 1825, 5),
(9191, 1826, 1),
(9192, 1826, 3),
(9193, 1826, 2),
(9194, 1826, 4),
(9195, 1826, 5),
(9196, 1827, 1),
(9197, 1827, 3),
(9198, 1827, 2),
(9199, 1827, 4),
(9200, 1827, 5),
(9206, 1829, 1),
(9207, 1829, 3),
(9208, 1829, 2),
(9209, 1829, 4),
(9210, 1829, 5),
(9211, 1830, 1),
(9212, 1830, 3),
(9213, 1830, 2),
(9214, 1830, 4),
(9215, 1830, 5),
(9216, 1831, 1),
(9217, 1831, 3),
(9218, 1831, 2),
(9219, 1831, 4),
(9220, 1831, 5),
(9221, 1832, 1),
(9222, 1832, 3),
(9223, 1832, 2),
(9224, 1832, 4),
(9225, 1832, 5),
(9226, 1833, 1),
(9227, 1833, 3),
(9228, 1833, 2),
(9229, 1833, 4),
(9230, 1833, 5),
(9231, 1834, 1),
(9232, 1834, 2),
(9233, 1834, 3),
(9234, 1834, 4),
(9235, 1834, 5),
(9236, 1835, 1),
(9237, 1835, 2),
(9238, 1835, 3),
(9239, 1835, 4),
(9240, 1836, 1),
(9241, 1836, 2),
(9242, 1836, 3),
(9243, 1836, 4),
(9244, 1837, 1),
(9245, 1837, 2),
(9246, 1837, 3),
(9247, 1837, 4),
(9248, 1837, 5),
(9249, 1838, 1),
(9250, 1838, 2),
(9251, 1838, 3),
(9252, 1838, 4),
(9253, 1839, 3),
(9254, 1839, 1),
(9255, 1839, 2),
(9256, 1839, 4),
(9257, 1840, 1),
(9258, 1840, 2),
(9259, 1840, 3),
(9260, 1840, 4),
(9261, 1840, 5),
(9262, 1841, 1),
(9263, 1841, 2),
(9264, 1841, 3),
(9265, 1841, 4),
(9266, 1842, 1),
(9267, 1842, 2),
(9268, 1842, 3),
(9269, 1842, 4),
(9270, 1843, 1),
(9271, 1843, 2),
(9272, 1843, 3),
(9273, 1843, 4),
(9274, 1843, 5),
(9275, 1844, 1),
(9276, 1844, 2),
(9277, 1844, 3),
(9278, 1844, 4),
(9279, 1845, 1),
(9280, 1845, 2),
(9281, 1845, 3),
(9282, 1845, 4),
(9283, 1845, 5),
(9284, 1846, 1),
(9285, 1846, 2),
(9286, 1846, 3),
(9287, 1846, 4),
(9288, 1847, 1),
(9289, 1847, 2),
(9290, 1847, 3),
(9291, 1847, 4),
(9292, 1847, 5);

-- --------------------------------------------------------

--
-- Structure de la table `filter_option_translations`
--

CREATE TABLE `filter_option_translations` (
  `id` bigint UNSIGNED NOT NULL,
  `filter_option_id` int UNSIGNED NOT NULL,
  `locale` varchar(255) COLLATE utf8mb4_unicode_ci NOT NULL,
  `title` varchar(255) COLLATE utf8mb4_unicode_ci NOT NULL
) ENGINE=InnoDB DEFAULT CHARSET=utf8mb4 COLLATE=utf8mb4_unicode_ci;

--
-- Déchargement des données de la table `filter_option_translations`
--

INSERT INTO `filter_option_translations` (`id`, `filter_option_id`, `locale`, `title`) VALUES
(1, 9114, 'en', 'Beginner'),
(2, 9115, 'en', 'Intermediate'),
(3, 9116, 'en', 'Expert'),
(4, 9117, 'en', 'Beginner'),
(5, 9118, 'en', 'Intermediate'),
(6, 9119, 'en', 'Expert'),
(7, 9120, 'en', 'Beginner'),
(8, 9121, 'en', 'Intermediate'),
(9, 9122, 'en', 'Expert'),
(10, 9123, 'en', 'Beginner'),
(11, 9124, 'en', 'Intermediate'),
(12, 9125, 'en', 'Expert'),
(13, 9126, 'en', 'Beginner'),
(14, 9127, 'en', 'Intermediate'),
(15, 9128, 'en', 'Expert'),
(16, 9129, 'en', 'Beginner'),
(17, 9130, 'en', 'Intermediate'),
(18, 9131, 'en', 'Intermediate'),
(19, 9132, 'en', 'Beginner'),
(20, 9133, 'en', 'Intermediate'),
(21, 9134, 'en', 'Expert'),
(22, 9135, 'en', 'Beginner'),
(23, 9136, 'en', 'Intermediate'),
(24, 9137, 'en', 'Expert'),
(25, 9138, 'en', 'Beginner'),
(26, 9139, 'en', 'Intermediate'),
(27, 9140, 'en', 'Expert'),
(28, 9141, 'en', 'Beginner'),
(29, 9142, 'en', 'Intermediate'),
(30, 9143, 'en', 'Expert'),
(31, 9144, 'en', 'Beginner'),
(32, 9145, 'en', 'Intermediate'),
(33, 9146, 'en', 'Expert'),
(34, 9147, 'en', 'Beginner'),
(35, 9148, 'en', 'Intermediate'),
(36, 9149, 'en', 'Expert'),
(37, 9150, 'en', 'Beginner'),
(38, 9151, 'en', 'Intermediate'),
(39, 9152, 'en', 'Expert'),
(40, 9153, 'en', 'Beginner'),
(41, 9154, 'en', 'Intermediate'),
(42, 9155, 'en', 'Expert'),
(43, 9156, 'en', 'English'),
(44, 9157, 'en', 'Português'),
(45, 9158, 'en', 'Español'),
(46, 9159, 'en', 'हिन्'),
(47, 9160, 'en', 'العربية'),
(48, 9161, 'en', 'English'),
(49, 9162, 'en', 'Português'),
(50, 9163, 'en', 'Español'),
(51, 9164, 'en', 'हिन्'),
(52, 9165, 'en', 'العربية'),
(53, 9166, 'en', 'English'),
(54, 9167, 'en', 'Português'),
(55, 9168, 'en', 'Español'),
(56, 9169, 'en', 'हिन्'),
(57, 9170, 'en', 'العربية'),
(58, 9171, 'en', 'English'),
(59, 9172, 'en', 'Português'),
(60, 9173, 'en', 'Español'),
(61, 9174, 'en', 'हिन्'),
(62, 9175, 'en', 'العربية'),
(63, 9176, 'en', 'English'),
(64, 9177, 'en', 'Português'),
(65, 9178, 'en', 'Español'),
(66, 9179, 'en', 'हिन्'),
(67, 9180, 'en', 'العربية'),
(68, 9181, 'en', 'English'),
(69, 9182, 'en', 'Português'),
(70, 9183, 'en', 'Español'),
(71, 9184, 'en', 'हिन्'),
(72, 9185, 'en', 'العربية'),
(73, 9186, 'en', 'English'),
(74, 9187, 'en', 'Português'),
(75, 9188, 'en', 'Español'),
(76, 9189, 'en', 'हिन्'),
(77, 9190, 'en', 'العربية'),
(78, 9191, 'en', 'English'),
(79, 9192, 'en', 'Português'),
(80, 9193, 'en', 'Español'),
(81, 9194, 'en', 'हिन्'),
(82, 9195, 'en', 'العربية'),
(83, 9196, 'en', 'English'),
(84, 9197, 'en', 'Português'),
(85, 9198, 'en', 'Español'),
(86, 9199, 'en', 'हिन्'),
(87, 9200, 'en', 'العربية'),
(88, 9206, 'en', 'English'),
(89, 9207, 'en', 'Português'),
(90, 9208, 'en', 'Español'),
(91, 9209, 'en', 'हिन्'),
(92, 9210, 'en', 'العربية'),
(93, 9211, 'en', 'English'),
(94, 9212, 'en', 'Português'),
(95, 9213, 'en', 'Español'),
(96, 9214, 'en', 'हिन्'),
(97, 9215, 'en', 'العربية'),
(98, 9216, 'en', 'English'),
(99, 9217, 'en', 'Português'),
(100, 9218, 'en', 'Español'),
(101, 9219, 'en', 'हिन्'),
(102, 9220, 'en', 'العربية'),
(103, 9221, 'en', 'English'),
(104, 9222, 'en', 'Português'),
(105, 9223, 'en', 'Español'),
(106, 9224, 'en', 'हिन्'),
(107, 9225, 'en', 'العربية'),
(108, 9226, 'en', 'English'),
(109, 9227, 'en', 'Português'),
(110, 9228, 'en', 'Español'),
(111, 9229, 'en', 'हिन्'),
(112, 9230, 'en', 'العربية'),
(113, 9231, 'en', 'Photoshop'),
(114, 9232, 'en', 'Adobe Illustrator'),
(115, 9233, 'en', 'Blender'),
(116, 9234, 'en', '3D Modeling'),
(117, 9235, 'en', 'After Effects'),
(118, 9236, 'en', 'Math'),
(119, 9237, 'en', 'Algebra'),
(120, 9238, 'en', 'Calculus'),
(121, 9239, 'en', 'Statistics'),
(122, 9240, 'en', 'Physics'),
(123, 9241, 'en', 'Chemistry'),
(124, 9242, 'en', 'Biology'),
(125, 9243, 'en', 'Genetics'),
(126, 9244, 'en', 'English Language'),
(127, 9245, 'en', 'English Grammar'),
(128, 9246, 'en', 'Spanish Language'),
(129, 9247, 'en', 'Arabic Language'),
(130, 9248, 'en', 'IELTS'),
(131, 9249, 'en', 'Yoga'),
(132, 9250, 'en', 'Fitness'),
(133, 9251, 'en', 'Health'),
(134, 9252, 'en', 'Dance'),
(135, 9253, 'en', 'Chess'),
(136, 9254, 'en', 'Cooking'),
(137, 9255, 'en', 'Drawing'),
(138, 9256, 'en', 'Reiki'),
(139, 9257, 'en', 'Makeup Artistry'),
(140, 9258, 'en', 'Hair Styling'),
(141, 9259, 'en', 'Skincare'),
(142, 9260, 'en', 'Fashion'),
(143, 9261, 'en', 'Nail Art'),
(144, 9262, 'en', 'Digital Marketing'),
(145, 9263, 'en', 'SEO'),
(146, 9264, 'en', 'Marketing Strategy'),
(147, 9265, 'en', 'Social Media Marketing'),
(148, 9266, 'en', 'Leadership'),
(149, 9267, 'en', 'Management Skills'),
(150, 9268, 'en', 'ISO 9001'),
(151, 9269, 'en', 'Manager Training'),
(152, 9270, 'en', 'Communication Skills'),
(153, 9271, 'en', 'Presentation Skills'),
(154, 9272, 'en', 'Public Speaking'),
(155, 9273, 'en', 'Business Communication'),
(156, 9274, 'en', 'Writing'),
(157, 9275, 'en', 'Business Strategy'),
(158, 9276, 'en', 'Strategic Planning'),
(159, 9277, 'en', 'Marketing Strategy'),
(160, 9278, 'en', 'Innovation'),
(161, 9279, 'en', 'HTML'),
(162, 9280, 'en', 'CSS'),
(163, 9281, 'en', 'PHP'),
(164, 9282, 'en', 'JavaScript'),
(165, 9283, 'en', 'Laravel'),
(166, 9284, 'en', 'Android Development'),
(167, 9285, 'en', 'iOS Development'),
(168, 9286, 'en', 'Google Flutter'),
(169, 9287, 'en', 'React NativeKotlin'),
(170, 9288, 'en', 'Unity'),
(171, 9289, 'en', 'Unreal Engine'),
(172, 9290, 'en', 'Unreal Engine Blueprints'),
(173, 9291, 'en', '3D Game Development'),
(174, 9292, 'en', 'Game Development Fundamentals');

-- --------------------------------------------------------

--
-- Structure de la table `filter_translations`
--

CREATE TABLE `filter_translations` (
  `id` bigint UNSIGNED NOT NULL,
  `filter_id` int UNSIGNED NOT NULL,
  `locale` varchar(255) COLLATE utf8mb4_unicode_ci NOT NULL,
  `title` varchar(255) COLLATE utf8mb4_unicode_ci NOT NULL
) ENGINE=InnoDB DEFAULT CHARSET=utf8mb4 COLLATE=utf8mb4_unicode_ci;

--
-- Déchargement des données de la table `filter_translations`
--

INSERT INTO `filter_translations` (`id`, `filter_id`, `locale`, `title`) VALUES
(1, 1805, 'en', 'Level'),
(2, 1806, 'en', 'Level'),
(3, 1807, 'en', 'Level'),
(4, 1808, 'en', 'Level'),
(5, 1809, 'en', 'Level'),
(6, 1810, 'en', 'Level'),
(7, 1811, 'en', 'Level'),
(8, 1812, 'en', 'Level'),
(9, 1813, 'en', 'Level'),
(10, 1814, 'en', 'Level'),
(11, 1815, 'en', 'Level'),
(12, 1816, 'en', 'Level'),
(13, 1817, 'en', 'Level'),
(14, 1818, 'en', 'Level'),
(15, 1819, 'en', 'Language'),
(16, 1820, 'en', 'Language'),
(17, 1821, 'en', 'Language'),
(18, 1822, 'en', 'Language'),
(19, 1823, 'en', 'Language'),
(20, 1824, 'en', 'Language'),
(21, 1825, 'en', 'Language'),
(22, 1826, 'en', 'Language'),
(23, 1827, 'en', 'Language'),
(24, 1829, 'en', 'Language'),
(25, 1830, 'en', 'Language'),
(26, 1831, 'en', 'Language'),
(27, 1832, 'en', 'Language'),
(28, 1833, 'en', 'Language'),
(29, 1834, 'en', 'Topic'),
(30, 1835, 'en', 'Topic'),
(31, 1836, 'en', 'Topic'),
(32, 1837, 'en', 'Topic'),
(33, 1838, 'en', 'Topic'),
(34, 1839, 'en', 'Topic'),
(35, 1840, 'en', 'Topic'),
(36, 1841, 'en', 'Topic'),
(37, 1842, 'en', 'Topic'),
(38, 1843, 'en', 'Topic'),
(39, 1844, 'en', 'Topic'),
(40, 1845, 'en', 'Topic'),
(41, 1846, 'en', 'Topic'),
(42, 1847, 'en', 'Topic');

-- --------------------------------------------------------

--
-- Structure de la table `follows`
--

CREATE TABLE `follows` (
  `id` int UNSIGNED NOT NULL,
  `follower` int UNSIGNED NOT NULL,
  `user_id` int UNSIGNED NOT NULL,
  `status` enum('requested','accepted','rejected') COLLATE utf8mb4_unicode_ci NOT NULL,
  `created_at` timestamp NULL DEFAULT NULL,
  `updated_at` timestamp NULL DEFAULT NULL
) ENGINE=InnoDB DEFAULT CHARSET=utf8mb4 COLLATE=utf8mb4_unicode_ci ROW_FORMAT=DYNAMIC;

--
-- Déchargement des données de la table `follows`
--

INSERT INTO `follows` (`id`, `follower`, `user_id`, `status`, `created_at`, `updated_at`) VALUES
(34, 1316, 1316, 'accepted', '2024-08-28 12:20:09', '2024-08-28 12:20:09'),
(47, 1954, 2606, 'requested', '2024-12-05 13:36:25', '2024-12-05 13:36:25'),
(48, 1954, 2606, 'requested', '2024-12-05 13:37:29', '2024-12-05 13:37:29'),
(49, 1954, 2606, 'requested', '2024-12-05 13:41:05', '2024-12-05 13:41:05'),
(50, 1316, 2619, 'requested', '2024-12-05 14:59:18', '2024-12-05 14:59:18'),
(51, 1316, 2586, 'requested', '2024-12-05 15:00:32', '2024-12-05 15:00:32'),
(52, 2624, 2142, 'requested', '2024-12-06 11:38:35', '2024-12-06 11:38:35'),
(53, 1954, 2606, 'requested', '2024-12-07 10:43:18', '2024-12-07 10:43:18'),
(54, 1954, 2606, 'requested', '2024-12-07 11:14:38', '2024-12-07 11:14:38'),
(55, 1954, 2606, 'requested', '2024-12-07 11:14:43', '2024-12-07 11:14:43'),
(56, 1316, 2642, 'requested', '2024-12-11 09:01:05', '2024-12-11 09:01:05'),
(57, 2644, 2646, 'requested', '2024-12-11 15:35:15', '2024-12-11 15:35:15'),
(58, 2644, 2647, 'requested', '2024-12-11 15:37:31', '2024-12-11 15:37:31'),
(59, 1954, 2606, 'requested', '2024-12-12 10:08:04', '2024-12-12 10:08:04'),
(60, 1954, 2606, 'requested', '2024-12-12 10:12:56', '2024-12-12 10:12:56'),
(61, 1954, 2606, 'requested', '2024-12-12 10:13:19', '2024-12-12 10:13:19'),
(62, 1954, 2606, 'requested', '2024-12-12 10:14:00', '2024-12-12 10:14:00'),
(64, 1954, 2606, 'requested', '2024-12-13 01:37:53', '2024-12-13 01:37:53'),
(65, 1316, 2073, 'requested', '2024-12-13 11:32:03', '2024-12-13 11:32:03'),
(66, 1316, 2073, 'requested', '2024-12-14 23:17:10', '2024-12-14 23:17:10'),
(67, 1318, 2073, 'requested', '2024-12-15 19:20:11', '2024-12-15 19:20:11'),
(68, 1530, 2142, 'requested', '2024-12-16 09:57:30', '2024-12-16 09:57:30'),
(69, 1318, 2662, 'requested', '2024-12-17 09:34:01', '2024-12-17 09:34:01'),
(70, 1316, 2073, 'requested', '2024-12-20 15:22:42', '2024-12-20 15:22:42'),
(71, 1316, 2666, 'requested', '2024-12-20 20:08:47', '2024-12-20 20:08:47');

-- --------------------------------------------------------

--
-- Structure de la table `forums`
--

CREATE TABLE `forums` (
  `id` int UNSIGNED NOT NULL,
  `slug` varchar(255) COLLATE utf8mb4_unicode_ci NOT NULL,
  `role_id` int UNSIGNED DEFAULT NULL,
  `group_id` int UNSIGNED DEFAULT NULL,
  `parent_id` int UNSIGNED DEFAULT NULL,
  `icon` varchar(255) COLLATE utf8mb4_unicode_ci DEFAULT NULL,
  `status` enum('disabled','active') COLLATE utf8mb4_unicode_ci DEFAULT NULL,
  `close` tinyint(1) NOT NULL DEFAULT '0',
  `order` int DEFAULT NULL
) ENGINE=InnoDB DEFAULT CHARSET=utf8mb4 COLLATE=utf8mb4_unicode_ci;

--
-- Déchargement des données de la table `forums`
--

INSERT INTO `forums` (`id`, `slug`, `role_id`, `group_id`, `parent_id`, `icon`, `status`, `close`, `order`) VALUES
(1, 'Lifestyle', NULL, NULL, NULL, '/store/1/default_images/forums/icons/makeup.png', 'active', 0, NULL),
(2, 'Beauty-Makeup', NULL, NULL, 1, '/store/1/default_images/forums/icons/makeup.png', 'active', 0, 1),
(3, 'Food-Beverage', NULL, NULL, 1, '/store/1/default_images/forums/icons/donut.png', 'active', 0, 2),
(4, 'Travel', NULL, NULL, 1, '/store/1/default_images/forums/icons/airplane.png', 'active', 0, 3),
(5, 'Music', NULL, NULL, NULL, '/store/1/default_images/forums/icons/love-song.png', 'active', 0, NULL),
(6, 'Marketing', NULL, NULL, NULL, '/store/1/default_images/forums/icons/advertising.png', 'active', 0, NULL),
(7, 'Digital-Marketing', NULL, NULL, 6, '/store/1/default_images/forums/icons/digital-marketing.png', 'active', 0, 1),
(8, 'Public-Relations', NULL, NULL, 6, '/store/1/default_images/forums/icons/security.png', 'active', 0, 2),
(9, 'Advertising', NULL, NULL, 6, '/store/1/default_images/forums/icons/ads.png', 'active', 0, 3),
(10, 'Social-Media', NULL, NULL, 6, '/store/1/default_images/forums/icons/twitter.png', 'active', 0, 4);

-- --------------------------------------------------------

--
-- Structure de la table `forum_featured_topics`
--

CREATE TABLE `forum_featured_topics` (
  `id` int UNSIGNED NOT NULL,
  `topic_id` int UNSIGNED NOT NULL,
  `icon` varchar(255) COLLATE utf8mb4_unicode_ci NOT NULL,
  `created_at` bigint UNSIGNED NOT NULL
) ENGINE=InnoDB DEFAULT CHARSET=utf8mb4 COLLATE=utf8mb4_unicode_ci;

-- --------------------------------------------------------

--
-- Structure de la table `forum_recommended_topics`
--

CREATE TABLE `forum_recommended_topics` (
  `id` int UNSIGNED NOT NULL,
  `title` varchar(255) COLLATE utf8mb4_unicode_ci NOT NULL,
  `icon` varchar(255) COLLATE utf8mb4_unicode_ci NOT NULL,
  `created_at` bigint UNSIGNED NOT NULL
) ENGINE=InnoDB DEFAULT CHARSET=utf8mb4 COLLATE=utf8mb4_unicode_ci;

--
-- Déchargement des données de la table `forum_recommended_topics`
--

INSERT INTO `forum_recommended_topics` (`id`, `title`, `icon`, `created_at`) VALUES
(1, 'Food & Health', '/store/1/default_images/forums/icons/dish.png', 1655794486),
(2, 'Math', '/store/1/default_images/forums/icons/drawing-compass.png', 1655796024),
(3, 'Marketing', '/store/1/default_images/forums/icons/target.png', 1655796482),
(4, 'Language', '/store/1/default_images/forums/icons/translate.png', 1655796824);

-- --------------------------------------------------------

--
-- Structure de la table `forum_recommended_topic_items`
--

CREATE TABLE `forum_recommended_topic_items` (
  `id` int UNSIGNED NOT NULL,
  `recommended_topic_id` int UNSIGNED NOT NULL,
  `topic_id` int UNSIGNED NOT NULL,
  `created_at` bigint UNSIGNED NOT NULL
) ENGINE=InnoDB DEFAULT CHARSET=utf8mb4 COLLATE=utf8mb4_unicode_ci;

-- --------------------------------------------------------

--
-- Structure de la table `forum_topics`
--

CREATE TABLE `forum_topics` (
  `id` int UNSIGNED NOT NULL,
  `creator_id` int UNSIGNED NOT NULL,
  `forum_id` int UNSIGNED NOT NULL,
  `slug` varchar(255) COLLATE utf8mb4_unicode_ci NOT NULL,
  `title` varchar(255) COLLATE utf8mb4_unicode_ci NOT NULL,
  `description` text COLLATE utf8mb4_unicode_ci NOT NULL,
  `pin` tinyint(1) NOT NULL DEFAULT '0',
  `close` tinyint(1) NOT NULL DEFAULT '0',
  `created_at` bigint UNSIGNED NOT NULL
) ENGINE=InnoDB DEFAULT CHARSET=utf8mb4 COLLATE=utf8mb4_unicode_ci;

-- --------------------------------------------------------

--
-- Structure de la table `forum_topic_attachments`
--

CREATE TABLE `forum_topic_attachments` (
  `id` int UNSIGNED NOT NULL,
  `creator_id` int UNSIGNED NOT NULL,
  `topic_id` int UNSIGNED NOT NULL,
  `path` varchar(255) COLLATE utf8mb4_unicode_ci NOT NULL
) ENGINE=InnoDB DEFAULT CHARSET=utf8mb4 COLLATE=utf8mb4_unicode_ci;

-- --------------------------------------------------------

--
-- Structure de la table `forum_topic_bookmarks`
--

CREATE TABLE `forum_topic_bookmarks` (
  `id` int UNSIGNED NOT NULL,
  `user_id` int UNSIGNED NOT NULL,
  `topic_id` int UNSIGNED NOT NULL,
  `created_at` bigint UNSIGNED NOT NULL
) ENGINE=InnoDB DEFAULT CHARSET=utf8mb4 COLLATE=utf8mb4_unicode_ci;

-- --------------------------------------------------------

--
-- Structure de la table `forum_topic_likes`
--

CREATE TABLE `forum_topic_likes` (
  `id` int UNSIGNED NOT NULL,
  `user_id` int UNSIGNED NOT NULL,
  `topic_id` int UNSIGNED DEFAULT NULL,
  `topic_post_id` int UNSIGNED DEFAULT NULL
) ENGINE=InnoDB DEFAULT CHARSET=utf8mb4 COLLATE=utf8mb4_unicode_ci;

-- --------------------------------------------------------

--
-- Structure de la table `forum_topic_posts`
--

CREATE TABLE `forum_topic_posts` (
  `id` int UNSIGNED NOT NULL,
  `user_id` int UNSIGNED NOT NULL,
  `topic_id` int UNSIGNED NOT NULL,
  `parent_id` int UNSIGNED DEFAULT NULL,
  `description` text COLLATE utf8mb4_unicode_ci NOT NULL,
  `attach` varchar(255) COLLATE utf8mb4_unicode_ci DEFAULT NULL,
  `pin` tinyint(1) NOT NULL DEFAULT '0',
  `created_at` bigint UNSIGNED NOT NULL
) ENGINE=InnoDB DEFAULT CHARSET=utf8mb4 COLLATE=utf8mb4_unicode_ci;

-- --------------------------------------------------------

--
-- Structure de la table `forum_topic_reports`
--

CREATE TABLE `forum_topic_reports` (
  `id` int UNSIGNED NOT NULL,
  `user_id` int UNSIGNED NOT NULL,
  `topic_id` int UNSIGNED DEFAULT NULL,
  `topic_post_id` int UNSIGNED DEFAULT NULL,
  `message` text COLLATE utf8mb4_unicode_ci NOT NULL,
  `created_at` bigint UNSIGNED NOT NULL
) ENGINE=InnoDB DEFAULT CHARSET=utf8mb4 COLLATE=utf8mb4_unicode_ci;

-- --------------------------------------------------------

--
-- Structure de la table `forum_translations`
--

CREATE TABLE `forum_translations` (
  `id` bigint UNSIGNED NOT NULL,
  `forum_id` int UNSIGNED NOT NULL,
  `locale` varchar(255) COLLATE utf8mb4_unicode_ci NOT NULL,
  `title` varchar(255) COLLATE utf8mb4_unicode_ci NOT NULL,
  `description` text COLLATE utf8mb4_unicode_ci
) ENGINE=InnoDB DEFAULT CHARSET=utf8mb4 COLLATE=utf8mb4_unicode_ci;

--
-- Déchargement des données de la table `forum_translations`
--

INSERT INTO `forum_translations` (`id`, `forum_id`, `locale`, `title`, `description`) VALUES
(1, 1, 'en', 'Lifestyle', 'Lifestyle is the interests, opinions, behaviours, and behavioural orientations of an individual, group, or culture. The term was introduced by Austrian psychologist Alfred Adler in his 1929 book, The Case of Miss R., with the meaning of \"a person\'s basic character as established early in childhood\".'),
(2, 2, 'en', 'Beauty & Makeup', 'How to create your natural skincare perfect'),
(3, 3, 'en', 'Food & Beverage', 'A practical forum to take your cooking skills from dull to delicious'),
(4, 4, 'en', 'Travel', 'How You Can Afford a Life of Travel and Adventure!'),
(5, 5, 'en', 'Music', 'Discuss music with The World\'s Top instructors'),
(6, 6, 'en', 'Marketing', 'Marketing is the process of exploring.'),
(7, 7, 'en', 'Digital Marketing', 'Master Digital Marketing Strategy'),
(8, 8, 'en', 'Public Relations', 'Everything you need to know to be successful at PR'),
(9, 9, 'en', 'Advertising', 'Learn the inner workings of a massive digital industry'),
(10, 10, 'en', 'Social Media', 'MASTER online marketing on Twitter, Pinterest, Instagram');

-- --------------------------------------------------------

--
-- Structure de la table `groups`
--

CREATE TABLE `groups` (
  `id` int UNSIGNED NOT NULL,
  `creator_id` int UNSIGNED NOT NULL,
  `name` varchar(64) COLLATE utf8mb4_unicode_ci DEFAULT NULL,
  `discount` int DEFAULT NULL,
  `commission` int DEFAULT NULL,
  `status` enum('active','inactive') COLLATE utf8mb4_unicode_ci NOT NULL DEFAULT 'inactive',
  `created_at` int UNSIGNED NOT NULL
) ENGINE=InnoDB DEFAULT CHARSET=utf8mb4 COLLATE=utf8mb4_unicode_ci ROW_FORMAT=DYNAMIC;

--
-- Déchargement des données de la table `groups`
--

INSERT INTO `groups` (`id`, `creator_id`, `name`, `discount`, `commission`, `status`, `created_at`) VALUES
(2, 1, 'Vip Instructors', 20, 10, 'active', 1613379096),
(3, 1, 'Special Students', 10, NULL, 'active', 1614530208);

-- --------------------------------------------------------

--
-- Structure de la table `groups_registration_packages`
--

CREATE TABLE `groups_registration_packages` (
  `id` bigint UNSIGNED NOT NULL,
  `group_id` int UNSIGNED NOT NULL,
  `instructors_count` int DEFAULT NULL,
  `students_count` int DEFAULT NULL,
  `courses_capacity` int DEFAULT NULL,
  `courses_count` int DEFAULT NULL,
  `meeting_count` int DEFAULT NULL,
  `status` enum('disabled','active') COLLATE utf8mb4_unicode_ci NOT NULL,
  `created_at` int UNSIGNED NOT NULL
) ENGINE=InnoDB DEFAULT CHARSET=utf8mb4 COLLATE=utf8mb4_unicode_ci;

-- --------------------------------------------------------

--
-- Structure de la table `group_users`
--

CREATE TABLE `group_users` (
  `id` int UNSIGNED NOT NULL,
  `group_id` int UNSIGNED NOT NULL,
  `user_id` int UNSIGNED NOT NULL,
  `created_at` int UNSIGNED NOT NULL
) ENGINE=InnoDB DEFAULT CHARSET=utf8mb4 COLLATE=utf8mb4_unicode_ci ROW_FORMAT=DYNAMIC;

--
-- Déchargement des données de la table `group_users`
--

INSERT INTO `group_users` (`id`, `group_id`, `user_id`, `created_at`) VALUES
(67, 2, 2512, 1732525562);

-- --------------------------------------------------------

--
-- Structure de la table `home_sections`
--

CREATE TABLE `home_sections` (
  `id` int UNSIGNED NOT NULL,
  `name` enum('featured_classes','latest_bundles','latest_classes','best_rates','trend_categories','full_advertising_banner','best_sellers','discount_classes','free_classes','store_products','testimonials','subscribes','find_instructors','reward_program','become_instructor','forum_section','video_or_image_section','instructors','half_advertising_banner','organizations','blog') COLLATE utf8mb4_unicode_ci NOT NULL,
  `order` int UNSIGNED NOT NULL
) ENGINE=InnoDB DEFAULT CHARSET=utf8mb4 COLLATE=utf8mb4_unicode_ci;

--
-- Déchargement des données de la table `home_sections`
--

INSERT INTO `home_sections` (`id`, `name`, `order`) VALUES
(1, 'latest_classes', 2),
(4, 'best_rates', 3),
(5, 'best_sellers', 7),
(6, 'free_classes', 15),
(7, 'trend_categories', 4),
(8, 'full_advertising_banner', 6),
(9, 'discount_classes', 8),
(11, 'subscribes', 12),
(12, 'become_instructor', 9),
(13, 'forum_section', 10),
(14, 'find_instructors', 11),
(15, 'reward_program', 14),
(16, 'instructors', 5),
(17, 'video_or_image_section', 13),
(18, 'testimonials', 17),
(19, 'half_advertising_banner', 16),
(21, 'blog', 18),
(22, 'featured_classes', 1);

-- --------------------------------------------------------

--
-- Structure de la table `home_videos`
--

CREATE TABLE `home_videos` (
  `id` int UNSIGNED NOT NULL,
  `titre` varchar(200) COLLATE utf8mb4_unicode_ci NOT NULL,
  `video` text COLLATE utf8mb4_unicode_ci NOT NULL,
  `thumbnail` mediumtext COLLATE utf8mb4_unicode_ci NOT NULL,
  `page` int DEFAULT NULL,
  `manuel_id` int UNSIGNED NOT NULL,
  `user_id` int UNSIGNED NOT NULL,
  `created_at` timestamp NULL DEFAULT NULL,
  `updated_at` timestamp NULL DEFAULT NULL
) ENGINE=InnoDB DEFAULT CHARSET=utf8mb4 COLLATE=utf8mb4_unicode_ci;

--
-- Déchargement des données de la table `home_videos`
--

INSERT INTO `home_videos` (`id`, `titre`, `video`, `thumbnail`, `page`, `manuel_id`, `user_id`, `created_at`, `updated_at`) VALUES
(1, 'إصلاح أستكشف من الدرس 1 ص 4 من كتاب الرياضيات سنة الأولى', 'videos/home/1er/إصلاح أستكشف من الدرس 1 ص 4 من كتاب الرياضيات سنة الأولى ‐ Réalisée avec Clipchamp.mp4', 'thumbnails/abajim.png', 4, 3, 1666, '0000-00-00 00:00:00', NULL),
(2, 'حرف الراء  كتاب انيسي في التمارين ص9', 'videos/home/1er/حرف الراء  كتاب انيسي في التمارين ص9 ‐ ex6 ‐ Réalisée avec Clipchamp ‐ Réalisée avec Clipchamp.mp4', 'thumbnails/abajim.png', 9, 2, 1666, NULL, NULL),
(3, 'حرف اللام كتاب انيسي في التمارين ص5', 'videos/home/1er/حرف اللام كتاب انيسي في التمارين ص5 ‐ ex1 ‐ Réalisée avec Clipchamp.mp4', 'thumbnails/abajim.png', 5, 2, 1666, NULL, NULL),
(4, 'أتدرب ص 4 من الدرس 1 من كتاب الرياضيات للسنة الثانية', 'videos/home/2eme/أتدرب ص 4 من الدرس 1 من كتاب الرياضيات للسنة الثانية ‐ Réalisée avec Clipchamp.mp4', 'thumbnails/abajim.png', 4, 4, 1665, NULL, NULL),
(5, 'استكشف الدرس 6 ص 32  كتاب التمارين سنة الثانية', 'videos/home/2eme/استكشف الدرس 6 ص 32  كتاب التمارين سنة الثانية ‐ Réalisée avec Clipchamp.mp4', 'thumbnails/abajim.png', 32, 6, 1316, NULL, NULL),
(6, 'التمرين أتفاعل ص 22 مادة العربية السنة الثانية ', 'videos/home/2eme/التمرين أتفاعل ص 22 مادة العربية السنة الثانية ‐ Réalisée avec Clipchamp.mp4', 'thumbnails/abajim.png', 22, 6, 1316, NULL, NULL),
(7, '213 ينابيع الكتابة انتاج كتابي الوحدة 7 ص ', 'videos/home/3eme/213 ينابيع الكتابة انتاج كتابي الوحدة 7 ص ‐ Réalisée avec Clipchamp.mp4', 'thumbnails/abajim.png', 213, 8, 1316, NULL, NULL),
(8, 'exercice 2 page 6 leçon 1 période 1 3éme math', 'videos/home/3eme/exercice 2 page 6 leçon 1 période 1 3 éme math ‐ Réalisée avec Clipchamp.mp4', 'thumbnails/abajim.png', 6, 12, 1318, NULL, NULL),
(9, 'Français 3éme année, Unité 0: Remédiation', 'videos/home/3eme/Unité 0 français 3 eme année ‐ Réalisée avec Clipchamp.mp4', 'thumbnails/abajim.png', 1, 11, 1669, NULL, NULL),
(10, 'je m\'entraine page 6 Cahier d\'acti 4 ème', 'videos/home/4eme/je m\'entraine page 6 Cahier d\'acti 4 ème ‐ Réalisée avec Clipchamp.mp4', 'thumbnails/abajim.png', 6, 17, 1669, NULL, NULL),
(11, 'إصلاح التمرين أوظف بالصفحة 14 من الدرس الفاعل مبدل منه + بدل في كتاب أدوات التواصل لسنة الرابعة من التعليم الأساسي', 'videos/home/4eme/إصلاح التمرين أوظف بالصفحة 14 من الدرس الفاعل مبدل منه + بدل في كتاب أدوات التواصل لسنة الرابعة من التعليم الأساسي ‐ Réalisée avec Clipchamp.mp4', 'thumbnails/abajim.png', 14, 19, 1316, NULL, NULL),
(12, 'إصلاح تمرين أطبق ص 10 من كتاب الإيقاض العلمي للسنة الرابعة ', 'videos/home/4eme/إصلاح تمرين أطبق ص 10 من كتاب الإيقاض العلمي للسنة الرابعة ‐ Réalisée avec Clipchamp.mp4', 'thumbnails/abajim.png', 10, 15, 1665, NULL, NULL),
(13, 'exrcice 5 page 11 leçon 2 période 2 trimestre 4 éme année', 'videos/home/4eme/exrcice 5 page 11 leçon 2 période 2 trimestre 4 éme année ‐ Réalisée avec Clipchamp.mp4', 'thumbnails/abajim.png', 11, 15, 1318, NULL, NULL),
(14, 'اصلاح التمرين 2 ص 18 من كتاب سنة 5 رياضيات ', '/videos/home/5eme/اصلاح التمرين 2 ص 18 من كتاب سنة 5 رياضيات ‐ Réalisée avec Clipchamp - Copie.mp4', 'thumbnails/abajim.png', 18, 25, 1426, NULL, NULL),
(15, 'إصلاح تمرين _أوظف مكتسباتي_ ص 5 بكتاب المواد الإجتماعية للسنة الخامسة ', '/videos/home/5eme/اصلاح التمرين 2 ص 18 من كتاب سنة 5 رياضيات ‐ Réalisée avec Clipchamp.mp4', 'thumbnails/abajim.png', 18, 23, 1880, NULL, NULL),
(17, 'أفكر و أعبر ص 13 من كتاب الإيقاض العلمي سنة الخامسة  ', '/videos/home/5eme/أفكر و أعبر ص 13 من كتاب الإيقاض العلمي سنة الخامسة ‐ Réalisée avec Clipchamp.mp4', 'thumbnails/abajim.png', 13, 26, 1426, NULL, NULL),
(18, 'اصلاح التمرين 2 ص 18 من كتاب سنة 5 رياضيات ', '/videos/home/5eme/اصلاح التمرين 2 ص 18 من كتاب سنة 5 رياضيات ‐ Réalisée avec Clipchamp.mp4', 'thumbnails/abajim.png', 18, 29, 1426, NULL, NULL);

-- --------------------------------------------------------

--
-- Structure de la table `jazzcash_transactions`
--

CREATE TABLE `jazzcash_transactions` (
  `id` bigint UNSIGNED NOT NULL,
  `txn_ref_no` varchar(255) COLLATE utf8mb4_unicode_ci NOT NULL,
  `order` longtext CHARACTER SET utf8mb4 COLLATE utf8mb4_bin NOT NULL COMMENT 'Order data fields and values',
  `request` longtext CHARACTER SET utf8mb4 COLLATE utf8mb4_bin NOT NULL COMMENT 'Jazzcash request data fields and values',
  `response` longtext CHARACTER SET utf8mb4 COLLATE utf8mb4_bin COMMENT 'Jazzcash response data fields and values',
  `status` enum('pending','error','completed') COLLATE utf8mb4_unicode_ci NOT NULL DEFAULT 'pending',
  `created_at` timestamp NULL DEFAULT NULL,
  `updated_at` timestamp NULL DEFAULT NULL
) ENGINE=InnoDB DEFAULT CHARSET=utf8mb4 COLLATE=utf8mb4_unicode_ci;

-- --------------------------------------------------------

--
-- Structure de la table `likes`
--

CREATE TABLE `likes` (
  `id` bigint UNSIGNED NOT NULL,
  `user_id` int UNSIGNED NOT NULL,
  `video_id` int UNSIGNED NOT NULL,
  `created_at` timestamp NULL DEFAULT NULL,
  `updated_at` timestamp NULL DEFAULT NULL
) ENGINE=InnoDB DEFAULT CHARSET=utf8mb4 COLLATE=utf8mb4_unicode_ci;

--
-- Déchargement des données de la table `likes`
--

INSERT INTO `likes` (`id`, `user_id`, `video_id`, `created_at`, `updated_at`) VALUES
(93, 1537, 146, '2024-10-04 08:19:12', '2024-10-04 08:19:12'),
(96, 1649, 147, '2024-10-04 21:17:32', '2024-10-04 21:17:32'),
(97, 1654, 147, '2024-10-05 08:18:28', '2024-10-05 08:18:28'),
(100, 1739, 158, '2024-10-08 10:26:09', '2024-10-08 10:26:09'),
(118, 1842, 158, '2024-10-11 15:26:53', '2024-10-11 15:26:53'),
(125, 1843, 158, '2024-10-12 08:38:58', '2024-10-12 08:38:58'),
(126, 1846, 147, '2024-10-12 08:42:24', '2024-10-12 08:42:24'),
(132, 1863, 158, '2024-10-13 10:41:43', '2024-10-13 10:41:43'),
(135, 1853, 158, '2024-10-14 05:53:38', '2024-10-14 05:53:38'),
(136, 1870, 158, '2024-10-14 05:57:51', '2024-10-14 05:57:51'),
(137, 1870, 174, '2024-10-14 05:58:12', '2024-10-14 05:58:12'),
(139, 1869, 179, '2024-10-14 06:05:05', '2024-10-14 06:05:05'),
(141, 1869, 147, '2024-10-14 06:27:46', '2024-10-14 06:27:46'),
(143, 1871, 332, '2024-10-14 10:28:29', '2024-10-14 10:28:29'),
(144, 1875, 332, '2024-10-14 10:31:38', '2024-10-14 10:31:38'),
(145, 1870, 214, '2024-10-14 12:05:57', '2024-10-14 12:05:57'),
(146, 1881, 156, '2024-10-14 12:25:25', '2024-10-14 12:25:25'),
(147, 1881, 192, '2024-10-14 12:25:40', '2024-10-14 12:25:40'),
(149, 1887, 332, '2024-10-14 16:33:58', '2024-10-14 16:33:58'),
(151, 1886, 158, '2024-10-15 06:59:34', '2024-10-15 06:59:34'),
(152, 1886, 171, '2024-10-15 07:27:48', '2024-10-15 07:27:48'),
(153, 1886, 179, '2024-10-15 07:31:21', '2024-10-15 07:31:21'),
(154, 1905, 332, '2024-10-15 10:19:42', '2024-10-15 10:19:42'),
(155, 1905, 337, '2024-10-15 10:20:03', '2024-10-15 10:20:03'),
(168, 1944, 161, '2024-10-17 10:53:16', '2024-10-17 10:53:16'),
(169, 1945, 161, '2024-10-17 11:02:20', '2024-10-17 11:02:20'),
(170, 1945, 165, '2024-10-17 11:04:32', '2024-10-17 11:04:32'),
(172, 1899, 558, '2024-10-18 09:37:07', '2024-10-18 09:37:07'),
(189, 1991, 156, '2024-10-22 16:58:01', '2024-10-22 16:58:01'),
(193, 1977, 147, '2024-10-24 10:28:12', '2024-10-24 10:28:12'),
(195, 2003, 364, '2024-10-24 11:08:18', '2024-10-24 11:08:18'),
(198, 2010, 158, '2024-10-25 08:58:12', '2024-10-25 08:58:12'),
(199, 2015, 346, '2024-10-28 07:26:10', '2024-10-28 07:26:10'),
(200, 1977, 161, '2024-10-28 11:15:20', '2024-10-28 11:15:20'),
(201, 1977, 176, '2024-10-28 11:27:18', '2024-10-28 11:27:18'),
(202, 2017, 672, '2024-10-29 07:41:25', '2024-10-29 07:41:25'),
(203, 2058, 332, '2024-10-29 17:21:09', '2024-10-29 17:21:09'),
(204, 2068, 147, '2024-10-30 13:06:38', '2024-10-30 13:06:38'),
(205, 2073, 147, '2024-10-30 14:12:38', '2024-10-30 14:12:38'),
(208, 2098, 385, '2024-11-02 05:38:43', '2024-11-02 05:38:43'),
(209, 2100, 152, '2024-11-02 06:33:32', '2024-11-02 06:33:32'),
(210, 2100, 253, '2024-11-02 06:39:36', '2024-11-02 06:39:36'),
(211, 2112, 179, '2024-11-02 11:49:41', '2024-11-02 11:49:41'),
(212, 2112, 147, '2024-11-02 11:59:33', '2024-11-02 11:59:33'),
(213, 2112, 146, '2024-11-02 11:59:59', '2024-11-02 11:59:59'),
(214, 2121, 385, '2024-11-03 08:14:12', '2024-11-03 08:14:12'),
(217, 2121, 387, '2024-11-03 08:40:12', '2024-11-03 08:40:12'),
(218, 2122, 178, '2024-11-03 20:45:07', '2024-11-03 20:45:07'),
(221, 2151, 671, '2024-11-06 17:03:00', '2024-11-06 17:03:00'),
(223, 2167, 149, '2024-11-06 20:31:20', '2024-11-06 20:31:20'),
(224, 2167, 253, '2024-11-06 20:57:41', '2024-11-06 20:57:41'),
(226, 2131, 158, '2024-11-08 11:04:56', '2024-11-08 11:04:56'),
(227, 2131, 160, '2024-11-08 11:06:52', '2024-11-08 11:06:52'),
(228, 2131, 162, '2024-11-08 11:07:27', '2024-11-08 11:07:27'),
(229, 2168, 382, '2024-11-08 12:31:54', '2024-11-08 12:31:54'),
(230, 2217, 499, '2024-11-09 08:16:09', '2024-11-09 08:16:09'),
(232, 2226, 149, '2024-11-09 13:15:21', '2024-11-09 13:15:21'),
(233, 2062, 563, '2024-11-10 12:34:55', '2024-11-10 12:34:55'),
(234, 2168, 301, '2024-11-10 20:19:33', '2024-11-10 20:19:33'),
(235, 2246, 422, '2024-11-11 09:09:34', '2024-11-11 09:09:34'),
(236, 2249, 149, '2024-11-11 11:15:48', '2024-11-11 11:15:48'),
(238, 2257, 149, '2024-11-11 13:40:41', '2024-11-11 13:40:41'),
(239, 2261, 240, '2024-11-11 18:18:08', '2024-11-11 18:18:08'),
(240, 2261, 182, '2024-11-11 18:38:55', '2024-11-11 18:38:55'),
(241, 2261, 253, '2024-11-11 18:44:21', '2024-11-11 18:44:21'),
(242, 2278, 671, '2024-11-12 16:58:02', '2024-11-12 16:58:02'),
(243, 2073, 149, '2024-11-13 08:32:10', '2024-11-13 08:32:10'),
(245, 2073, 367, '2024-11-15 17:30:05', '2024-11-15 17:30:05'),
(246, 2073, 368, '2024-11-15 17:32:00', '2024-11-15 17:32:00'),
(249, 2435, 450, '2024-11-18 17:33:21', '2024-11-18 17:33:21'),
(250, 2448, 149, '2024-11-20 07:29:37', '2024-11-20 07:29:37'),
(254, 2073, 209, '2024-11-21 15:15:44', '2024-11-21 15:15:44'),
(255, 2168, 199, '2024-11-21 17:46:48', '2024-11-21 17:46:48'),
(256, 2523, 218, '2024-11-26 06:42:26', '2024-11-26 06:42:26'),
(271, 2619, 147, '2024-12-05 14:59:20', '2024-12-05 14:59:20'),
(272, 2586, 147, '2024-12-05 15:00:34', '2024-12-05 15:00:34'),
(273, 2142, 721, '2024-12-06 11:38:33', '2024-12-06 11:38:33'),
(274, 2642, 149, '2024-12-11 09:01:09', '2024-12-11 09:01:09'),
(281, 2606, 717, '2024-12-13 01:51:46', '2024-12-13 01:51:46'),
(282, 2313, 717, '2024-12-13 10:07:57', '2024-12-13 10:07:57'),
(283, 2073, 184, '2024-12-13 11:29:58', '2024-12-13 11:29:58'),
(284, 2073, 165, '2024-12-15 19:20:36', '2024-12-15 19:20:36'),
(285, 2142, 495, '2024-12-16 09:57:32', '2024-12-16 09:57:32'),
(287, 2666, 425, '2024-12-20 20:08:49', '2024-12-20 20:08:49');

-- --------------------------------------------------------

--
-- Structure de la table `manuels`
--

CREATE TABLE `manuels` (
  `id` int UNSIGNED NOT NULL,
  `name` varchar(200) COLLATE utf8mb4_unicode_ci NOT NULL,
  `material_id` int UNSIGNED NOT NULL,
  `logo` varchar(64) COLLATE utf8mb4_unicode_ci DEFAULT NULL,
  `created_at` timestamp NULL DEFAULT NULL,
  `updated_at` timestamp NULL DEFAULT NULL,
  `opt_id` int UNSIGNED NOT NULL
) ENGINE=InnoDB DEFAULT CHARSET=utf8mb4 COLLATE=utf8mb4_unicode_ci;

--
-- Déchargement des données de la table `manuels`
--

INSERT INTO `manuels` (`id`, `name`, `material_id`, `logo`, `created_at`, `updated_at`, `opt_id`) VALUES
(1, 'أنيسي قراءة ', 1, '1_ere/anisi_kiraa.jpg', NULL, NULL, 0),
(2, 'أنيسي تمارين', 1, '1_ere/anisi_tamarine.jpg', NULL, NULL, 0),
(3, 'رياضيات', 2, '1_ere/riadhiat_1.jpg', NULL, NULL, 0),
(4, 'رياضيات', 3, '2_eme/riadhiat_thania/riadhiat_thania.png', NULL, NULL, 0),
(5, 'مساراتي - كتاب القراءة', 4, '2_eme/masarati_kiraa/sana_thania.png\r\n', NULL, NULL, 0),
(6, 'مساراتي التمارين', 4, '2_eme/masarati_tamarine/masarati_tamarine-thania.png', NULL, NULL, 0),
(7, 'ينابيع القراءة', 5, '3_eme/kira3.jpg', NULL, NULL, 0),
(8, 'ينابيع الكتابة - تمارين', 5, '3_eme/yanabia_kitaba_thaltha.jpg', NULL, NULL, 0),
(9, 'الإيقاظ العلمي', 6, '3_eme/ikadh3.jpg', NULL, NULL, 0),
(10, 'Manuel de lecture', 7, '3_eme/frenchlecture3.jpg', NULL, NULL, 0),
(11, 'Cahier dactivités ', 7, '3_eme/frenchactiv3.jpg', NULL, NULL, 0),
(12, 'رياضيات ', 8, '3_eme/math3.jpg', NULL, NULL, 0),
(13, 'رياضيات', 9, '4_eme/riadhiat/logo.jpg', NULL, NULL, 0),
(14, 'رياضيات كراس التمارين', 9, '4_eme/riadhiat_tamarine/riadhiat_tamarine.jpg', NULL, NULL, 0),
(15, 'الإيقاظ العلمي', 10, '4_eme/ikaadh/ikadh.jpeg', NULL, NULL, 0),
(16, 'Manuel de lecture', 11, '4_eme/français_lecture/FR_lecture.jpeg', NULL, NULL, 0),
(17, 'Cahier dactivités', 11, '4_eme/français_acitivite/fr_activite.jpg', NULL, NULL, 0),
(18, 'دروب الحوار', 12, '4_eme/douroub_hiwar/douroub_hiwar_rabaa.jpeg', NULL, NULL, 0),
(19, 'التواصل كتاب التمارين', 12, '4_eme/adawat_tawasol_tamarine/adawat_tawasol_tamarine.jpeg', NULL, NULL, 0),
(20, 'الإيقاظ العلمي', 13, '5_eme/ikadh5.jpg', NULL, NULL, 0),
(21, 'Manuel de lecture', 14, '5_eme/frenchlecture5.jpg', NULL, NULL, 0),
(22, 'Cahier dactivités ', 14, '5_eme/frenchactivite5.jpg', NULL, NULL, 0),
(23, 'المواد الاجتماعية ', 15, '5_eme/ejtime35.jpg', NULL, NULL, 0),
(24, 'كراس الرياضيات', 16, '5_eme/math5k.jpg', NULL, NULL, 0),
(25, 'كتاب الرياضيات', 16, '5_eme/math5.jpg', NULL, NULL, 0),
(26, 'مسالك الكتابة - كتاب التمارين', 17, '5_eme/kiteba5.jpg', NULL, NULL, 0),
(27, 'مسالك القراءة - كتاب النصوص ', 17, '5_eme/lecture5.jpg', NULL, NULL, 0),
(28, 'كراس الرياضيات', 18, '6_eme/math6k.jpeg', NULL, NULL, 0),
(29, 'كتاب الرياضيات', 18, '6_eme/kitab_riadhiat.jpeg', NULL, NULL, 0),
(30, 'كتاب التاريخ و الجغرافيا', 19, '6_eme/terikh6.jpg', NULL, NULL, 0),
(31, 'Prime English', 20, '6_eme/english6.jpg', NULL, NULL, 0),
(32, 'Cahier dactivités ', 21, '6_eme/frenchactiv6.jpg', NULL, NULL, 0),
(33, 'Manuel de lecture ', 21, '6_eme/frenchlecture6.jpg', NULL, NULL, 0),
(34, 'عالم القراءة - كتاب النصوص ', 22, '6_eme/kitab_nousous.jpg', NULL, NULL, 0),
(35, 'عالم الكتابة - كتاب التمارين ', 22, '6_eme/alam_kitaba_tamarine.jpg', NULL, NULL, 0),
(36, 'الإيقاظ العلمي', 23, '6_eme/ikadh6.jpg', NULL, NULL, 0);

-- --------------------------------------------------------

--
-- Structure de la table `materials`
--

CREATE TABLE `materials` (
  `id` int UNSIGNED NOT NULL,
  `name` varchar(200) COLLATE utf8mb4_unicode_ci NOT NULL,
  `created_at` timestamp NULL DEFAULT NULL,
  `updated_at` timestamp NULL DEFAULT NULL,
  `section_id` int UNSIGNED DEFAULT NULL
) ENGINE=InnoDB DEFAULT CHARSET=utf8mb4 COLLATE=utf8mb4_unicode_ci;

--
-- Déchargement des données de la table `materials`
--

INSERT INTO `materials` (`id`, `name`, `created_at`, `updated_at`, `section_id`) VALUES
(1, 'العربية', NULL, NULL, 1),
(2, 'رياضيات', NULL, NULL, 1),
(3, 'رياضيات', NULL, NULL, 2),
(4, 'العربية', NULL, NULL, 2),
(5, 'العربية', NULL, NULL, 3),
(6, 'الإيقاظ العلمي', NULL, NULL, 3),
(7, 'الفرنسية', NULL, NULL, 3),
(8, 'رياضيات', NULL, NULL, 3),
(9, 'رياضيات', NULL, NULL, 4),
(10, 'الإيقاظ العلمي', NULL, NULL, 4),
(11, 'الفرنسية', NULL, NULL, 4),
(12, 'العربية', NULL, NULL, 4),
(13, 'الإيقاظ العلمي', NULL, NULL, 5),
(14, 'الفرنسية', NULL, NULL, 5),
(15, 'المواد الاجتماعية', NULL, NULL, 5),
(16, 'رياضيات', NULL, NULL, 5),
(17, 'العربية', NULL, NULL, 5),
(18, 'رياضيات', NULL, NULL, 6),
(19, 'المواد الاجتماعية', NULL, NULL, 6),
(20, 'الإنجليزية', NULL, NULL, 6),
(21, 'الفرنسية', NULL, NULL, 6),
(22, 'العربية', NULL, NULL, 6),
(23, 'الإيقاظ العلمي', NULL, NULL, 6);

-- --------------------------------------------------------

--
-- Structure de la table `meetings`
--

CREATE TABLE `meetings` (
  `id` int UNSIGNED NOT NULL,
  `teacher_id` int UNSIGNED NOT NULL,
  `amount` int UNSIGNED DEFAULT NULL,
  `discount` int DEFAULT NULL,
  `group_meeting` tinyint(1) NOT NULL DEFAULT '0',
  `online_group_min_student` int DEFAULT NULL,
  `online_group_max_student` int DEFAULT NULL,
  `online_group_amount` int DEFAULT NULL,
  `disabled` tinyint(1) DEFAULT '0',
  `created_at` int NOT NULL,
  `discount_start_date` bigint UNSIGNED DEFAULT NULL,
  `discount_end_date` bigint UNSIGNED DEFAULT NULL
) ENGINE=InnoDB DEFAULT CHARSET=utf8mb4 COLLATE=utf8mb4_unicode_ci ROW_FORMAT=DYNAMIC;

--
-- Déchargement des données de la table `meetings`
--

INSERT INTO `meetings` (`id`, `teacher_id`, `amount`, `discount`, `group_meeting`, `online_group_min_student`, `online_group_max_student`, `online_group_amount`, `disabled`, `created_at`, `discount_start_date`, `discount_end_date`) VALUES
(97, 1954, 5, 10, 0, NULL, NULL, NULL, 0, 1734448000, NULL, NULL),
(98, 1316, NULL, NULL, 0, NULL, NULL, NULL, 0, 1734529412, NULL, NULL),
(99, 1411, NULL, NULL, 0, NULL, NULL, NULL, 0, 1734608662, NULL, NULL),
(100, 2624, NULL, NULL, 0, NULL, NULL, NULL, 0, 1734709833, NULL, NULL);

-- --------------------------------------------------------

--
-- Structure de la table `meeting_files`
--

CREATE TABLE `meeting_files` (
  `id` bigint UNSIGNED NOT NULL,
  `meeting_id` int UNSIGNED NOT NULL,
  `file_path` varchar(255) COLLATE utf8mb4_unicode_ci NOT NULL,
  `created_at` bigint UNSIGNED NOT NULL,
  `updated_at` bigint UNSIGNED NOT NULL
) ENGINE=InnoDB DEFAULT CHARSET=utf8mb4 COLLATE=utf8mb4_unicode_ci;

--
-- Déchargement des données de la table `meeting_files`
--

INSERT INTO `meeting_files` (`id`, `meeting_id`, `file_path`, `created_at`, `updated_at`) VALUES
(1, 97, 'meeting_files/Z0DopOpLPRhQFB9lOG5eMQo1qv5wDcYOQYWFAw46.jpg', 1734614411, 1734614411);

-- --------------------------------------------------------

--
-- Structure de la table `meeting_times`
--

CREATE TABLE `meeting_times` (
  `id` int UNSIGNED NOT NULL,
  `meeting_id` int UNSIGNED NOT NULL,
  `day_label` enum('saturday','sunday','monday','tuesday','wednesday','thursday','friday') COLLATE utf8mb4_unicode_ci NOT NULL,
  `level_id` int UNSIGNED DEFAULT NULL,
  `matiere_id` int UNSIGNED DEFAULT NULL,
  `min_students` int UNSIGNED DEFAULT NULL,
  `max_students` int UNSIGNED DEFAULT NULL,
  `meet_date` bigint DEFAULT NULL,
  `created_at` bigint DEFAULT NULL,
  `start_time` int NOT NULL,
  `end_time` int NOT NULL,
  `submaterial_id` int UNSIGNED DEFAULT NULL
) ENGINE=InnoDB DEFAULT CHARSET=utf8mb4 COLLATE=utf8mb4_unicode_ci ROW_FORMAT=DYNAMIC;

--
-- Déchargement des données de la table `meeting_times`
--

INSERT INTO `meeting_times` (`id`, `meeting_id`, `day_label`, `level_id`, `matiere_id`, `min_students`, `max_students`, `meet_date`, `created_at`, `start_time`, `end_time`, `submaterial_id`) VALUES
(368, 97, 'saturday', 8, 5, 5, 40, 1734134400, 1734613507, 1734617040, 1734620640, 2),
(369, 97, 'saturday', 6, 1, 5, 10, 1734134400, 1734613965, 1734631200, 1734638400, 1),
(370, 97, 'saturday', 6, 1, 20, 40, 1734134400, 1734614411, 1734642000, 1734649200, 3);

-- --------------------------------------------------------

--
-- Structure de la table `migrations`
--

CREATE TABLE `migrations` (
  `id` int UNSIGNED NOT NULL,
  `migration` varchar(255) COLLATE utf8mb4_unicode_ci NOT NULL,
  `batch` int NOT NULL
) ENGINE=InnoDB DEFAULT CHARSET=utf8mb4 COLLATE=utf8mb4_unicode_ci ROW_FORMAT=DYNAMIC;

--
-- Déchargement des données de la table `migrations`
--

INSERT INTO `migrations` (`id`, `migration`, `batch`) VALUES
(1, '2014_10_12_000000_create_users_table', 1),
(2, '2014_10_12_100000_create_password_resets_table', 1),
(3, '2020_08_09_145553_create_roles_table', 1),
(4, '2020_08_09_145834_create_sections_table', 1),
(5, '2020_08_09_145926_create_permissions_table', 1),
(6, '2020_08_24_163003_create_webinars_table', 1),
(7, '2020_08_24_164823_create_webinar_partner_teacher_table', 1),
(8, '2020_08_24_165658_create_tags_table', 1),
(9, '2020_08_24_165835_create_webinar_tag_table', 1),
(10, '2020_08_24_171611_create_categories_table', 1),
(11, '2020_08_29_052437_create_filters_table', 1),
(12, '2020_08_29_052900_create_filter_options_table', 1),
(14, '2020_09_01_174741_add_seo_description_and_start_end_time_in_webinar_table', 1),
(15, '2020_09_02_180508_create_webinar_filter_option_table', 1),
(16, '2020_09_02_193923_create_tickets_table', 1),
(17, '2020_09_02_210447_create_sessions_table', 1),
(18, '2020_09_02_212642_create_files_table', 1),
(19, '2020_09_03_175543_create_faqs_table', 1),
(20, '2020_09_08_175539_delete_webinar_tag_and_update_tag_table', 1),
(21, '2020_09_09_154522_create_quizzes_table', 1),
(22, '2020_09_09_174646_create_quizzes_questions_table', 1),
(23, '2020_09_09_182726_create_quizzes_questions_answers_table', 1),
(24, '2020_09_14_160028_create_prerequisites_table', 1),
(25, '2020_09_14_183235_nullable_item_id_in_quizzes_table', 1),
(26, '2020_09_14_190110_create_webinar_quizzes_table', 1),
(27, '2020_09_16_163835_create_quizzes_results_table', 1),
(28, '2020_09_24_102115_add_total_mark_in_quize_table', 1),
(29, '2020_09_24_132242_create_comment_table', 1),
(30, '2020_09_24_132639_create_favorites_table', 1),
(31, '2020_09_26_181200_create_certificate_table', 1),
(32, '2020_09_26_181444_create_certificates_templates_table', 1),
(33, '2020_09_30_170451_add_slug_in_webinars_table', 1),
(34, '2020_09_30_191202_create_purchases_table', 1),
(35, '2020_10_02_063828_create_rating_table', 1),
(36, '2020_10_02_094723_edit_table_and_add_foreign_key', 1),
(37, '2020_10_08_055408_add_reviwes_table', 1),
(38, '2020_10_08_084100_edit_status_comments_table', 1),
(39, '2020_10_08_121041_create_meetings_table', 2),
(40, '2020_10_08_121621_create_meeting_times_table', 2),
(41, '2020_10_08_121848_create_meeting_requests_table', 2),
(42, '2020_10_15_172913_add_about_and_head_line_in_users_table', 2),
(43, '2020_10_15_173645_create_follow_table', 2),
(46, '2020_10_17_100606_create_badges_table', 3),
(47, '2020_10_08_121848_create_reserve_meetings_table', 4),
(48, '2020_10_20_193013_update_users_table', 5),
(50, '2020_10_18_220323_convert_creatore_user_id_to_creator_id', 7),
(51, '2020_10_22_153502_create_cart_table', 7),
(52, '2020_10_22_154636_create_orders_table', 7),
(53, '2020_10_22_155930_create_order_items_table', 7),
(54, '2020_10_23_204203_create_sales_table', 7),
(55, '2020_10_23_211459_create_accounting_table', 7),
(56, '2020_10_23_213515_create_discounts_table', 7),
(57, '2020_10_23_213934_create_discount_users_table', 7),
(58, '2020_10_23_235444_create_ticket_users_table', 7),
(59, '2020_10_25_172331_create_groups_table', 7),
(60, '2020_10_25_172523_create_group_users_table', 7),
(62, '2020_11_02_202754_edit_email_in_users_table', 8),
(63, '2020_11_03_200314_edit_some_tables', 9),
(64, '2020_11_06_193300_create_settings_table', 10),
(67, '2020_11_09_202533_create_feature_webinars_table', 11),
(68, '2020_11_10_193459_edit_webinars_table', 12),
(69, '2020_11_11_203344_create_trend_categories_table', 13),
(72, '2020_11_11_222833_create_blog_categories_table', 14),
(75, '2020_11_11_231204_create_blog_table', 15),
(76, '2020_10_25_223247_add_sub_title_tickets_table', 16),
(77, '2020_10_28_001340_add_count_in_discount_users_table', 16),
(78, '2020_10_28_221509_create_payment_channels_table', 16),
(79, '2020_11_01_120909_change_class_name_enum_payment_channels_table', 16),
(80, '2020_11_07_233948_add_some_raw_in_order_items__table', 16),
(81, '2020_11_10_061350_add_discount_id_in_order_items_table', 16),
(82, '2020_11_10_071651_decimal_orders_order_items_sales_table', 16),
(83, '2020_11_11_193138_change_reference_id_type_in_orders_tabel', 16),
(84, '2020_11_11_222413_change_meeting_id_to_meeting_time_id_in_order_items_table', 16),
(85, '2020_11_11_225421_add_locked_at_and_reserved_at_and_change_request_time_to_day_in_reserve_meetings_table', 17),
(86, '2020_11_12_000116_add_type_in_orders_table', 17),
(87, '2020_11_12_001912_change_meeting_id_to_meeting_time_id_in_accounting_table', 17),
(88, '2020_11_12_133009_decimal_paid_amount_in_reserve_meetings_table', 17),
(91, '2020_11_12_170109_add_blog_id_to_comments_table', 18),
(98, '2020_11_14_201228_add_bio_and_ban_to_users_table', 20),
(99, '2020_11_14_224447_create_users_badges_table', 21),
(100, '2020_11_14_233319_create_payout_request_table', 22),
(101, '2020_11_15_010622_change_byer_id_and_add_seller_id_in_sales_table', 22),
(102, '2020_11_16_195009_create_supports_table', 22),
(103, '2020_11_16_201814_create_support_departments_table', 22),
(107, '2020_11_16_202254_create_supports_table', 23),
(109, '2020_11_17_192744_create_support_conversations_table', 24),
(110, '2020_11_17_072348_create_offline_payments_table', 25),
(111, '2020_11_19_191943_add_replied_status_to_comments_table', 25),
(114, '2020_11_20_215748_create_subscribes_table', 26),
(115, '2020_11_21_185519_create_notification_templates_table', 27),
(116, '2020_11_22_210832_create_promotions_table', 28),
(118, '2020_11_23_194153_add_status_column_to_discounts_table', 29),
(119, '2020_11_23_213532_create_users_occupations_table', 30),
(120, '2020_11_30_220855_change_amount_in_payouts_table', 31),
(121, '2020_11_30_231334_add_pay_date_in_offline_payments_table', 31),
(122, '2020_11_30_233018_add_charge_enum_in_type_in_orders_table', 31),
(123, '2020_12_01_193948_create_testimonials_table', 32),
(128, '2020_12_04_204048_add_column_creator_id_to_some_tables', 34),
(129, '2020_12_05_205320_create_text_lessons_table', 35),
(130, '2020_12_05_210052_create_text_lessons_attachments_table', 36),
(131, '2020_12_06_215701_add_order_column_to_webinar_items_tables', 37),
(132, '2020_12_11_114844_add_column_storage_to_files_table', 38),
(133, '2020_12_07_211009_add_subscribe_id_in_order_items_table', 39),
(134, '2020_12_07_211657_nullable_payment_method_in_orders_table', 39),
(135, '2020_12_07_212306_add_subscribe_enum__type_in_orders_table', 39),
(136, '2020_12_07_223237_changes_in_sales_table', 39),
(137, '2020_12_07_224925_add_subscribe_id_in_accounting_table', 39),
(138, '2020_12_07_230200_create_subscribe_uses_table', 39),
(139, '2020_12_11_123209_add_subscribe_type_account_in_accounting_table', 39),
(140, '2020_12_11_132819_add_sale_id_in_subscribe_use_in_subscribe_uses_table', 39),
(141, '2020_12_11_135824_add_subscribe_payment_method_in_sales_table', 39),
(143, '2020_12_13_205751_create_advertising_banners_table', 41),
(145, '2020_12_14_204251_create_become_instructors_table', 42),
(146, '2020_11_12_232207_create_reports_table', 43),
(147, '2020_11_12_232207_create_comments_reports_table', 44),
(148, '2020_12_17_210822_create_webinar_reports_table', 45),
(150, '2020_12_18_181551_create_notifications_table', 46),
(151, '2020_12_18_195833_create_notifications_status_table', 47),
(152, '2020_12_19_195152_add_status_column_to_payment_channels_table', 48),
(154, '2020_12_20_231434_create_contacts_table', 49),
(155, '2020_12_21_210345_edit_quizzes_table', 50),
(156, '2020_12_24_221715_add_column_to_users_table', 50),
(157, '2020_12_24_084728_create_special_offers_table', 51),
(158, '2020_12_25_204545_add_promotion_enum_type_in_orders_table', 51),
(159, '2020_12_25_205139_add_promotion_id_in_order_items_table', 51),
(160, '2020_12_25_205811_add_promotion_id_in_accounting_table', 51),
(161, '2020_12_25_210341_add_promotion_id_in_sales_table', 51),
(162, '2020_12_25_212453_add_promotion_type_account_enum_in_accounting_table', 51),
(163, '2020_12_25_231005_add_promotion_type_enum_in_sales_table', 51),
(166, '2020_12_29_192943_add_column_reply_to_contacts_table', 53),
(167, '2020_12_30_225001_create_payu_transactions_table', 54),
(168, '2021_01_06_202649_edit_column_password_from_users_table', 55),
(169, '2021_01_08_134022_add_api_column_to_sessions_table', 56),
(170, '2021_01_10_215540_add_column_store_type_to_accounting', 57),
(173, '2021_01_13_214145_edit_carts_table', 58),
(174, '2021_01_13_230725_delete_column_type_from_orders_table', 59),
(175, '2021_01_20_214653_add_discount_column_to_reserve_meetings_table', 60),
(177, '2021_01_27_193915_add_foreign_key_to_support_conversations_table', 61),
(178, '2021_02_02_203821_add_viewed_at_column_to_comments_table', 62),
(180, '2021_02_12_134504_add_financial_approval_column_to_users_table', 64),
(181, '2021_02_12_131916_create_verifications_table', 65),
(182, '2021_02_15_221518_add_certificate_to_users_table', 66),
(184, '2021_02_18_213601_edit_rates_column_webinar_reviews_table', 67),
(188, '2021_02_27_212131_create_noticeboards_table', 68),
(189, '2021_02_27_213940_create_noticeboards_status_table', 68),
(191, '2021_02_28_195025_edit_groups_table', 69),
(192, '2021_03_06_205221_create_newsletters_table', 70),
(193, '2021_03_12_105526_add_is_main_column_to_roles_table', 71),
(194, '2021_03_12_202441_add_description_column_to_feature_webinars_table', 72),
(195, '2021_03_18_130248_edit_status_column_from_supports_table', 73),
(196, '2021_03_19_113306_add_column_order_to_categories_table', 74),
(197, '2021_03_19_115939_add_column_order_to_filter_options_table', 75),
(199, '2021_03_24_100005_edit_discounts_table', 76),
(200, '2021_03_27_204551_create_sales_status_table', 77),
(202, '2021_03_28_182558_add_column_page_to_settings_table', 78),
(206, '2021_03_31_195835_add_new_status_in_reserve_meetings_table', 79),
(207, '2020_12_12_204705_create_course_learning_table', 80),
(208, '2021_04_19_195452_add_meta_description_column_to_blog_table', 81),
(209, '2021_04_21_200131_add_icon_column_to_categories_table', 82),
(210, '2021_04_21_203746_add_is_popular_column_to_subscribes_table', 83),
(211, '2021_04_25_203955_add_is_charge_account_column_to_order_items', 84),
(212, '2021_04_25_203955_add_is_charge_account_column_to_orders', 85),
(213, '2021_05_13_111720_add_moderator_secret_column_to_sessions_table', 86),
(214, '2021_05_13_123920_add_zoom_id_column_to_sessions_table', 87),
(215, '2021_05_14_182848_create_session_reminds_table', 88),
(217, '2021_05_25_193743_create_users_zoom_api_table', 89),
(218, '2021_05_25_205716_add_new_column_to_sessions_table', 90),
(219, '2021_05_27_095128_add_user_id_to_newsletters_table', 91),
(220, '2020_12_27_192459_create_pages_table', 92),
(221, '2021_07_03_222439_add_special_offer_id_to_cart_table', 93),
(222, '2021_09_02_101422_add_payment_data_to_orders_table', 94),
(223, '2021_09_02_110519_add_sender_id_to_notifications_table', 95),
(224, '2021_09_06_113524_create_webinar_chapters_table', 96),
(228, '2021_09_06_114459_add_chapter_id_to_files_table', 97),
(229, '2021_09_06_114532_add_chapter_id_to_text_lessons_table', 97),
(230, '2021_09_06_114547_add_chapter_id_to_sessions_table', 97),
(231, '2021_09_13_134659_add_chapter_id_to_quizzes_table', 98),
(234, '2021_09_14_122505_create_affiliates_table', 100),
(235, '2021_09_14_122117_create_affiliates_codes_table', 101),
(239, '2021_09_14_142927_add_affiliate_column_to_users_table', 105),
(241, '2021_09_14_142302_add_affiliate_column_to_accounting_table', 106),
(244, '2021_09_18_155914_create_blog_translations_table', 107),
(246, '2021_09_19_190400_create_page_translations_table', 108),
(248, '2021_09_19_203526_create_setting_translations_table', 109),
(250, '2021_09_20_140241_create_advertising_banners_translations_table', 110),
(252, '2021_09_20_175518_create_category_translations_table', 111),
(255, '2021_09_20_184724_create_filter_translations_table', 112),
(256, '2021_09_20_185132_create_filter_option_translations_table', 112),
(258, '2021_09_21_160650_create_subscribe_translations_table', 113),
(260, '2021_09_21_162922_create_promotion_translations_table', 114),
(262, '2021_09_21_164954_create_testimonial_translations_table', 115),
(264, '2021_09_21_182251_create_feature_webinar_translations_table', 116),
(266, '2021_09_21_184239_create_certificate_template_translations_table', 117),
(268, '2021_09_21_195731_create_support_department_translations_table', 118),
(270, '2021_09_21_201512_create_badge_translations_table', 119),
(272, '2021_09_22_120723_create_webinar_translations_table', 120),
(274, '2021_09_22_135518_create_ticket_translations_table', 121),
(276, '2021_09_22_144342_create_webinar_chapter_translations_table', 122),
(278, '2021_09_22_162502_create_session_translations_table', 123),
(280, '2021_09_22_172309_create_file_translations_table', 124),
(282, '2021_09_22_173500_create_faq_translations_table', 125),
(284, '2021_09_23_094903_create_text_lesson_translations_table', 126),
(286, '2021_09_27_194537_create_quiz_translations_table', 127),
(288, '2021_09_28_112529_create_quiz_question_translations_table', 128),
(290, '2021_09_28_122513_create_quizzes_questions_answer_translations_table', 129),
(291, '2021_12_03_103010_add_agora_session_api_to_sessions_table', 130),
(292, '2021_12_03_103558_add_agora_to_sessions_table', 131),
(293, '2021_12_03_114009_create_agora_history_table', 132),
(295, '2021_12_04_183524_create_regions_table', 133),
(298, '2021_12_25_151304_add_new_column_to_meetings_table', 135),
(299, '2021_12_26_142304_add_new_column_to_meeting_times_table', 136),
(302, '2022_01_01_162247_add_new_column_to_reserve_meetings_table', 137),
(305, '2022_01_02_142927_create_rewards_table', 138),
(307, '2022_01_03_153517_create_rewards_accounting_table', 139),
(308, '2022_01_04_161756_add_score_column_to_badges_table', 140),
(312, '2022_01_08_154504_edit_storage_column_and_add_new_value_to_files_table', 142),
(313, '2022_01_11_162839_add_timezone_column_to_users_table', 143),
(314, '2022_01_12_142238_add_timezone_column_to_webinars_table', 144),
(315, '2022_01_15_131828_create_registration_packages_table', 145),
(319, '2022_01_15_203133_edit_columns_in_accounting_table', 146),
(320, '2022_01_16_102825_edit_columns_in_order_items_table', 147),
(321, '2022_01_17_152605_add_registration_package_id_to_sales_table', 148),
(322, '2022_01_18_103414_create_users_registration_packages_table', 149),
(323, '2022_01_18_113331_create_groups_registration_packages_table', 150),
(325, '2022_01_20_110119_add_become_instructor_id_column_to_order_items_table', 152),
(326, '2022_01_18_160228_add_column_role_to_become_instructors_table', 153),
(327, '2022_01_26_080434_add_reserve_date_columns_to_reserve_meetings_table', 154),
(328, '2022_01_28_094259_edit_column_in_discounts_table', 155),
(329, '2022_01_28_094515_create_discount_courses_table', 155),
(330, '2022_01_28_094527_create_discount_groups_table', 155),
(331, '2022_01_31_093231_add_column_description_to_meeting_times_table', 156),
(332, '2022_01_31_093306_add_column_description_to_reserve_meetings_table', 156),
(334, '2022_02_01_092922_create_newsletters_history_table', 157),
(335, '2022_02_01_104529_create_discount_categories_table', 158),
(337, '2022_02_02_092820_add_attachment_column_to_offline_payments_table', 159),
(339, '2022_02_02_184235_add_column_video_demo_source_to_webinars_table', 160),
(340, '2021_12_05_193333_add_new_column_to_users_table', 161),
(341, '2022_02_27_072819_add_forign_key_for_region_to_users_table', 162),
(347, '2022_03_05_123830_create_product_categories_table', 163),
(348, '2022_03_05_125138_create_product_filters_table', 163),
(350, '2022_03_06_091528_create_product_filter_options_table', 163),
(351, '2022_03_07_081257_create_product_specifications_table', 164),
(353, '2022_03_07_081808_create_product_specification_categories_table', 165),
(357, '2022_03_05_125434_create_products_table', 166),
(358, '2022_03_07_093128_create_product_discounts_table', 166),
(362, '2022_03_08_101832_create_product_media_table', 167),
(363, '2022_03_09_054031_create_product_selected_filter_options_table', 168),
(364, '2022_03_09_083337_create_product_specification_meta_table', 169),
(369, '2022_03_09_084108_create_product_selected_specifications_table', 170),
(370, '2022_03_09_140558_create_product_faqs_table', 171),
(374, '2022_03_11_180436_create_product_reviews_table', 174),
(375, '2022_03_11_182715_add_product_id_to_comments_reports_table', 175),
(376, '2022_03_08_094452_create_product_files_table', 176),
(377, '2022_03_11_180746_add_product_id_to_comments_table', 177),
(378, '2022_03_12_102233_add_new_position_to_advertising_banners_table', 178),
(383, '2022_03_13_072108_add_product_id_to_sales_table', 179),
(385, '2022_03_13_081212_create_product_orders_table', 180),
(386, '2022_03_19_171559_create_product_selected_specification_translations_table', 181),
(387, '2022_03_21_161055_add_create_store_column_to_users_table', 182),
(388, '2022_03_26_065509_add_new_type_to_rewards_table', 183),
(389, '2022_03_28_051949_add_product_count_column_to_registration_packages_table', 184),
(391, '2022_03_28_054322_add_product_type_column_to_discounts_table', 185),
(392, '2022_03_28_062248_edit_type_column_of_rewards_accounting_table', 186),
(393, '2022_03_28_083906_edit_type_column_to_badges_table', 187),
(394, '2022_04_02_051515_create_webinar_chapter_items_table', 188),
(395, '2022_04_02_085059_remove_type_column_from_webinar_chapters_table', 189),
(396, '2022_04_02_131352_add_check_sequence_content_fields_to_contents_tables', 190),
(399, '2022_04_04_075541_add_assignment_type_to_webinar_chapter_items_table', 192),
(400, '2022_04_04_071203_create_webinar_assignments_table', 193),
(401, '2022_04_04_071303_create_webinar_assignment_attachments_table', 193),
(405, '2022_04_05_053308_create_webinar_assignment_history_table', 194),
(406, '2022_04_05_060030_create_webinar_assignment_history_messages_table', 194),
(407, '2022_04_06_121240_add_new_type_passed_assignment_to_rewards_table', 195),
(408, '2022_04_09_064609_add_access_content_column_to_users_table', 196),
(409, '2022_04_10_073822_create_bundles_table', 197),
(410, '2022_04_10_092348_create_bundle_filter_option_table', 198),
(413, '2022_04_10_130733_create_bundle_webinars_table', 200),
(421, '2022_04_10_093457_add_bundle_id_to_needle_tables', 201),
(423, '2022_04_13_053947_create_course_noticeboards_table', 203),
(424, '2022_04_13_054536_create_course_noticeboard_status_table', 203),
(427, '2022_04_14_060606_create_course_forums_table', 205),
(428, '2022_04_14_063316_create_course_forum_answers_table', 206),
(447, '2022_04_21_133513_add_new_type_in_rewards_table', 216),
(448, '2022_04_21_135212_add_new_type_in_badges_table', 217),
(449, '2022_04_24_081637_add_new_type_instructor_blog_in_rewards_table', 218),
(450, '2022_04_24_082515_add_new_type_instructor_blog_in_badges_table', 219),
(452, '2022_04_25_043945_create_users_cookie_security_table', 220),
(453, '2022_04_25_143142_add_organization_price__column_to_webinars_table', 221),
(454, '2022_04_25_165256_add_image_and_video_to_quizzes_questions_table', 222),
(456, '2022_04_26_060018_edit_certificates_templates_table', 223),
(458, '2022_04_26_082017_edit_certificates_table', 224),
(459, '2022_04_26_155421_create_subscribe_reminds_table', 225),
(460, '2022_04_26_163428_add_instructor_id_to_noticeboards_table', 226),
(461, '2022_04_27_133655_add_unlimited_download_to_subscribes_table', 227),
(462, '2022_04_27_133655_add_infinite_use_to_subscribes_table', 228),
(463, '2022_04_27_140844_add_extra_time_to_join_to_sessions_table', 229),
(464, '2022_04_28_052318_create_webinar_extra_description_table', 230),
(466, '2022_05_09_125820_create_navbar_buttons_table', 232),
(467, '2021_06_07_000000_create_payku_transactions_table', 233),
(468, '2021_06_07_000001_create_payku_payments_table', 233),
(469, '2021_11_30_122831_create_jazzcash_transactions_table', 233),
(470, '2021_12_15_000000_add_new_columns_to_tables', 233),
(471, '2022_05_23_081324_create_product_specification_multi_values_table', 234),
(472, '2022_05_23_091527_create_product_selected_specification_multi_values_table', 235),
(475, '2022_05_23_151601_add_product_delivery_fee_column_to_sales_table', 236),
(476, '2022_04_18_103856_create_forums_table', 237),
(477, '2022_04_18_152201_create_forum_topics_table', 237),
(478, '2022_04_18_152845_create_forum_topic_attachments_table', 237),
(479, '2022_04_19_071911_create_forum_topic_posts_table', 237),
(480, '2022_04_19_123745_create_forum_topic_reports_table', 237),
(481, '2022_04_19_135314_create_forum_topic_bookmarks_table', 237),
(482, '2022_04_19_152929_create_forum_topic_likes_table', 237),
(483, '2022_04_20_152756_create_forum_featured_topics_table', 237),
(484, '2022_04_21_054043_create_forum_recommended_topics_table', 237),
(485, '2022_04_21_054815_create_forum_recommended_topic_items_table', 237),
(486, '2022_05_26_085212_change_some_column_varchar_to_text', 238),
(487, '2022_05_27_142612_add_avarat_settings_to_users_table', 239),
(489, '2022_05_01_151107_add_manual_added_column_to_sales_table', 240),
(490, '2022_05_29_162315_create_delete_account_requests_table', 241),
(491, '2020_10_20_211927_create_users_metas_table', 242),
(492, '2022_05_31_133347_add_certificate_column_to_webinars_table', 243),
(494, '2022_05_31_165839_add_online_viewer_column_to_files_table', 244),
(495, '2022_06_08_071712_create_home_sections_table', 245),
(496, '2023_02_09_104714_create_school_table', 246),
(497, '2023_02_09_104836_create_school_level_table', 246),
(498, '2023_02_09_110723_create_section_table', 247),
(499, '2023_02_09_121730_create_speciality_table', 247),
(500, '2023_02_09_121935_create_material_table', 247),
(501, '2023_02_23_125100_create_options_table', 247),
(502, '2023_02_28_114047_create_manuels_table', 247),
(503, '2023_03_28_235914_create_documents_table', 247),
(504, '2023_03_28_235949_create_videos_table', 247),
(509, '2023_05_04_151514_add_foreingn_keys_to_users_table', 248),
(510, '2023_02_13_184700_foreign_keys1', 249),
(512, '2023_05_08_112059_foreingn-keys2', 250),
(513, '2023_05_08_113815_foreingn-keys3', 250),
(515, '2023_03_28_124341_add_option_to_users', 251),
(516, '2023_03_28_120551_add_columns_to_options', 252),
(517, '2023_07_06_152626_add_user_to_video', 253),
(518, '2023_07_26_140920_add_views_to_video', 254),
(519, '2023_07_27_160522_create_teachers_table', 255),
(520, '2023_12_20_174700_create_enfant_table', 256),
(521, '2024_01_31_125717_create_user_matiere_table', 257),
(522, '2024_01_31_132701_create_user_level_table', 258),
(523, '2024_02_22_105930_create_example_table', 259),
(524, '2024_07_01_103756_add_level_id_to_subscribes_table', 259),
(525, '2024_07_03_142248_create_amel_table', 260),
(526, '2024_07_17_140631_add_level_id_to_user_matiere', 261),
(527, '2024_07_26_172746_add_level_id_and_matiere_id_to_meetings', 262),
(529, '2024_07_29_085246_add_level_id_and_matiere_id_to_meeting_times_table', 263),
(530, '2024_07_29_095653_add_min_students_and_max_students_and_meet_date_to_meeting_times_table', 264),
(531, '2024_08_05_172706_create_cache_table', 265),
(532, '2024_08_06_092301_add_3dpath_to_manuels', 265),
(533, '2024_08_06_100615_add_3dpath_to_documents', 266),
(534, '2024_08_06_124623_add_status_to_videos_table', 267),
(535, '2024_08_07_113927_add_3dpath_enfant_to_manuels', 268),
(536, '2024_08_12_134423_add_3d_path_enfant_to_documents', 269),
(537, '2024_08_14_115939_create_likes_table', 270),
(538, '2024_09_03_140249_modify_mobile_column_in_users_table', 271),
(539, '2024_09_05_113010_add_phone_to_newsletters_table', 272),
(540, '2024_09_07_130515_create_home_videos_table', 273),
(541, '2024_09_26_180336_add_user_id_to_enfant_table', 274),
(542, '2024_10_07_150637_add_guide_progress_to_users_table', 275),
(543, '2024_10_18_143220_add_total_minutes_watched_to_videos_table', 276),
(544, '2024_10_18_194328_create_user_views_table', 277),
(545, '2024_10_30_163309_add_level_id_and_material_id_to_webinars_table', 278),
(546, '2022_01_04_165147_add_points_column_to_webinars_table', 279),
(547, '2022_04_12_153052_add_access_time_to_webinars_table', 279),
(548, '2022_04_13_130155_add_column_forum_to_webinars_table', 279),
(549, '2024_10_31_091620_add_att_to_webinars', 280),
(550, '2020_08_29_054455_add_category_id_in_webinar_table', 281),
(551, '2020_12_02_202043_edit_and_add_types_to_webinars_table', 281),
(552, '2021_02_16_194103_add_cloumn_private_to_webinars_table', 282),
(553, '2024_10_31_101259_create_pdf_documents', 282),
(554, '2024_11_26_145821_create_submaterials_table', 283),
(559, '2024_11_27_130441_add_submaterial_id_to_webinars_table', 284),
(560, '2024_12_10_101649_create_notification_template_translations_table', 285),
(561, '2024_12_10_101701_add_notification_id_to_notification_templates_table', 285),
(562, '2024_12_11_105007_add_language_to_notification_templates_table', 286),
(563, '2024_12_12_102017_add_data_to_notifications_table', 287),
(564, '2024_12_17_135918_add_columns_to_meetings_table', 288),
(565, '2024_12_17_143150_add_start_end_times_to_meeting_times_table', 289),
(566, '2024_12_17_143407_create_meeting_files_table', 290),
(567, '2024_12_17_143625_add_submaterial_id_to_meeting_times_table', 291);

-- --------------------------------------------------------

--
-- Structure de la table `navbar_buttons`
--

CREATE TABLE `navbar_buttons` (
  `id` int UNSIGNED NOT NULL,
  `role_id` int UNSIGNED NOT NULL
) ENGINE=InnoDB DEFAULT CHARSET=utf8mb4 COLLATE=utf8mb4_unicode_ci;

--
-- Déchargement des données de la table `navbar_buttons`
--

INSERT INTO `navbar_buttons` (`id`, `role_id`) VALUES
(1, 1),
(2, 2),
(4, 3),
(3, 4);

-- --------------------------------------------------------

--
-- Structure de la table `navbar_button_translations`
--

CREATE TABLE `navbar_button_translations` (
  `id` int UNSIGNED NOT NULL,
  `navbar_button_id` int UNSIGNED NOT NULL,
  `locale` varchar(255) COLLATE utf8mb4_unicode_ci NOT NULL,
  `title` varchar(255) COLLATE utf8mb4_unicode_ci NOT NULL,
  `url` varchar(255) COLLATE utf8mb4_unicode_ci NOT NULL
) ENGINE=InnoDB DEFAULT CHARSET=utf8mb4 COLLATE=utf8mb4_unicode_ci;

--
-- Déchargement des données de la table `navbar_button_translations`
--

INSERT INTO `navbar_button_translations` (`id`, `navbar_button_id`, `locale`, `title`, `url`) VALUES
(1, 1, 'en', 'Become instructor', '/become-instructor'),
(2, 1, 'ar', 'أصبح مدربا', '/become-instructor'),
(3, 1, 'es', 'Convertirse en instructora', '/become-instructor'),
(4, 2, 'en', 'Admin panel', '/admin'),
(5, 3, 'en', 'Create a new course', '/panel/webinars/new'),
(6, 3, 'es', 'Crear un nuevo curso', '/panel/webinars/new'),
(7, 3, 'ar', 'أنشئ دورة جديدة', '/panel/webinars/new'),
(8, 4, 'en', 'Create a new course', '/panel/webinars/new'),
(9, 4, 'es', 'Crear un nuevo curso', '/panel/webinars/new'),
(10, 4, 'ar', 'أنشئ دورة جديدة', '/panel/webinars/new');

-- --------------------------------------------------------

--
-- Structure de la table `newsletters`
--

CREATE TABLE `newsletters` (
  `id` int UNSIGNED NOT NULL,
  `user_id` int UNSIGNED DEFAULT NULL,
  `email` varchar(255) CHARACTER SET utf8mb4 COLLATE utf8mb4_unicode_ci DEFAULT NULL,
  `phone` varchar(255) COLLATE utf8mb4_unicode_ci DEFAULT NULL,
  `created_at` int UNSIGNED NOT NULL
) ENGINE=InnoDB DEFAULT CHARSET=utf8mb4 COLLATE=utf8mb4_unicode_ci;

--
-- Déchargement des données de la table `newsletters`
--

INSERT INTO `newsletters` (`id`, `user_id`, `email`, `phone`, `created_at`) VALUES
(8, 995, 'cameronschofield@gmail.com', NULL, 1625090411),
(9, 1017, 'a.pmelaa@gmail.com', NULL, 1646389129),
(10, 996, 'robert2002@gmail.com', NULL, 1646414262),
(11, 1024, 'mohamed.benromdhane@esprit.tn', NULL, 1679099891),
(12, 995, 'student@demo.com', NULL, 1683238023),
(13, NULL, 'SharilynMcclanahan533@aol.com', NULL, 1688382339),
(15, NULL, 'HHGHG@gmail.com', NULL, 1688629792),
(16, NULL, 'mohamedali.zaier5555555555@outlook.com', NULL, 1694531941),
(17, NULL, 'IjHdDM.tdwpmhd@flexduck.click', NULL, 1708179377),
(18, NULL, 'danielkitamura2687@aol.com', NULL, 1708263019),
(19, NULL, 'taieb.benromdhane@gmail.com', NULL, 1708457295),
(20, NULL, 'oumeyma.jouini@outlook.com', NULL, 1708457346),
(21, NULL, 'ztxFkq.ctqhmtq@pointel.xyz', NULL, 1708670573),
(22, NULL, 'joseph_spelmannyte@outlook.com', NULL, 1709179090),
(23, NULL, 'damianag1992@gmail.com', NULL, 1709759809),
(24, NULL, 'koyll1998@gmail.com', NULL, 1709760817),
(26, NULL, 'konnellho31@gmail.com', NULL, 1710157514),
(27, NULL, 'mohamedalizaier31@gmail.com', NULL, 1710279432),
(28, NULL, 'admin.demo@gmail.com', NULL, 1710279462),
(29, NULL, 'admin@demo.com', NULL, 1710316092),
(30, NULL, 'goldensemkg1998@gmail.com', NULL, 1710532315),
(31, NULL, 's02053929@gmail.com', NULL, 1710601216),
(32, NULL, 'pdmbcqqhp.q@monochord.xyz', NULL, 1711033215),
(33, 1193, 'salwabenali.36@gmail.com', NULL, 1711204664),
(34, NULL, 'ezemezyb2002@gmail.com', NULL, 1711230355),
(35, NULL, 'qjdcchmjwb.q@monochord.xyz', NULL, 1711264540),
(36, NULL, 'bjaoui.anis1995@gmail.com', NULL, 1711269805),
(37, NULL, 'qtdtcmpjdt.q@monochord.xyz', NULL, 1711537410),
(38, NULL, 'wvydroydw34@gmail.com', NULL, 1712107957),
(39, NULL, 'rwardf1991@gmail.com', NULL, 1724554035),
(40, NULL, 'maksinmcmillanq39@gmail.com', NULL, 1724823138),
(41, NULL, 'steven_williamsm9ut@outlook.com', NULL, 1725220274),
(42, NULL, 'sharigsm@gmail.com', NULL, 1725269319),
(44, NULL, NULL, '95067163', 1725538872),
(45, NULL, NULL, '56130875', 1725722619),
(46, NULL, NULL, '22408713', 1725946535),
(47, NULL, NULL, '50546781', 1725950517),
(48, NULL, 'naimiaoitef@gmail.com', NULL, 1726171055),
(49, NULL, NULL, '25893331', 1726178413),
(50, NULL, NULL, '23232323', 1727264801),
(51, NULL, NULL, '27243372', 1727455222),
(52, NULL, NULL, '54493082', 1727468170),
(53, 1665, 'mani.maha23@gmail.com', NULL, 1728126599),
(54, NULL, NULL, '53511310', 1728299484),
(55, NULL, 'Samourainabeul@yahoo.fr', NULL, 1728429918),
(56, NULL, NULL, '21740077', 1728478693),
(57, NULL, NULL, '26921114', 1728503342),
(58, NULL, NULL, '95080628', 1728567188),
(59, NULL, NULL, '29101125', 1728592891),
(60, NULL, NULL, '26702353', 1728669600),
(61, NULL, 'Douja_dadou2@gmail.com', NULL, 1728764502),
(62, NULL, NULL, '25787085', 1728764535),
(63, NULL, NULL, '27209563', 1728844349),
(64, NULL, NULL, '52167293', 1728937831),
(65, NULL, 'Imen.mannai@tunisietelecom.tn', NULL, 1728984623),
(66, NULL, 'Benhassineaddouma@gmail.com', NULL, 1728984645),
(67, NULL, NULL, '27513510', 1729338526),
(68, NULL, NULL, '92252493', 1729626497),
(69, 1318, 'nesrinekhouaja77@gmail.com', NULL, 1729716484),
(70, NULL, 'Rihaeb.fhima@gmail.com', NULL, 1730113689),
(71, NULL, 'mounanaffati0@gmail.com', NULL, 1730191035),
(72, NULL, 'gafsa.store@gmail.com', NULL, 1730311881),
(73, NULL, NULL, '29392998', 1730454111),
(74, NULL, NULL, '41589998', 1730497521),
(75, NULL, 'Samiaaboudi2@gmail.com', NULL, 1730497801),
(76, NULL, NULL, '28241445', 1730565758),
(77, NULL, NULL, '23763527', 1730569718),
(78, NULL, NULL, '23045116', 1730655340),
(79, NULL, NULL, '20097656', 1730834585),
(80, NULL, NULL, '23548909', 1730911694),
(81, NULL, NULL, '58666207', 1730921854),
(82, NULL, 'Hendabrari84@gmail.com', NULL, 1730922622),
(83, NULL, NULL, '29866097', 1730923119),
(84, NULL, 'salmahajjej96@gmail.com', NULL, 1730923147),
(85, NULL, 'Brahmi.nawres90@gmail.com', NULL, 1730923250),
(86, NULL, NULL, '52869704', 1730926259),
(87, NULL, 'Bouchaalaimen90@gmail.com', NULL, 1730969496),
(88, NULL, NULL, '26760119', 1730980879),
(89, NULL, NULL, '58870048', 1730986659),
(90, NULL, NULL, '24256621', 1730991932),
(91, NULL, NULL, '98977042', 1730997905),
(92, NULL, NULL, '29279291', 1731001575),
(93, NULL, NULL, '78123456', 1731009883),
(94, NULL, NULL, '90145987', 1731098682),
(95, NULL, NULL, '90154997', 1731098903),
(96, NULL, NULL, '20701466', 1731127349),
(97, NULL, 'Sabrikilani947@gmail.com', NULL, 1731132956),
(98, NULL, NULL, '25077605', 1731152981),
(99, NULL, 'lynaloula31@gmail.com', NULL, 1731188654),
(100, NULL, 'benbrahimmejda048@gmail.com', NULL, 1731260793),
(101, NULL, 'manellaoubi@gmail.com', NULL, 1731279428),
(102, NULL, 'Chrifamzabi13@gmail.com', NULL, 1731302046),
(103, NULL, NULL, '55355983', 1731311184),
(104, NULL, 'Sademsassi9@gmail.com', NULL, 1731335632),
(105, NULL, NULL, '55676110', 1731343089),
(106, NULL, NULL, '29500679', 1731354363),
(107, NULL, NULL, '93264191', 1731391515),
(108, NULL, NULL, '53140984', 1731404012),
(109, NULL, 'fatmabenhessin8@gmail.com', NULL, 1731435984),
(110, NULL, NULL, '55860309', 1731438118),
(111, NULL, NULL, '54815095', 1731446534),
(112, NULL, 'younesnourhene333@gmail.com', NULL, 1731446755),
(113, NULL, NULL, '20384399', 1731449939),
(114, NULL, NULL, '24578281', 1731472601),
(115, NULL, NULL, '98756819', 1731473526),
(116, NULL, 'latifabhr@gmail.com', NULL, 1731473883),
(117, NULL, 'dalbouchismeh@gmail.com', NULL, 1731474802),
(118, NULL, NULL, '21185045', 1731475237),
(119, NULL, NULL, '50496489', 1731476360),
(120, NULL, 'astucesinfo9@gmail.com', NULL, 1731476589),
(121, NULL, NULL, '92720716', 1731477305),
(122, NULL, NULL, '29377773', 1731477763),
(123, NULL, NULL, '53617480', 1731478271),
(124, NULL, NULL, '58756892', 1731479782),
(125, NULL, NULL, '29077132', 1731480939),
(126, NULL, NULL, '29977132', 1731480958),
(127, NULL, 'Gharsallikarima1@gmail.com', NULL, 1731481045),
(128, NULL, 'Naimatouati2021@gmail.com', NULL, 1731489048),
(129, NULL, NULL, '25551511', 1731492910),
(130, NULL, NULL, '52094853', 1731503256),
(131, NULL, 'Biboubh@yahoo.com', NULL, 1731503387),
(132, NULL, NULL, '94952254', 1731504230),
(133, NULL, NULL, '93594148', 1731504557),
(134, NULL, 'draifabellilii@gmail.com', NULL, 1731507916),
(135, NULL, NULL, '54587550', 1731523427),
(136, NULL, NULL, '29302811', 1731524513),
(137, NULL, NULL, '50499362', 1731532934),
(138, NULL, 'Ammarirebeh@gmail.com', NULL, 1731613450),
(139, NULL, NULL, '24151994', 1731614209),
(140, NULL, 'asmameddeb1992@gmail.com', NULL, 1731614425),
(141, NULL, 'houda1212youssef@gmail.com', NULL, 1731615566),
(142, NULL, NULL, '21369796', 1731616502),
(143, NULL, 'Dadouch.souilmi@gmail.com', NULL, 1731618950),
(144, NULL, NULL, '94444653', 1731619030),
(145, NULL, NULL, '29631810', 1731619163),
(146, NULL, 'daloulmidou459@gmail.com', NULL, 1731623169),
(147, NULL, NULL, '93331119', 1731623410),
(148, NULL, NULL, '99686870', 1731646945),
(149, NULL, 'ayychasamir@gmail.com', NULL, 1731647639),
(150, NULL, 'issaouiyagouta54@gmail.com', NULL, 1731649554),
(151, NULL, NULL, '95429702', 1731650406),
(152, NULL, NULL, '99002681', 1731652901),
(153, NULL, NULL, '54073526', 1731653933),
(154, NULL, 'Eyaaajandoubi@gmail.com', NULL, 1731657341),
(155, NULL, NULL, '20915053', 1731663895),
(156, NULL, NULL, '94266120', 1731667718),
(157, NULL, 'yousfisiwar2001@gmail.com', NULL, 1731669970),
(158, NULL, NULL, '55675206', 1731674490),
(159, NULL, 'harounnon98@gmail.com', NULL, 1731676004),
(160, NULL, NULL, '93493833', 1731676037),
(161, NULL, NULL, '96778501', 1731683007),
(162, NULL, 'oumarmariem13@gmail.com', NULL, 1731685169),
(163, NULL, 'amounamanou.103@gmail.com', NULL, 1731686818),
(164, NULL, 'sanaghaz8@gmail.com', NULL, 1731691365),
(165, NULL, NULL, '56898820', 1731731185),
(167, NULL, 'Staroum_88@hotmail.com', NULL, 1731758904),
(168, 2012, 'amel.mbteacher@gmail.com', NULL, 1731779953),
(169, NULL, 'nawelboudhi74@gmail.com', NULL, 1731788856),
(170, NULL, 'Ayoudalanoucha@gmail.com', NULL, 1731808653),
(171, NULL, NULL, '23200347', 1731828120),
(172, NULL, NULL, '26388552', 1731830479),
(173, NULL, 'Basmsmaaskri@gmail.com', NULL, 1731833887),
(174, NULL, 'elwardeljoury28@gmail.com', NULL, 1731834412),
(175, NULL, 'lafinessrine3@gmail.com', NULL, 1731835683),
(176, NULL, 'Zakiabenkhalifa291@gmail.com', NULL, 1731837314),
(177, NULL, 'belgacemhabiba935@gmail.com', NULL, 1731851908),
(178, NULL, 'mazhoudmabrouka33@gmail.com', NULL, 1731854154),
(179, NULL, 'ikbel85@hotmail.fr', NULL, 1731863112),
(180, NULL, NULL, '22678907', 1731871273),
(181, NULL, 'user@gmail.com', NULL, 1731883582),
(182, NULL, NULL, '95001745', 1731964426),
(183, NULL, NULL, '21021001', 1732047495),
(184, NULL, '25bouthainamathlouthi@gmail.com', NULL, 1732051583),
(185, NULL, NULL, '23633895', 1732052161),
(186, NULL, 'Bendhaouaicha1991@gmail.com', NULL, 1732102559),
(187, NULL, '50925263Bendhaouaicha1991@gmail.com', NULL, 1732102572),
(188, NULL, NULL, '28387099', 1732134213),
(189, NULL, 'Amenidaouthi359@gmail.com', NULL, 1732194657),
(190, NULL, NULL, '53449458', 1732273555),
(191, NULL, NULL, '96776381', 1732282760),
(192, NULL, 'Yosraghars@yahoo.com', NULL, 1732295795),
(193, NULL, 'tajourihech29@gmail.com', NULL, 1732296009),
(194, NULL, NULL, '21166305', 1732296610),
(195, NULL, NULL, '98106599', 1732297497),
(196, NULL, 'souheila374@gmail.com', NULL, 1732297681),
(197, NULL, 'ajday96@gmail.com', NULL, 1732480451),
(198, NULL, NULL, '97882813', 1732483064),
(199, NULL, NULL, '23973588', 1732529218),
(200, NULL, 'nabilchahed78@gmail.com', NULL, 1732563917),
(201, NULL, NULL, '50865483', 1732606855),
(202, NULL, NULL, '50730348', 1732730211),
(203, NULL, 'Siwarmraihi@gmail.com', NULL, 1732992898),
(204, NULL, 'ferchichiolfa08091978@gmail.com', NULL, 1733044426),
(205, NULL, NULL, '29839438', 1733044451),
(206, 2599, 'hajjejyahya4@gmail.com', NULL, 1733052392),
(207, NULL, 'hammemirayen0120@gmail.com', NULL, 1733085463),
(208, NULL, NULL, '98452102', 1733115212),
(209, NULL, 'slaheddine67@hotmail.fr', NULL, 1733115254),
(210, 2558, 'mofifa777@gmail.com', NULL, 1733163590),
(211, NULL, NULL, '50769550', 1733401609),
(212, NULL, NULL, '50740348', 1733518538),
(213, NULL, 'bechikholfaolfa@gmail.com', NULL, 1733863980),
(214, NULL, 'bargaouiamira23@gmail.com', NULL, 1734025996),
(215, NULL, 'Rezganinedra@gmail.com', NULL, 1734415872),
(216, NULL, 'Khlifiawatef@hotmail.com', NULL, 1734700603),
(217, NULL, NULL, '94433383', 1734709656),
(218, NULL, NULL, '94433335', 1734709693);

-- --------------------------------------------------------

--
-- Structure de la table `newsletters_history`
--

CREATE TABLE `newsletters_history` (
  `id` int UNSIGNED NOT NULL,
  `title` varchar(255) COLLATE utf8mb4_unicode_ci NOT NULL,
  `description` longtext COLLATE utf8mb4_unicode_ci NOT NULL,
  `send_method` enum('send_to_all','send_to_bcc','send_to_excel') COLLATE utf8mb4_unicode_ci NOT NULL,
  `bcc_email` varchar(255) COLLATE utf8mb4_unicode_ci DEFAULT NULL,
  `email_count` int DEFAULT NULL,
  `created_at` bigint NOT NULL
) ENGINE=InnoDB DEFAULT CHARSET=utf8mb4 COLLATE=utf8mb4_unicode_ci;

--
-- Déchargement des données de la table `newsletters_history`
--

INSERT INTO `newsletters_history` (`id`, `title`, `description`, `send_method`, `bcc_email`, `email_count`, `created_at`) VALUES
(1, 'Black Friday OFF', '<p>Hello,</p><p>Be sure to check our Black Friday discounts.</p><p>Regards.</p>', 'send_to_all', NULL, 2, 1646389249),
(2, 'heloooooooo - its abajim', '<p>ccccccccccc</p>', 'send_to_bcc', 'mohamedali.zaier@outlook.com', 13, 1708611730),
(3, 'sorry - we\'re testing', '<p>hello every one&nbsp;</p>', 'send_to_all', NULL, 13, 1708611955),
(4, 'Abajim - test', '<p>test 03</p>', 'send_to_all', NULL, 13, 1708611997);

-- --------------------------------------------------------

--
-- Structure de la table `noticeboards`
--

CREATE TABLE `noticeboards` (
  `id` int UNSIGNED NOT NULL,
  `organ_id` int UNSIGNED DEFAULT NULL,
  `instructor_id` int UNSIGNED DEFAULT NULL,
  `webinar_id` int UNSIGNED DEFAULT NULL,
  `user_id` int UNSIGNED DEFAULT NULL,
  `type` enum('all','organizations','students','instructors','students_and_instructors') COLLATE utf8mb4_unicode_ci NOT NULL,
  `sender` varchar(255) COLLATE utf8mb4_unicode_ci DEFAULT NULL,
  `title` varchar(255) COLLATE utf8mb4_unicode_ci NOT NULL,
  `message` text COLLATE utf8mb4_unicode_ci NOT NULL,
  `created_at` int UNSIGNED NOT NULL
) ENGINE=InnoDB DEFAULT CHARSET=utf8mb4 COLLATE=utf8mb4_unicode_ci;

--
-- Déchargement des données de la table `noticeboards`
--

INSERT INTO `noticeboards` (`id`, `organ_id`, `instructor_id`, `webinar_id`, `user_id`, `type`, `sender`, `title`, `message`, `created_at`) VALUES
(10, NULL, NULL, NULL, NULL, 'all', 'Staff', 'Top summer classes', '<p>You can find top summer courses on the platform homepage and get all of them with 50% discount by using \"mysummer\" discount coupon.</p>', 1625921717),
(11, NULL, NULL, NULL, NULL, 'instructors', 'Staff', 'Instructor terms of services changed', '<p>Instructors terms of services changed on July 17. You can read terms on the terms page.</p>', 1625921872),
(12, NULL, NULL, NULL, NULL, 'all', 'Staff', 'New Year Sales Festival', '<p>Due to the New Year Festival, users who buy more than $ 200 will be given a 20% discount code.</p>', 1626132374);

-- --------------------------------------------------------

--
-- Structure de la table `noticeboards_status`
--

CREATE TABLE `noticeboards_status` (
  `id` int UNSIGNED NOT NULL,
  `user_id` int UNSIGNED NOT NULL,
  `noticeboard_id` int UNSIGNED NOT NULL,
  `seen_at` int UNSIGNED NOT NULL
) ENGINE=InnoDB DEFAULT CHARSET=utf8mb4 COLLATE=utf8mb4_unicode_ci;

--
-- Déchargement des données de la table `noticeboards_status`
--

INSERT INTO `noticeboards_status` (`id`, `user_id`, `noticeboard_id`, `seen_at`) VALUES
(7, 1015, 11, 1626204347),
(8, 1017, 12, 1680490216),
(11, 995, 12, 1691066091),
(12, 995, 10, 1691066093),
(13, 1174, 12, 1710095965),
(14, 1174, 11, 1710201931),
(15, 1174, 10, 1710201941),
(16, 1184, 11, 1710303805),
(17, 1184, 10, 1710303808);

-- --------------------------------------------------------

--
-- Structure de la table `notifications`
--

CREATE TABLE `notifications` (
  `id` int UNSIGNED NOT NULL,
  `user_id` int UNSIGNED DEFAULT NULL,
  `sender_id` int UNSIGNED DEFAULT NULL,
  `group_id` int UNSIGNED DEFAULT NULL,
  `title` varchar(255) COLLATE utf8mb4_unicode_ci NOT NULL,
  `message` text COLLATE utf8mb4_unicode_ci NOT NULL,
  `sender` enum('system','admin') COLLATE utf8mb4_unicode_ci DEFAULT 'system',
  `type` enum('single','all_users','students','instructors','organizations','group') COLLATE utf8mb4_unicode_ci NOT NULL,
  `created_at` int UNSIGNED NOT NULL,
  `data` json DEFAULT NULL
) ENGINE=InnoDB DEFAULT CHARSET=utf8mb4 COLLATE=utf8mb4_unicode_ci ROW_FORMAT=DYNAMIC;

--
-- Déchargement des données de la table `notifications`
--

INSERT INTO `notifications` (`id`, `user_id`, `sender_id`, `group_id`, `title`, `message`, `sender`, `type`, `created_at`, `data`) VALUES
(3009, 1954, 2606, NULL, 'notification.new_like', 'notification.new_like_msg', 'system', 'single', 1734058305, '{\"user\": \"ريّان\", \"title\": \"demo (2).mp4\"}'),
(3010, 1954, NULL, NULL, 'notification.course_created', 'notification.course_created_msg', 'system', 'single', 1734058329, '{\"title\": \"tt\"}'),
(3011, 1954, NULL, NULL, 'notification.new_badge', 'notification.new_badge_msg', 'system', 'single', 1734061007, '{\"title\": \"Loyal User\"}'),
(3012, 1394, NULL, NULL, 'notification.new_badge', 'notification.new_badge_msg', 'system', 'single', 1734063825, '{\"title\": \"Loyal User\"}'),
(3013, 1318, NULL, NULL, 'notification.new_badge', 'notification.new_badge_msg', 'system', 'single', 1734067338, '{\"title\": \"Loyal User\"}'),
(3014, 1367, NULL, NULL, 'notification.new_badge', 'notification.new_badge_msg', 'system', 'single', 1734073980, '{\"title\": \"Loyal User\"}'),
(3015, 2613, NULL, NULL, 'notification.new_badge', 'notification.new_badge_msg', 'system', 'single', 1734076715, '{\"title\": \"New User\"}'),
(3016, 1954, NULL, NULL, 'notification.new_badge', 'notification.new_badge_msg', 'system', 'single', 1734088069, '{\"title\": \"Loyal User\"}'),
(3017, 1954, NULL, NULL, 'notification.new_badge', 'notification.new_badge_msg', 'system', 'single', 1734088069, '{\"title\": \"Expert Vendor\"}'),
(3018, 1954, NULL, NULL, 'notification.new_badge', 'notification.new_badge_msg', 'system', 'single', 1734088069, '{\"title\": \"Best Seller\"}'),
(3019, 1954, 2313, NULL, 'notification.new_like', 'notification.new_like_msg', 'system', 'single', 1734088077, '{\"user\": \"ameny\", \"title\": \"demo (2).mp4\"}'),
(3020, 1954, NULL, NULL, 'notification.new_badge', 'notification.new_badge_msg', 'system', 'single', 1734088082, '{\"title\": \"Loyal User\"}'),
(3021, 1954, NULL, NULL, 'notification.new_badge', 'notification.new_badge_msg', 'system', 'single', 1734088082, '{\"title\": \"Expert Vendor\"}'),
(3022, 1954, NULL, NULL, 'notification.new_badge', 'notification.new_badge_msg', 'system', 'single', 1734088082, '{\"title\": \"Best Seller\"}'),
(3023, 1954, NULL, NULL, 'notification.new_badge', 'notification.new_badge_msg', 'system', 'single', 1734088896, '{\"title\": \"Loyal User\"}'),
(3024, 1954, NULL, NULL, 'notification.new_badge', 'notification.new_badge_msg', 'system', 'single', 1734088896, '{\"title\": \"Expert Vendor\"}'),
(3025, 1954, NULL, NULL, 'notification.new_badge', 'notification.new_badge_msg', 'system', 'single', 1734088896, '{\"title\": \"Best Seller\"}'),
(3026, 1954, NULL, NULL, 'notification.new_badge', 'notification.new_badge_msg', 'system', 'single', 1734088929, '{\"title\": \"Loyal User\"}'),
(3027, 1954, NULL, NULL, 'notification.new_badge', 'notification.new_badge_msg', 'system', 'single', 1734088929, '{\"title\": \"Expert Vendor\"}'),
(3028, 1954, NULL, NULL, 'notification.new_badge', 'notification.new_badge_msg', 'system', 'single', 1734088929, '{\"title\": \"Best Seller\"}'),
(3029, 1316, NULL, NULL, 'notification.new_badge', 'notification.new_badge_msg', 'system', 'single', 1734090435, '{\"title\": \"Loyal User\"}'),
(3030, 1316, NULL, NULL, 'notification.new_badge', 'notification.new_badge_msg', 'system', 'single', 1734090435, '{\"title\": \"Expert Vendor\"}'),
(3031, 1316, NULL, NULL, 'notification.new_badge', 'notification.new_badge_msg', 'system', 'single', 1734090449, '{\"title\": \"Loyal User\"}'),
(3032, 1316, NULL, NULL, 'notification.new_badge', 'notification.new_badge_msg', 'system', 'single', 1734090449, '{\"title\": \"Expert Vendor\"}'),
(3033, 1316, NULL, NULL, 'notification.new_badge', 'notification.new_badge_msg', 'system', 'single', 1734090823, '{\"title\": \"Loyal User\"}'),
(3034, 1316, NULL, NULL, 'notification.new_badge', 'notification.new_badge_msg', 'system', 'single', 1734090823, '{\"title\": \"Expert Vendor\"}'),
(3035, 1316, NULL, NULL, 'notification.new_badge', 'notification.new_badge_msg', 'system', 'single', 1734090827, '{\"title\": \"Loyal User\"}'),
(3036, 1316, NULL, NULL, 'notification.new_badge', 'notification.new_badge_msg', 'system', 'single', 1734090827, '{\"title\": \"Expert Vendor\"}'),
(3037, 2071, NULL, NULL, 'notification.new_badge', 'notification.new_badge_msg', 'system', 'single', 1734090843, '{\"title\": \"Loyal User\"}'),
(3038, 2071, NULL, NULL, 'notification.new_badge', 'notification.new_badge_msg', 'system', 'single', 1734090843, '{\"title\": \"Loyal User\"}'),
(3039, 1316, NULL, NULL, 'notification.new_badge', 'notification.new_badge_msg', 'system', 'single', 1734090854, '{\"title\": \"Loyal User\"}'),
(3040, 1316, NULL, NULL, 'notification.new_badge', 'notification.new_badge_msg', 'system', 'single', 1734090854, '{\"title\": \"Expert Vendor\"}'),
(3041, 2071, NULL, NULL, 'notification.new_badge', 'notification.new_badge_msg', 'system', 'single', 1734090859, '{\"title\": \"Loyal User\"}'),
(3042, 2071, NULL, NULL, 'notification.new_badge', 'notification.new_badge_msg', 'system', 'single', 1734090867, '{\"title\": \"Loyal User\"}'),
(3043, 2071, NULL, NULL, 'notification.new_badge', 'notification.new_badge_msg', 'system', 'single', 1734090886, '{\"title\": \"Loyal User\"}'),
(3044, 1316, NULL, NULL, 'notification.new_badge', 'notification.new_badge_msg', 'system', 'single', 1734090918, '{\"title\": \"Loyal User\"}'),
(3045, 1316, NULL, NULL, 'notification.new_badge', 'notification.new_badge_msg', 'system', 'single', 1734090918, '{\"title\": \"Expert Vendor\"}'),
(3046, 2071, NULL, NULL, 'notification.new_badge', 'notification.new_badge_msg', 'system', 'single', 1734090923, '{\"title\": \"Loyal User\"}'),
(3047, 2071, NULL, NULL, 'notification.new_badge', 'notification.new_badge_msg', 'system', 'single', 1734090954, '{\"title\": \"Loyal User\"}'),
(3048, 2071, NULL, NULL, 'notification.new_badge', 'notification.new_badge_msg', 'system', 'single', 1734091044, '{\"title\": \"Loyal User\"}'),
(3049, 1316, NULL, NULL, 'notification.new_badge', 'notification.new_badge_msg', 'system', 'single', 1734091092, '{\"title\": \"Loyal User\"}'),
(3050, 1316, NULL, NULL, 'notification.new_badge', 'notification.new_badge_msg', 'system', 'single', 1734091092, '{\"title\": \"Expert Vendor\"}'),
(3051, 1954, NULL, NULL, 'notification.new_badge', 'notification.new_badge_msg', 'system', 'single', 1734091111, '{\"title\": \"Loyal User\"}'),
(3052, 1954, NULL, NULL, 'notification.new_badge', 'notification.new_badge_msg', 'system', 'single', 1734091111, '{\"title\": \"Expert Vendor\"}'),
(3053, 1954, NULL, NULL, 'notification.new_badge', 'notification.new_badge_msg', 'system', 'single', 1734091111, '{\"title\": \"Best Seller\"}'),
(3054, 1954, NULL, NULL, 'notification.new_badge', 'notification.new_badge_msg', 'system', 'single', 1734091116, '{\"title\": \"Loyal User\"}'),
(3055, 1954, NULL, NULL, 'notification.new_badge', 'notification.new_badge_msg', 'system', 'single', 1734091116, '{\"title\": \"Expert Vendor\"}'),
(3056, 1954, NULL, NULL, 'notification.new_badge', 'notification.new_badge_msg', 'system', 'single', 1734091116, '{\"title\": \"Best Seller\"}'),
(3057, 1316, NULL, NULL, 'notification.new_badge', 'notification.new_badge_msg', 'system', 'single', 1734092537, '{\"title\": \"Loyal User\"}'),
(3058, 1316, NULL, NULL, 'notification.new_badge', 'notification.new_badge_msg', 'system', 'single', 1734092537, '{\"title\": \"Expert Vendor\"}'),
(3059, 1316, NULL, NULL, 'notification.new_badge', 'notification.new_badge_msg', 'system', 'single', 1734092580, '{\"title\": \"Loyal User\"}'),
(3060, 1316, NULL, NULL, 'notification.new_badge', 'notification.new_badge_msg', 'system', 'single', 1734092580, '{\"title\": \"Expert Vendor\"}'),
(3061, 1316, NULL, NULL, 'notification.new_badge', 'notification.new_badge_msg', 'system', 'single', 1734092623, '{\"title\": \"Loyal User\"}'),
(3062, 1316, NULL, NULL, 'notification.new_badge', 'notification.new_badge_msg', 'system', 'single', 1734092623, '{\"title\": \"Expert Vendor\"}'),
(3063, 2071, NULL, NULL, 'notification.new_badge', 'notification.new_badge_msg', 'system', 'single', 1734092643, '{\"title\": \"Loyal User\"}'),
(3064, 1316, NULL, NULL, 'notification.new_badge', 'notification.new_badge_msg', 'system', 'single', 1734092657, '{\"title\": \"Loyal User\"}'),
(3065, 1316, NULL, NULL, 'notification.new_badge', 'notification.new_badge_msg', 'system', 'single', 1734092657, '{\"title\": \"Expert Vendor\"}'),
(3066, 2071, NULL, NULL, 'notification.new_badge', 'notification.new_badge_msg', 'system', 'single', 1734092680, '{\"title\": \"Loyal User\"}'),
(3067, 1316, NULL, NULL, 'notification.new_badge', 'notification.new_badge_msg', 'system', 'single', 1734092750, '{\"title\": \"Loyal User\"}'),
(3068, 1316, NULL, NULL, 'notification.new_badge', 'notification.new_badge_msg', 'system', 'single', 1734092750, '{\"title\": \"Expert Vendor\"}'),
(3069, 2071, NULL, NULL, 'notification.new_badge', 'notification.new_badge_msg', 'system', 'single', 1734092884, '{\"title\": \"Loyal User\"}'),
(3070, 2071, NULL, NULL, 'notification.new_badge', 'notification.new_badge_msg', 'system', 'single', 1734092895, '{\"title\": \"Loyal User\"}'),
(3071, 2071, NULL, NULL, 'notification.new_badge', 'notification.new_badge_msg', 'system', 'single', 1734092895, '{\"title\": \"Loyal User\"}'),
(3072, 2071, NULL, NULL, 'notification.new_badge', 'notification.new_badge_msg', 'system', 'single', 1734092911, '{\"title\": \"Loyal User\"}'),
(3073, 2073, NULL, NULL, 'notification.new_badge', 'notification.new_badge_msg', 'system', 'single', 1734092923, '{\"title\": \"Loyal User\"}'),
(3074, 1316, 2073, NULL, 'notification.new_like', 'notification.new_like_msg', 'system', 'single', 1734092998, '{\"user\": \"الطفل الثالث\", \"title\": null}'),
(3075, 1316, NULL, NULL, 'notification.new_badge', 'notification.new_badge_msg', 'system', 'single', 1734093081, '{\"title\": \"Loyal User\"}'),
(3076, 1316, NULL, NULL, 'notification.new_badge', 'notification.new_badge_msg', 'system', 'single', 1734093081, '{\"title\": \"Expert Vendor\"}'),
(3077, 1316, 2073, NULL, 'notification.new_follower', 'notification.new_follower_msg', 'system', 'single', 1734093123, '{\"name\": \"الطفل الثالث\"}'),
(3078, 2073, NULL, NULL, 'notification.new_badge', 'notification.new_badge_msg', 'system', 'single', 1734093147, '{\"title\": \"Loyal User\"}'),
(3079, 2071, NULL, NULL, 'notification.new_badge', 'notification.new_badge_msg', 'system', 'single', 1734093191, '{\"title\": \"Loyal User\"}'),
(3080, 1316, NULL, NULL, 'notification.new_badge', 'notification.new_badge_msg', 'system', 'single', 1734093383, '{\"title\": \"Loyal User\"}'),
(3081, 1316, NULL, NULL, 'notification.new_badge', 'notification.new_badge_msg', 'system', 'single', 1734093383, '{\"title\": \"Expert Vendor\"}'),
(3082, 1316, NULL, NULL, 'notification.new_badge', 'notification.new_badge_msg', 'system', 'single', 1734093395, '{\"title\": \"Loyal User\"}'),
(3083, 1316, NULL, NULL, 'notification.new_badge', 'notification.new_badge_msg', 'system', 'single', 1734093395, '{\"title\": \"Expert Vendor\"}'),
(3084, 1316, NULL, NULL, 'notification.new_badge', 'notification.new_badge_msg', 'system', 'single', 1734094361, '{\"title\": \"Loyal User\"}'),
(3085, 1316, NULL, NULL, 'notification.new_badge', 'notification.new_badge_msg', 'system', 'single', 1734094361, '{\"title\": \"Expert Vendor\"}'),
(3086, 1318, NULL, NULL, 'notification.new_badge', 'notification.new_badge_msg', 'system', 'single', 1734094365, '{\"title\": \"Loyal User\"}'),
(3087, 1353, NULL, NULL, 'notification.new_badge', 'notification.new_badge_msg', 'system', 'single', 1734094369, '{\"title\": \"Loyal User\"}'),
(3088, 1367, NULL, NULL, 'notification.new_badge', 'notification.new_badge_msg', 'system', 'single', 1734094373, '{\"title\": \"Loyal User\"}'),
(3089, 1369, NULL, NULL, 'notification.new_badge', 'notification.new_badge_msg', 'system', 'single', 1734094376, '{\"title\": \"Loyal User\"}'),
(3090, 1394, NULL, NULL, 'notification.new_badge', 'notification.new_badge_msg', 'system', 'single', 1734094380, '{\"title\": \"Loyal User\"}'),
(3091, 1396, NULL, NULL, 'notification.new_badge', 'notification.new_badge_msg', 'system', 'single', 1734094389, '{\"title\": \"Loyal User\"}'),
(3092, 1411, NULL, NULL, 'notification.new_badge', 'notification.new_badge_msg', 'system', 'single', 1734094396, '{\"title\": \"Loyal User\"}'),
(3093, 1411, NULL, NULL, 'notification.new_badge', 'notification.new_badge_msg', 'system', 'single', 1734094396, '{\"title\": \"Senior Vendor\"}'),
(3094, 1426, NULL, NULL, 'notification.new_badge', 'notification.new_badge_msg', 'system', 'single', 1734094401, '{\"title\": \"Loyal User\"}'),
(3095, 1426, NULL, NULL, 'notification.new_badge', 'notification.new_badge_msg', 'system', 'single', 1734094401, '{\"title\": \"Senior Vendor\"}'),
(3096, 1530, NULL, NULL, 'notification.new_badge', 'notification.new_badge_msg', 'system', 'single', 1734094407, '{\"title\": \"Loyal User\"}'),
(3097, 1665, NULL, NULL, 'notification.new_badge', 'notification.new_badge_msg', 'system', 'single', 1734094411, '{\"title\": \"Loyal User\"}'),
(3098, 1665, NULL, NULL, 'notification.new_badge', 'notification.new_badge_msg', 'system', 'single', 1734094411, '{\"title\": \"Junior Vendor\"}'),
(3099, 1666, NULL, NULL, 'notification.new_badge', 'notification.new_badge_msg', 'system', 'single', 1734094417, '{\"title\": \"Loyal User\"}'),
(3100, 1669, NULL, NULL, 'notification.new_badge', 'notification.new_badge_msg', 'system', 'single', 1734094418, '{\"title\": \"Loyal User\"}'),
(3101, 1670, NULL, NULL, 'notification.new_badge', 'notification.new_badge_msg', 'system', 'single', 1734094426, '{\"title\": \"Loyal User\"}'),
(3102, 1880, NULL, NULL, 'notification.new_badge', 'notification.new_badge_msg', 'system', 'single', 1734094426, '{\"title\": \"Loyal User\"}'),
(3103, 1411, NULL, NULL, 'notification.new_badge', 'notification.new_badge_msg', 'system', 'single', 1734095455, '{\"title\": \"Loyal User\"}'),
(3104, 1411, NULL, NULL, 'notification.new_badge', 'notification.new_badge_msg', 'system', 'single', 1734095455, '{\"title\": \"Senior Vendor\"}'),
(3105, 1411, NULL, NULL, 'notification.new_badge', 'notification.new_badge_msg', 'system', 'single', 1734095484, '{\"title\": \"Loyal User\"}'),
(3106, 1411, NULL, NULL, 'notification.new_badge', 'notification.new_badge_msg', 'system', 'single', 1734095484, '{\"title\": \"Senior Vendor\"}'),
(3107, 1411, NULL, NULL, 'notification.new_badge', 'notification.new_badge_msg', 'system', 'single', 1734095497, '{\"title\": \"Loyal User\"}'),
(3108, 1411, NULL, NULL, 'notification.new_badge', 'notification.new_badge_msg', 'system', 'single', 1734095497, '{\"title\": \"Senior Vendor\"}'),
(3109, 1411, NULL, NULL, 'notification.new_badge', 'notification.new_badge_msg', 'system', 'single', 1734095504, '{\"title\": \"Loyal User\"}'),
(3110, 1411, NULL, NULL, 'notification.new_badge', 'notification.new_badge_msg', 'system', 'single', 1734095504, '{\"title\": \"Senior Vendor\"}'),
(3111, 1316, NULL, NULL, 'notification.new_badge', 'notification.new_badge_msg', 'system', 'single', 1734096405, '{\"title\": \"Loyal User\"}'),
(3112, 1316, NULL, NULL, 'notification.new_badge', 'notification.new_badge_msg', 'system', 'single', 1734096405, '{\"title\": \"Expert Vendor\"}'),
(3113, 1318, NULL, NULL, 'notification.new_badge', 'notification.new_badge_msg', 'system', 'single', 1734096434, '{\"title\": \"Loyal User\"}'),
(3114, 1318, NULL, NULL, 'notification.new_badge', 'notification.new_badge_msg', 'system', 'single', 1734096439, '{\"title\": \"Loyal User\"}'),
(3115, 1318, NULL, NULL, 'notification.new_badge', 'notification.new_badge_msg', 'system', 'single', 1734096792, '{\"title\": \"Loyal User\"}'),
(3116, 1367, NULL, NULL, 'notification.new_badge', 'notification.new_badge_msg', 'system', 'single', 1734101605, '{\"title\": \"Loyal User\"}'),
(3117, 2071, NULL, NULL, 'notification.new_badge', 'notification.new_badge_msg', 'system', 'single', 1734105603, '{\"title\": \"Loyal User\"}'),
(3118, 1, NULL, NULL, 'notification.new_badge', 'notification.new_badge_msg', 'system', 'single', 1734107498, '{\"title\": \"Faithful User\"}'),
(3119, 2071, NULL, NULL, 'notification.new_badge', 'notification.new_badge_msg', 'system', 'single', 1734107547, '{\"title\": \"Loyal User\"}'),
(3120, 2004, NULL, NULL, 'notification.new_badge', 'notification.new_badge_msg', 'system', 'single', 1734107718, '{\"title\": \"Loyal User\"}'),
(3121, 1411, NULL, NULL, 'notification.new_badge', 'notification.new_badge_msg', 'system', 'single', 1734110116, '{\"title\": \"Loyal User\"}'),
(3122, 1411, NULL, NULL, 'notification.new_badge', 'notification.new_badge_msg', 'system', 'single', 1734110116, '{\"title\": \"Senior Vendor\"}'),
(3123, 2612, NULL, NULL, 'notification.new_badge', 'notification.new_badge_msg', 'system', 'single', 1734114930, '{\"title\": \"New User\"}'),
(3124, 2612, NULL, NULL, 'notification.new_badge', 'notification.new_badge_msg', 'system', 'single', 1734114930, '{\"title\": \"Junior Vendor\"}'),
(3125, 1411, NULL, NULL, 'notification.new_badge', 'notification.new_badge_msg', 'system', 'single', 1734118433, '{\"title\": \"Loyal User\"}'),
(3126, 1411, NULL, NULL, 'notification.new_badge', 'notification.new_badge_msg', 'system', 'single', 1734118433, '{\"title\": \"Senior Vendor\"}'),
(3127, 1318, NULL, NULL, 'notification.new_badge', 'notification.new_badge_msg', 'system', 'single', 1734118941, '{\"title\": \"Loyal User\"}'),
(3128, 2071, NULL, NULL, 'notification.new_badge', 'notification.new_badge_msg', 'system', 'single', 1734118963, '{\"title\": \"Loyal User\"}'),
(3129, 2071, NULL, NULL, 'notification.new_badge', 'notification.new_badge_msg', 'system', 'single', 1734118964, '{\"title\": \"Loyal User\"}'),
(3130, 2073, NULL, NULL, 'notification.new_badge', 'notification.new_badge_msg', 'system', 'single', 1734118974, '{\"title\": \"Loyal User\"}'),
(3131, 2071, NULL, NULL, 'notification.new_badge', 'notification.new_badge_msg', 'system', 'single', 1734119384, '{\"title\": \"Loyal User\"}'),
(3132, 2071, NULL, NULL, 'notification.new_badge', 'notification.new_badge_msg', 'system', 'single', 1734119388, '{\"title\": \"Loyal User\"}'),
(3133, 2071, NULL, NULL, 'notification.new_badge', 'notification.new_badge_msg', 'system', 'single', 1734119408, '{\"title\": \"Loyal User\"}'),
(3134, 2071, NULL, NULL, 'notification.new_badge', 'notification.new_badge_msg', 'system', 'single', 1734119507, '{\"title\": \"Loyal User\"}'),
(3135, 2580, NULL, NULL, 'notification.new_badge', 'notification.new_badge_msg', 'system', 'single', 1734120647, '{\"title\": \"New User\"}'),
(3136, 2580, NULL, NULL, 'notification.new_badge', 'notification.new_badge_msg', 'system', 'single', 1734120741, '{\"title\": \"New User\"}'),
(3137, 2580, NULL, NULL, 'notification.new_badge', 'notification.new_badge_msg', 'system', 'single', 1734120765, '{\"title\": \"New User\"}'),
(3138, 2580, NULL, NULL, 'notification.new_badge', 'notification.new_badge_msg', 'system', 'single', 1734121035, '{\"title\": \"New User\"}'),
(3139, 2580, NULL, NULL, 'notification.new_badge', 'notification.new_badge_msg', 'system', 'single', 1734121206, '{\"title\": \"New User\"}'),
(3140, 2580, NULL, NULL, 'notification.new_badge', 'notification.new_badge_msg', 'system', 'single', 1734121274, '{\"title\": \"New User\"}'),
(3141, 2580, NULL, NULL, 'notification.new_badge', 'notification.new_badge_msg', 'system', 'single', 1734121554, '{\"title\": \"New User\"}'),
(3142, 2580, NULL, NULL, 'notification.new_badge', 'notification.new_badge_msg', 'system', 'single', 1734121564, '{\"title\": \"New User\"}'),
(3143, 1394, NULL, NULL, 'notification.new_badge', 'notification.new_badge_msg', 'system', 'single', 1734121841, '{\"title\": \"Loyal User\"}'),
(3144, 1411, NULL, NULL, 'notification.new_badge', 'notification.new_badge_msg', 'system', 'single', 1734124722, '{\"title\": \"Loyal User\"}'),
(3145, 1411, NULL, NULL, 'notification.new_badge', 'notification.new_badge_msg', 'system', 'single', 1734124722, '{\"title\": \"Senior Vendor\"}'),
(3146, 1426, NULL, NULL, 'notification.new_badge', 'notification.new_badge_msg', 'system', 'single', 1734126712, '{\"title\": \"Loyal User\"}'),
(3147, 1426, NULL, NULL, 'notification.new_badge', 'notification.new_badge_msg', 'system', 'single', 1734126712, '{\"title\": \"Senior Vendor\"}'),
(3148, 1426, NULL, NULL, 'notification.new_badge', 'notification.new_badge_msg', 'system', 'single', 1734126722, '{\"title\": \"Loyal User\"}'),
(3149, 1426, NULL, NULL, 'notification.new_badge', 'notification.new_badge_msg', 'system', 'single', 1734126722, '{\"title\": \"Senior Vendor\"}'),
(3150, 2625, NULL, NULL, 'notification.new_badge', 'notification.new_badge_msg', 'system', 'single', 1734126810, '{\"title\": \"New User\"}'),
(3151, 2625, NULL, NULL, 'notification.new_badge', 'notification.new_badge_msg', 'system', 'single', 1734126817, '{\"title\": \"New User\"}'),
(3152, 2625, NULL, NULL, 'notification.new_badge', 'notification.new_badge_msg', 'system', 'single', 1734126828, '{\"title\": \"New User\"}'),
(3153, 1665, NULL, NULL, 'notification.new_badge', 'notification.new_badge_msg', 'system', 'single', 1734126860, '{\"title\": \"Loyal User\"}'),
(3154, 1665, NULL, NULL, 'notification.new_badge', 'notification.new_badge_msg', 'system', 'single', 1734126860, '{\"title\": \"Junior Vendor\"}'),
(3155, 1665, NULL, NULL, 'notification.new_badge', 'notification.new_badge_msg', 'system', 'single', 1734126868, '{\"title\": \"Loyal User\"}'),
(3156, 1665, NULL, NULL, 'notification.new_badge', 'notification.new_badge_msg', 'system', 'single', 1734126868, '{\"title\": \"Junior Vendor\"}'),
(3157, 1665, NULL, NULL, 'notification.new_badge', 'notification.new_badge_msg', 'system', 'single', 1734126872, '{\"title\": \"Loyal User\"}'),
(3158, 1665, NULL, NULL, 'notification.new_badge', 'notification.new_badge_msg', 'system', 'single', 1734126872, '{\"title\": \"Junior Vendor\"}'),
(3159, 1665, NULL, NULL, 'notification.new_badge', 'notification.new_badge_msg', 'system', 'single', 1734126999, '{\"title\": \"Loyal User\"}'),
(3160, 1665, NULL, NULL, 'notification.new_badge', 'notification.new_badge_msg', 'system', 'single', 1734126999, '{\"title\": \"Junior Vendor\"}'),
(3161, 1665, NULL, NULL, 'notification.new_badge', 'notification.new_badge_msg', 'system', 'single', 1734127004, '{\"title\": \"Loyal User\"}'),
(3162, 1665, NULL, NULL, 'notification.new_badge', 'notification.new_badge_msg', 'system', 'single', 1734127004, '{\"title\": \"Junior Vendor\"}'),
(3163, 1665, NULL, NULL, 'notification.new_badge', 'notification.new_badge_msg', 'system', 'single', 1734127006, '{\"title\": \"Loyal User\"}'),
(3164, 1665, NULL, NULL, 'notification.new_badge', 'notification.new_badge_msg', 'system', 'single', 1734127006, '{\"title\": \"Junior Vendor\"}'),
(3165, 1665, NULL, NULL, 'notification.new_badge', 'notification.new_badge_msg', 'system', 'single', 1734127008, '{\"title\": \"Loyal User\"}'),
(3166, 1665, NULL, NULL, 'notification.new_badge', 'notification.new_badge_msg', 'system', 'single', 1734127008, '{\"title\": \"Junior Vendor\"}'),
(3167, 1316, NULL, NULL, 'notification.new_badge', 'notification.new_badge_msg', 'system', 'single', 1734127040, '{\"title\": \"Loyal User\"}'),
(3168, 1316, NULL, NULL, 'notification.new_badge', 'notification.new_badge_msg', 'system', 'single', 1734127040, '{\"title\": \"Expert Vendor\"}'),
(3169, 1316, NULL, NULL, 'notification.new_badge', 'notification.new_badge_msg', 'system', 'single', 1734127044, '{\"title\": \"Loyal User\"}'),
(3170, 1316, NULL, NULL, 'notification.new_badge', 'notification.new_badge_msg', 'system', 'single', 1734127044, '{\"title\": \"Expert Vendor\"}'),
(3171, 1316, NULL, NULL, 'notification.new_badge', 'notification.new_badge_msg', 'system', 'single', 1734127047, '{\"title\": \"Loyal User\"}'),
(3172, 1316, NULL, NULL, 'notification.new_badge', 'notification.new_badge_msg', 'system', 'single', 1734127047, '{\"title\": \"Expert Vendor\"}'),
(3173, 1426, NULL, NULL, 'notification.new_badge', 'notification.new_badge_msg', 'system', 'single', 1734127060, '{\"title\": \"Loyal User\"}'),
(3174, 1426, NULL, NULL, 'notification.new_badge', 'notification.new_badge_msg', 'system', 'single', 1734127060, '{\"title\": \"Senior Vendor\"}'),
(3175, 1426, NULL, NULL, 'notification.new_badge', 'notification.new_badge_msg', 'system', 'single', 1734127061, '{\"title\": \"Loyal User\"}'),
(3176, 1426, NULL, NULL, 'notification.new_badge', 'notification.new_badge_msg', 'system', 'single', 1734127061, '{\"title\": \"Senior Vendor\"}'),
(3177, 1396, NULL, NULL, 'notification.new_badge', 'notification.new_badge_msg', 'system', 'single', 1734127367, '{\"title\": \"Loyal User\"}'),
(3178, 1530, NULL, NULL, 'notification.new_badge', 'notification.new_badge_msg', 'system', 'single', 1734131733, '{\"title\": \"Loyal User\"}'),
(3179, 1396, NULL, NULL, 'notification.new_badge', 'notification.new_badge_msg', 'system', 'single', 1734135988, '{\"title\": \"Loyal User\"}'),
(3180, 1954, NULL, NULL, 'notification.new_badge', 'notification.new_badge_msg', 'system', 'single', 1734141563, '{\"title\": \"Loyal User\"}'),
(3181, 1954, NULL, NULL, 'notification.new_badge', 'notification.new_badge_msg', 'system', 'single', 1734141563, '{\"title\": \"Expert Vendor\"}'),
(3182, 1954, NULL, NULL, 'notification.new_badge', 'notification.new_badge_msg', 'system', 'single', 1734141563, '{\"title\": \"Best Seller\"}'),
(3183, 1369, NULL, NULL, 'notification.new_badge', 'notification.new_badge_msg', 'system', 'single', 1734144112, '{\"title\": \"Loyal User\"}'),
(3184, 1411, NULL, NULL, 'notification.new_badge', 'notification.new_badge_msg', 'system', 'single', 1734149195, '{\"title\": \"Loyal User\"}'),
(3185, 1411, NULL, NULL, 'notification.new_badge', 'notification.new_badge_msg', 'system', 'single', 1734149195, '{\"title\": \"Senior Vendor\"}'),
(3186, 1954, NULL, NULL, 'notification.new_badge', 'notification.new_badge_msg', 'system', 'single', 1734154253, '{\"title\": \"Loyal User\"}'),
(3187, 1954, NULL, NULL, 'notification.new_badge', 'notification.new_badge_msg', 'system', 'single', 1734154253, '{\"title\": \"Expert Vendor\"}'),
(3188, 1954, NULL, NULL, 'notification.new_badge', 'notification.new_badge_msg', 'system', 'single', 1734154253, '{\"title\": \"Best Seller\"}'),
(3189, 1316, NULL, NULL, 'notification.new_badge', 'notification.new_badge_msg', 'system', 'single', 1734169642, '{\"title\": \"Loyal User\"}'),
(3190, 1316, NULL, NULL, 'notification.new_badge', 'notification.new_badge_msg', 'system', 'single', 1734169642, '{\"title\": \"Expert Vendor\"}'),
(3191, 2071, NULL, NULL, 'notification.new_badge', 'notification.new_badge_msg', 'system', 'single', 1734169677, '{\"title\": \"Loyal User\"}'),
(3192, 2073, NULL, NULL, 'notification.new_badge', 'notification.new_badge_msg', 'system', 'single', 1734169693, '{\"title\": \"Loyal User\"}'),
(3193, 1316, NULL, NULL, 'notification.new_badge', 'notification.new_badge_msg', 'system', 'single', 1734169990, '{\"title\": \"Loyal User\"}'),
(3194, 1316, NULL, NULL, 'notification.new_badge', 'notification.new_badge_msg', 'system', 'single', 1734169990, '{\"title\": \"Expert Vendor\"}'),
(3195, 2073, NULL, NULL, 'notification.new_badge', 'notification.new_badge_msg', 'system', 'single', 1734170468, '{\"title\": \"Loyal User\"}'),
(3196, 2071, NULL, NULL, 'notification.new_badge', 'notification.new_badge_msg', 'system', 'single', 1734170473, '{\"title\": \"Loyal User\"}'),
(3197, 1316, NULL, NULL, 'notification.new_badge', 'notification.new_badge_msg', 'system', 'single', 1734170667, '{\"title\": \"Loyal User\"}'),
(3198, 1316, NULL, NULL, 'notification.new_badge', 'notification.new_badge_msg', 'system', 'single', 1734170667, '{\"title\": \"Expert Vendor\"}'),
(3199, 1316, NULL, NULL, 'notification.new_badge', 'notification.new_badge_msg', 'system', 'single', 1734170671, '{\"title\": \"Loyal User\"}'),
(3200, 1316, NULL, NULL, 'notification.new_badge', 'notification.new_badge_msg', 'system', 'single', 1734170671, '{\"title\": \"Expert Vendor\"}'),
(3201, 1316, NULL, NULL, 'notification.new_badge', 'notification.new_badge_msg', 'system', 'single', 1734170685, '{\"title\": \"Loyal User\"}'),
(3202, 1316, NULL, NULL, 'notification.new_badge', 'notification.new_badge_msg', 'system', 'single', 1734170685, '{\"title\": \"Expert Vendor\"}'),
(3203, 1316, NULL, NULL, 'notification.new_badge', 'notification.new_badge_msg', 'system', 'single', 1734170688, '{\"title\": \"Loyal User\"}'),
(3204, 1316, NULL, NULL, 'notification.new_badge', 'notification.new_badge_msg', 'system', 'single', 1734170688, '{\"title\": \"Expert Vendor\"}'),
(3205, 1316, NULL, NULL, 'notification.new_badge', 'notification.new_badge_msg', 'system', 'single', 1734170693, '{\"title\": \"Loyal User\"}'),
(3206, 1316, NULL, NULL, 'notification.new_badge', 'notification.new_badge_msg', 'system', 'single', 1734170693, '{\"title\": \"Expert Vendor\"}'),
(3207, 2625, NULL, NULL, 'notification.new_badge', 'notification.new_badge_msg', 'system', 'single', 1734170778, '{\"title\": \"New User\"}'),
(3208, 2625, NULL, NULL, 'notification.new_badge', 'notification.new_badge_msg', 'system', 'single', 1734170781, '{\"title\": \"New User\"}'),
(3209, 1954, NULL, NULL, 'notification.new_badge', 'notification.new_badge_msg', 'system', 'single', 1734173218, '{\"title\": \"Loyal User\"}'),
(3210, 1954, NULL, NULL, 'notification.new_badge', 'notification.new_badge_msg', 'system', 'single', 1734173218, '{\"title\": \"Expert Vendor\"}'),
(3211, 1954, NULL, NULL, 'notification.new_badge', 'notification.new_badge_msg', 'system', 'single', 1734173218, '{\"title\": \"Best Seller\"}'),
(3212, 1954, NULL, NULL, 'notification.new_badge', 'notification.new_badge_msg', 'system', 'single', 1734173252, '{\"title\": \"Loyal User\"}'),
(3213, 1954, NULL, NULL, 'notification.new_badge', 'notification.new_badge_msg', 'system', 'single', 1734173252, '{\"title\": \"Expert Vendor\"}'),
(3214, 1954, NULL, NULL, 'notification.new_badge', 'notification.new_badge_msg', 'system', 'single', 1734173252, '{\"title\": \"Best Seller\"}'),
(3215, 1954, NULL, NULL, 'notification.new_badge', 'notification.new_badge_msg', 'system', 'single', 1734173434, '{\"title\": \"Loyal User\"}'),
(3216, 1954, NULL, NULL, 'notification.new_badge', 'notification.new_badge_msg', 'system', 'single', 1734173434, '{\"title\": \"Expert Vendor\"}'),
(3217, 1954, NULL, NULL, 'notification.new_badge', 'notification.new_badge_msg', 'system', 'single', 1734173434, '{\"title\": \"Best Seller\"}'),
(3218, 1954, NULL, NULL, 'notification.new_badge', 'notification.new_badge_msg', 'system', 'single', 1734173440, '{\"title\": \"Loyal User\"}'),
(3219, 1954, NULL, NULL, 'notification.new_badge', 'notification.new_badge_msg', 'system', 'single', 1734173440, '{\"title\": \"Expert Vendor\"}'),
(3220, 1954, NULL, NULL, 'notification.new_badge', 'notification.new_badge_msg', 'system', 'single', 1734173440, '{\"title\": \"Best Seller\"}'),
(3221, 1954, NULL, NULL, 'notification.new_badge', 'notification.new_badge_msg', 'system', 'single', 1734173544, '{\"title\": \"Loyal User\"}'),
(3222, 1954, NULL, NULL, 'notification.new_badge', 'notification.new_badge_msg', 'system', 'single', 1734173544, '{\"title\": \"Expert Vendor\"}'),
(3223, 1954, NULL, NULL, 'notification.new_badge', 'notification.new_badge_msg', 'system', 'single', 1734173544, '{\"title\": \"Best Seller\"}'),
(3224, 1954, NULL, NULL, 'notification.new_badge', 'notification.new_badge_msg', 'system', 'single', 1734173716, '{\"title\": \"Loyal User\"}'),
(3225, 1954, NULL, NULL, 'notification.new_badge', 'notification.new_badge_msg', 'system', 'single', 1734173716, '{\"title\": \"Expert Vendor\"}'),
(3226, 1954, NULL, NULL, 'notification.new_badge', 'notification.new_badge_msg', 'system', 'single', 1734173716, '{\"title\": \"Best Seller\"}'),
(3227, 1954, NULL, NULL, 'notification.new_badge', 'notification.new_badge_msg', 'system', 'single', 1734173719, '{\"title\": \"Loyal User\"}'),
(3228, 1954, NULL, NULL, 'notification.new_badge', 'notification.new_badge_msg', 'system', 'single', 1734173719, '{\"title\": \"Expert Vendor\"}'),
(3229, 1954, NULL, NULL, 'notification.new_badge', 'notification.new_badge_msg', 'system', 'single', 1734173719, '{\"title\": \"Best Seller\"}'),
(3230, 1954, NULL, NULL, 'notification.new_badge', 'notification.new_badge_msg', 'system', 'single', 1734173824, '{\"title\": \"Loyal User\"}'),
(3231, 1954, NULL, NULL, 'notification.new_badge', 'notification.new_badge_msg', 'system', 'single', 1734173824, '{\"title\": \"Expert Vendor\"}'),
(3232, 1954, NULL, NULL, 'notification.new_badge', 'notification.new_badge_msg', 'system', 'single', 1734173824, '{\"title\": \"Best Seller\"}'),
(3233, 1954, NULL, NULL, 'notification.new_badge', 'notification.new_badge_msg', 'system', 'single', 1734173835, '{\"title\": \"Loyal User\"}'),
(3234, 1954, NULL, NULL, 'notification.new_badge', 'notification.new_badge_msg', 'system', 'single', 1734173835, '{\"title\": \"Expert Vendor\"}'),
(3235, 1954, NULL, NULL, 'notification.new_badge', 'notification.new_badge_msg', 'system', 'single', 1734173835, '{\"title\": \"Best Seller\"}'),
(3236, 1954, NULL, NULL, 'notification.new_badge', 'notification.new_badge_msg', 'system', 'single', 1734174427, '{\"title\": \"Loyal User\"}'),
(3237, 1954, NULL, NULL, 'notification.new_badge', 'notification.new_badge_msg', 'system', 'single', 1734174427, '{\"title\": \"Expert Vendor\"}'),
(3238, 1954, NULL, NULL, 'notification.new_badge', 'notification.new_badge_msg', 'system', 'single', 1734174427, '{\"title\": \"Best Seller\"}'),
(3239, 1954, NULL, NULL, 'notification.new_badge', 'notification.new_badge_msg', 'system', 'single', 1734174454, '{\"title\": \"Loyal User\"}'),
(3240, 1954, NULL, NULL, 'notification.new_badge', 'notification.new_badge_msg', 'system', 'single', 1734174454, '{\"title\": \"Expert Vendor\"}'),
(3241, 1954, NULL, NULL, 'notification.new_badge', 'notification.new_badge_msg', 'system', 'single', 1734174454, '{\"title\": \"Best Seller\"}'),
(3242, 1954, NULL, NULL, 'notification.new_badge', 'notification.new_badge_msg', 'system', 'single', 1734174465, '{\"title\": \"Loyal User\"}'),
(3243, 1954, NULL, NULL, 'notification.new_badge', 'notification.new_badge_msg', 'system', 'single', 1734174465, '{\"title\": \"Expert Vendor\"}'),
(3244, 1954, NULL, NULL, 'notification.new_badge', 'notification.new_badge_msg', 'system', 'single', 1734174465, '{\"title\": \"Best Seller\"}'),
(3245, 1954, NULL, NULL, 'notification.new_badge', 'notification.new_badge_msg', 'system', 'single', 1734174477, '{\"title\": \"Loyal User\"}'),
(3246, 1954, NULL, NULL, 'notification.new_badge', 'notification.new_badge_msg', 'system', 'single', 1734174477, '{\"title\": \"Expert Vendor\"}'),
(3247, 1954, NULL, NULL, 'notification.new_badge', 'notification.new_badge_msg', 'system', 'single', 1734174477, '{\"title\": \"Best Seller\"}'),
(3248, 1954, NULL, NULL, 'notification.new_badge', 'notification.new_badge_msg', 'system', 'single', 1734174512, '{\"title\": \"Loyal User\"}'),
(3249, 1954, NULL, NULL, 'notification.new_badge', 'notification.new_badge_msg', 'system', 'single', 1734174512, '{\"title\": \"Expert Vendor\"}'),
(3250, 1954, NULL, NULL, 'notification.new_badge', 'notification.new_badge_msg', 'system', 'single', 1734174512, '{\"title\": \"Best Seller\"}'),
(3251, 1954, NULL, NULL, 'notification.new_badge', 'notification.new_badge_msg', 'system', 'single', 1734174536, '{\"title\": \"Loyal User\"}'),
(3252, 1954, NULL, NULL, 'notification.new_badge', 'notification.new_badge_msg', 'system', 'single', 1734174536, '{\"title\": \"Expert Vendor\"}'),
(3253, 1954, NULL, NULL, 'notification.new_badge', 'notification.new_badge_msg', 'system', 'single', 1734174536, '{\"title\": \"Best Seller\"}'),
(3254, 1954, NULL, NULL, 'notification.new_badge', 'notification.new_badge_msg', 'system', 'single', 1734174544, '{\"title\": \"Loyal User\"}'),
(3255, 1954, NULL, NULL, 'notification.new_badge', 'notification.new_badge_msg', 'system', 'single', 1734174544, '{\"title\": \"Expert Vendor\"}'),
(3256, 1954, NULL, NULL, 'notification.new_badge', 'notification.new_badge_msg', 'system', 'single', 1734174544, '{\"title\": \"Best Seller\"}'),
(3257, 1316, NULL, NULL, 'notification.new_badge', 'notification.new_badge_msg', 'system', 'single', 1734174578, '{\"title\": \"Loyal User\"}'),
(3258, 1316, NULL, NULL, 'notification.new_badge', 'notification.new_badge_msg', 'system', 'single', 1734174578, '{\"title\": \"Expert Vendor\"}'),
(3259, 1316, NULL, NULL, 'notification.new_badge', 'notification.new_badge_msg', 'system', 'single', 1734174578, '{\"title\": \"Loyal User\"}'),
(3260, 1316, NULL, NULL, 'notification.new_badge', 'notification.new_badge_msg', 'system', 'single', 1734174578, '{\"title\": \"Expert Vendor\"}'),
(3261, 1954, NULL, NULL, 'notification.new_badge', 'notification.new_badge_msg', 'system', 'single', 1734175219, '{\"title\": \"Loyal User\"}'),
(3262, 1954, NULL, NULL, 'notification.new_badge', 'notification.new_badge_msg', 'system', 'single', 1734175219, '{\"title\": \"Expert Vendor\"}'),
(3263, 1954, NULL, NULL, 'notification.new_badge', 'notification.new_badge_msg', 'system', 'single', 1734175219, '{\"title\": \"Best Seller\"}'),
(3264, 1954, NULL, NULL, 'notification.new_badge', 'notification.new_badge_msg', 'system', 'single', 1734175344, '{\"title\": \"Loyal User\"}'),
(3265, 1954, NULL, NULL, 'notification.new_badge', 'notification.new_badge_msg', 'system', 'single', 1734175344, '{\"title\": \"Expert Vendor\"}'),
(3266, 1954, NULL, NULL, 'notification.new_badge', 'notification.new_badge_msg', 'system', 'single', 1734175344, '{\"title\": \"Best Seller\"}'),
(3267, 1954, NULL, NULL, 'notification.new_badge', 'notification.new_badge_msg', 'system', 'single', 1734175504, '{\"title\": \"Loyal User\"}'),
(3268, 1954, NULL, NULL, 'notification.new_badge', 'notification.new_badge_msg', 'system', 'single', 1734175504, '{\"title\": \"Expert Vendor\"}'),
(3269, 1954, NULL, NULL, 'notification.new_badge', 'notification.new_badge_msg', 'system', 'single', 1734175504, '{\"title\": \"Best Seller\"}'),
(3270, 1316, NULL, NULL, 'notification.new_badge', 'notification.new_badge_msg', 'system', 'single', 1734175515, '{\"title\": \"Loyal User\"}'),
(3271, 1316, NULL, NULL, 'notification.new_badge', 'notification.new_badge_msg', 'system', 'single', 1734175515, '{\"title\": \"Expert Vendor\"}'),
(3272, 1318, NULL, NULL, 'notification.new_badge', 'notification.new_badge_msg', 'system', 'single', 1734175519, '{\"title\": \"Loyal User\"}'),
(3273, 1954, NULL, NULL, 'notification.new_badge', 'notification.new_badge_msg', 'system', 'single', 1734175519, '{\"title\": \"Loyal User\"}'),
(3274, 1954, NULL, NULL, 'notification.new_badge', 'notification.new_badge_msg', 'system', 'single', 1734175520, '{\"title\": \"Expert Vendor\"}'),
(3275, 1954, NULL, NULL, 'notification.new_badge', 'notification.new_badge_msg', 'system', 'single', 1734175520, '{\"title\": \"Best Seller\"}'),
(3276, 1353, NULL, NULL, 'notification.new_badge', 'notification.new_badge_msg', 'system', 'single', 1734175530, '{\"title\": \"Loyal User\"}'),
(3277, 1367, NULL, NULL, 'notification.new_badge', 'notification.new_badge_msg', 'system', 'single', 1734175536, '{\"title\": \"Loyal User\"}'),
(3278, 1369, NULL, NULL, 'notification.new_badge', 'notification.new_badge_msg', 'system', 'single', 1734175541, '{\"title\": \"Loyal User\"}'),
(3279, 1394, NULL, NULL, 'notification.new_badge', 'notification.new_badge_msg', 'system', 'single', 1734175551, '{\"title\": \"Loyal User\"}'),
(3280, 1396, NULL, NULL, 'notification.new_badge', 'notification.new_badge_msg', 'system', 'single', 1734175557, '{\"title\": \"Loyal User\"}'),
(3281, 1411, NULL, NULL, 'notification.new_badge', 'notification.new_badge_msg', 'system', 'single', 1734175566, '{\"title\": \"Loyal User\"}'),
(3282, 1411, NULL, NULL, 'notification.new_badge', 'notification.new_badge_msg', 'system', 'single', 1734175566, '{\"title\": \"Senior Vendor\"}'),
(3283, 1426, NULL, NULL, 'notification.new_badge', 'notification.new_badge_msg', 'system', 'single', 1734175575, '{\"title\": \"Loyal User\"}'),
(3284, 1426, NULL, NULL, 'notification.new_badge', 'notification.new_badge_msg', 'system', 'single', 1734175575, '{\"title\": \"Senior Vendor\"}'),
(3285, 1530, NULL, NULL, 'notification.new_badge', 'notification.new_badge_msg', 'system', 'single', 1734175580, '{\"title\": \"Loyal User\"}'),
(3286, 1665, NULL, NULL, 'notification.new_badge', 'notification.new_badge_msg', 'system', 'single', 1734175584, '{\"title\": \"Loyal User\"}'),
(3287, 1665, NULL, NULL, 'notification.new_badge', 'notification.new_badge_msg', 'system', 'single', 1734175584, '{\"title\": \"Junior Vendor\"}'),
(3288, 1666, NULL, NULL, 'notification.new_badge', 'notification.new_badge_msg', 'system', 'single', 1734175584, '{\"title\": \"Loyal User\"}'),
(3289, 1669, NULL, NULL, 'notification.new_badge', 'notification.new_badge_msg', 'system', 'single', 1734175585, '{\"title\": \"Loyal User\"}'),
(3290, 1670, NULL, NULL, 'notification.new_badge', 'notification.new_badge_msg', 'system', 'single', 1734175585, '{\"title\": \"Loyal User\"}'),
(3291, 1880, NULL, NULL, 'notification.new_badge', 'notification.new_badge_msg', 'system', 'single', 1734175588, '{\"title\": \"Loyal User\"}'),
(3292, 1954, NULL, NULL, 'notification.new_badge', 'notification.new_badge_msg', 'system', 'single', 1734175666, '{\"title\": \"Loyal User\"}'),
(3293, 1954, NULL, NULL, 'notification.new_badge', 'notification.new_badge_msg', 'system', 'single', 1734175666, '{\"title\": \"Expert Vendor\"}'),
(3294, 1954, NULL, NULL, 'notification.new_badge', 'notification.new_badge_msg', 'system', 'single', 1734175666, '{\"title\": \"Best Seller\"}'),
(3295, 1954, NULL, NULL, 'notification.new_badge', 'notification.new_badge_msg', 'system', 'single', 1734175704, '{\"title\": \"Loyal User\"}'),
(3296, 1954, NULL, NULL, 'notification.new_badge', 'notification.new_badge_msg', 'system', 'single', 1734175704, '{\"title\": \"Expert Vendor\"}'),
(3297, 1954, NULL, NULL, 'notification.new_badge', 'notification.new_badge_msg', 'system', 'single', 1734175704, '{\"title\": \"Best Seller\"}'),
(3298, 1954, NULL, NULL, 'notification.new_badge', 'notification.new_badge_msg', 'system', 'single', 1734175731, '{\"title\": \"Loyal User\"}'),
(3299, 1954, NULL, NULL, 'notification.new_badge', 'notification.new_badge_msg', 'system', 'single', 1734175731, '{\"title\": \"Expert Vendor\"}'),
(3300, 1954, NULL, NULL, 'notification.new_badge', 'notification.new_badge_msg', 'system', 'single', 1734175731, '{\"title\": \"Best Seller\"}'),
(3301, 1954, NULL, NULL, 'notification.new_badge', 'notification.new_badge_msg', 'system', 'single', 1734175979, '{\"title\": \"Loyal User\"}'),
(3302, 1954, NULL, NULL, 'notification.new_badge', 'notification.new_badge_msg', 'system', 'single', 1734175979, '{\"title\": \"Expert Vendor\"}'),
(3303, 1954, NULL, NULL, 'notification.new_badge', 'notification.new_badge_msg', 'system', 'single', 1734175979, '{\"title\": \"Best Seller\"}'),
(3304, 1954, NULL, NULL, 'notification.new_badge', 'notification.new_badge_msg', 'system', 'single', 1734175996, '{\"title\": \"Loyal User\"}'),
(3305, 1954, NULL, NULL, 'notification.new_badge', 'notification.new_badge_msg', 'system', 'single', 1734175996, '{\"title\": \"Expert Vendor\"}'),
(3306, 1954, NULL, NULL, 'notification.new_badge', 'notification.new_badge_msg', 'system', 'single', 1734175996, '{\"title\": \"Best Seller\"}'),
(3307, 1954, NULL, NULL, 'notification.new_badge', 'notification.new_badge_msg', 'system', 'single', 1734176015, '{\"title\": \"Loyal User\"}'),
(3308, 1954, NULL, NULL, 'notification.new_badge', 'notification.new_badge_msg', 'system', 'single', 1734176015, '{\"title\": \"Expert Vendor\"}'),
(3309, 1954, NULL, NULL, 'notification.new_badge', 'notification.new_badge_msg', 'system', 'single', 1734176015, '{\"title\": \"Best Seller\"}'),
(3310, 1954, NULL, NULL, 'notification.new_badge', 'notification.new_badge_msg', 'system', 'single', 1734176024, '{\"title\": \"Loyal User\"}'),
(3311, 1954, NULL, NULL, 'notification.new_badge', 'notification.new_badge_msg', 'system', 'single', 1734176024, '{\"title\": \"Expert Vendor\"}'),
(3312, 1954, NULL, NULL, 'notification.new_badge', 'notification.new_badge_msg', 'system', 'single', 1734176024, '{\"title\": \"Best Seller\"}'),
(3313, 1954, NULL, NULL, 'notification.new_badge', 'notification.new_badge_msg', 'system', 'single', 1734176062, '{\"title\": \"Loyal User\"}'),
(3314, 1954, NULL, NULL, 'notification.new_badge', 'notification.new_badge_msg', 'system', 'single', 1734176062, '{\"title\": \"Expert Vendor\"}'),
(3315, 1954, NULL, NULL, 'notification.new_badge', 'notification.new_badge_msg', 'system', 'single', 1734176062, '{\"title\": \"Best Seller\"}'),
(3316, 1954, NULL, NULL, 'notification.new_badge', 'notification.new_badge_msg', 'system', 'single', 1734176071, '{\"title\": \"Loyal User\"}'),
(3317, 1954, NULL, NULL, 'notification.new_badge', 'notification.new_badge_msg', 'system', 'single', 1734176071, '{\"title\": \"Expert Vendor\"}'),
(3318, 1954, NULL, NULL, 'notification.new_badge', 'notification.new_badge_msg', 'system', 'single', 1734176071, '{\"title\": \"Best Seller\"}'),
(3319, 1954, NULL, NULL, 'notification.new_badge', 'notification.new_badge_msg', 'system', 'single', 1734176258, '{\"title\": \"Loyal User\"}'),
(3320, 1954, NULL, NULL, 'notification.new_badge', 'notification.new_badge_msg', 'system', 'single', 1734176258, '{\"title\": \"Expert Vendor\"}'),
(3321, 1954, NULL, NULL, 'notification.new_badge', 'notification.new_badge_msg', 'system', 'single', 1734176258, '{\"title\": \"Best Seller\"}'),
(3322, 1954, NULL, NULL, 'notification.new_badge', 'notification.new_badge_msg', 'system', 'single', 1734176287, '{\"title\": \"Loyal User\"}'),
(3323, 1954, NULL, NULL, 'notification.new_badge', 'notification.new_badge_msg', 'system', 'single', 1734176287, '{\"title\": \"Expert Vendor\"}'),
(3324, 1954, NULL, NULL, 'notification.new_badge', 'notification.new_badge_msg', 'system', 'single', 1734176287, '{\"title\": \"Best Seller\"}'),
(3325, 2313, NULL, NULL, 'notification.new_badge', 'notification.new_badge_msg', 'system', 'single', 1734176325, '{\"title\": \"New User\"}'),
(3326, 2642, NULL, NULL, 'notification.new_badge', 'notification.new_badge_msg', 'system', 'single', 1734176328, '{\"title\": \"New User\"}'),
(3327, 1954, NULL, NULL, 'notification.new_badge', 'notification.new_badge_msg', 'system', 'single', 1734178001, '{\"title\": \"Loyal User\"}'),
(3328, 1954, NULL, NULL, 'notification.new_badge', 'notification.new_badge_msg', 'system', 'single', 1734178001, '{\"title\": \"Expert Vendor\"}'),
(3329, 1954, NULL, NULL, 'notification.new_badge', 'notification.new_badge_msg', 'system', 'single', 1734178001, '{\"title\": \"Best Seller\"}'),
(3330, 2642, NULL, NULL, 'notification.new_badge', 'notification.new_badge_msg', 'system', 'single', 1734178172, '{\"title\": \"New User\"}'),
(3331, 2642, NULL, NULL, 'notification.new_badge', 'notification.new_badge_msg', 'system', 'single', 1734178188, '{\"title\": \"New User\"}'),
(3332, 2642, NULL, NULL, 'notification.new_badge', 'notification.new_badge_msg', 'system', 'single', 1734178398, '{\"title\": \"New User\"}'),
(3333, 2642, NULL, NULL, 'notification.new_badge', 'notification.new_badge_msg', 'system', 'single', 1734178442, '{\"title\": \"New User\"}'),
(3334, 2642, NULL, NULL, 'notification.new_badge', 'notification.new_badge_msg', 'system', 'single', 1734178635, '{\"title\": \"New User\"}'),
(3335, 2642, NULL, NULL, 'notification.new_badge', 'notification.new_badge_msg', 'system', 'single', 1734178644, '{\"title\": \"New User\"}'),
(3336, 2642, NULL, NULL, 'notification.new_badge', 'notification.new_badge_msg', 'system', 'single', 1734178786, '{\"title\": \"New User\"}'),
(3337, 2642, NULL, NULL, 'notification.new_badge', 'notification.new_badge_msg', 'system', 'single', 1734178821, '{\"title\": \"New User\"}'),
(3338, 2642, NULL, NULL, 'notification.new_badge', 'notification.new_badge_msg', 'system', 'single', 1734178850, '{\"title\": \"New User\"}'),
(3339, 2642, NULL, NULL, 'notification.new_badge', 'notification.new_badge_msg', 'system', 'single', 1734178881, '{\"title\": \"New User\"}'),
(3340, 1530, NULL, NULL, 'notification.new_badge', 'notification.new_badge_msg', 'system', 'single', 1734180775, '{\"title\": \"Loyal User\"}'),
(3341, 1316, NULL, NULL, 'notification.new_badge', 'notification.new_badge_msg', 'system', 'single', 1734185811, '{\"title\": \"Loyal User\"}'),
(3342, 1316, NULL, NULL, 'notification.new_badge', 'notification.new_badge_msg', 'system', 'single', 1734185811, '{\"title\": \"Expert Vendor\"}'),
(3343, 1316, NULL, NULL, 'notification.new_badge', 'notification.new_badge_msg', 'system', 'single', 1734185821, '{\"title\": \"Loyal User\"}'),
(3344, 1316, NULL, NULL, 'notification.new_badge', 'notification.new_badge_msg', 'system', 'single', 1734185821, '{\"title\": \"Expert Vendor\"}'),
(3345, 1316, NULL, NULL, 'notification.new_badge', 'notification.new_badge_msg', 'system', 'single', 1734186048, '{\"title\": \"Loyal User\"}'),
(3346, 1316, NULL, NULL, 'notification.new_badge', 'notification.new_badge_msg', 'system', 'single', 1734186048, '{\"title\": \"Expert Vendor\"}'),
(3347, 1316, NULL, NULL, 'notification.new_badge', 'notification.new_badge_msg', 'system', 'single', 1734186065, '{\"title\": \"Loyal User\"}'),
(3348, 1316, NULL, NULL, 'notification.new_badge', 'notification.new_badge_msg', 'system', 'single', 1734186065, '{\"title\": \"Expert Vendor\"}'),
(3349, 1316, NULL, NULL, 'notification.new_badge', 'notification.new_badge_msg', 'system', 'single', 1734186077, '{\"title\": \"Loyal User\"}'),
(3350, 1316, NULL, NULL, 'notification.new_badge', 'notification.new_badge_msg', 'system', 'single', 1734186077, '{\"title\": \"Expert Vendor\"}'),
(3351, 2071, NULL, NULL, 'notification.new_badge', 'notification.new_badge_msg', 'system', 'single', 1734186098, '{\"title\": \"Loyal User\"}'),
(3352, 2073, NULL, NULL, 'notification.new_badge', 'notification.new_badge_msg', 'system', 'single', 1734186320, '{\"title\": \"Loyal User\"}'),
(3353, 1316, NULL, NULL, 'notification.new_badge', 'notification.new_badge_msg', 'system', 'single', 1734186371, '{\"title\": \"Loyal User\"}'),
(3354, 1316, NULL, NULL, 'notification.new_badge', 'notification.new_badge_msg', 'system', 'single', 1734186372, '{\"title\": \"Expert Vendor\"}');
INSERT INTO `notifications` (`id`, `user_id`, `sender_id`, `group_id`, `title`, `message`, `sender`, `type`, `created_at`, `data`) VALUES
(3355, 1316, NULL, NULL, 'notification.new_badge', 'notification.new_badge_msg', 'system', 'single', 1734186389, '{\"title\": \"Loyal User\"}'),
(3356, 1316, NULL, NULL, 'notification.new_badge', 'notification.new_badge_msg', 'system', 'single', 1734186389, '{\"title\": \"Expert Vendor\"}'),
(3357, 2071, NULL, NULL, 'notification.new_badge', 'notification.new_badge_msg', 'system', 'single', 1734186538, '{\"title\": \"Loyal User\"}'),
(3358, 2073, NULL, NULL, 'notification.new_badge', 'notification.new_badge_msg', 'system', 'single', 1734186540, '{\"title\": \"Loyal User\"}'),
(3359, 1353, NULL, NULL, 'notification.new_badge', 'notification.new_badge_msg', 'system', 'single', 1734195159, '{\"title\": \"Loyal User\"}'),
(3360, 1367, NULL, NULL, 'notification.new_badge', 'notification.new_badge_msg', 'system', 'single', 1734199290, '{\"title\": \"Loyal User\"}'),
(3361, 2625, NULL, NULL, 'notification.new_badge', 'notification.new_badge_msg', 'system', 'single', 1734199703, '{\"title\": \"New User\"}'),
(3362, 2625, NULL, NULL, 'notification.new_badge', 'notification.new_badge_msg', 'system', 'single', 1734199729, '{\"title\": \"New User\"}'),
(3363, 1367, NULL, NULL, 'notification.new_badge', 'notification.new_badge_msg', 'system', 'single', 1734202462, '{\"title\": \"Loyal User\"}'),
(3364, 2596, NULL, NULL, 'notification.new_badge', 'notification.new_badge_msg', 'system', 'single', 1734207126, '{\"title\": \"New User\"}'),
(3365, 1353, NULL, NULL, 'notification.new_badge', 'notification.new_badge_msg', 'system', 'single', 1734208958, '{\"title\": \"Loyal User\"}'),
(3366, 2625, NULL, NULL, 'notification.new_badge', 'notification.new_badge_msg', 'system', 'single', 1734213259, '{\"title\": \"New User\"}'),
(3367, 2071, NULL, NULL, 'notification.new_badge', 'notification.new_badge_msg', 'system', 'single', 1734218392, '{\"title\": \"Loyal User\"}'),
(3368, 1316, NULL, NULL, 'notification.new_badge', 'notification.new_badge_msg', 'system', 'single', 1734218403, '{\"title\": \"Loyal User\"}'),
(3369, 1316, NULL, NULL, 'notification.new_badge', 'notification.new_badge_msg', 'system', 'single', 1734218403, '{\"title\": \"Expert Vendor\"}'),
(3370, 2073, NULL, NULL, 'notification.new_badge', 'notification.new_badge_msg', 'system', 'single', 1734218408, '{\"title\": \"Loyal User\"}'),
(3371, 2071, NULL, NULL, 'notification.new_badge', 'notification.new_badge_msg', 'system', 'single', 1734218745, '{\"title\": \"Loyal User\"}'),
(3372, 2073, NULL, NULL, 'notification.new_badge', 'notification.new_badge_msg', 'system', 'single', 1734218752, '{\"title\": \"Loyal User\"}'),
(3373, 1316, NULL, NULL, 'notification.new_badge', 'notification.new_badge_msg', 'system', 'single', 1734218799, '{\"title\": \"Loyal User\"}'),
(3374, 1316, NULL, NULL, 'notification.new_badge', 'notification.new_badge_msg', 'system', 'single', 1734218799, '{\"title\": \"Expert Vendor\"}'),
(3375, 2071, NULL, NULL, 'notification.new_badge', 'notification.new_badge_msg', 'system', 'single', 1734218901, '{\"title\": \"Loyal User\"}'),
(3376, 2071, NULL, NULL, 'notification.new_badge', 'notification.new_badge_msg', 'system', 'single', 1734218922, '{\"title\": \"Loyal User\"}'),
(3377, 2542, NULL, NULL, 'notification.new_badge', 'notification.new_badge_msg', 'system', 'single', 1734218925, '{\"title\": \"New User\"}'),
(3378, 2071, NULL, NULL, 'notification.new_badge', 'notification.new_badge_msg', 'system', 'single', 1734220002, '{\"title\": \"Loyal User\"}'),
(3379, 2651, NULL, NULL, 'notification.new_badge', 'notification.new_badge_msg', 'system', 'single', 1734220005, '{\"title\": \"New User\"}'),
(3380, 2071, NULL, NULL, 'notification.new_badge', 'notification.new_badge_msg', 'system', 'single', 1734220019, '{\"title\": \"Loyal User\"}'),
(3381, 2073, NULL, NULL, 'notification.new_badge', 'notification.new_badge_msg', 'system', 'single', 1734220021, '{\"title\": \"Loyal User\"}'),
(3382, 1316, NULL, NULL, 'notification.new_badge', 'notification.new_badge_msg', 'system', 'single', 1734221390, '{\"title\": \"Loyal User\"}'),
(3383, 1316, NULL, NULL, 'notification.new_badge', 'notification.new_badge_msg', 'system', 'single', 1734221390, '{\"title\": \"Expert Vendor\"}'),
(3384, 1316, NULL, NULL, 'notification.course_created', 'notification.course_created_msg', 'system', 'single', 1734221590, '{\"title\": \"titre chapiter\"}'),
(3385, 2071, NULL, NULL, 'notification.new_badge', 'notification.new_badge_msg', 'system', 'single', 1734221723, '{\"title\": \"Loyal User\"}'),
(3386, 2073, NULL, NULL, 'notification.new_badge', 'notification.new_badge_msg', 'system', 'single', 1734221727, '{\"title\": \"Loyal User\"}'),
(3387, 1316, NULL, NULL, 'notification.new_badge', 'notification.new_badge_msg', 'system', 'single', 1734221820, '{\"title\": \"Loyal User\"}'),
(3388, 1316, NULL, NULL, 'notification.new_badge', 'notification.new_badge_msg', 'system', 'single', 1734221820, '{\"title\": \"Expert Vendor\"}'),
(3389, 1316, 2073, NULL, 'notification.new_follower', 'notification.new_follower_msg', 'system', 'single', 1734221830, '{\"name\": \"الطفل الثالث\"}'),
(3390, 1316, NULL, NULL, 'notification.new_badge', 'notification.new_badge_msg', 'system', 'single', 1734221836, '{\"title\": \"Loyal User\"}'),
(3391, 1316, NULL, NULL, 'notification.new_badge', 'notification.new_badge_msg', 'system', 'single', 1734221836, '{\"title\": \"Expert Vendor\"}'),
(3392, 2071, NULL, NULL, 'notification.new_badge', 'notification.new_badge_msg', 'system', 'single', 1734221854, '{\"title\": \"Loyal User\"}'),
(3393, 2073, NULL, NULL, 'notification.new_badge', 'notification.new_badge_msg', 'system', 'single', 1734221867, '{\"title\": \"Loyal User\"}'),
(3394, 1316, NULL, NULL, 'notification.new_badge', 'notification.new_badge_msg', 'system', 'single', 1734222236, '{\"title\": \"Loyal User\"}'),
(3395, 1316, NULL, NULL, 'notification.new_badge', 'notification.new_badge_msg', 'system', 'single', 1734222236, '{\"title\": \"Expert Vendor\"}'),
(3396, 1411, NULL, NULL, 'notification.new_badge', 'notification.new_badge_msg', 'system', 'single', 1734222928, '{\"title\": \"Loyal User\"}'),
(3397, 1411, NULL, NULL, 'notification.new_badge', 'notification.new_badge_msg', 'system', 'single', 1734222928, '{\"title\": \"Senior Vendor\"}'),
(3398, 2573, NULL, NULL, 'notification.new_badge', 'notification.new_badge_msg', 'system', 'single', 1734223039, '{\"title\": \"New User\"}'),
(3399, 2573, NULL, NULL, 'notification.new_badge', 'notification.new_badge_msg', 'system', 'single', 1734223067, '{\"title\": \"New User\"}'),
(3400, 2573, NULL, NULL, 'notification.new_badge', 'notification.new_badge_msg', 'system', 'single', 1734223082, '{\"title\": \"New User\"}'),
(3401, 2573, NULL, NULL, 'notification.new_badge', 'notification.new_badge_msg', 'system', 'single', 1734223089, '{\"title\": \"New User\"}'),
(3402, 2573, NULL, NULL, 'notification.new_badge', 'notification.new_badge_msg', 'system', 'single', 1734223095, '{\"title\": \"New User\"}'),
(3403, 2573, NULL, NULL, 'notification.new_badge', 'notification.new_badge_msg', 'system', 'single', 1734223099, '{\"title\": \"New User\"}'),
(3404, 2573, NULL, NULL, 'notification.new_badge', 'notification.new_badge_msg', 'system', 'single', 1734223107, '{\"title\": \"New User\"}'),
(3405, 2573, NULL, NULL, 'notification.new_badge', 'notification.new_badge_msg', 'system', 'single', 1734223110, '{\"title\": \"New User\"}'),
(3406, 1369, NULL, NULL, 'notification.new_badge', 'notification.new_badge_msg', 'system', 'single', 1734236049, '{\"title\": \"Loyal User\"}'),
(3407, 1316, NULL, NULL, 'notification.new_badge', 'notification.new_badge_msg', 'system', 'single', 1734246756, '{\"title\": \"Loyal User\"}'),
(3408, 1316, NULL, NULL, 'notification.new_badge', 'notification.new_badge_msg', 'system', 'single', 1734246756, '{\"title\": \"Expert Vendor\"}'),
(3409, 1318, NULL, NULL, 'notification.new_badge', 'notification.new_badge_msg', 'system', 'single', 1734246759, '{\"title\": \"Loyal User\"}'),
(3410, 1353, NULL, NULL, 'notification.new_badge', 'notification.new_badge_msg', 'system', 'single', 1734246761, '{\"title\": \"Loyal User\"}'),
(3411, 1367, NULL, NULL, 'notification.new_badge', 'notification.new_badge_msg', 'system', 'single', 1734246766, '{\"title\": \"Loyal User\"}'),
(3412, 1369, NULL, NULL, 'notification.new_badge', 'notification.new_badge_msg', 'system', 'single', 1734246770, '{\"title\": \"Loyal User\"}'),
(3413, 1394, NULL, NULL, 'notification.new_badge', 'notification.new_badge_msg', 'system', 'single', 1734246775, '{\"title\": \"Loyal User\"}'),
(3414, 1396, NULL, NULL, 'notification.new_badge', 'notification.new_badge_msg', 'system', 'single', 1734246779, '{\"title\": \"Loyal User\"}'),
(3415, 1411, NULL, NULL, 'notification.new_badge', 'notification.new_badge_msg', 'system', 'single', 1734246782, '{\"title\": \"Loyal User\"}'),
(3416, 1411, NULL, NULL, 'notification.new_badge', 'notification.new_badge_msg', 'system', 'single', 1734246782, '{\"title\": \"Senior Vendor\"}'),
(3417, 1426, NULL, NULL, 'notification.new_badge', 'notification.new_badge_msg', 'system', 'single', 1734246786, '{\"title\": \"Loyal User\"}'),
(3418, 1426, NULL, NULL, 'notification.new_badge', 'notification.new_badge_msg', 'system', 'single', 1734246786, '{\"title\": \"Senior Vendor\"}'),
(3419, 1530, NULL, NULL, 'notification.new_badge', 'notification.new_badge_msg', 'system', 'single', 1734246788, '{\"title\": \"Loyal User\"}'),
(3420, 1665, NULL, NULL, 'notification.new_badge', 'notification.new_badge_msg', 'system', 'single', 1734246792, '{\"title\": \"Loyal User\"}'),
(3421, 1665, NULL, NULL, 'notification.new_badge', 'notification.new_badge_msg', 'system', 'single', 1734246792, '{\"title\": \"Junior Vendor\"}'),
(3422, 1666, NULL, NULL, 'notification.new_badge', 'notification.new_badge_msg', 'system', 'single', 1734246795, '{\"title\": \"Loyal User\"}'),
(3423, 1669, NULL, NULL, 'notification.new_badge', 'notification.new_badge_msg', 'system', 'single', 1734246798, '{\"title\": \"Loyal User\"}'),
(3424, 1670, NULL, NULL, 'notification.new_badge', 'notification.new_badge_msg', 'system', 'single', 1734246804, '{\"title\": \"Loyal User\"}'),
(3425, 1880, NULL, NULL, 'notification.new_badge', 'notification.new_badge_msg', 'system', 'single', 1734246808, '{\"title\": \"Loyal User\"}'),
(3426, 2012, NULL, NULL, 'notification.new_badge', 'notification.new_badge_msg', 'system', 'single', 1734253009, '{\"title\": \"Loyal User\"}'),
(3427, 2012, NULL, NULL, 'notification.new_badge', 'notification.new_badge_msg', 'system', 'single', 1734253009, '{\"title\": \"Junior Vendor\"}'),
(3428, 2625, NULL, NULL, 'notification.new_badge', 'notification.new_badge_msg', 'system', 'single', 1734254817, '{\"title\": \"New User\"}'),
(3429, 2625, NULL, NULL, 'notification.new_badge', 'notification.new_badge_msg', 'system', 'single', 1734254888, '{\"title\": \"New User\"}'),
(3430, 1316, NULL, NULL, 'notification.new_badge', 'notification.new_badge_msg', 'system', 'single', 1734256787, '{\"title\": \"Loyal User\"}'),
(3431, 1316, NULL, NULL, 'notification.new_badge', 'notification.new_badge_msg', 'system', 'single', 1734256787, '{\"title\": \"Expert Vendor\"}'),
(3432, 2625, NULL, NULL, 'notification.new_badge', 'notification.new_badge_msg', 'system', 'single', 1734260261, '{\"title\": \"New User\"}'),
(3433, 1316, NULL, NULL, 'notification.new_badge', 'notification.new_badge_msg', 'system', 'single', 1734268435, '{\"title\": \"Loyal User\"}'),
(3434, 1316, NULL, NULL, 'notification.new_badge', 'notification.new_badge_msg', 'system', 'single', 1734268435, '{\"title\": \"Expert Vendor\"}'),
(3435, 2071, NULL, NULL, 'notification.new_badge', 'notification.new_badge_msg', 'system', 'single', 1734268579, '{\"title\": \"Loyal User\"}'),
(3436, 2073, NULL, NULL, 'notification.new_badge', 'notification.new_badge_msg', 'system', 'single', 1734268586, '{\"title\": \"Loyal User\"}'),
(3437, 1316, NULL, NULL, 'notification.new_badge', 'notification.new_badge_msg', 'system', 'single', 1734268751, '{\"title\": \"Loyal User\"}'),
(3438, 1316, NULL, NULL, 'notification.new_badge', 'notification.new_badge_msg', 'system', 'single', 1734268751, '{\"title\": \"Expert Vendor\"}'),
(3439, 2071, NULL, NULL, 'notification.new_badge', 'notification.new_badge_msg', 'system', 'single', 1734268784, '{\"title\": \"Loyal User\"}'),
(3440, 1316, NULL, NULL, 'notification.new_badge', 'notification.new_badge_msg', 'system', 'single', 1734268949, '{\"title\": \"Loyal User\"}'),
(3441, 1316, NULL, NULL, 'notification.new_badge', 'notification.new_badge_msg', 'system', 'single', 1734268949, '{\"title\": \"Expert Vendor\"}'),
(3442, 2625, NULL, NULL, 'notification.new_badge', 'notification.new_badge_msg', 'system', 'single', 1734278442, '{\"title\": \"New User\"}'),
(3443, 2625, NULL, NULL, 'notification.new_badge', 'notification.new_badge_msg', 'system', 'single', 1734278447, '{\"title\": \"New User\"}'),
(3444, 2625, NULL, NULL, 'notification.new_badge', 'notification.new_badge_msg', 'system', 'single', 1734278448, '{\"title\": \"New User\"}'),
(3445, 2625, NULL, NULL, 'notification.new_badge', 'notification.new_badge_msg', 'system', 'single', 1734278725, '{\"title\": \"New User\"}'),
(3446, 1316, NULL, NULL, 'notification.new_badge', 'notification.new_badge_msg', 'system', 'single', 1734281044, '{\"title\": \"Loyal User\"}'),
(3447, 1316, NULL, NULL, 'notification.new_badge', 'notification.new_badge_msg', 'system', 'single', 1734281044, '{\"title\": \"Expert Vendor\"}'),
(3448, 1316, NULL, NULL, 'notification.new_badge', 'notification.new_badge_msg', 'system', 'single', 1734281182, '{\"title\": \"Loyal User\"}'),
(3449, 1316, NULL, NULL, 'notification.new_badge', 'notification.new_badge_msg', 'system', 'single', 1734281182, '{\"title\": \"Expert Vendor\"}'),
(3450, 1316, NULL, NULL, 'notification.new_badge', 'notification.new_badge_msg', 'system', 'single', 1734281189, '{\"title\": \"Loyal User\"}'),
(3451, 1316, NULL, NULL, 'notification.new_badge', 'notification.new_badge_msg', 'system', 'single', 1734281189, '{\"title\": \"Expert Vendor\"}'),
(3452, 1316, NULL, NULL, 'notification.new_badge', 'notification.new_badge_msg', 'system', 'single', 1734286232, '{\"title\": \"Loyal User\"}'),
(3453, 1316, NULL, NULL, 'notification.new_badge', 'notification.new_badge_msg', 'system', 'single', 1734286232, '{\"title\": \"Expert Vendor\"}'),
(3454, 1316, NULL, NULL, 'notification.new_badge', 'notification.new_badge_msg', 'system', 'single', 1734286260, '{\"title\": \"Loyal User\"}'),
(3455, 1316, NULL, NULL, 'notification.new_badge', 'notification.new_badge_msg', 'system', 'single', 1734286260, '{\"title\": \"Expert Vendor\"}'),
(3456, 1316, NULL, NULL, 'notification.new_badge', 'notification.new_badge_msg', 'system', 'single', 1734286459, '{\"title\": \"Loyal User\"}'),
(3457, 1316, NULL, NULL, 'notification.new_badge', 'notification.new_badge_msg', 'system', 'single', 1734286459, '{\"title\": \"Expert Vendor\"}'),
(3458, 1316, NULL, NULL, 'notification.new_badge', 'notification.new_badge_msg', 'system', 'single', 1734291039, '{\"title\": \"Loyal User\"}'),
(3459, 1316, NULL, NULL, 'notification.new_badge', 'notification.new_badge_msg', 'system', 'single', 1734291039, '{\"title\": \"Expert Vendor\"}'),
(3460, 1316, NULL, NULL, 'notification.new_badge', 'notification.new_badge_msg', 'system', 'single', 1734291051, '{\"title\": \"Loyal User\"}'),
(3461, 1316, NULL, NULL, 'notification.new_badge', 'notification.new_badge_msg', 'system', 'single', 1734291051, '{\"title\": \"Expert Vendor\"}'),
(3462, 2071, NULL, NULL, 'notification.new_badge', 'notification.new_badge_msg', 'system', 'single', 1734293142, '{\"title\": \"Loyal User\"}'),
(3463, 1426, NULL, NULL, 'notification.new_badge', 'notification.new_badge_msg', 'system', 'single', 1734293374, '{\"title\": \"Loyal User\"}'),
(3464, 1426, NULL, NULL, 'notification.new_badge', 'notification.new_badge_msg', 'system', 'single', 1734293374, '{\"title\": \"Senior Vendor\"}'),
(3465, 1426, NULL, NULL, 'notification.new_badge', 'notification.new_badge_msg', 'system', 'single', 1734293379, '{\"title\": \"Loyal User\"}'),
(3466, 1426, NULL, NULL, 'notification.new_badge', 'notification.new_badge_msg', 'system', 'single', 1734293379, '{\"title\": \"Senior Vendor\"}'),
(3467, 1426, NULL, NULL, 'notification.new_badge', 'notification.new_badge_msg', 'system', 'single', 1734293380, '{\"title\": \"Loyal User\"}'),
(3468, 1426, NULL, NULL, 'notification.new_badge', 'notification.new_badge_msg', 'system', 'single', 1734293380, '{\"title\": \"Senior Vendor\"}'),
(3469, 1426, NULL, NULL, 'notification.new_badge', 'notification.new_badge_msg', 'system', 'single', 1734293380, '{\"title\": \"Loyal User\"}'),
(3470, 1426, NULL, NULL, 'notification.new_badge', 'notification.new_badge_msg', 'system', 'single', 1734293380, '{\"title\": \"Senior Vendor\"}'),
(3471, 1411, NULL, NULL, 'notification.new_badge', 'notification.new_badge_msg', 'system', 'single', 1734293388, '{\"title\": \"Loyal User\"}'),
(3472, 1411, NULL, NULL, 'notification.new_badge', 'notification.new_badge_msg', 'system', 'single', 1734293388, '{\"title\": \"Senior Vendor\"}'),
(3473, 1411, NULL, NULL, 'notification.new_badge', 'notification.new_badge_msg', 'system', 'single', 1734293392, '{\"title\": \"Loyal User\"}'),
(3474, 1411, NULL, NULL, 'notification.new_badge', 'notification.new_badge_msg', 'system', 'single', 1734293392, '{\"title\": \"Senior Vendor\"}'),
(3475, 1411, NULL, NULL, 'notification.new_badge', 'notification.new_badge_msg', 'system', 'single', 1734293393, '{\"title\": \"Loyal User\"}'),
(3476, 1411, NULL, NULL, 'notification.new_badge', 'notification.new_badge_msg', 'system', 'single', 1734293393, '{\"title\": \"Loyal User\"}'),
(3477, 1411, NULL, NULL, 'notification.new_badge', 'notification.new_badge_msg', 'system', 'single', 1734293393, '{\"title\": \"Senior Vendor\"}'),
(3478, 1411, NULL, NULL, 'notification.new_badge', 'notification.new_badge_msg', 'system', 'single', 1734293393, '{\"title\": \"Senior Vendor\"}'),
(3479, 2071, NULL, NULL, 'notification.new_badge', 'notification.new_badge_msg', 'system', 'single', 1734293952, '{\"title\": \"Loyal User\"}'),
(3480, 2073, NULL, NULL, 'notification.new_badge', 'notification.new_badge_msg', 'system', 'single', 1734293956, '{\"title\": \"Loyal User\"}'),
(3481, 2071, NULL, NULL, 'notification.new_badge', 'notification.new_badge_msg', 'system', 'single', 1734293978, '{\"title\": \"Loyal User\"}'),
(3482, 2073, NULL, NULL, 'notification.new_badge', 'notification.new_badge_msg', 'system', 'single', 1734293981, '{\"title\": \"Loyal User\"}'),
(3483, 1318, 2073, NULL, 'notification.new_follower', 'notification.new_follower_msg', 'system', 'single', 1734294011, '{\"name\": \"الطفل الثالث\"}'),
(3484, 1318, 2073, NULL, 'notification.new_like', 'notification.new_like_msg', 'system', 'single', 1734294036, '{\"user\": \"الطفل الثالث\", \"title\": null}'),
(3485, 2613, NULL, NULL, 'notification.new_badge', 'notification.new_badge_msg', 'system', 'single', 1734295533, '{\"title\": \"New User\"}'),
(3486, 2613, NULL, NULL, 'notification.new_badge', 'notification.new_badge_msg', 'system', 'single', 1734295534, '{\"title\": \"New User\"}'),
(3487, 2613, NULL, NULL, 'notification.new_badge', 'notification.new_badge_msg', 'system', 'single', 1734295535, '{\"title\": \"New User\"}'),
(3488, 1426, NULL, NULL, 'notification.new_badge', 'notification.new_badge_msg', 'system', 'single', 1734298119, '{\"title\": \"Loyal User\"}'),
(3489, 1426, NULL, NULL, 'notification.new_badge', 'notification.new_badge_msg', 'system', 'single', 1734298119, '{\"title\": \"Senior Vendor\"}'),
(3490, 1426, NULL, NULL, 'notification.new_badge', 'notification.new_badge_msg', 'system', 'single', 1734298130, '{\"title\": \"Loyal User\"}'),
(3491, 1426, NULL, NULL, 'notification.new_badge', 'notification.new_badge_msg', 'system', 'single', 1734298130, '{\"title\": \"Senior Vendor\"}'),
(3492, 1426, NULL, NULL, 'notification.new_badge', 'notification.new_badge_msg', 'system', 'single', 1734298155, '{\"title\": \"Loyal User\"}'),
(3493, 1426, NULL, NULL, 'notification.new_badge', 'notification.new_badge_msg', 'system', 'single', 1734298155, '{\"title\": \"Senior Vendor\"}'),
(3494, 1665, NULL, NULL, 'notification.new_badge', 'notification.new_badge_msg', 'system', 'single', 1734298197, '{\"title\": \"Loyal User\"}'),
(3495, 1665, NULL, NULL, 'notification.new_badge', 'notification.new_badge_msg', 'system', 'single', 1734298197, '{\"title\": \"Junior Vendor\"}'),
(3496, 1665, NULL, NULL, 'notification.new_badge', 'notification.new_badge_msg', 'system', 'single', 1734298201, '{\"title\": \"Loyal User\"}'),
(3497, 1665, NULL, NULL, 'notification.new_badge', 'notification.new_badge_msg', 'system', 'single', 1734298201, '{\"title\": \"Junior Vendor\"}'),
(3498, 1665, NULL, NULL, 'notification.new_badge', 'notification.new_badge_msg', 'system', 'single', 1734298202, '{\"title\": \"Loyal User\"}'),
(3499, 1665, NULL, NULL, 'notification.new_badge', 'notification.new_badge_msg', 'system', 'single', 1734298202, '{\"title\": \"Junior Vendor\"}'),
(3500, 1665, NULL, NULL, 'notification.new_badge', 'notification.new_badge_msg', 'system', 'single', 1734298202, '{\"title\": \"Loyal User\"}'),
(3501, 1665, NULL, NULL, 'notification.new_badge', 'notification.new_badge_msg', 'system', 'single', 1734298202, '{\"title\": \"Junior Vendor\"}'),
(3502, 1992, NULL, NULL, 'notification.new_badge', 'notification.new_badge_msg', 'system', 'single', 1734298205, '{\"title\": \"Loyal User\"}'),
(3503, 1992, NULL, NULL, 'notification.new_badge', 'notification.new_badge_msg', 'system', 'single', 1734298205, '{\"title\": \"Junior Vendor\"}'),
(3504, 1992, NULL, NULL, 'notification.new_badge', 'notification.new_badge_msg', 'system', 'single', 1734298206, '{\"title\": \"Loyal User\"}'),
(3505, 1992, NULL, NULL, 'notification.new_badge', 'notification.new_badge_msg', 'system', 'single', 1734298206, '{\"title\": \"Junior Vendor\"}'),
(3506, 1992, NULL, NULL, 'notification.new_badge', 'notification.new_badge_msg', 'system', 'single', 1734298207, '{\"title\": \"Loyal User\"}'),
(3507, 1992, NULL, NULL, 'notification.new_badge', 'notification.new_badge_msg', 'system', 'single', 1734298207, '{\"title\": \"Junior Vendor\"}'),
(3508, 1992, NULL, NULL, 'notification.new_badge', 'notification.new_badge_msg', 'system', 'single', 1734298207, '{\"title\": \"Loyal User\"}'),
(3509, 1992, NULL, NULL, 'notification.new_badge', 'notification.new_badge_msg', 'system', 'single', 1734298207, '{\"title\": \"Junior Vendor\"}'),
(3510, 2012, NULL, NULL, 'notification.new_badge', 'notification.new_badge_msg', 'system', 'single', 1734298214, '{\"title\": \"Loyal User\"}'),
(3511, 2012, NULL, NULL, 'notification.new_badge', 'notification.new_badge_msg', 'system', 'single', 1734298214, '{\"title\": \"Junior Vendor\"}'),
(3512, 2012, NULL, NULL, 'notification.new_badge', 'notification.new_badge_msg', 'system', 'single', 1734298218, '{\"title\": \"Loyal User\"}'),
(3513, 2012, NULL, NULL, 'notification.new_badge', 'notification.new_badge_msg', 'system', 'single', 1734298218, '{\"title\": \"Junior Vendor\"}'),
(3514, 2012, NULL, NULL, 'notification.new_badge', 'notification.new_badge_msg', 'system', 'single', 1734298219, '{\"title\": \"Loyal User\"}'),
(3515, 2012, NULL, NULL, 'notification.new_badge', 'notification.new_badge_msg', 'system', 'single', 1734298219, '{\"title\": \"Junior Vendor\"}'),
(3516, 2012, NULL, NULL, 'notification.new_badge', 'notification.new_badge_msg', 'system', 'single', 1734298219, '{\"title\": \"Loyal User\"}'),
(3517, 2012, NULL, NULL, 'notification.new_badge', 'notification.new_badge_msg', 'system', 'single', 1734298219, '{\"title\": \"Junior Vendor\"}'),
(3518, 1396, NULL, NULL, 'notification.new_badge', 'notification.new_badge_msg', 'system', 'single', 1734299449, '{\"title\": \"Loyal User\"}'),
(3519, 1318, NULL, NULL, 'notification.new_badge', 'notification.new_badge_msg', 'system', 'single', 1734299491, '{\"title\": \"Loyal User\"}'),
(3520, 1316, NULL, NULL, 'notification.new_badge', 'notification.new_badge_msg', 'system', 'single', 1734328127, '{\"title\": \"Loyal User\"}'),
(3521, 1316, NULL, NULL, 'notification.new_badge', 'notification.new_badge_msg', 'system', 'single', 1734328127, '{\"title\": \"Expert Vendor\"}'),
(3522, 1318, NULL, NULL, 'notification.new_badge', 'notification.new_badge_msg', 'system', 'single', 1734328130, '{\"title\": \"Loyal User\"}'),
(3523, 1353, NULL, NULL, 'notification.new_badge', 'notification.new_badge_msg', 'system', 'single', 1734328133, '{\"title\": \"Loyal User\"}'),
(3524, 1367, NULL, NULL, 'notification.new_badge', 'notification.new_badge_msg', 'system', 'single', 1734328136, '{\"title\": \"Loyal User\"}'),
(3525, 1369, NULL, NULL, 'notification.new_badge', 'notification.new_badge_msg', 'system', 'single', 1734328140, '{\"title\": \"Loyal User\"}'),
(3526, 1394, NULL, NULL, 'notification.new_badge', 'notification.new_badge_msg', 'system', 'single', 1734328142, '{\"title\": \"Loyal User\"}'),
(3527, 1396, NULL, NULL, 'notification.new_badge', 'notification.new_badge_msg', 'system', 'single', 1734328149, '{\"title\": \"Loyal User\"}'),
(3528, 1411, NULL, NULL, 'notification.new_badge', 'notification.new_badge_msg', 'system', 'single', 1734328152, '{\"title\": \"Loyal User\"}'),
(3529, 1411, NULL, NULL, 'notification.new_badge', 'notification.new_badge_msg', 'system', 'single', 1734328152, '{\"title\": \"Senior Vendor\"}'),
(3530, 1426, NULL, NULL, 'notification.new_badge', 'notification.new_badge_msg', 'system', 'single', 1734328156, '{\"title\": \"Loyal User\"}'),
(3531, 1426, NULL, NULL, 'notification.new_badge', 'notification.new_badge_msg', 'system', 'single', 1734328156, '{\"title\": \"Senior Vendor\"}'),
(3532, 1530, NULL, NULL, 'notification.new_badge', 'notification.new_badge_msg', 'system', 'single', 1734328167, '{\"title\": \"Loyal User\"}'),
(3533, 1665, NULL, NULL, 'notification.new_badge', 'notification.new_badge_msg', 'system', 'single', 1734328167, '{\"title\": \"Loyal User\"}'),
(3534, 1665, NULL, NULL, 'notification.new_badge', 'notification.new_badge_msg', 'system', 'single', 1734328167, '{\"title\": \"Junior Vendor\"}'),
(3535, 1666, NULL, NULL, 'notification.new_badge', 'notification.new_badge_msg', 'system', 'single', 1734328172, '{\"title\": \"Loyal User\"}'),
(3536, 1669, NULL, NULL, 'notification.new_badge', 'notification.new_badge_msg', 'system', 'single', 1734328177, '{\"title\": \"Loyal User\"}'),
(3537, 1670, NULL, NULL, 'notification.new_badge', 'notification.new_badge_msg', 'system', 'single', 1734328180, '{\"title\": \"Loyal User\"}'),
(3538, 1880, NULL, NULL, 'notification.new_badge', 'notification.new_badge_msg', 'system', 'single', 1734328184, '{\"title\": \"Loyal User\"}'),
(3539, 2239, NULL, NULL, 'notification.new_badge', 'notification.new_badge_msg', 'system', 'single', 1734332370, '{\"title\": \"Loyal User\"}'),
(3540, 2241, NULL, NULL, 'notification.new_badge', 'notification.new_badge_msg', 'system', 'single', 1734332374, '{\"title\": \"Loyal User\"}'),
(3541, 2613, NULL, NULL, 'notification.new_badge', 'notification.new_badge_msg', 'system', 'single', 1734336965, '{\"title\": \"New User\"}'),
(3542, 2613, NULL, NULL, 'notification.new_badge', 'notification.new_badge_msg', 'system', 'single', 1734336970, '{\"title\": \"New User\"}'),
(3543, 1316, NULL, NULL, 'notification.new_badge', 'notification.new_badge_msg', 'system', 'single', 1734337457, '{\"title\": \"Loyal User\"}'),
(3544, 1316, NULL, NULL, 'notification.new_badge', 'notification.new_badge_msg', 'system', 'single', 1734337457, '{\"title\": \"Expert Vendor\"}'),
(3545, 1316, NULL, NULL, 'notification.new_badge', 'notification.new_badge_msg', 'system', 'single', 1734337501, '{\"title\": \"Loyal User\"}'),
(3546, 1316, NULL, NULL, 'notification.new_badge', 'notification.new_badge_msg', 'system', 'single', 1734337501, '{\"title\": \"Expert Vendor\"}'),
(3547, 1316, NULL, NULL, 'notification.new_badge', 'notification.new_badge_msg', 'system', 'single', 1734337514, '{\"title\": \"Loyal User\"}'),
(3548, 1316, NULL, NULL, 'notification.new_badge', 'notification.new_badge_msg', 'system', 'single', 1734337514, '{\"title\": \"Expert Vendor\"}'),
(3549, 1316, NULL, NULL, 'notification.new_badge', 'notification.new_badge_msg', 'system', 'single', 1734337514, '{\"title\": \"Loyal User\"}'),
(3550, 1316, NULL, NULL, 'notification.new_badge', 'notification.new_badge_msg', 'system', 'single', 1734337514, '{\"title\": \"Expert Vendor\"}'),
(3551, 1316, NULL, NULL, 'notification.new_badge', 'notification.new_badge_msg', 'system', 'single', 1734340424, '{\"title\": \"Loyal User\"}'),
(3552, 1316, NULL, NULL, 'notification.new_badge', 'notification.new_badge_msg', 'system', 'single', 1734340424, '{\"title\": \"Expert Vendor\"}'),
(3553, 1316, NULL, NULL, 'notification.new_badge', 'notification.new_badge_msg', 'system', 'single', 1734340454, '{\"title\": \"Loyal User\"}'),
(3554, 1316, NULL, NULL, 'notification.new_badge', 'notification.new_badge_msg', 'system', 'single', 1734340454, '{\"title\": \"Expert Vendor\"}'),
(3555, 1316, NULL, NULL, 'notification.new_badge', 'notification.new_badge_msg', 'system', 'single', 1734340492, '{\"title\": \"Loyal User\"}'),
(3556, 1316, NULL, NULL, 'notification.new_badge', 'notification.new_badge_msg', 'system', 'single', 1734340492, '{\"title\": \"Expert Vendor\"}'),
(3557, 1316, NULL, NULL, 'notification.new_badge', 'notification.new_badge_msg', 'system', 'single', 1734340534, '{\"title\": \"Loyal User\"}'),
(3558, 1316, NULL, NULL, 'notification.new_badge', 'notification.new_badge_msg', 'system', 'single', 1734340534, '{\"title\": \"Expert Vendor\"}'),
(3559, 2625, NULL, NULL, 'notification.new_badge', 'notification.new_badge_msg', 'system', 'single', 1734340589, '{\"title\": \"New User\"}'),
(3560, 1316, NULL, NULL, 'notification.new_badge', 'notification.new_badge_msg', 'system', 'single', 1734340660, '{\"title\": \"Loyal User\"}'),
(3561, 1316, NULL, NULL, 'notification.new_badge', 'notification.new_badge_msg', 'system', 'single', 1734340660, '{\"title\": \"Expert Vendor\"}'),
(3562, 2625, NULL, NULL, 'notification.new_badge', 'notification.new_badge_msg', 'system', 'single', 1734340787, '{\"title\": \"New User\"}'),
(3563, 2071, NULL, NULL, 'notification.new_badge', 'notification.new_badge_msg', 'system', 'single', 1734345276, '{\"title\": \"Loyal User\"}'),
(3564, 1316, NULL, NULL, 'notification.new_badge', 'notification.new_badge_msg', 'system', 'single', 1734345304, '{\"title\": \"Loyal User\"}'),
(3565, 1316, NULL, NULL, 'notification.new_badge', 'notification.new_badge_msg', 'system', 'single', 1734345304, '{\"title\": \"Expert Vendor\"}'),
(3566, 1316, NULL, NULL, 'notification.new_badge', 'notification.new_badge_msg', 'system', 'single', 1734345962, '{\"title\": \"Loyal User\"}'),
(3567, 1316, NULL, NULL, 'notification.new_badge', 'notification.new_badge_msg', 'system', 'single', 1734345962, '{\"title\": \"Expert Vendor\"}'),
(3568, 2073, NULL, NULL, 'notification.new_badge', 'notification.new_badge_msg', 'system', 'single', 1734346074, '{\"title\": \"Loyal User\"}'),
(3569, 2071, NULL, NULL, 'notification.new_badge', 'notification.new_badge_msg', 'system', 'single', 1734346595, '{\"title\": \"Loyal User\"}'),
(3570, 2142, NULL, NULL, 'notification.new_badge', 'notification.new_badge_msg', 'system', 'single', 1734346605, '{\"title\": \"Loyal User\"}'),
(3571, 1530, 2142, NULL, 'notification.new_follower', 'notification.new_follower_msg', 'system', 'single', 1734346650, '{\"name\": \"الطفل الثاني\"}'),
(3572, 1530, 2142, NULL, 'notification.new_like', 'notification.new_like_msg', 'system', 'single', 1734346652, '{\"user\": \"الطفل الثاني\", \"title\": \"إصلاح أقيم مكتسباتي ص 4 من كتاب الرياضيات للسنة السادسة ‐ Réalisée avec Clipchamp.mp4\"}'),
(3573, 1316, NULL, NULL, 'notification.new_badge', 'notification.new_badge_msg', 'system', 'single', 1734348702, '{\"title\": \"Loyal User\"}'),
(3574, 1316, NULL, NULL, 'notification.new_badge', 'notification.new_badge_msg', 'system', 'single', 1734348702, '{\"title\": \"Expert Vendor\"}'),
(3575, 1316, NULL, NULL, 'notification.new_badge', 'notification.new_badge_msg', 'system', 'single', 1734348720, '{\"title\": \"Loyal User\"}'),
(3576, 1316, NULL, NULL, 'notification.new_badge', 'notification.new_badge_msg', 'system', 'single', 1734348720, '{\"title\": \"Expert Vendor\"}'),
(3577, 1316, NULL, NULL, 'notification.new_badge', 'notification.new_badge_msg', 'system', 'single', 1734348730, '{\"title\": \"Loyal User\"}'),
(3578, 1316, NULL, NULL, 'notification.new_badge', 'notification.new_badge_msg', 'system', 'single', 1734348730, '{\"title\": \"Expert Vendor\"}'),
(3579, 1316, NULL, NULL, 'notification.new_badge', 'notification.new_badge_msg', 'system', 'single', 1734348747, '{\"title\": \"Loyal User\"}'),
(3580, 1316, NULL, NULL, 'notification.new_badge', 'notification.new_badge_msg', 'system', 'single', 1734348747, '{\"title\": \"Expert Vendor\"}'),
(3581, 1316, NULL, NULL, 'notification.new_badge', 'notification.new_badge_msg', 'system', 'single', 1734348884, '{\"title\": \"Loyal User\"}'),
(3582, 1316, NULL, NULL, 'notification.new_badge', 'notification.new_badge_msg', 'system', 'single', 1734348884, '{\"title\": \"Expert Vendor\"}'),
(3583, 1316, NULL, NULL, 'notification.new_badge', 'notification.new_badge_msg', 'system', 'single', 1734356166, '{\"title\": \"Loyal User\"}'),
(3584, 1316, NULL, NULL, 'notification.new_badge', 'notification.new_badge_msg', 'system', 'single', 1734356166, '{\"title\": \"Expert Vendor\"}'),
(3585, 1316, NULL, NULL, 'notification.new_badge', 'notification.new_badge_msg', 'system', 'single', 1734366809, '{\"title\": \"Loyal User\"}'),
(3586, 1316, NULL, NULL, 'notification.new_badge', 'notification.new_badge_msg', 'system', 'single', 1734366809, '{\"title\": \"Expert Vendor\"}'),
(3587, 1316, NULL, NULL, 'notification.new_badge', 'notification.new_badge_msg', 'system', 'single', 1734369730, '{\"title\": \"Loyal User\"}'),
(3588, 1316, NULL, NULL, 'notification.new_badge', 'notification.new_badge_msg', 'system', 'single', 1734369730, '{\"title\": \"Expert Vendor\"}'),
(3589, 1665, NULL, NULL, 'notification.new_badge', 'notification.new_badge_msg', 'system', 'single', 1734370161, '{\"title\": \"Loyal User\"}'),
(3590, 1665, NULL, NULL, 'notification.new_badge', 'notification.new_badge_msg', 'system', 'single', 1734370161, '{\"title\": \"Junior Vendor\"}'),
(3591, 1665, NULL, NULL, 'notification.new_badge', 'notification.new_badge_msg', 'system', 'single', 1734370271, '{\"title\": \"Loyal User\"}'),
(3592, 1665, NULL, NULL, 'notification.new_badge', 'notification.new_badge_msg', 'system', 'single', 1734370271, '{\"title\": \"Junior Vendor\"}'),
(3593, 1665, NULL, NULL, 'notification.new_badge', 'notification.new_badge_msg', 'system', 'single', 1734370341, '{\"title\": \"Loyal User\"}'),
(3594, 1665, NULL, NULL, 'notification.new_badge', 'notification.new_badge_msg', 'system', 'single', 1734370341, '{\"title\": \"Junior Vendor\"}'),
(3595, 1665, NULL, NULL, 'notification.new_badge', 'notification.new_badge_msg', 'system', 'single', 1734370344, '{\"title\": \"Loyal User\"}'),
(3596, 1665, NULL, NULL, 'notification.new_badge', 'notification.new_badge_msg', 'system', 'single', 1734370344, '{\"title\": \"Junior Vendor\"}'),
(3597, 1316, NULL, NULL, 'notification.new_badge', 'notification.new_badge_msg', 'system', 'single', 1734373189, '{\"title\": \"Loyal User\"}'),
(3598, 1316, NULL, NULL, 'notification.new_badge', 'notification.new_badge_msg', 'system', 'single', 1734373189, '{\"title\": \"Expert Vendor\"}'),
(3599, 1394, NULL, NULL, 'notification.new_badge', 'notification.new_badge_msg', 'system', 'single', 1734379076, '{\"title\": \"Loyal User\"}'),
(3600, 2625, NULL, NULL, 'notification.new_badge', 'notification.new_badge_msg', 'system', 'single', 1734381788, '{\"title\": \"New User\"}'),
(3601, 1426, NULL, NULL, 'notification.new_badge', 'notification.new_badge_msg', 'system', 'single', 1734383195, '{\"title\": \"Loyal User\"}'),
(3602, 1426, NULL, NULL, 'notification.new_badge', 'notification.new_badge_msg', 'system', 'single', 1734383195, '{\"title\": \"Senior Vendor\"}'),
(3603, 2625, NULL, NULL, 'notification.new_badge', 'notification.new_badge_msg', 'system', 'single', 1734384394, '{\"title\": \"New User\"}'),
(3604, 1669, NULL, NULL, 'notification.new_badge', 'notification.new_badge_msg', 'system', 'single', 1734387433, '{\"title\": \"Loyal User\"}'),
(3605, 1318, NULL, NULL, 'notification.new_badge', 'notification.new_badge_msg', 'system', 'single', 1734390718, '{\"title\": \"Loyal User\"}'),
(3606, 1530, NULL, NULL, 'notification.new_badge', 'notification.new_badge_msg', 'system', 'single', 1734391229, '{\"title\": \"Loyal User\"}'),
(3607, 1880, NULL, NULL, 'notification.new_badge', 'notification.new_badge_msg', 'system', 'single', 1734392052, '{\"title\": \"Loyal User\"}'),
(3608, 1426, NULL, NULL, 'notification.new_badge', 'notification.new_badge_msg', 'system', 'single', 1734396721, '{\"title\": \"Loyal User\"}'),
(3609, 1426, NULL, NULL, 'notification.new_badge', 'notification.new_badge_msg', 'system', 'single', 1734396721, '{\"title\": \"Senior Vendor\"}'),
(3610, 1665, NULL, NULL, 'notification.new_badge', 'notification.new_badge_msg', 'system', 'single', 1734399283, '{\"title\": \"Loyal User\"}'),
(3611, 1665, NULL, NULL, 'notification.new_badge', 'notification.new_badge_msg', 'system', 'single', 1734399283, '{\"title\": \"Junior Vendor\"}'),
(3612, 1367, NULL, NULL, 'notification.new_badge', 'notification.new_badge_msg', 'system', 'single', 1734403252, '{\"title\": \"Loyal User\"}'),
(3613, 1670, NULL, NULL, 'notification.new_badge', 'notification.new_badge_msg', 'system', 'single', 1734409804, '{\"title\": \"Loyal User\"}'),
(3614, 1316, NULL, NULL, 'notification.new_badge', 'notification.new_badge_msg', 'system', 'single', 1734427841, '{\"title\": \"Loyal User\"}'),
(3615, 1316, NULL, NULL, 'notification.new_badge', 'notification.new_badge_msg', 'system', 'single', 1734427841, '{\"title\": \"Expert Vendor\"}'),
(3616, 1316, NULL, NULL, 'notification.new_badge', 'notification.new_badge_msg', 'system', 'single', 1734427890, '{\"title\": \"Loyal User\"}'),
(3617, 1316, NULL, NULL, 'notification.new_badge', 'notification.new_badge_msg', 'system', 'single', 1734427890, '{\"title\": \"Expert Vendor\"}'),
(3618, 1316, NULL, NULL, 'notification.new_badge', 'notification.new_badge_msg', 'system', 'single', 1734428634, '{\"title\": \"Loyal User\"}'),
(3619, 1316, NULL, NULL, 'notification.new_badge', 'notification.new_badge_msg', 'system', 'single', 1734428634, '{\"title\": \"Expert Vendor\"}'),
(3620, 1316, NULL, NULL, 'notification.new_badge', 'notification.new_badge_msg', 'system', 'single', 1734430466, '{\"title\": \"Loyal User\"}'),
(3621, 1316, NULL, NULL, 'notification.new_badge', 'notification.new_badge_msg', 'system', 'single', 1734430466, '{\"title\": \"Expert Vendor\"}'),
(3622, 1316, NULL, NULL, 'notification.new_badge', 'notification.new_badge_msg', 'system', 'single', 1734431351, '{\"title\": \"Loyal User\"}'),
(3623, 1316, NULL, NULL, 'notification.new_badge', 'notification.new_badge_msg', 'system', 'single', 1734431351, '{\"title\": \"Expert Vendor\"}'),
(3624, 1667, NULL, NULL, 'notification.new_badge', 'notification.new_badge_msg', 'system', 'single', 1734431371, '{\"title\": \"Loyal User\"}'),
(3625, 2096, NULL, NULL, 'notification.new_badge', 'notification.new_badge_msg', 'system', 'single', 1734431378, '{\"title\": \"Loyal User\"}'),
(3626, 1667, NULL, NULL, 'notification.new_badge', 'notification.new_badge_msg', 'system', 'single', 1734431405, '{\"title\": \"Loyal User\"}'),
(3627, 1667, NULL, NULL, 'notification.new_badge', 'notification.new_badge_msg', 'system', 'single', 1734431420, '{\"title\": \"Loyal User\"}'),
(3628, 1318, 2662, NULL, 'notification.new_follower', 'notification.new_follower_msg', 'system', 'single', 1734431641, '{\"name\": \"Yassine\"}'),
(3629, 1318, NULL, NULL, 'notification.new_badge', 'notification.new_badge_msg', 'system', 'single', 1734431659, '{\"title\": \"Loyal User\"}'),
(3630, 1667, NULL, NULL, 'notification.new_badge', 'notification.new_badge_msg', 'system', 'single', 1734431709, '{\"title\": \"Loyal User\"}'),
(3631, 1667, NULL, NULL, 'notification.new_badge', 'notification.new_badge_msg', 'system', 'single', 1734431789, '{\"title\": \"Loyal User\"}'),
(3632, 1536, NULL, NULL, 'notification.new_badge', 'notification.new_badge_msg', 'system', 'single', 1734435816, '{\"title\": \"Loyal User\"}'),
(3633, 1530, NULL, NULL, 'notification.new_badge', 'notification.new_badge_msg', 'system', 'single', 1734435844, '{\"title\": \"Loyal User\"}'),
(3634, 1316, NULL, NULL, 'notification.new_badge', 'notification.new_badge_msg', 'system', 'single', 1734436642, '{\"title\": \"Loyal User\"}'),
(3635, 1316, NULL, NULL, 'notification.new_badge', 'notification.new_badge_msg', 'system', 'single', 1734436642, '{\"title\": \"Expert Vendor\"}'),
(3636, 1316, NULL, NULL, 'notification.new_badge', 'notification.new_badge_msg', 'system', 'single', 1734438333, '{\"title\": \"Loyal User\"}'),
(3637, 1316, NULL, NULL, 'notification.new_badge', 'notification.new_badge_msg', 'system', 'single', 1734438333, '{\"title\": \"Expert Vendor\"}'),
(3638, 1316, NULL, NULL, 'notification.new_badge', 'notification.new_badge_msg', 'system', 'single', 1734443108, '{\"title\": \"Loyal User\"}'),
(3639, 1316, NULL, NULL, 'notification.new_badge', 'notification.new_badge_msg', 'system', 'single', 1734443108, '{\"title\": \"Expert Vendor\"}'),
(3640, 1316, NULL, NULL, 'notification.new_badge', 'notification.new_badge_msg', 'system', 'single', 1734443116, '{\"title\": \"Loyal User\"}'),
(3641, 1316, NULL, NULL, 'notification.new_badge', 'notification.new_badge_msg', 'system', 'single', 1734443116, '{\"title\": \"Expert Vendor\"}'),
(3642, 1316, NULL, NULL, 'notification.new_badge', 'notification.new_badge_msg', 'system', 'single', 1734444814, '{\"title\": \"Loyal User\"}'),
(3643, 1316, NULL, NULL, 'notification.new_badge', 'notification.new_badge_msg', 'system', 'single', 1734444814, '{\"title\": \"Expert Vendor\"}'),
(3644, 1318, NULL, NULL, 'notification.new_badge', 'notification.new_badge_msg', 'system', 'single', 1734444815, '{\"title\": \"Loyal User\"}'),
(3645, 1353, NULL, NULL, 'notification.new_badge', 'notification.new_badge_msg', 'system', 'single', 1734444816, '{\"title\": \"Loyal User\"}'),
(3646, 1367, NULL, NULL, 'notification.new_badge', 'notification.new_badge_msg', 'system', 'single', 1734444817, '{\"title\": \"Loyal User\"}'),
(3647, 1369, NULL, NULL, 'notification.new_badge', 'notification.new_badge_msg', 'system', 'single', 1734444820, '{\"title\": \"Loyal User\"}'),
(3648, 1394, NULL, NULL, 'notification.new_badge', 'notification.new_badge_msg', 'system', 'single', 1734444821, '{\"title\": \"Loyal User\"}'),
(3649, 1396, NULL, NULL, 'notification.new_badge', 'notification.new_badge_msg', 'system', 'single', 1734444824, '{\"title\": \"Loyal User\"}'),
(3650, 1411, NULL, NULL, 'notification.new_badge', 'notification.new_badge_msg', 'system', 'single', 1734444827, '{\"title\": \"Loyal User\"}'),
(3651, 1411, NULL, NULL, 'notification.new_badge', 'notification.new_badge_msg', 'system', 'single', 1734444827, '{\"title\": \"Senior Vendor\"}'),
(3652, 1426, NULL, NULL, 'notification.new_badge', 'notification.new_badge_msg', 'system', 'single', 1734444830, '{\"title\": \"Loyal User\"}'),
(3653, 1426, NULL, NULL, 'notification.new_badge', 'notification.new_badge_msg', 'system', 'single', 1734444830, '{\"title\": \"Senior Vendor\"}'),
(3654, 1530, NULL, NULL, 'notification.new_badge', 'notification.new_badge_msg', 'system', 'single', 1734444830, '{\"title\": \"Loyal User\"}'),
(3655, 1665, NULL, NULL, 'notification.new_badge', 'notification.new_badge_msg', 'system', 'single', 1734444832, '{\"title\": \"Loyal User\"}'),
(3656, 1665, NULL, NULL, 'notification.new_badge', 'notification.new_badge_msg', 'system', 'single', 1734444832, '{\"title\": \"Junior Vendor\"}'),
(3657, 1666, NULL, NULL, 'notification.new_badge', 'notification.new_badge_msg', 'system', 'single', 1734444835, '{\"title\": \"Loyal User\"}'),
(3658, 1669, NULL, NULL, 'notification.new_badge', 'notification.new_badge_msg', 'system', 'single', 1734444837, '{\"title\": \"Loyal User\"}'),
(3659, 1670, NULL, NULL, 'notification.new_badge', 'notification.new_badge_msg', 'system', 'single', 1734444839, '{\"title\": \"Loyal User\"}'),
(3660, 1880, NULL, NULL, 'notification.new_badge', 'notification.new_badge_msg', 'system', 'single', 1734444840, '{\"title\": \"Loyal User\"}'),
(3661, 1954, NULL, NULL, 'notification.new_badge', 'notification.new_badge_msg', 'system', 'single', 1734447976, '{\"title\": \"Loyal User\"}'),
(3662, 1954, NULL, NULL, 'notification.new_badge', 'notification.new_badge_msg', 'system', 'single', 1734447976, '{\"title\": \"Expert Vendor\"}'),
(3663, 1954, NULL, NULL, 'notification.new_badge', 'notification.new_badge_msg', 'system', 'single', 1734447976, '{\"title\": \"Best Seller\"}'),
(3664, 1316, NULL, NULL, 'notification.new_badge', 'notification.new_badge_msg', 'system', 'single', 1734448404, '{\"title\": \"Loyal User\"}'),
(3665, 1316, NULL, NULL, 'notification.new_badge', 'notification.new_badge_msg', 'system', 'single', 1734448404, '{\"title\": \"Expert Vendor\"}'),
(3666, 1316, NULL, NULL, 'notification.new_badge', 'notification.new_badge_msg', 'system', 'single', 1734453478, '{\"title\": \"Loyal User\"}'),
(3667, 1316, NULL, NULL, 'notification.new_badge', 'notification.new_badge_msg', 'system', 'single', 1734453478, '{\"title\": \"Expert Vendor\"}'),
(3668, 2625, NULL, NULL, 'notification.new_badge', 'notification.new_badge_msg', 'system', 'single', 1734456557, '{\"title\": \"New User\"}'),
(3669, 1530, NULL, NULL, 'notification.new_badge', 'notification.new_badge_msg', 'system', 'single', 1734459588, '{\"title\": \"Loyal User\"}'),
(3670, 1396, NULL, NULL, 'notification.new_badge', 'notification.new_badge_msg', 'system', 'single', 1734473468, '{\"title\": \"Loyal User\"}'),
(3671, 1353, NULL, NULL, 'notification.new_badge', 'notification.new_badge_msg', 'system', 'single', 1734476406, '{\"title\": \"Loyal User\"}'),
(3672, 1369, NULL, NULL, 'notification.new_badge', 'notification.new_badge_msg', 'system', 'single', 1734480430, '{\"title\": \"Loyal User\"}'),
(3673, 1369, NULL, NULL, 'notification.new_badge', 'notification.new_badge_msg', 'system', 'single', 1734480440, '{\"title\": \"Loyal User\"}'),
(3674, 1665, NULL, NULL, 'notification.new_badge', 'notification.new_badge_msg', 'system', 'single', 1734481260, '{\"title\": \"Loyal User\"}'),
(3675, 1665, NULL, NULL, 'notification.new_badge', 'notification.new_badge_msg', 'system', 'single', 1734481260, '{\"title\": \"Junior Vendor\"}'),
(3676, 1411, NULL, NULL, 'notification.new_badge', 'notification.new_badge_msg', 'system', 'single', 1734482265, '{\"title\": \"Loyal User\"}'),
(3677, 1411, NULL, NULL, 'notification.new_badge', 'notification.new_badge_msg', 'system', 'single', 1734482265, '{\"title\": \"Senior Vendor\"}'),
(3678, 1426, NULL, NULL, 'notification.new_badge', 'notification.new_badge_msg', 'system', 'single', 1734482389, '{\"title\": \"Loyal User\"}'),
(3679, 1426, NULL, NULL, 'notification.new_badge', 'notification.new_badge_msg', 'system', 'single', 1734482389, '{\"title\": \"Senior Vendor\"}'),
(3680, 1316, NULL, NULL, 'notification.new_badge', 'notification.new_badge_msg', 'system', 'single', 1734489923, '{\"title\": \"Loyal User\"}'),
(3681, 1316, NULL, NULL, 'notification.new_badge', 'notification.new_badge_msg', 'system', 'single', 1734489923, '{\"title\": \"Expert Vendor\"}'),
(3682, 1665, NULL, NULL, 'notification.new_badge', 'notification.new_badge_msg', 'system', 'single', 1734491800, '{\"title\": \"Loyal User\"}'),
(3683, 1665, NULL, NULL, 'notification.new_badge', 'notification.new_badge_msg', 'system', 'single', 1734491800, '{\"title\": \"Junior Vendor\"}'),
(3684, 1411, NULL, NULL, 'notification.new_badge', 'notification.new_badge_msg', 'system', 'single', 1734494150, '{\"title\": \"Loyal User\"}'),
(3685, 1411, NULL, NULL, 'notification.new_badge', 'notification.new_badge_msg', 'system', 'single', 1734494150, '{\"title\": \"Senior Vendor\"}'),
(3686, 1426, NULL, NULL, 'notification.new_badge', 'notification.new_badge_msg', 'system', 'single', 1734494155, '{\"title\": \"Loyal User\"}'),
(3687, 1426, NULL, NULL, 'notification.new_badge', 'notification.new_badge_msg', 'system', 'single', 1734494155, '{\"title\": \"Senior Vendor\"}'),
(3688, 1530, NULL, NULL, 'notification.new_badge', 'notification.new_badge_msg', 'system', 'single', 1734494160, '{\"title\": \"Loyal User\"}'),
(3689, 1665, NULL, NULL, 'notification.new_badge', 'notification.new_badge_msg', 'system', 'single', 1734494164, '{\"title\": \"Loyal User\"}'),
(3690, 1665, NULL, NULL, 'notification.new_badge', 'notification.new_badge_msg', 'system', 'single', 1734494164, '{\"title\": \"Junior Vendor\"}'),
(3691, 1666, NULL, NULL, 'notification.new_badge', 'notification.new_badge_msg', 'system', 'single', 1734494169, '{\"title\": \"Loyal User\"}'),
(3692, 1669, NULL, NULL, 'notification.new_badge', 'notification.new_badge_msg', 'system', 'single', 1734494173, '{\"title\": \"Loyal User\"}'),
(3693, 1670, NULL, NULL, 'notification.new_badge', 'notification.new_badge_msg', 'system', 'single', 1734494177, '{\"title\": \"Loyal User\"}'),
(3694, 1880, NULL, NULL, 'notification.new_badge', 'notification.new_badge_msg', 'system', 'single', 1734494182, '{\"title\": \"Loyal User\"}'),
(3695, 1316, NULL, NULL, 'notification.new_badge', 'notification.new_badge_msg', 'system', 'single', 1734494185, '{\"title\": \"Loyal User\"}'),
(3696, 1316, NULL, NULL, 'notification.new_badge', 'notification.new_badge_msg', 'system', 'single', 1734494185, '{\"title\": \"Expert Vendor\"}'),
(3697, 1318, NULL, NULL, 'notification.new_badge', 'notification.new_badge_msg', 'system', 'single', 1734494190, '{\"title\": \"Loyal User\"}'),
(3698, 1353, NULL, NULL, 'notification.new_badge', 'notification.new_badge_msg', 'system', 'single', 1734494194, '{\"title\": \"Loyal User\"}'),
(3699, 1367, NULL, NULL, 'notification.new_badge', 'notification.new_badge_msg', 'system', 'single', 1734494198, '{\"title\": \"Loyal User\"}');
INSERT INTO `notifications` (`id`, `user_id`, `sender_id`, `group_id`, `title`, `message`, `sender`, `type`, `created_at`, `data`) VALUES
(3700, 1369, NULL, NULL, 'notification.new_badge', 'notification.new_badge_msg', 'system', 'single', 1734494203, '{\"title\": \"Loyal User\"}'),
(3701, 1394, NULL, NULL, 'notification.new_badge', 'notification.new_badge_msg', 'system', 'single', 1734494207, '{\"title\": \"Loyal User\"}'),
(3702, 1396, NULL, NULL, 'notification.new_badge', 'notification.new_badge_msg', 'system', 'single', 1734494211, '{\"title\": \"Loyal User\"}'),
(3703, 1669, NULL, NULL, 'notification.new_badge', 'notification.new_badge_msg', 'system', 'single', 1734496229, '{\"title\": \"Loyal User\"}'),
(3704, 1670, NULL, NULL, 'notification.new_badge', 'notification.new_badge_msg', 'system', 'single', 1734497108, '{\"title\": \"Loyal User\"}'),
(3705, 1666, NULL, NULL, 'notification.new_badge', 'notification.new_badge_msg', 'system', 'single', 1734499188, '{\"title\": \"Loyal User\"}'),
(3706, 1880, NULL, NULL, 'notification.new_badge', 'notification.new_badge_msg', 'system', 'single', 1734505397, '{\"title\": \"Loyal User\"}'),
(3707, 2613, NULL, NULL, 'notification.new_badge', 'notification.new_badge_msg', 'system', 'single', 1734509650, '{\"title\": \"New User\"}'),
(3708, 1316, 2073, NULL, 'notification.new_follower', 'notification.new_follower_msg', 'system', 'single', 1734711762, '{\"name\": \"الطفل الثالث\"}'),
(3709, 1316, 2666, NULL, 'notification.new_like', 'notification.new_like_msg', 'system', 'single', 1734728925, '{\"user\": \"Aziz\", \"title\": null}'),
(3710, 1316, 2666, NULL, 'notification.new_like', 'notification.new_like_msg', 'system', 'single', 1734728926, '{\"user\": \"Aziz\", \"title\": null}'),
(3711, 1316, 2666, NULL, 'notification.new_follower', 'notification.new_follower_msg', 'system', 'single', 1734728927, '{\"name\": \"Aziz\"}'),
(3712, 1316, 2666, NULL, 'notification.new_like', 'notification.new_like_msg', 'system', 'single', 1734728929, '{\"user\": \"Aziz\", \"title\": null}');

-- --------------------------------------------------------

--
-- Structure de la table `notifications_status`
--

CREATE TABLE `notifications_status` (
  `id` int UNSIGNED NOT NULL,
  `user_id` int UNSIGNED NOT NULL,
  `notification_id` int UNSIGNED NOT NULL,
  `seen_at` int UNSIGNED NOT NULL
) ENGINE=InnoDB DEFAULT CHARSET=utf8mb4 COLLATE=utf8mb4_unicode_ci ROW_FORMAT=DYNAMIC;

--
-- Déchargement des données de la table `notifications_status`
--

INSERT INTO `notifications_status` (`id`, `user_id`, `notification_id`, `seen_at`) VALUES
(109, 1954, 3016, 1734088071),
(110, 1954, 3017, 1734088071),
(111, 1954, 3018, 1734088071),
(112, 1954, 3011, 1734088071),
(113, 1954, 3010, 1734088071),
(114, 1954, 3009, 1734088071),
(115, 1954, 3020, 1734088090),
(116, 1954, 3021, 1734088090),
(117, 1954, 3022, 1734088090),
(118, 1954, 3019, 1734088090),
(119, 1954, 3023, 1734088918),
(120, 1954, 3023, 1734088918),
(121, 1954, 3024, 1734088918),
(122, 1954, 3024, 1734088918),
(123, 1954, 3025, 1734088918),
(124, 1954, 3025, 1734088918),
(125, 1954, 3026, 1734088938),
(126, 1954, 3026, 1734088938),
(127, 1954, 3027, 1734088938),
(128, 1954, 3027, 1734088938),
(129, 1954, 3028, 1734088938),
(130, 1954, 3028, 1734088938),
(131, 1316, 3039, 1734090856),
(132, 1316, 3039, 1734090856),
(133, 1316, 3040, 1734090856),
(134, 1316, 3040, 1734090856),
(135, 1316, 3035, 1734090856),
(136, 1316, 3035, 1734090856),
(137, 1316, 3036, 1734090856),
(138, 1316, 3036, 1734090856),
(139, 1316, 3033, 1734090856),
(140, 1316, 3033, 1734090856),
(141, 1316, 3034, 1734090856),
(142, 1316, 3034, 1734090856),
(143, 1316, 3031, 1734090856),
(144, 1316, 3031, 1734090856),
(145, 1316, 3032, 1734090856),
(146, 1316, 3032, 1734090856),
(147, 1316, 3029, 1734090856),
(148, 1316, 3029, 1734090856),
(149, 1316, 3030, 1734090856),
(150, 1316, 3030, 1734090856),
(151, 1316, 3085, 1734094868),
(152, 1316, 3084, 1734094868),
(153, 1316, 3083, 1734094868),
(154, 1316, 3082, 1734094868),
(155, 1316, 3081, 1734094868),
(156, 1316, 3080, 1734094868),
(157, 1316, 3077, 1734094868),
(158, 1316, 3076, 1734094868),
(159, 1316, 3075, 1734094869),
(160, 1316, 3074, 1734094869),
(161, 1316, 3068, 1734094869),
(162, 1316, 3074, 1734094869),
(163, 1316, 3067, 1734094869),
(164, 1316, 3065, 1734094869),
(165, 1316, 3065, 1734094869),
(166, 1316, 3064, 1734094869),
(167, 1316, 3064, 1734094869),
(168, 1316, 3062, 1734094869),
(169, 1316, 3062, 1734094869),
(170, 1316, 3061, 1734094869),
(171, 1316, 3060, 1734094869),
(172, 1316, 3060, 1734094869),
(173, 1316, 3059, 1734094869),
(174, 1316, 3059, 1734094869),
(175, 1316, 3058, 1734094869),
(176, 1316, 3058, 1734094869),
(177, 1316, 3057, 1734094869),
(178, 1316, 3057, 1734094869),
(179, 1316, 3050, 1734094869),
(180, 1316, 3050, 1734094869),
(181, 1316, 3049, 1734094869),
(182, 1316, 3049, 1734094869),
(183, 1316, 3045, 1734094869),
(184, 1316, 3045, 1734094869),
(185, 1316, 3044, 1734094869),
(186, 1316, 3044, 1734094869),
(187, 1411, 3103, 1734095468),
(188, 1411, 3103, 1734095468),
(189, 1411, 3104, 1734095468),
(190, 1411, 3104, 1734095468),
(191, 1411, 3092, 1734095468),
(192, 1411, 3092, 1734095468),
(193, 1411, 3093, 1734095468),
(194, 1411, 3093, 1734095468),
(195, 1411, 3107, 1734095499),
(196, 1411, 3107, 1734095499),
(197, 1411, 3108, 1734095499),
(198, 1411, 3108, 1734095499),
(199, 1411, 3105, 1734095499),
(200, 1411, 3105, 1734095499),
(201, 1411, 3106, 1734095499),
(202, 1411, 3106, 1734095499),
(203, 2612, 3123, 1734115009),
(204, 2612, 3124, 1734115014),
(205, 2580, 3136, 1734120752),
(206, 2580, 3136, 1734120752),
(207, 2580, 3135, 1734120752),
(208, 2580, 3135, 1734120752),
(209, 2580, 3137, 1734120800),
(210, 2580, 3140, 1734121279),
(211, 2580, 3139, 1734121279),
(212, 2580, 3140, 1734121279),
(213, 2580, 3138, 1734121279),
(214, 2580, 3142, 1734121572),
(215, 2580, 3142, 1734121572),
(216, 2580, 3141, 1734121572),
(217, 2580, 3141, 1734121572),
(218, 1665, 3153, 1734126862),
(219, 1665, 3153, 1734126862),
(220, 1665, 3154, 1734126862),
(221, 1665, 3154, 1734126862),
(222, 1665, 3097, 1734126862),
(223, 1665, 3097, 1734126862),
(224, 1665, 3098, 1734126862),
(225, 1665, 3098, 1734126862),
(226, 1665, 3157, 1734126906),
(227, 1665, 3158, 1734126906),
(228, 1665, 3155, 1734126906),
(229, 1665, 3156, 1734126906),
(230, 1665, 3155, 1734126906),
(231, 1954, 3211, 1734173233),
(232, 1954, 3210, 1734173233),
(233, 1954, 3209, 1734173233),
(234, 1954, 3188, 1734173233),
(235, 1954, 3187, 1734173233),
(236, 1954, 3186, 1734173233),
(237, 1954, 3182, 1734173233),
(238, 1954, 3181, 1734173233),
(239, 1954, 3180, 1734173233),
(240, 1954, 3056, 1734173233),
(241, 1954, 3055, 1734173233),
(242, 1954, 3054, 1734173233),
(243, 1954, 3053, 1734173233),
(244, 1954, 3052, 1734173233),
(245, 1954, 3051, 1734173233),
(246, 1954, 3214, 1734173267),
(247, 1954, 3213, 1734173267),
(248, 1954, 3212, 1734173267),
(249, 1954, 3220, 1734173446),
(250, 1954, 3219, 1734173446),
(251, 1954, 3218, 1734173446),
(252, 1954, 3217, 1734173446),
(253, 1954, 3216, 1734173446),
(254, 1954, 3215, 1734173446),
(255, 1954, 3223, 1734173557),
(256, 1954, 3222, 1734173557),
(257, 1954, 3221, 1734173557),
(258, 1954, 3229, 1734173723),
(259, 1954, 3228, 1734173723),
(260, 1954, 3227, 1734173723),
(261, 1954, 3226, 1734173723),
(262, 1954, 3225, 1734173723),
(263, 1954, 3224, 1734173723),
(264, 1954, 3235, 1734173839),
(265, 1954, 3234, 1734173839),
(266, 1954, 3233, 1734173839),
(267, 1954, 3232, 1734173839),
(268, 1954, 3231, 1734173839),
(269, 1954, 3230, 1734173839),
(270, 1954, 3238, 1734174430),
(271, 1954, 3236, 1734174430),
(272, 1954, 3237, 1734174430),
(273, 1954, 3244, 1734174473),
(274, 1954, 3242, 1734174473),
(275, 1954, 3243, 1734174473),
(276, 1954, 3241, 1734174473),
(277, 1954, 3239, 1734174473),
(278, 1954, 3247, 1734174482),
(279, 1954, 3245, 1734174482),
(280, 1954, 3246, 1734174482),
(281, 1954, 3250, 1734174515),
(282, 1954, 3249, 1734174515),
(283, 1954, 3248, 1734174515),
(284, 1954, 3240, 1734174515),
(285, 1954, 3253, 1734174538),
(286, 1954, 3252, 1734174538),
(287, 1954, 3251, 1734174538),
(288, 1954, 3303, 1734175987),
(289, 1954, 3302, 1734175987),
(290, 1954, 3301, 1734175988),
(291, 1954, 3300, 1734175988),
(292, 1954, 3299, 1734175988),
(293, 1954, 3298, 1734175988),
(294, 1954, 3297, 1734175988),
(295, 1954, 3296, 1734175988),
(296, 1954, 3295, 1734175988),
(297, 1954, 3294, 1734175988),
(298, 1954, 3293, 1734175988),
(299, 1954, 3292, 1734175988),
(300, 1954, 3275, 1734175988),
(301, 1954, 3274, 1734175988),
(302, 1954, 3273, 1734175988),
(303, 1954, 3269, 1734175988),
(304, 1954, 3268, 1734175988),
(305, 1954, 3267, 1734175988),
(306, 1954, 3266, 1734175988),
(307, 1954, 3265, 1734175988),
(308, 1954, 3264, 1734175988),
(309, 1954, 3263, 1734175988),
(310, 1954, 3262, 1734175988),
(311, 1954, 3261, 1734175988),
(312, 1954, 3256, 1734175988),
(313, 1954, 3254, 1734175988),
(314, 1954, 3255, 1734175988),
(315, 1954, 3307, 1734176017),
(316, 1954, 3308, 1734176017),
(317, 1954, 3309, 1734176017),
(318, 1954, 3304, 1734176017),
(319, 1954, 3305, 1734176017),
(320, 1954, 3306, 1734176017),
(321, 1954, 3313, 1734176068),
(322, 1954, 3314, 1734176068),
(323, 1954, 3315, 1734176068),
(324, 1954, 3310, 1734176068),
(325, 1954, 3311, 1734176068),
(326, 1954, 3312, 1734176068),
(327, 1954, 3319, 1734176265),
(328, 1954, 3320, 1734176265),
(329, 1954, 3321, 1734176265),
(330, 1954, 3316, 1734176265),
(331, 1954, 3317, 1734176265),
(332, 1954, 3318, 1734176265),
(333, 1954, 3327, 1734178003),
(334, 1954, 3328, 1734178003),
(335, 1954, 3329, 1734178003),
(336, 1954, 3322, 1734178003),
(337, 1954, 3323, 1734178003),
(338, 1954, 3324, 1734178003),
(339, 1316, 3344, 1734185846),
(340, 1316, 3343, 1734185846),
(341, 1316, 3342, 1734185846),
(342, 1316, 3341, 1734185846),
(343, 1316, 3271, 1734185846),
(344, 1316, 3270, 1734185846),
(345, 1316, 3260, 1734185846),
(346, 1316, 3259, 1734185846),
(347, 1316, 3258, 1734185846),
(348, 1316, 3257, 1734185846),
(349, 1316, 3206, 1734185846),
(350, 1316, 3205, 1734185846),
(351, 1316, 3204, 1734185846),
(352, 1316, 3203, 1734185846),
(353, 1316, 3201, 1734185846),
(354, 1316, 3202, 1734185846),
(355, 1316, 3200, 1734185846),
(356, 1316, 3199, 1734185846),
(357, 1316, 3198, 1734185846),
(358, 1316, 3197, 1734185846),
(359, 1316, 3194, 1734185846),
(360, 1316, 3193, 1734185846),
(361, 1316, 3190, 1734185846),
(362, 1316, 3189, 1734185846),
(363, 1316, 3172, 1734185846),
(364, 1316, 3171, 1734185846),
(365, 1316, 3170, 1734185846),
(366, 1316, 3169, 1734185846),
(367, 1316, 3168, 1734185847),
(368, 1316, 3167, 1734185847),
(369, 1316, 3111, 1734185847),
(370, 1316, 3112, 1734185847),
(371, 2596, 3364, 1734207178),
(372, 1316, 3384, 1734221685),
(373, 1316, 3383, 1734221685),
(374, 1316, 3382, 1734221685),
(375, 1316, 3374, 1734221685),
(376, 1316, 3373, 1734221685),
(377, 1316, 3369, 1734221685),
(378, 1316, 3368, 1734221685),
(379, 1316, 3356, 1734221685),
(380, 1316, 3355, 1734221685),
(381, 1316, 3354, 1734221685),
(382, 1316, 3353, 1734221685),
(383, 1316, 3350, 1734221685),
(384, 1316, 3349, 1734221685),
(385, 1316, 3348, 1734221685),
(386, 1316, 3347, 1734221685),
(387, 1316, 3346, 1734221685),
(388, 1316, 3345, 1734221685),
(389, 1316, 3395, 1734222370),
(390, 1316, 3394, 1734222370),
(391, 1316, 3391, 1734222370),
(392, 1316, 3390, 1734222370),
(393, 1316, 3389, 1734222370),
(394, 1316, 3388, 1734222370),
(395, 1316, 3387, 1734222370),
(396, 1665, 3592, 1734370315),
(397, 1665, 3591, 1734370315),
(398, 1665, 3590, 1734370315),
(399, 1665, 3589, 1734370315),
(400, 1665, 3534, 1734370315),
(401, 1665, 3533, 1734370315),
(402, 1665, 3500, 1734370315),
(403, 1665, 3498, 1734370315),
(404, 1665, 3499, 1734370315),
(405, 1665, 3501, 1734370315),
(406, 1665, 3497, 1734370315),
(407, 1665, 3496, 1734370315),
(408, 1665, 3495, 1734370315),
(409, 1665, 3494, 1734370315),
(410, 1665, 3421, 1734370315),
(411, 1665, 3420, 1734370315),
(412, 1665, 3287, 1734370315),
(413, 1665, 3286, 1734370315),
(414, 1665, 3166, 1734370315),
(415, 1665, 3165, 1734370315),
(416, 1665, 3164, 1734370315),
(417, 1665, 3163, 1734370315),
(418, 1665, 3162, 1734370315),
(419, 1665, 3161, 1734370315),
(420, 1665, 3160, 1734370315),
(421, 1665, 3159, 1734370315),
(422, 1954, 3661, 1734448003),
(423, 1954, 3662, 1734448003),
(424, 1954, 3663, 1734448003),
(425, 1316, 3695, 1734531336),
(426, 1316, 3696, 1734531336),
(427, 1316, 3680, 1734531336),
(428, 1316, 3681, 1734531336),
(429, 1316, 3666, 1734531336),
(430, 1316, 3667, 1734531336),
(431, 1316, 3664, 1734531336),
(432, 1316, 3665, 1734531336),
(433, 1316, 3642, 1734531336),
(434, 1316, 3643, 1734531336),
(435, 1316, 3640, 1734531336),
(436, 1316, 3641, 1734531336),
(437, 1316, 3638, 1734531336),
(438, 1316, 3639, 1734531336),
(439, 1316, 3636, 1734531336),
(440, 1316, 3637, 1734531336),
(441, 1316, 3634, 1734531336),
(442, 1316, 3635, 1734531336),
(443, 1316, 3622, 1734531336),
(444, 1316, 3623, 1734531336),
(445, 1316, 3620, 1734531336),
(446, 1316, 3621, 1734531336),
(447, 1316, 3618, 1734531336),
(448, 1316, 3619, 1734531336),
(449, 1316, 3616, 1734531336),
(450, 1316, 3617, 1734531336),
(451, 1316, 3614, 1734531336),
(452, 1316, 3615, 1734531336),
(453, 1316, 3597, 1734531336),
(454, 1316, 3598, 1734531336),
(455, 1316, 3587, 1734531336),
(456, 1316, 3588, 1734531336),
(457, 1316, 3585, 1734531336),
(458, 1316, 3586, 1734531336),
(459, 1316, 3583, 1734531336),
(460, 1316, 3584, 1734531336),
(461, 1316, 3581, 1734531336),
(462, 1316, 3582, 1734531336),
(463, 1316, 3579, 1734531336),
(464, 1316, 3580, 1734531336),
(465, 1316, 3577, 1734531336),
(466, 1316, 3578, 1734531336),
(467, 1316, 3575, 1734531336),
(468, 1316, 3576, 1734531336),
(469, 1316, 3573, 1734531336),
(470, 1316, 3574, 1734531336),
(471, 1316, 3566, 1734531336),
(472, 1316, 3567, 1734531336),
(473, 1316, 3564, 1734531336),
(474, 1316, 3565, 1734531336),
(475, 1316, 3560, 1734531336),
(476, 1316, 3561, 1734531336),
(477, 1316, 3557, 1734531336),
(478, 1316, 3558, 1734531336),
(479, 1316, 3555, 1734531336),
(480, 1316, 3556, 1734531336),
(481, 1316, 3553, 1734531336),
(482, 1316, 3554, 1734531336),
(483, 1316, 3551, 1734531336),
(484, 1316, 3552, 1734531336),
(485, 1316, 3547, 1734531336),
(486, 1316, 3548, 1734531336),
(487, 1316, 3549, 1734531336),
(488, 1316, 3550, 1734531336),
(489, 1316, 3545, 1734531336),
(490, 1316, 3546, 1734531336),
(491, 1316, 3543, 1734531336),
(492, 1316, 3544, 1734531336),
(493, 1316, 3520, 1734531336),
(494, 1316, 3521, 1734531336),
(495, 1316, 3460, 1734531336),
(496, 1316, 3461, 1734531336),
(497, 1316, 3458, 1734531336),
(498, 1316, 3459, 1734531336),
(499, 1316, 3456, 1734531336),
(500, 1316, 3457, 1734531336),
(501, 1316, 3454, 1734531336),
(502, 1316, 3455, 1734531336),
(503, 1316, 3452, 1734531336),
(504, 1316, 3453, 1734531336),
(505, 1316, 3450, 1734531336),
(506, 1316, 3451, 1734531336),
(507, 1316, 3448, 1734531336),
(508, 1316, 3449, 1734531336),
(509, 1316, 3446, 1734531336),
(510, 1316, 3447, 1734531336),
(511, 1316, 3440, 1734531336),
(512, 1316, 3441, 1734531336),
(513, 1316, 3437, 1734531336),
(514, 1316, 3438, 1734531336),
(515, 1316, 3433, 1734531336),
(516, 1316, 3434, 1734531336),
(517, 1316, 3430, 1734531336),
(518, 1316, 3431, 1734531336),
(519, 1316, 3407, 1734531336),
(520, 1316, 3408, 1734531336);

-- --------------------------------------------------------

--
-- Structure de la table `notification_templates`
--

CREATE TABLE `notification_templates` (
  `id` int UNSIGNED NOT NULL,
  `title` varchar(255) COLLATE utf8mb4_unicode_ci NOT NULL,
  `template` text COLLATE utf8mb4_unicode_ci NOT NULL,
  `language` varchar(255) COLLATE utf8mb4_unicode_ci DEFAULT NULL
) ENGINE=InnoDB DEFAULT CHARSET=utf8mb4 COLLATE=utf8mb4_unicode_ci ROW_FORMAT=DYNAMIC;

--
-- Déchargement des données de la table `notification_templates`
--

INSERT INTO `notification_templates` (`id`, `title`, `template`, `language`) VALUES
(3, 'Change user group', '<p>your group change to [u.g.title]</p>', NULL),
(4, 'Course created', '<p>you create new course&nbsp;with Title [c.title]</p>', NULL),
(5, 'Course approve', '<p>your course with title [c.title] approved</p>', NULL),
(6, 'Course rejection', '<p>Your course with title [c.title] rejected</p>', NULL),
(7, 'New comment', '<p>user [u.name] add new comment fro course with title [c.title]</p>', NULL),
(8, 'New support message', '<p>user [u.name] send new support message for course with title [c.title]</p>', NULL),
(9, 'support message replied', '<p>support message replied fro course [c.title]</p>', NULL),
(10, 'New support for admin', '<p>send new support&nbsp; ticket with title&nbsp;[s.t.title]</p>', NULL),
(11, 'support ticket replied for admin', '<p>replied support&nbsp; ticket with title&nbsp;[s.t.title]</p>', NULL),
(12, 'New financial document', '<p>&nbsp;New financial document for course [c.title] with type [f.d.type] with price [amount]</p>', NULL),
(13, 'Payout request', '<p>payout request with amount&nbsp; [payout.amount]</p>', NULL),
(14, 'Payout proceed', 'Payout with amount [payout.amount]&nbsp;&nbsp;proceed by account [payout.account]', NULL),
(15, 'New sales', '<p>new sale for course with title [c.title]</p>', NULL),
(16, 'New purchase', '<p>new purchase for course with title [c.title]</p>', NULL),
(17, 'Rating (Feedback)', '<p>new feedback submitted for course with title [c.title] bu student [student.name] and rate [rate.count]</p>', NULL),
(18, 'Offline payment request', '<p>Offline payment request with amount [amount]</p>', NULL),
(19, 'Offline payment approved', '<p>Offline payment request with amount [amount]&nbsp;approved</p>', NULL),
(20, 'Offline payment rejected', '<p>Offline payment request with amount [amount]&nbsp;rejected</p>', NULL),
(21, 'New subscribe plan', '<p>New subscribe plan activated by user [u.name] for plan [s.p.name]</p>', NULL),
(22, 'New appointment [amount]', '<p>New appointment booked by user [u.name] in time [time.date] with price&nbsp;[amount]</p>', NULL),
(23, 'New appointment link', '<p>appointment&nbsp; link defined by the [instructor.name]. time [time.date] and link is [link]</p>', NULL),
(24, 'Appointment reminder', '<p>You have an appointment on [time.date]</p>', NULL),
(25, 'Meeting finished', '<p>meeting finished instructor : [instructor.name] and student :&nbsp; [student.name] and time : [time.date]</p>', NULL),
(26, 'New contact message', '<p>New contact message with title [c.u.title] and user name [u.name] recived</p>', NULL),
(27, 'Webinar reminder', '<p>Webinar reminder time [time.date] webinar title [c.title]</p>', NULL),
(28, 'Promotion plan', '<p>plan [p.p.name]&nbsp;&nbsp;activated for course [c.title]</p>', NULL),
(29, 'Promotion plan for admin', '<p>new request promotion plan [p.p.name] for course [c.title]</p>', NULL),
(30, 'Certificate', '<p>certificate recived for course [c.title]</p>', NULL),
(31, 'Waiting quiz', '<p>student [student.name]&nbsp; waiting for quiz [q.title] for course [c.title]</p>', NULL),
(32, 'Waiting quiz result', '<p>course [c.title]&nbsp;calculated quiz [q.title] result [q.result] by instructor</p>', NULL),
(33, 'product new sale', '<p>new sale for product with title [p.title]</p>', NULL),
(34, 'Product New purchase', '<p>new purchase for product with title [p.title]</p>', NULL),
(35, 'Product New comment', '<p>user [u.name] add new comment fro product with title [p.title]</p>', NULL),
(36, 'Product tracking code', '<p>user [u.name] add tracking code for product with title [p.title]</p>', NULL),
(37, 'Product Rating (Feedback)', '<p>new feedback submitted for product with title [p.title] by user [u.name] and rate [rate.count]</p>', NULL),
(38, 'Product receive shipment', '<p>user [u.name] received product with title [p.title]</p>', NULL),
(39, 'Product out of stock', '<p>The product inventory ended with the title [p.title]</p>', NULL),
(40, 'Send assignment by the student to the instructor', '<p>[student.name] send assignment for course by title [c.title]</p>', NULL),
(41, 'when the instructor sends a message for assignment', '<p>[instructor.name] send message for course by title [c.title]</p>', NULL),
(42, 'assignment grade', '<p>The [instructor.name]&nbsp;gave you a grade of [assignment_grade]&nbsp;for course by title [c.title]</p>', NULL),
(43, 'user access to content', '<p>Your access to content is enabled.</p>', NULL),
(44, 'Send post in topic', '<p>[u.name] send post in your topic with title [topic_title]&nbsp;</p>', NULL),
(45, 'publish instructor blog post', '<p>your post with title [blog_title] published.</p>', NULL),
(46, 'new comment for instructor blog', '<p>user [u.name] add new comment for your blog with title [blog_title]</p>', NULL),
(47, 'Meeting reminder', '<p>Meeting reminder time [time.date] with instructor by name [instructor.name]</p>', NULL),
(48, 'subscribe expire reminder', '<p>Your subscribe has been expired in&nbsp;[time.date]</p>', NULL),
(49, 'Course Forum new Question', '<p>[u.name] registered a question in the [c.title]&nbsp;course forum.</p>', NULL),
(50, 'New answer in course forum', '<p>[u.name] registered a answer in the [c.title]&nbsp;course forum.</p>', NULL);

-- --------------------------------------------------------

--
-- Structure de la table `offline_payments`
--

CREATE TABLE `offline_payments` (
  `id` int UNSIGNED NOT NULL,
  `user_id` int UNSIGNED NOT NULL,
  `amount` int NOT NULL,
  `bank` varchar(64) COLLATE utf8mb4_unicode_ci NOT NULL,
  `reference_number` varchar(64) COLLATE utf8mb4_unicode_ci NOT NULL,
  `attachment` varchar(255) COLLATE utf8mb4_unicode_ci DEFAULT NULL,
  `status` enum('waiting','approved','reject') COLLATE utf8mb4_unicode_ci NOT NULL,
  `pay_date` varchar(64) COLLATE utf8mb4_unicode_ci NOT NULL,
  `created_at` int NOT NULL
) ENGINE=InnoDB DEFAULT CHARSET=utf8mb4 COLLATE=utf8mb4_unicode_ci ROW_FORMAT=DYNAMIC;

-- --------------------------------------------------------

--
-- Structure de la table `options`
--

CREATE TABLE `options` (
  `id` int UNSIGNED NOT NULL,
  `name` varchar(200) COLLATE utf8mb4_unicode_ci NOT NULL,
  `logo` varchar(64) COLLATE utf8mb4_unicode_ci DEFAULT NULL,
  `pdf` varchar(255) COLLATE utf8mb4_unicode_ci DEFAULT NULL,
  `video` blob,
  `created_at` timestamp NULL DEFAULT NULL,
  `updated_at` timestamp NULL DEFAULT NULL,
  `niveau` int DEFAULT NULL
) ENGINE=InnoDB DEFAULT CHARSET=utf8mb4 COLLATE=utf8mb4_unicode_ci;

--
-- Déchargement des données de la table `options`
--

INSERT INTO `options` (`id`, `name`, `logo`, `pdf`, `video`, `created_at`, `updated_at`, `niveau`) VALUES
(1, 'Italien', '/assets/default/option/italien_3eme.png', '/assets/default/option/italien_3eme.pdf', 0x2f6f7074696f6e2f6974332e6d7034, '2023-05-11 18:57:59', '2023-05-11 18:57:59', 3),
(2, 'Italien', '/assets/default/option/Italien_4eme.png', '/assets/default/option/Italien_4eme.pdf', 0x2f6f7074696f6e2f6974342e6d7034, '2023-05-11 18:57:59', '2023-05-11 18:57:59', 4),
(3, 'Allemand', '/assets/default/option/Almand_3eme.png', '/assets/default/option/almand_3eme.pdf', 0x2f6f7074696f6e2f616c332e6d7034, '2023-05-11 18:57:59', '2023-05-11 18:57:59', 3),
(4, 'Allemand', '/assets/default/option/allmand_4eme_1.png', '/assets/default/option/almand_3eme.pdf', 0x2f6f7074696f6e2f616c342e6d7034, '2023-05-11 18:57:59', '2023-05-11 18:57:59', 4),
(5, 'Ispagnol', '/assets/default/option/espaniol_3eme.png', '/assets/default/option/allmand_4eme_2.pdf', 0x2f6f7074696f6e2f6573312e6d7034, '2023-05-11 18:57:59', '2023-05-11 18:57:59', 3),
(6, 'Ispagnol', '/assets/default/option/espagnol_4eme.png', '/assets/default/option/espagnol_4eme.pdf', 0x2f6f7074696f6e2f6573322e6d7034, '2023-05-11 18:57:59', '2023-05-11 18:57:59', 4),
(7, 'Chinois', '/assets/default/option/chinois_3eme.png', '/assets/default/option/chinois_3eme.pdf', 0x2f6f7074696f6e2f6368312e6d7034, '2023-05-11 18:57:59', '2023-05-11 18:57:59', 3),
(8, 'Chinois', '/assets/default/option/chinois_4eme.png', '/assets/default/option/chinois_4eme.pdf', 0x2f6f7074696f6e2f6368322e6d7034, '2023-05-11 18:57:59', '2023-05-11 18:57:59', 4),
(17, 'Science', '/assets/default/option/science.jpeg', '/option/svt_3L.pdf', NULL, '2023-05-11 18:58:36', '2023-05-11 18:58:36', 3),
(18, 'Science', '/assets/default/option/science4.jpeg', '/option/svt_4L.pdf', NULL, '2023-05-11 18:58:36', '2023-05-11 18:58:36', 4),
(29, 'Dessin', NULL, NULL, NULL, '2023-05-11 18:58:55', '2023-05-11 18:58:55', 3),
(30, 'Dessin', NULL, NULL, NULL, '2023-05-11 18:58:55', '2023-05-11 18:58:55', 4),
(31, 'Musique', NULL, NULL, NULL, '2023-05-11 18:58:55', '2023-05-11 18:58:55', 3),
(32, 'Musique', NULL, NULL, NULL, '2023-05-11 18:58:55', '2023-05-11 18:58:55', 4),
(33, 'Théâtre', NULL, NULL, NULL, '2023-05-11 18:58:55', '2023-05-11 18:58:55', 3),
(34, 'Théâtre', NULL, NULL, NULL, '2023-05-11 18:58:55', '2023-05-11 18:58:55', 4);

-- --------------------------------------------------------

--
-- Structure de la table `orders`
--

CREATE TABLE `orders` (
  `id` int UNSIGNED NOT NULL,
  `user_id` int UNSIGNED NOT NULL,
  `status` enum('pending','paying','paid','fail') COLLATE utf8mb4_unicode_ci NOT NULL,
  `payment_method` enum('credit','payment_channel') COLLATE utf8mb4_unicode_ci DEFAULT NULL,
  `is_charge_account` tinyint(1) NOT NULL DEFAULT '0',
  `amount` int UNSIGNED NOT NULL,
  `tax` decimal(13,2) DEFAULT NULL,
  `total_discount` decimal(13,2) DEFAULT NULL,
  `total_amount` decimal(13,2) DEFAULT NULL,
  `product_delivery_fee` decimal(13,2) DEFAULT NULL,
  `reference_id` text COLLATE utf8mb4_unicode_ci,
  `payment_data` text COLLATE utf8mb4_unicode_ci,
  `created_at` int UNSIGNED NOT NULL
) ENGINE=InnoDB DEFAULT CHARSET=utf8mb4 COLLATE=utf8mb4_unicode_ci ROW_FORMAT=DYNAMIC;

--
-- Déchargement des données de la table `orders`
--

INSERT INTO `orders` (`id`, `user_id`, `status`, `payment_method`, `is_charge_account`, `amount`, `tax`, `total_discount`, `total_amount`, `product_delivery_fee`, `reference_id`, `payment_data`, `created_at`) VALUES
(420, 1, 'pending', NULL, 0, 250, 25.00, 0.00, 275.00, 0.00, NULL, NULL, 1695384720),
(431, 1207, 'pending', NULL, 0, 50, 5.00, NULL, 55.00, NULL, NULL, NULL, 1719340118),
(432, 1207, 'pending', NULL, 0, 50, 5.00, NULL, 55.00, NULL, NULL, NULL, 1719340317),
(433, 1207, 'pending', NULL, 0, 50, 5.00, NULL, 55.00, NULL, NULL, NULL, 1719340412),
(434, 1207, 'pending', NULL, 0, 50, 5.00, NULL, 55.00, NULL, NULL, NULL, 1719341733),
(435, 1207, 'pending', NULL, 0, 50, 5.00, NULL, 55.00, NULL, NULL, NULL, 1719341808),
(436, 1207, 'pending', NULL, 0, 50, 5.00, NULL, 55.00, NULL, NULL, NULL, 1719341942),
(437, 1207, 'pending', NULL, 0, 50, 5.00, NULL, 55.00, NULL, NULL, NULL, 1719408589),
(438, 1207, 'pending', NULL, 0, 50, 5.00, NULL, 55.00, NULL, NULL, NULL, 1719484259),
(439, 1207, 'pending', NULL, 0, 50, 5.00, NULL, 55.00, NULL, NULL, NULL, 1719484436),
(440, 1207, 'pending', NULL, 0, 50, 5.00, NULL, 55.00, NULL, NULL, NULL, 1719486045),
(441, 1207, 'pending', NULL, 0, 50, 5.00, NULL, 55.00, NULL, NULL, NULL, 1719486864),
(442, 1207, 'pending', NULL, 0, 50, 5.00, NULL, 55.00, NULL, NULL, NULL, 1719486886),
(443, 1207, 'pending', NULL, 0, 50, 5.00, NULL, 55.00, NULL, NULL, NULL, 1719487051),
(444, 1207, 'pending', NULL, 0, 50, 5.00, NULL, 55.00, NULL, NULL, NULL, 1719487076),
(445, 1207, 'pending', NULL, 0, 50, 5.00, NULL, 55.00, NULL, NULL, NULL, 1719487092),
(446, 1207, 'pending', NULL, 0, 50, 5.00, NULL, 55.00, NULL, NULL, NULL, 1719487274),
(447, 1207, 'pending', NULL, 0, 50, 5.00, NULL, 55.00, NULL, NULL, NULL, 1719487303),
(448, 1207, 'pending', NULL, 0, 50, 5.00, NULL, 55.00, NULL, NULL, NULL, 1719487338),
(449, 1207, 'pending', NULL, 0, 50, 5.00, NULL, 55.00, NULL, NULL, NULL, 1719487397),
(450, 1207, 'pending', NULL, 0, 50, 5.00, NULL, 55.00, NULL, NULL, NULL, 1719487408),
(451, 1207, 'pending', NULL, 0, 50, 5.00, NULL, 55.00, NULL, NULL, NULL, 1719487414),
(452, 1207, 'pending', NULL, 0, 50, 5.00, NULL, 55.00, NULL, NULL, NULL, 1719487457),
(453, 1207, 'pending', NULL, 0, 50, 5.00, NULL, 55.00, NULL, NULL, NULL, 1719487512),
(454, 1207, 'pending', NULL, 0, 50, 5.00, NULL, 55.00, NULL, NULL, NULL, 1719487566),
(455, 1207, 'pending', NULL, 0, 50, 5.00, NULL, 55.00, NULL, NULL, NULL, 1719487602),
(456, 1207, 'pending', NULL, 0, 50, 5.00, NULL, 55.00, NULL, NULL, NULL, 1719487914);

-- --------------------------------------------------------

--
-- Structure de la table `order_items`
--

CREATE TABLE `order_items` (
  `id` int UNSIGNED NOT NULL,
  `user_id` int UNSIGNED NOT NULL,
  `order_id` int UNSIGNED NOT NULL,
  `webinar_id` int UNSIGNED DEFAULT NULL,
  `bundle_id` int UNSIGNED DEFAULT NULL,
  `subscribe_id` int UNSIGNED DEFAULT NULL,
  `promotion_id` int UNSIGNED DEFAULT NULL,
  `registration_package_id` int UNSIGNED DEFAULT NULL,
  `product_id` int UNSIGNED DEFAULT NULL,
  `product_order_id` int UNSIGNED DEFAULT NULL,
  `reserve_meeting_id` int UNSIGNED DEFAULT NULL,
  `ticket_id` int UNSIGNED DEFAULT NULL,
  `discount_id` int DEFAULT NULL,
  `become_instructor_id` int UNSIGNED DEFAULT NULL,
  `amount` int UNSIGNED DEFAULT NULL,
  `tax` int UNSIGNED DEFAULT NULL,
  `tax_price` decimal(13,2) DEFAULT NULL,
  `commission` int UNSIGNED DEFAULT NULL,
  `commission_price` decimal(13,2) DEFAULT NULL,
  `discount` decimal(13,2) DEFAULT NULL,
  `total_amount` decimal(13,2) DEFAULT NULL,
  `product_delivery_fee` decimal(13,2) DEFAULT NULL,
  `created_at` int UNSIGNED DEFAULT NULL
) ENGINE=InnoDB DEFAULT CHARSET=utf8mb4 COLLATE=utf8mb4_unicode_ci ROW_FORMAT=DYNAMIC;

--
-- Déchargement des données de la table `order_items`
--

INSERT INTO `order_items` (`id`, `user_id`, `order_id`, `webinar_id`, `bundle_id`, `subscribe_id`, `promotion_id`, `registration_package_id`, `product_id`, `product_order_id`, `reserve_meeting_id`, `ticket_id`, `discount_id`, `become_instructor_id`, `amount`, `tax`, `tax_price`, `commission`, `commission_price`, `discount`, `total_amount`, `product_delivery_fee`, `created_at`) VALUES
(310, 1015, 306, 1996, NULL, NULL, 3, NULL, NULL, NULL, NULL, NULL, NULL, NULL, 63, 10, 6.30, 0, 0.00, NULL, 69.30, NULL, 1625145687),
(311, 996, 307, NULL, NULL, NULL, NULL, NULL, NULL, NULL, 48, NULL, NULL, NULL, 150, 10, 15.00, 20, 30.00, 0.00, 165.00, NULL, 1625944333),
(312, 995, 308, NULL, NULL, NULL, NULL, NULL, NULL, NULL, 49, NULL, NULL, NULL, 100, 10, 10.00, 20, 20.00, 0.00, 110.00, NULL, 1625952623),
(313, 995, 309, 2005, NULL, NULL, NULL, NULL, NULL, NULL, NULL, NULL, NULL, NULL, 10, 10, 1.00, 20, 2.00, 0.00, 11.00, NULL, 1625953190),
(314, 995, 310, NULL, NULL, NULL, NULL, NULL, NULL, NULL, 50, NULL, NULL, NULL, 125, 10, 12.50, 20, 25.00, 0.00, 137.50, NULL, 1625996807),
(315, 995, 311, 1999, NULL, NULL, NULL, NULL, NULL, NULL, NULL, NULL, NULL, NULL, 50, 10, 5.00, 10, 5.00, 0.00, 55.00, NULL, 1625996936),
(316, 995, 312, 1998, NULL, NULL, NULL, NULL, NULL, NULL, NULL, 28, NULL, NULL, 100, 10, 5.00, 20, 10.00, 50.00, 55.00, NULL, 1625996974),
(317, 995, 313, 2001, NULL, NULL, NULL, NULL, NULL, NULL, NULL, NULL, NULL, NULL, 20, 10, 1.60, 10, 1.60, 4.00, 17.60, NULL, 1625997096),
(318, 996, 314, 2006, NULL, NULL, NULL, NULL, NULL, NULL, NULL, NULL, NULL, NULL, 25, 10, 2.25, 20, 4.50, 2.50, 24.75, NULL, 1626060481),
(319, 996, 315, 1998, NULL, NULL, NULL, NULL, NULL, NULL, NULL, 28, NULL, NULL, 100, 10, 4.00, 20, 8.00, 60.00, 44.00, NULL, 1626060548),
(320, 930, 316, 1998, NULL, NULL, NULL, NULL, NULL, NULL, NULL, 28, NULL, NULL, 100, 10, 5.00, 20, 10.00, 50.00, 55.00, NULL, 1626060832),
(321, 979, 317, 2004, NULL, NULL, NULL, NULL, NULL, NULL, NULL, NULL, NULL, NULL, 60, 10, 6.00, 10, 6.00, 0.00, 66.00, NULL, 1626061329),
(322, 979, 318, 2002, NULL, NULL, NULL, NULL, NULL, NULL, NULL, NULL, NULL, NULL, 20, 10, 2.00, 20, 4.00, 0.00, 22.00, NULL, 1626061366),
(323, 979, 318, 2000, NULL, NULL, NULL, NULL, NULL, NULL, NULL, NULL, NULL, NULL, 30, 10, 3.00, 20, 6.00, 0.00, 33.00, NULL, 1626061366),
(324, 995, 319, NULL, NULL, 3, NULL, NULL, NULL, NULL, NULL, NULL, NULL, NULL, 20, 10, 2.00, 0, 0.00, NULL, 22.00, NULL, 1626061431),
(325, 1015, 320, 2002, NULL, NULL, NULL, NULL, NULL, NULL, NULL, NULL, NULL, NULL, 20, 10, 2.00, 20, 4.00, 0.00, 22.00, NULL, 1626132487),
(326, 1015, 321, 2002, NULL, NULL, NULL, NULL, NULL, NULL, NULL, NULL, 7, NULL, 20, 10, 1.60, 20, 3.20, 4.00, 17.60, NULL, 1626132840),
(327, 929, 322, 2003, NULL, NULL, NULL, NULL, NULL, NULL, NULL, 31, NULL, NULL, 40, 10, 3.00, 20, 6.00, 10.00, 33.00, NULL, 1626240993),
(328, 929, 323, 2004, NULL, NULL, 3, NULL, NULL, NULL, NULL, NULL, NULL, NULL, 50, 10, 5.00, 0, 0.00, NULL, 55.00, NULL, 1626241146),
(329, 929, 324, 2003, NULL, NULL, NULL, NULL, NULL, NULL, NULL, 31, NULL, NULL, 40, 10, 3.00, 20, 6.00, 10.00, 33.00, NULL, 1626241207),
(330, 995, 325, NULL, NULL, NULL, NULL, NULL, NULL, NULL, 51, NULL, NULL, NULL, 100, 10, 10.00, 20, 20.00, 0.00, 110.00, NULL, 1626247189),
(331, 1015, 326, 2001, NULL, NULL, NULL, NULL, NULL, NULL, NULL, NULL, NULL, NULL, 20, 10, 1.60, 10, 1.60, 4.00, 17.60, NULL, 1626284818),
(332, 996, 327, 2000, NULL, NULL, NULL, NULL, NULL, NULL, NULL, NULL, NULL, NULL, 30, 10, 2.70, 20, 5.40, 3.00, 29.70, NULL, 1626508952),
(333, 929, 328, 2000, NULL, NULL, NULL, NULL, NULL, NULL, NULL, NULL, NULL, NULL, 30, 10, 3.00, 20, 6.00, 0.00, 33.00, NULL, 1635412190),
(334, 979, 329, NULL, NULL, 4, NULL, NULL, NULL, NULL, NULL, NULL, NULL, NULL, 100, 10, 10.00, 0, 0.00, NULL, 110.00, NULL, 1635448382),
(335, 1017, 330, 2000, NULL, NULL, NULL, NULL, NULL, NULL, NULL, NULL, NULL, NULL, 30, 10, 3.00, 20, 6.00, 0.00, 33.00, NULL, 1639379271),
(336, 1017, 331, 1998, NULL, NULL, NULL, NULL, NULL, NULL, NULL, NULL, NULL, NULL, 100, 10, 10.00, 20, 20.00, 0.00, 110.00, NULL, 1639379347),
(337, 1017, 332, 2003, NULL, NULL, NULL, NULL, NULL, NULL, NULL, 31, NULL, NULL, 40, 10, 3.00, 20, 6.00, 10.00, 33.00, NULL, 1639379382),
(338, 995, 333, 2009, NULL, NULL, NULL, NULL, NULL, NULL, NULL, NULL, NULL, NULL, 10, 10, 1.00, 20, 2.00, 0.00, 11.00, NULL, 1646172083),
(339, 996, 334, 2009, NULL, NULL, NULL, NULL, NULL, NULL, NULL, NULL, NULL, NULL, 10, 10, 0.90, 20, 1.80, 1.00, 9.90, NULL, 1646172119),
(340, 979, 335, 2009, NULL, NULL, NULL, NULL, NULL, NULL, NULL, NULL, NULL, NULL, 10, 10, 1.00, 20, 2.00, 0.00, 11.00, NULL, 1646172156),
(341, 929, 336, 2009, NULL, NULL, NULL, NULL, NULL, NULL, NULL, NULL, NULL, NULL, 10, 10, 1.00, 20, 2.00, 0.00, 11.00, NULL, 1646172292),
(342, 995, 337, NULL, NULL, NULL, NULL, NULL, NULL, NULL, 1, NULL, NULL, NULL, 750, 10, 75.00, 20, 150.00, 0.00, 825.00, NULL, 1646379279),
(343, 1017, 338, NULL, NULL, NULL, NULL, NULL, NULL, NULL, 5, NULL, NULL, NULL, 300, 10, 30.00, 20, 60.00, 0.00, 330.00, NULL, 1646380150),
(344, 930, 339, NULL, NULL, NULL, NULL, 2, NULL, NULL, NULL, NULL, NULL, 5, 199, 10, 19.90, 0, 0.00, NULL, 218.90, NULL, 1646386782),
(345, 859, 340, NULL, NULL, NULL, NULL, 4, NULL, NULL, NULL, NULL, NULL, 6, 200, 10, 20.00, 0, 0.00, NULL, 220.00, NULL, 1646387650),
(346, 930, 341, NULL, 1, NULL, NULL, NULL, NULL, NULL, NULL, NULL, NULL, NULL, 50, 10, 5.00, 20, 10.00, 0.00, 55.00, 0.00, 1656083106),
(347, 995, 342, NULL, NULL, NULL, NULL, NULL, 4, 1, NULL, NULL, NULL, NULL, 5, 5, 0.25, 20, 1.00, 0.00, 5.25, 0.00, 1656103838),
(348, 923, 343, NULL, NULL, NULL, NULL, NULL, 1, 2, NULL, NULL, NULL, NULL, 25, 5, 1.25, 10, 2.50, 0.00, 31.25, 5.00, 1656104126),
(349, 996, 344, 2003, NULL, NULL, NULL, NULL, NULL, NULL, NULL, NULL, NULL, NULL, 40, 10, 3.60, 20, 7.20, 4.00, 39.60, 0.00, 1656130476),
(350, 930, 345, NULL, NULL, NULL, NULL, NULL, 2, 3, NULL, NULL, NULL, NULL, 290, 5, 14.50, 10, 29.00, 0.00, 314.50, 10.00, 1656130702),
(351, 996, 346, NULL, NULL, NULL, NULL, NULL, 5, 4, NULL, NULL, NULL, NULL, 75, 5, 3.75, 20, 15.00, 0.00, 78.75, 0.00, 1656130959),
(352, 979, 347, NULL, 2, NULL, NULL, NULL, NULL, NULL, NULL, NULL, NULL, NULL, 8, 10, 0.80, 20, 1.60, 0.00, 8.80, 0.00, 1656139699),
(353, 979, 347, NULL, 3, NULL, NULL, NULL, NULL, NULL, NULL, NULL, NULL, NULL, 25, 10, 2.50, 20, 5.00, 0.00, 27.50, 0.00, 1656139699),
(354, 1017, 348, NULL, NULL, NULL, NULL, NULL, 1, 5, NULL, NULL, NULL, NULL, 25, 5, 1.00, 10, 2.00, 5.00, 26.00, 5.00, 1656148569),
(355, 995, 349, NULL, NULL, NULL, NULL, NULL, 1, 6, NULL, NULL, NULL, NULL, 50, 5, 2.25, 10, 4.50, 5.00, 52.25, 5.00, 1656148735),
(356, 995, 350, NULL, NULL, NULL, NULL, NULL, 1, 6, NULL, NULL, NULL, NULL, 50, 5, 2.25, 10, 4.50, 5.00, 52.25, 5.00, 1656148833),
(357, 995, 351, NULL, NULL, NULL, NULL, NULL, 6, 7, NULL, NULL, 9, NULL, 20, 5, 1.00, 20, 4.00, 4.00, 17.00, 0.00, 1656322652),
(358, 1015, 352, NULL, NULL, NULL, NULL, NULL, NULL, NULL, NULL, NULL, NULL, NULL, 5000, 0, 0.00, 0, 0.00, NULL, 5000.00, NULL, 1675681974),
(359, 1017, 353, NULL, NULL, NULL, NULL, NULL, NULL, NULL, 6, NULL, NULL, NULL, 4763, 10, 476.25, 20, 952.50, 0.00, 5238.75, 0.00, 1676972176),
(360, 1017, 353, NULL, NULL, NULL, NULL, NULL, NULL, NULL, 8, NULL, NULL, NULL, 125, 10, 12.50, 20, 25.00, 0.00, 137.50, 0.00, 1676972176),
(361, 1017, 353, NULL, NULL, NULL, NULL, NULL, NULL, NULL, 9, NULL, NULL, NULL, 375, 10, 37.50, 20, 75.00, 0.00, 412.50, 0.00, 1676972176),
(362, 1017, 354, 2005, NULL, NULL, NULL, NULL, NULL, NULL, NULL, NULL, NULL, NULL, 10, 10, 1.00, 20, 2.00, 0.00, 11.00, 0.00, 1677012223),
(363, 1017, 355, 2005, NULL, NULL, NULL, NULL, NULL, NULL, NULL, NULL, NULL, NULL, 10, 10, 1.00, 20, 2.00, 0.00, 11.00, 0.00, 1677012273),
(364, 1017, 356, 2005, NULL, NULL, NULL, NULL, NULL, NULL, NULL, NULL, NULL, NULL, 10, 10, 1.00, 20, 2.00, 0.00, 11.00, 0.00, 1677238752),
(365, 1017, 357, 2004, NULL, NULL, NULL, NULL, NULL, NULL, NULL, NULL, NULL, NULL, 60, 10, 3.60, 20, 7.20, 24.00, 39.60, 0.00, 1677239104),
(366, 1015, 358, 2001, NULL, NULL, NULL, NULL, NULL, NULL, NULL, NULL, NULL, NULL, 20, 10, 1.60, 20, 3.20, 4.00, 17.60, 0.00, 1678927986),
(367, 1024, 359, 2001, NULL, NULL, NULL, NULL, NULL, NULL, NULL, NULL, NULL, NULL, 20, 10, 1.60, 20, 3.20, 4.00, 17.60, 0.00, 1679096307),
(368, 1024, 360, 2001, NULL, NULL, NULL, NULL, NULL, NULL, NULL, NULL, NULL, NULL, 20, 10, 1.60, 20, 3.20, 4.00, 17.60, 0.00, 1679096359),
(369, 1024, 361, 2001, NULL, NULL, NULL, NULL, NULL, NULL, NULL, NULL, NULL, NULL, 20, 10, 1.60, 20, 3.20, 4.00, 17.60, 0.00, 1679097279),
(370, 1024, 362, 2004, NULL, NULL, NULL, NULL, NULL, NULL, NULL, NULL, NULL, NULL, 60, 10, 3.60, 20, 7.20, 24.00, 39.60, 0.00, 1679097391),
(371, 1024, 363, 2005, NULL, NULL, NULL, NULL, NULL, NULL, NULL, NULL, NULL, NULL, 10, 10, 1.00, 20, 2.00, 0.00, 11.00, 0.00, 1679097501),
(372, 1024, 364, NULL, NULL, NULL, NULL, NULL, NULL, NULL, 11, NULL, NULL, NULL, 375, 10, 37.50, 20, 75.00, 0.00, 412.50, 0.00, 1679097719),
(373, 1024, 365, NULL, NULL, 4, NULL, NULL, NULL, NULL, NULL, NULL, NULL, NULL, 100, 10, 10.00, 0, 0.00, NULL, 110.00, NULL, 1679098262),
(374, 1024, 366, 2000, NULL, NULL, NULL, NULL, NULL, NULL, NULL, NULL, NULL, NULL, 30, 10, 3.00, 20, 6.00, 0.00, 33.00, 0.00, 1679098711),
(375, 1024, 367, 1996, NULL, NULL, NULL, NULL, NULL, NULL, NULL, NULL, NULL, NULL, 200, 10, 20.00, 20, 40.00, 0.00, 220.00, 0.00, 1679098988),
(376, 1024, 368, NULL, NULL, NULL, NULL, NULL, NULL, NULL, NULL, NULL, NULL, NULL, 3000, 0, 0.00, 0, 0.00, NULL, 3000.00, NULL, 1679102946),
(377, 1015, 369, NULL, NULL, NULL, NULL, NULL, NULL, NULL, NULL, NULL, NULL, NULL, 300, 0, 0.00, 0, 0.00, NULL, 300.00, NULL, 1679397722),
(378, 995, 370, NULL, NULL, NULL, NULL, NULL, NULL, NULL, 12, NULL, NULL, NULL, 100, 10, 10.00, 20, 20.00, 0.00, 110.00, 0.00, 1680222181),
(379, 995, 371, 2004, NULL, NULL, NULL, NULL, NULL, NULL, NULL, NULL, NULL, NULL, 60, 10, 3.60, 20, 7.20, 24.00, 39.60, 0.00, 1680222876),
(380, 995, 372, NULL, NULL, 4, NULL, NULL, NULL, NULL, NULL, NULL, NULL, NULL, 100, 10, 10.00, 0, 0.00, NULL, 110.00, NULL, 1681783409),
(381, 995, 373, NULL, NULL, 4, NULL, NULL, NULL, NULL, NULL, NULL, NULL, NULL, 100, 10, 10.00, 0, 0.00, NULL, 110.00, NULL, 1681783491),
(382, 995, 374, 2003, NULL, NULL, NULL, NULL, NULL, NULL, NULL, NULL, NULL, NULL, 40, 10, 4.00, 20, 8.00, 0.00, 44.00, 0.00, 1682273948),
(383, 995, 375, NULL, NULL, NULL, NULL, NULL, NULL, NULL, 13, NULL, NULL, NULL, 1250, 10, 125.00, 20, 250.00, 0.00, 1375.00, 0.00, 1682274294),
(384, 995, 376, 2003, NULL, NULL, NULL, NULL, NULL, NULL, NULL, NULL, NULL, NULL, 40, 10, 4.00, 20, 8.00, 0.00, 44.00, 0.00, 1682872475),
(385, 995, 377, 2003, NULL, NULL, NULL, NULL, NULL, NULL, NULL, NULL, NULL, NULL, 40, 10, 4.00, 20, 8.00, 0.00, 44.00, 0.00, 1682872502),
(386, 995, 378, NULL, NULL, NULL, NULL, NULL, NULL, NULL, NULL, NULL, NULL, NULL, 1000, 0, 0.00, 0, 0.00, NULL, 1000.00, NULL, 1682895065),
(387, 1015, 379, 2001, NULL, NULL, NULL, NULL, NULL, NULL, NULL, NULL, NULL, NULL, 20, 10, 1.60, 20, 3.20, 4.00, 17.60, 0.00, 1682928876),
(388, 1015, 379, 2005, NULL, NULL, NULL, NULL, NULL, NULL, NULL, NULL, NULL, NULL, 10, 10, 1.00, 20, 2.00, 0.00, 11.00, 0.00, 1682928876),
(389, 1015, 380, 2001, NULL, NULL, NULL, NULL, NULL, NULL, NULL, NULL, NULL, NULL, 20, 10, 1.60, 20, 3.20, 4.00, 17.60, 0.00, 1682948716),
(390, 1015, 381, 2001, NULL, NULL, NULL, NULL, NULL, NULL, NULL, NULL, NULL, NULL, 20, 10, 1.60, 20, 3.20, 4.00, 17.60, 0.00, 1682948728),
(391, 1015, 382, 2001, NULL, NULL, NULL, NULL, NULL, NULL, NULL, NULL, NULL, NULL, 20, 10, 1.60, 20, 3.20, 4.00, 17.60, 0.00, 1682948757),
(392, 1015, 383, 2001, NULL, NULL, NULL, NULL, NULL, NULL, NULL, NULL, NULL, NULL, 20, 10, 1.60, 20, 3.20, 4.00, 17.60, 0.00, 1682948803),
(393, 1015, 384, 2001, NULL, NULL, NULL, NULL, NULL, NULL, NULL, NULL, NULL, NULL, 20, 10, 1.60, 20, 3.20, 4.00, 17.60, 0.00, 1682948841),
(394, 1015, 385, 2001, NULL, NULL, NULL, NULL, NULL, NULL, NULL, NULL, NULL, NULL, 20, 10, 1.60, 20, 3.20, 4.00, 17.60, 0.00, 1682948851),
(395, 1015, 386, 2001, NULL, NULL, NULL, NULL, NULL, NULL, NULL, NULL, NULL, NULL, 20, 10, 1.60, 20, 3.20, 4.00, 17.60, 0.00, 1682948903),
(396, 1015, 387, 2001, NULL, NULL, NULL, NULL, NULL, NULL, NULL, NULL, NULL, NULL, 20, 10, 1.60, 20, 3.20, 4.00, 17.60, 0.00, 1682948929),
(397, 1015, 388, 2001, NULL, NULL, NULL, NULL, NULL, NULL, NULL, NULL, NULL, NULL, 20, 10, 1.60, 20, 3.20, 4.00, 17.60, 0.00, 1682948943),
(398, 1015, 389, 2001, NULL, NULL, NULL, NULL, NULL, NULL, NULL, NULL, NULL, NULL, 20, 10, 1.60, 20, 3.20, 4.00, 17.60, 0.00, 1682948972),
(399, 995, 390, NULL, NULL, NULL, NULL, NULL, NULL, NULL, 14, NULL, NULL, NULL, 250, 10, 25.00, 20, 50.00, 0.00, 275.00, 0.00, 1683238174),
(400, 995, 391, NULL, NULL, NULL, NULL, NULL, NULL, NULL, 15, NULL, NULL, NULL, 500, 10, 50.00, 20, 100.00, 0.00, 550.00, 0.00, 1683238789),
(401, 995, 392, NULL, NULL, NULL, NULL, NULL, NULL, NULL, 16, NULL, NULL, NULL, 500, 10, 50.00, 20, 100.00, 0.00, 550.00, 0.00, 1683289776),
(402, 995, 393, NULL, NULL, NULL, NULL, NULL, NULL, NULL, 17, NULL, NULL, NULL, 500, 10, 50.00, 20, 100.00, 0.00, 550.00, 0.00, 1683551243),
(403, 995, 394, NULL, NULL, NULL, NULL, NULL, NULL, NULL, 18, NULL, NULL, NULL, 200, 10, 20.00, 20, 40.00, 0.00, 220.00, 0.00, 1683551810),
(404, 995, 395, 2022, NULL, NULL, NULL, NULL, NULL, NULL, NULL, NULL, NULL, NULL, 20, 10, 2.00, 20, 4.00, 0.00, 22.00, 0.00, 1683553970),
(405, 995, 396, 2000, NULL, NULL, NULL, NULL, NULL, NULL, NULL, NULL, NULL, NULL, 30, 10, 3.00, 20, 6.00, 0.00, 33.00, 0.00, 1684329985),
(406, 995, 397, NULL, NULL, NULL, NULL, NULL, NULL, NULL, 19, NULL, NULL, NULL, 250, 10, 25.00, 20, 50.00, 0.00, 275.00, 0.00, 1684330499),
(407, 1042, 398, 2001, NULL, NULL, NULL, NULL, NULL, NULL, NULL, NULL, NULL, NULL, 20, 10, 1.60, 20, 3.20, 4.00, 17.60, 0.00, 1684763856),
(408, 1042, 399, 2001, NULL, NULL, NULL, NULL, NULL, NULL, NULL, NULL, NULL, NULL, 20, 10, 1.60, 20, 3.20, 4.00, 17.60, 0.00, 1684764017),
(409, 1042, 400, 2001, NULL, NULL, NULL, NULL, NULL, NULL, NULL, NULL, NULL, NULL, 20, 10, 1.60, 20, 3.20, 4.00, 17.60, 0.00, 1684764090),
(410, 1042, 401, 2001, NULL, NULL, NULL, NULL, NULL, NULL, NULL, NULL, NULL, NULL, 20, 10, 1.60, 20, 3.20, 4.00, 17.60, 0.00, 1684764599),
(411, 1042, 402, 2001, NULL, NULL, NULL, NULL, NULL, NULL, NULL, NULL, NULL, NULL, 20, 10, 1.60, 20, 3.20, 4.00, 17.60, 0.00, 1684764816),
(412, 1042, 403, 2022, NULL, NULL, NULL, NULL, NULL, NULL, NULL, NULL, NULL, NULL, 20, 10, 2.00, 20, 4.00, 0.00, 22.00, 0.00, 1684765317),
(413, 1042, 404, 2000, NULL, NULL, NULL, NULL, NULL, NULL, NULL, NULL, NULL, NULL, 30, 10, 3.00, 20, 6.00, 0.00, 33.00, 0.00, 1685713996),
(414, 1015, 405, 2001, NULL, NULL, NULL, NULL, NULL, NULL, NULL, NULL, NULL, NULL, 20, 10, 1.60, 20, 3.20, 4.00, 17.60, 0.00, 1686833656),
(415, 995, 406, NULL, NULL, NULL, NULL, NULL, NULL, NULL, 20, NULL, NULL, NULL, 250, 10, 25.00, 20, 50.00, 0.00, 275.00, 0.00, 1686836835),
(416, 995, 407, NULL, NULL, NULL, NULL, NULL, NULL, NULL, 21, NULL, NULL, NULL, 375, 10, 37.50, 20, 75.00, 0.00, 412.50, 0.00, 1687250804),
(417, 995, 408, NULL, NULL, 3, NULL, NULL, NULL, NULL, NULL, NULL, NULL, NULL, 20, 10, 2.00, 0, 0.00, NULL, 22.00, NULL, 1688629853),
(418, 995, 409, NULL, NULL, NULL, NULL, NULL, NULL, NULL, 23, NULL, NULL, NULL, 250, 10, 25.00, 20, 50.00, 0.00, 275.00, 0.00, 1688654458),
(419, 995, 410, NULL, NULL, NULL, NULL, NULL, NULL, NULL, 24, NULL, NULL, NULL, 250, 10, 25.00, 20, 50.00, 0.00, 275.00, 0.00, 1688765255),
(420, 995, 411, NULL, NULL, NULL, NULL, NULL, NULL, NULL, 26, NULL, NULL, NULL, 250, 10, 25.00, 20, 50.00, 0.00, 275.00, 0.00, 1689185323),
(421, 995, 412, NULL, NULL, NULL, NULL, NULL, NULL, NULL, 27, NULL, NULL, NULL, 750, 10, 75.00, 20, 150.00, 0.00, 825.00, 0.00, 1689605042),
(422, 1097, 413, NULL, NULL, NULL, NULL, NULL, NULL, NULL, 28, NULL, NULL, NULL, 250, 10, 25.00, 20, 50.00, 0.00, 275.00, 0.00, 1689942796),
(423, 1097, 414, 2022, NULL, NULL, NULL, NULL, NULL, NULL, NULL, NULL, NULL, NULL, 20, 10, 2.00, 20, 4.00, 0.00, 22.00, 0.00, 1689943076),
(424, 995, 415, NULL, NULL, NULL, NULL, NULL, NULL, NULL, 29, NULL, NULL, NULL, 100, 10, 10.00, 20, 20.00, 0.00, 110.00, 0.00, 1690481772),
(425, 995, 416, NULL, NULL, NULL, NULL, NULL, NULL, NULL, 30, NULL, NULL, NULL, 846, 10, 84.58, 20, 169.17, 0.00, 930.41, 0.00, 1690546377),
(426, 995, 417, NULL, NULL, NULL, NULL, NULL, NULL, NULL, 31, NULL, NULL, NULL, 375, 10, 37.50, 20, 75.00, 0.00, 412.50, 0.00, 1690800758),
(427, 1015, 418, 2003, NULL, NULL, NULL, NULL, NULL, NULL, NULL, NULL, NULL, NULL, 40, 10, 4.00, 20, 8.00, 0.00, 44.00, 0.00, 1692903194),
(428, 995, 419, NULL, NULL, NULL, NULL, NULL, NULL, NULL, 38, NULL, NULL, NULL, 600, 10, 57.00, 20, 114.00, 30.00, 627.00, 0.00, 1695206912),
(429, 1, 420, NULL, NULL, NULL, NULL, NULL, NULL, NULL, 39, NULL, NULL, NULL, 250, 10, 25.00, 20, 50.00, 0.00, 275.00, 0.00, 1695384720),
(430, 1015, 421, 2004, NULL, NULL, NULL, NULL, NULL, NULL, NULL, NULL, NULL, NULL, 60, 10, 3.60, 20, 7.20, 24.00, 39.60, 0.00, 1696349590),
(431, 1015, 422, NULL, NULL, 4, NULL, NULL, NULL, NULL, NULL, NULL, NULL, NULL, 100, 10, 10.00, 0, 0.00, NULL, 110.00, NULL, 1696349613),
(432, 1105, 423, 2001, NULL, NULL, NULL, NULL, NULL, NULL, NULL, NULL, NULL, NULL, 20, 10, 2.00, 20, 4.00, 0.00, 22.00, 0.00, 1699560317),
(433, 1122, 424, NULL, NULL, NULL, NULL, NULL, NULL, NULL, 41, NULL, NULL, NULL, 250, 10, 25.00, 20, 50.00, 0.00, 275.00, 0.00, 1707473316),
(434, 1122, 425, NULL, NULL, NULL, NULL, NULL, NULL, NULL, 41, NULL, NULL, NULL, 250, 10, 25.00, 20, 50.00, 0.00, 275.00, 0.00, 1707473357),
(435, 1122, 426, NULL, NULL, NULL, NULL, NULL, NULL, NULL, 41, NULL, NULL, NULL, 250, 10, 25.00, 20, 50.00, 0.00, 275.00, 0.00, 1707473578),
(436, 1122, 427, NULL, NULL, NULL, NULL, NULL, NULL, NULL, 42, NULL, NULL, NULL, 150, 10, 15.00, 20, 30.00, 0.00, 165.00, 0.00, 1707477353),
(437, 1122, 428, NULL, NULL, NULL, NULL, NULL, NULL, NULL, 43, NULL, NULL, NULL, 75, 10, 7.50, 20, 15.00, 0.00, 82.50, 0.00, 1711508172),
(438, 1122, 428, NULL, NULL, NULL, NULL, NULL, NULL, NULL, 44, NULL, NULL, NULL, 200, 10, 18.00, 20, 36.00, 20.00, 198.00, 0.00, 1711508172),
(439, 1122, 428, NULL, NULL, NULL, NULL, NULL, NULL, NULL, 45, NULL, NULL, NULL, 100, 10, 10.00, 20, 20.00, 0.00, 110.00, 0.00, 1711508172),
(440, 1219, 429, NULL, NULL, 4, NULL, NULL, NULL, NULL, NULL, NULL, NULL, NULL, 100, 10, 10.00, 0, 0.00, NULL, 110.00, NULL, 1719323192),
(441, 1219, 430, NULL, NULL, 4, NULL, NULL, NULL, NULL, NULL, NULL, NULL, NULL, 100, 10, 10.00, 0, 0.00, NULL, 110.00, NULL, 1719323245),
(442, 1207, 431, NULL, NULL, 5, NULL, NULL, NULL, NULL, NULL, NULL, NULL, NULL, 50, 10, 5.00, 0, 0.00, NULL, 55.00, NULL, 1719340118),
(443, 1220, 433, NULL, NULL, 5, NULL, NULL, NULL, NULL, NULL, NULL, NULL, NULL, 50, 10, 5.00, 0, 0.00, NULL, 55.00, NULL, 1719340412),
(444, 1220, 434, NULL, NULL, 5, NULL, NULL, NULL, NULL, NULL, NULL, NULL, NULL, 50, 10, 5.00, 0, 0.00, NULL, 55.00, NULL, 1719341733),
(445, 1220, 435, NULL, NULL, 5, NULL, NULL, NULL, NULL, NULL, NULL, NULL, NULL, 50, 10, 5.00, 0, 0.00, NULL, 55.00, NULL, 1719341808),
(446, 1220, 436, NULL, NULL, 5, NULL, NULL, NULL, NULL, NULL, NULL, NULL, NULL, 50, 10, 5.00, 0, 0.00, NULL, 55.00, NULL, 1719341942),
(447, 1228, 437, NULL, NULL, 5, NULL, NULL, NULL, NULL, NULL, NULL, NULL, NULL, 50, 10, 5.00, 0, 0.00, NULL, 55.00, NULL, 1719408589),
(448, 1230, 438, NULL, NULL, 5, NULL, NULL, NULL, NULL, NULL, NULL, NULL, NULL, 50, 10, 5.00, 0, 0.00, NULL, 55.00, NULL, 1719484259),
(449, 1230, 439, NULL, NULL, 5, NULL, NULL, NULL, NULL, NULL, NULL, NULL, NULL, 50, 10, 5.00, 0, 0.00, NULL, 55.00, NULL, 1719484436),
(450, 1233, 440, NULL, NULL, 5, NULL, NULL, NULL, NULL, NULL, NULL, NULL, NULL, 50, 10, 5.00, 0, 0.00, NULL, 55.00, NULL, 1719486045),
(451, 1235, 441, NULL, NULL, 5, NULL, NULL, NULL, NULL, NULL, NULL, NULL, NULL, 50, 10, 5.00, 0, 0.00, NULL, 55.00, NULL, 1719486864),
(452, 1235, 442, NULL, NULL, 5, NULL, NULL, NULL, NULL, NULL, NULL, NULL, NULL, 50, 10, 5.00, 0, 0.00, NULL, 55.00, NULL, 1719486886),
(453, 1235, 443, NULL, NULL, 5, NULL, NULL, NULL, NULL, NULL, NULL, NULL, NULL, 50, 10, 5.00, 0, 0.00, NULL, 55.00, NULL, 1719487051),
(454, 1235, 444, NULL, NULL, 5, NULL, NULL, NULL, NULL, NULL, NULL, NULL, NULL, 50, 10, 5.00, 0, 0.00, NULL, 55.00, NULL, 1719487076),
(455, 1235, 445, NULL, NULL, 5, NULL, NULL, NULL, NULL, NULL, NULL, NULL, NULL, 50, 10, 5.00, 0, 0.00, NULL, 55.00, NULL, 1719487092),
(456, 1235, 446, NULL, NULL, 5, NULL, NULL, NULL, NULL, NULL, NULL, NULL, NULL, 50, 10, 5.00, 0, 0.00, NULL, 55.00, NULL, 1719487274),
(457, 1235, 447, NULL, NULL, 5, NULL, NULL, NULL, NULL, NULL, NULL, NULL, NULL, 50, 10, 5.00, 0, 0.00, NULL, 55.00, NULL, 1719487303),
(458, 1235, 448, NULL, NULL, 5, NULL, NULL, NULL, NULL, NULL, NULL, NULL, NULL, 50, 10, 5.00, 0, 0.00, NULL, 55.00, NULL, 1719487338),
(459, 1235, 449, NULL, NULL, 5, NULL, NULL, NULL, NULL, NULL, NULL, NULL, NULL, 50, 10, 5.00, 0, 0.00, NULL, 55.00, NULL, 1719487397),
(460, 1235, 450, NULL, NULL, 5, NULL, NULL, NULL, NULL, NULL, NULL, NULL, NULL, 50, 10, 5.00, 0, 0.00, NULL, 55.00, NULL, 1719487408),
(461, 1235, 451, NULL, NULL, 5, NULL, NULL, NULL, NULL, NULL, NULL, NULL, NULL, 50, 10, 5.00, 0, 0.00, NULL, 55.00, NULL, 1719487414),
(462, 1235, 452, NULL, NULL, 5, NULL, NULL, NULL, NULL, NULL, NULL, NULL, NULL, 50, 10, 5.00, 0, 0.00, NULL, 55.00, NULL, 1719487457),
(463, 1235, 453, NULL, NULL, 5, NULL, NULL, NULL, NULL, NULL, NULL, NULL, NULL, 50, 10, 5.00, 0, 0.00, NULL, 55.00, NULL, 1719487512),
(464, 1235, 454, NULL, NULL, 5, NULL, NULL, NULL, NULL, NULL, NULL, NULL, NULL, 50, 10, 5.00, 0, 0.00, NULL, 55.00, NULL, 1719487566),
(465, 1235, 455, NULL, NULL, 5, NULL, NULL, NULL, NULL, NULL, NULL, NULL, NULL, 50, 10, 5.00, 0, 0.00, NULL, 55.00, NULL, 1719487602),
(466, 1235, 456, NULL, NULL, 5, NULL, NULL, NULL, NULL, NULL, NULL, NULL, NULL, 50, 10, 5.00, 0, 0.00, NULL, 55.00, NULL, 1719487914),
(467, 1235, 457, NULL, NULL, 5, NULL, NULL, NULL, NULL, NULL, NULL, NULL, NULL, 50, 10, 5.00, 0, 0.00, NULL, 55.00, NULL, 1719490300),
(468, 1253, 458, NULL, NULL, 5, NULL, NULL, NULL, NULL, NULL, NULL, NULL, NULL, 50, 10, 5.00, 0, 0.00, NULL, 55.00, NULL, 1719492325),
(469, 1253, 459, NULL, NULL, 5, NULL, NULL, NULL, NULL, NULL, NULL, NULL, NULL, 50, 10, 5.00, 0, 0.00, NULL, 55.00, NULL, 1719492510),
(470, 1253, 460, NULL, NULL, 5, NULL, NULL, NULL, NULL, NULL, NULL, NULL, NULL, 50, 10, 5.00, 0, 0.00, NULL, 55.00, NULL, 1719492540),
(471, 1253, 461, NULL, NULL, 5, NULL, NULL, NULL, NULL, NULL, NULL, NULL, NULL, 50, 10, 5.00, 0, 0.00, NULL, 55.00, NULL, 1719492553),
(472, 1258, 462, NULL, NULL, 5, NULL, NULL, NULL, NULL, NULL, NULL, NULL, NULL, 50, 10, 5.00, 0, 0.00, NULL, 55.00, NULL, 1719566375),
(473, 1258, 463, NULL, NULL, 5, NULL, NULL, NULL, NULL, NULL, NULL, NULL, NULL, 50, 10, 5.00, 0, 0.00, NULL, 55.00, NULL, 1719566401),
(474, 1261, 464, NULL, NULL, 5, NULL, NULL, NULL, NULL, NULL, NULL, NULL, NULL, 50, 10, 5.00, 0, 0.00, NULL, 55.00, NULL, 1719655734),
(475, 1263, 465, NULL, NULL, 4, NULL, NULL, NULL, NULL, NULL, NULL, NULL, NULL, 50, 10, 5.00, 0, 0.00, NULL, 55.00, NULL, 1719655799),
(476, 1265, 466, NULL, NULL, 3, NULL, NULL, NULL, NULL, NULL, NULL, NULL, NULL, 50, 10, 5.00, 0, 0.00, NULL, 55.00, NULL, 1719656028),
(477, 1268, 467, NULL, NULL, 3, NULL, NULL, NULL, NULL, NULL, NULL, NULL, NULL, 150, 10, 15.00, 0, 0.00, NULL, 165.00, NULL, 1719911509),
(478, 1269, 468, NULL, NULL, NULL, NULL, NULL, NULL, NULL, NULL, NULL, NULL, NULL, 150, 10, 15.00, 0, 0.00, NULL, 165.00, NULL, 1719915743),
(479, 1270, 469, NULL, NULL, 3, NULL, NULL, NULL, NULL, NULL, NULL, NULL, NULL, 120, 0, 0.00, 0, 0.00, NULL, 120.00, NULL, 1719918057),
(480, 1271, 470, NULL, NULL, 3, NULL, NULL, NULL, NULL, NULL, NULL, NULL, NULL, 100, 0, 0.00, 0, 0.00, NULL, 100.00, NULL, 1719929913),
(484, 1275, 474, NULL, NULL, NULL, NULL, NULL, NULL, NULL, NULL, NULL, NULL, NULL, 24, 0, 0.00, 0, 0.00, NULL, 24.00, NULL, 1719932423),
(485, 1276, 475, NULL, NULL, 9, NULL, NULL, NULL, NULL, NULL, NULL, NULL, NULL, 140, 0, 0.00, 0, 0.00, NULL, 140.00, NULL, 1719932736),
(487, 1282, 477, NULL, NULL, 9, NULL, NULL, NULL, NULL, NULL, NULL, NULL, NULL, 96, 0, 0.00, 0, 0.00, NULL, 96.00, NULL, 1719933718),
(488, 1283, 478, NULL, NULL, 3, NULL, NULL, NULL, NULL, NULL, NULL, NULL, NULL, 120, 0, 0.00, 0, 0.00, NULL, 120.00, NULL, 1719933903),
(489, 1286, 479, NULL, NULL, 9, NULL, NULL, NULL, NULL, NULL, NULL, NULL, NULL, 168, 0, 0.00, 0, 0.00, NULL, 168.00, NULL, 1719934033),
(490, 1287, 480, NULL, NULL, 9, NULL, NULL, NULL, NULL, NULL, NULL, NULL, NULL, 140, 0, 0.00, 0, 0.00, NULL, 140.00, NULL, 1719934122),
(491, 1288, 481, NULL, NULL, 9, NULL, NULL, NULL, NULL, NULL, NULL, NULL, NULL, 140, 0, 0.00, 0, 0.00, NULL, 140.00, NULL, 1719934151),
(492, 1289, 482, NULL, NULL, 9, NULL, NULL, NULL, NULL, NULL, NULL, NULL, NULL, 168, 0, 0.00, 0, 0.00, NULL, 168.00, NULL, 1719934194),
(493, 1292, 483, NULL, NULL, 9, NULL, NULL, NULL, NULL, NULL, NULL, NULL, NULL, 100, 0, 0.00, 0, 0.00, NULL, 100.00, NULL, 1719934639),
(494, 1293, 484, NULL, NULL, 9, NULL, NULL, NULL, NULL, NULL, NULL, NULL, NULL, 100, 0, 0.00, 0, 0.00, NULL, 100.00, NULL, 1719934662),
(495, 1294, 485, NULL, NULL, 9, NULL, NULL, NULL, NULL, NULL, NULL, NULL, NULL, 168, 0, 0.00, 0, 0.00, NULL, 168.00, NULL, 1719934711),
(496, 1295, 486, NULL, NULL, 9, NULL, NULL, NULL, NULL, NULL, NULL, NULL, NULL, 24, 0, 0.00, 0, 0.00, NULL, 24.00, NULL, 1719934734),
(497, 1296, 487, NULL, NULL, 9, NULL, NULL, NULL, NULL, NULL, NULL, NULL, NULL, 96, 0, 0.00, 0, 0.00, NULL, 96.00, NULL, 1719938947),
(507, 1296, 497, NULL, NULL, 3, NULL, NULL, NULL, NULL, NULL, NULL, NULL, NULL, NULL, NULL, NULL, NULL, NULL, NULL, NULL, NULL, NULL),
(508, 1296, 498, NULL, NULL, 3, NULL, NULL, NULL, NULL, NULL, NULL, NULL, NULL, NULL, NULL, NULL, NULL, NULL, NULL, NULL, NULL, NULL),
(509, 1296, 499, NULL, NULL, 9, NULL, NULL, NULL, NULL, NULL, NULL, NULL, NULL, NULL, NULL, NULL, NULL, NULL, NULL, NULL, NULL, NULL),
(510, 1293, 500, NULL, NULL, 9, NULL, NULL, NULL, NULL, NULL, NULL, NULL, NULL, NULL, NULL, NULL, NULL, NULL, NULL, NULL, NULL, NULL),
(511, 1293, 501, NULL, NULL, 9, NULL, NULL, NULL, NULL, NULL, NULL, NULL, NULL, NULL, NULL, NULL, NULL, NULL, NULL, NULL, NULL, NULL),
(512, 1293, 502, NULL, NULL, 9, NULL, NULL, NULL, NULL, NULL, NULL, NULL, NULL, NULL, NULL, NULL, NULL, NULL, NULL, NULL, NULL, NULL),
(513, 1293, 503, NULL, NULL, 9, NULL, NULL, NULL, NULL, NULL, NULL, NULL, NULL, NULL, NULL, NULL, NULL, NULL, NULL, NULL, NULL, NULL),
(514, 1292, 504, NULL, NULL, 9, NULL, NULL, NULL, NULL, NULL, NULL, NULL, NULL, NULL, NULL, NULL, NULL, NULL, NULL, NULL, NULL, NULL),
(515, 1292, 505, NULL, NULL, 3, NULL, NULL, NULL, NULL, NULL, NULL, NULL, NULL, NULL, NULL, NULL, NULL, NULL, NULL, NULL, NULL, NULL),
(516, 1292, 506, NULL, NULL, 9, NULL, NULL, NULL, NULL, NULL, NULL, NULL, NULL, NULL, NULL, NULL, NULL, NULL, NULL, NULL, NULL, NULL),
(517, 1300, 507, NULL, NULL, 3, NULL, NULL, NULL, NULL, NULL, NULL, NULL, NULL, 140, 0, 0.00, 0, 0.00, NULL, 140.00, NULL, 1720088916),
(518, 1302, 508, NULL, NULL, 9, NULL, NULL, NULL, NULL, NULL, NULL, NULL, NULL, 48, 0, 0.00, 0, 0.00, NULL, 48.00, NULL, 1720089167),
(519, 1302, 509, NULL, NULL, 3, NULL, NULL, NULL, NULL, NULL, NULL, NULL, NULL, NULL, NULL, NULL, NULL, NULL, NULL, NULL, NULL, NULL),
(520, 1302, 510, NULL, NULL, 9, NULL, NULL, NULL, NULL, NULL, NULL, NULL, NULL, NULL, NULL, NULL, NULL, NULL, NULL, NULL, NULL, NULL),
(521, 1302, 511, NULL, NULL, 3, NULL, NULL, NULL, NULL, NULL, NULL, NULL, NULL, NULL, NULL, NULL, NULL, NULL, NULL, NULL, NULL, NULL),
(522, 1304, 512, NULL, NULL, 9, NULL, NULL, NULL, NULL, NULL, NULL, NULL, NULL, 144, 0, 0.00, 0, 0.00, NULL, 144.00, NULL, 1720099357),
(523, 1301, 513, NULL, NULL, 3, NULL, NULL, NULL, NULL, NULL, NULL, NULL, NULL, NULL, NULL, NULL, NULL, NULL, NULL, NULL, NULL, NULL),
(524, 1313, 514, NULL, NULL, 4, NULL, NULL, NULL, NULL, NULL, NULL, NULL, NULL, 24, 10, 2.40, 0, 0.00, NULL, 26.40, NULL, 1724328603),
(525, 1313, 515, NULL, NULL, 4, NULL, NULL, NULL, NULL, NULL, NULL, NULL, NULL, 24, 10, 2.40, 0, 0.00, NULL, 26.40, NULL, 1724328629),
(526, 1313, 516, NULL, NULL, 9, NULL, NULL, NULL, NULL, NULL, NULL, NULL, NULL, 150, 10, 15.00, 0, 0.00, NULL, 165.00, NULL, 1724328639),
(527, 1313, 517, NULL, NULL, 9, NULL, NULL, NULL, NULL, NULL, NULL, NULL, NULL, 150, 10, 15.00, 0, 0.00, NULL, 165.00, NULL, 1724328653);

-- --------------------------------------------------------

--
-- Structure de la table `pages`
--

CREATE TABLE `pages` (
  `id` int UNSIGNED NOT NULL,
  `link` varchar(255) COLLATE utf8mb4_unicode_ci NOT NULL,
  `name` varchar(255) COLLATE utf8mb4_unicode_ci NOT NULL,
  `robot` tinyint(1) NOT NULL DEFAULT '0',
  `status` enum('publish','draft') COLLATE utf8mb4_unicode_ci NOT NULL DEFAULT 'draft',
  `created_at` int UNSIGNED NOT NULL
) ENGINE=InnoDB DEFAULT CHARSET=utf8mb4 COLLATE=utf8mb4_unicode_ci;

--
-- Déchargement des données de la table `pages`
--

INSERT INTO `pages` (`id`, `link`, `name`, `robot`, `status`, `created_at`) VALUES
(3, '/about', 'About', 1, 'publish', 1609088468),
(5, '/terms', 'Terms & rules', 1, 'publish', 1646409295),
(6, '/reward_points_system', 'Reward Points System', 1, 'publish', 1646398467),
(7, '/terms_instructor', 'Terms & rules instructor', 1, 'publish', 1646409295);

-- --------------------------------------------------------

--
-- Structure de la table `page_translations`
--

CREATE TABLE `page_translations` (
  `id` bigint UNSIGNED NOT NULL,
  `page_id` int UNSIGNED NOT NULL,
  `locale` varchar(255) COLLATE utf8mb4_unicode_ci NOT NULL,
  `title` varchar(255) COLLATE utf8mb4_unicode_ci NOT NULL,
  `seo_description` varchar(255) COLLATE utf8mb4_unicode_ci DEFAULT NULL,
  `content` longtext COLLATE utf8mb4_unicode_ci NOT NULL
) ENGINE=InnoDB DEFAULT CHARSET=utf8mb4 COLLATE=utf8mb4_unicode_ci;

--
-- Déchargement des données de la table `page_translations`
--

INSERT INTO `page_translations` (`id`, `page_id`, `locale`, `title`, `seo_description`, `content`) VALUES
(1, 3, 'en', 'About Abajim', 'Abajim is an online course marketplace with a pile of features that helps you to run your online education business easily.', '<div><b>Abajim</b> is an online course marketplace with a pile of features that helps you to run your online education business easily. This platform helps instructors and students get in touch together and share knowledge.</div><div><br></div><div>Teachers will be able to create unlimited video courses, live classes, text courses, projects, quizzes, files, etc and students will be able to use the educational material and increase their skill level.</div><div><br></div><div>Abajim is based on real business needs, cultural differences, advanced user researches so it covers your business requirements efficiently.</div><div style=\"text-align: center; \"><img src=\"/store/1/default_images/about.png\" style=\"width: 1110px;\"><br></div><div><br></div><div><b>WHY CHOOSE Abajim?</b></div><div><br></div><div>- Comprehensive solution for online education businesses</div><div>- Based on real business needs</div><div>- Multiple content types (Video courses, Live classes, text courses)</div><div>- Youtube, Vimeo, and AWS integration</div><div>- Google calendar integration</div><div>- Online 1 to 1 meetings support</div><div>- Single &amp; multiple instructors</div><div>- Organizational education system</div><div>- Subscribe system</div><div>- Various payment gateways for worldwide</div><div>- Offline payment</div><div>- Multilanguage</div><div>- Fully responsive</div><div>- Fully customizable</div><div>- RTL support</div>'),
(2, 5, 'en', 'Terms of Service', 'Our mission is to improve lives through learning. We enable anyone anywhere to create and share educational content (instructors) and to access that educational content to learn.', '<p><b>Note: This is just demo data.</b></p><p>Our mission is to improve lives through learning. We enable anyone anywhere to create and share educational content (instructors) and to access that educational content to learn (students). We consider our marketplace model the best way to offer valuable educational content to our users. We need rules to keep our platform and services safe for you, us, and our student and instructor community. These Terms apply to all your activities on the Udemy website, the Udemy mobile applications, our TV applications, our APIs, and other related services (“<b>Services</b>”).</p><p>If you publish content on our platform, you must also agree to the Instructor Terms. We also provide details regarding our processing of the personal data of our students and instructors in our Privacy Policy. If you are using our platform for Business as part of your organization’s Udemy for Business subscription, you should consult our Udemy for Business Privacy Statement.</p><p style=\"text-align: center; \"><img src=\"/store/1/default_images/blogs/home2.png\" style=\"width: 954px;\"><br></p><p>You need an account for most activities on our platform, including to <b>purchase</b> and access content or to <b>submit content for publication</b>. When setting up and maintaining your account, you must provide and continue to provide accurate and complete information, including a valid email address. You have complete responsibility for your account and everything that happens on your account, including for any harm or damage (to us or anyone else) caused by someone using your account without your permission. This means you need to be careful with your password. You may not transfer your account to someone else or use someone else’s account. If you contact us to request access to an account, we will not grant you such access unless you can provide us with the information that we need to prove you are the owner of that account. In the event of the death of a user, the account of that user will be closed.</p>'),
(3, 6, 'en', 'Reward Points System', 'Abajim Reward Points System is a Complete Loyalty Reward Points System and the most comprehensive Points and Rewards Plugin.', '<p><img src=\"/store/1/default_images/Reward Points System.jpg\" style=\"width: 800px;\"><br></p><p><b>Abajim&nbsp;Reward Points System is a Complete Loyalty Reward Points System and the most comprehensive Points and Rewards Plugin. Reward your Customers using Reward Points for Product Purchase, Writing Reviews, Sign up, Referrals, etc. The earned Reward Points can be redeemed for future purchases.&nbsp;</b></p>'),
(4, 5, 'es', 'Términos de servicio', 'Nuestra misión es mejorar vidas a través del aprendizaje. Permitimos que cualquier persona en cualquier lugar pueda crear y compartir contenido educativo (instructores) y acceder a ese contenido educativo para aprender.', '<p>Nota: Estos son solo datos de demostración.</p><p><br></p><p>Nuestra misión es mejorar vidas a través del aprendizaje. Permitimos que cualquier persona en cualquier lugar pueda crear y compartir contenido educativo (instructores) y acceder a ese contenido educativo para aprender (estudiantes). Consideramos nuestro modelo de mercado la mejor manera de ofrecer contenido educativo valioso a nuestros usuarios. Necesitamos reglas para mantener nuestra plataforma y servicios seguros para usted, nosotros y nuestra comunidad de estudiantes e instructores. Estos Términos se aplican a todas sus actividades en el sitio web de Udemy, las aplicaciones móviles de Udemy, nuestras aplicaciones de TV, nuestras API y otros servicios relacionados (\"Servicios\").</p><p><br></p><p>Si publica contenido en nuestra plataforma, también debe aceptar los Términos del instructor. También proporcionamos detalles sobre nuestro procesamiento de los datos personales de nuestros estudiantes e instructores en nuestra Política de privacidad. Si utiliza nuestra plataforma para empresas como parte de la suscripción a Udemy for Business de su organización, debe consultar nuestra Declaración de privacidad de Udemy for Business.</p><p><br></p><p><br></p><p><br></p><p>Necesita una cuenta para la mayoría de las actividades en nuestra plataforma, incluso para comprar y acceder a contenido o para enviar contenido para su publicación. Al configurar y mantener su cuenta, debe proporcionar y continuar proporcionando información precisa y completa, incluida una dirección de correo electrónico válida. Usted es completamente responsable de su cuenta y de todo lo que sucede en ella, incluido cualquier daño o perjuicio (a nosotros o a cualquier otra persona) causado por alguien que usa su cuenta sin su permiso. Esto significa que debe tener cuidado con su contraseña. No puede transferir su cuenta a otra persona ni usar la cuenta de otra persona. Si se comunica con nosotros para solicitar acceso a una cuenta, no le otorgaremos dicho acceso a menos que pueda proporcionarnos la información que necesitamos para demostrar que es el propietario de esa cuenta. En caso de fallecimiento de un usuario, la cuenta de ese usuario se cerrará.</p>'),
(5, 5, 'ar', 'شروط الاستخدام لمنصة أبجيم', NULL, '<h1 style=\"direction: rtl; text-align: right;\">مهمتنا في أبجيم :</h1>\r\n<p style=\"direction: rtl; text-align: right;text-align:justify \">\r\nنسعى  في أبجيم إلى تحسين التعليم وتطويره ليكون في متناول الجميع. نُمكّنك ك.ولي من الوصول إلى محتوى تعليمي رقمي مقدم من معلمين مؤهلين وذوي خبرة، مما يساعد أطفالك على تحقيق أقصى استفادة من تعليمهم. نسعى لضمان توفير بيئة تعليمية آمنة وداعمة، حيث يمكنك متابعة تقدم طفلك والتفاعل مع المعلمين..\r\n</p>\r\n\r\n<h1 style=\"direction: rtl; text-align: right;\">إنشاء الحساب والمسؤوليات:</h1>\r\n<p style=\"direction: rtl; text-align: right;text-align:justify\">\r\nلتتمكن من الوصول إلى جميع الميزات والموارد المتاحة على منصة أبجيم، يجب عليك إنشاء حساب خاص بك. عند إنشاء الحساب، يجب تقديم معلومات دقيقة وكاملة، بما في ذلك رقم الهاتف أو البريد الإلكتروني عند الطلب. أنت تتحمل المسؤولية الكاملة عن حسابك وكل ما يتم من خلاله.\r\n</p>\r\n<p style=\"direction: rtl; text-align: right; text-align:justify;\">\r\nيجب عليك الحفاظ على سرّية كلمة المرور الخاصة بك وعدم مشاركتها مع الآخرين. إذا لاحظت أي نشاط غير مألوف على حسابك، يُرجى الاتصال بنا على الفور.\r\n</p>\r\n\r\n<h1 style=\"direction: rtl; text-align: right;\">التفاعل مع المعلمين:</h1>\r\n<p style=\"direction: rtl; text-align: right;text-align:justify\">\r\nنوفر لك إمكانية التواصل المباشر مع المعلمين لضمان حصول طفلك على الدعم اللازم. يمكنك حضور اجتماعات إلكترونية دورية مع المعلمين لمناقشة تقدم طفلك في المواد المختلفة، وتقديم اقتراحات أو استفسارات حول العملية التعليمية.\r\n</p>\r\n<p style=\"direction: rtl; text-align: right; text-align:justify;\">\r\nيلزم الالتزام بمواعيد الاجتماعات الإلكترونية والحضور في الوقت المحدد، كما يجب متابعة الأطفال والتأكد من استخدامهم السليم للمنصة خلال هذه الاجتماعات لضمان بيئة تعليمية مناسبة.\r\n</p>\r\n\r\n<h1 style=\"direction: rtl; text-align: right;\">مسؤولية المتابعة والمراقبة:</h1>\r\n<p style=\"direction: rtl; text-align: right; text-align:justify;\">\r\nنحن في أبجيم ملتزمون بتقديم بيئة تعليمية آمنة لطفلك. ومع ذلك، تقع على عاتقك كوليّ مسؤولية مراقبة استخدام طفلك للمنصّة وضمان التفاعل الصّحيح مع المحتوى التّعليمي المتاح.\r\n</p>\r\n\r\n<h1 style=\"direction: rtl; text-align: right;\">المدفوعات والمشتريات:</h1>\r\n<p style=\"direction: rtl; text-align: right; text-align:justify;\">\r\nبعض المحتويات والمواد التعليمية قد تتطلب رسومًا إضافية للوصول إليها. يمكنك شراء الدروس أو الاشتراك في البرامج التعليمية المتقدمة لضمان حصول طفلك على تعليم متميز. نحن نوفر لك طرق دفع آمنة وسهلة الاستخدام.\r\n</p>\r\n<h1 style=\"direction: rtl; text-align: right;\">التعديلات والتحديثات:</h1>\r\n<p style=\"direction: rtl; text-align: right; text-align:justify;\">\r\nنحتفظ بالحق في تعديل هذه الشروط من وقت لآخر لضمان أفضل تجربة تعليمية على المنصة. سيتم إخطارك بأي تغييرات جوهرية عبر البريد الإلكتروني أو من خلال إشعار على المنصة.\r\n</p>\r\n'),
(6, 7, 'ar', 'شروط الاستخدام لمنصة أبجيم  ـ المعلّمين', NULL, '<h1 style=\"direction: rtl; text-align: right;\">مهمتنا في أبجيم :</h1>\r\n<p style=\"direction: rtl; text-align: right;text-align:justify \">\r\nفي أبجيم، نسعى لتوفير بيئة تعليمية رقمية مبتكرة تدعم المعلمين وتُمكنهم من صناعة و تقديم محتوى تعليمي متميز. نُمكن المعلمين من إنشاء دروس تفاعلية ومواد تعليمية تستهدف جميع المستويات التعليمية من السنة الأولى إلى السنة السادسة، مع تقديم أدوات تسهل المتابعة والتواصل مع الأولياء و التلاميذ.\r\n</p>\r\n\r\n<h1 style=\"direction: rtl; text-align: right;\">إنشاء الحساب والمسؤوليات:</h1>\r\n<p style=\"direction: rtl; text-align: right;text-align:justify\">\r\nللاستفادة من الميزات المتاحة على منصة أبجيم، يجب عليك كمعلم إنشاء حساب خاص بك. عند إعداد حسابك، يُرجى تقديم معلومات دقيقة وكاملة بما في ذلك عنوان بريدك الإلكتروني و رقم هاتفك الجوال. تتحمل المسؤولية الكاملة عن حسابك وكل ما يتم من خلاله، لذا يُرجى الحفاظ على سرية كلمة المرور وعدم مشاركتها مع الآخرين.\r\n</p>\r\n<h1 style=\"direction: rtl; text-align: right;\">استخدام المنصّة كمعلّم:</h1>\r\n<p style=\"direction: rtl; text-align: right;text-align:justify\">\r\nتتيح لك شبكة أبجيم إنشاء محتوى تعليمي متميز باستخدام أدوات تفاعلية، مثل الفيديوهات التعليمية والاجتماعات المباشرة. يمكنك أيضاً تقديم تقييمات دورية للطلاب ومتابعة تقدمهم. المنصة تسهل عليك إدارة المحتوى التعليمي، وإضافة مواد جديدة بمرونة وسهولة.\r\n</p>\r\n\r\n<h1 style=\"direction: rtl; text-align: right;\">التفاعل مع الطلاب وأولياء الأمور:</h1>\r\n<p style=\"direction: rtl; text-align: right; text-align:justify;\">\r\nنوفر لك إمكانية التواصل المباشر مع التلاميذ والأولياء ، مما يساعد في بناء علاقات تعليمية متينة ومثمرة. يمكنك عقد اجتماعات مباشرة مع التلاميذ أو الأولياء، وتقديم ملاحظات فورية لتحسين الأداء التعليمي للتلاميذ.\r\n</p>\r\n\r\n<h1 style=\"direction: rtl; text-align: right;\">المكافآت والمدفوعات:</h1>\r\n<p style=\"direction: rtl; text-align: right; text-align:justify;\">\r\nتوفر شبكة أبجيم فرصاً لتحقيق دخل إضافي من خلال تقديم الدروس المباشرة أو المحتوى المدفوع. يتم تحديد الرسوم بناءً على نوعية المحتوى أو الدروس التي تقدمها، ويتم الدفع عبر نظام دفع آمن وسهل الاستخدام.\r\n</p>\r\n<h1 style=\"direction: rtl; text-align: right;\">حقوق الملكية الفكرية:</h1>\r\n<p style=\"direction: rtl; text-align: right; text-align:justify;\">\r\nكمُعلم، تظل حقوق المحتوى الذي تقوم بإنشائه محفوظة لك. ومع ذلك، فإنك تمنح أبجيم الحق في عرض هذا المحتوى للتلاميذ المسجلين على الشبكة. يمكنك إعادة توزيع المحتوى أو استخدامه خارج أبجيم.\r\n</p>\r\n<h1 style=\"direction: rtl; text-align: right;\">التعديلات والتحديثات:</h1>\r\n<p style=\"direction: rtl; text-align: right; text-align:justify;\">\r\nقد نقوم بإجراء تعديلات على شروط الاستخدام من وقت لآخر لضمان توفير أفضل بيئة تعليمية لك و لتلاميذك. سيتم إشعارك بأي تغييرات جوهرية عبر البريد الإلكتروني أو من خلال إشعار داخل الشبكة.\r\n</p>\r\n');

-- --------------------------------------------------------

--
-- Structure de la table `password_resets`
--

CREATE TABLE `password_resets` (
  `email` varchar(255) COLLATE utf8mb4_unicode_ci NOT NULL,
  `token` varchar(255) COLLATE utf8mb4_unicode_ci NOT NULL,
  `created_at` timestamp NULL DEFAULT NULL
) ENGINE=InnoDB DEFAULT CHARSET=utf8mb4 COLLATE=utf8mb4_unicode_ci ROW_FORMAT=DYNAMIC;

--
-- Déchargement des données de la table `password_resets`
--

INSERT INTO `password_resets` (`email`, `token`, `created_at`) VALUES
('sourourhammouda10@gmail.com', '9EU0WhWEiSGjxwdp3qZnIFwCV5wdAZ73gCGk6EpJ9UuIqqaclktsoh4DuMvh', '2023-05-22 10:50:44'),
('sourourhammouda10@gmail.com', 'kNxQgvrvu4WInVGFUstIS77irDzuDJft4tCK1RHHy4KlotO1cKepf7iPcUI4', '2023-05-22 10:51:05'),
('Ricardodave09@hotmail.com', 'DFGXoWRnadyh6qEfjjTlFwTEy4Ez9ryTY99uwiUXVK286vy72Y1eix4f2Qnk', '2024-02-20 19:39:40'),
('Ricardodave09@hotmail.com', 'GeNclECujYhLtB4hi0WTNrZeLajKwv33VVbR2Bp3UmwscU7ayR5MeEeRvLSU', '2024-02-20 20:07:42'),
('Bayefaragueye@gmail.com', 'pQf3wRJxlElCtriSncJ0J1TRDBiIDMQUXB9SvR3cGrYs0Iz08o4Mx0xT52Jx', '2024-02-21 09:11:14'),
('molkabouzaida2000@gmail.com', 'isErpFfDC21tQCV9x0Jdf1jqjyHqDiKJOAMt9kXQ638yxii1lMUDz6EwE0zp', '2024-09-03 08:05:12'),
('mohamedali.zaier@outlook.com', 'MSBQWAtILMPtdeLc46sz9619kAeK6Oz1f20KmOZANYEAsVYqx4muOYsBJn4f', '2024-10-03 15:05:44'),
('mohamedali.zaier@outlook.com', 'KKkd4tWUQoB0fmnDZ90wrOr8JwnQGVJfJFwsk8Q9VH00rKiCAYljNoUXXbjA', '2024-10-04 09:34:11'),
('ameny.elokb@polytechnicien.tn', 'H3jcKR5gxJWe5mXWfbXZk3zGZdhxICaT2Bi9jqqtd99eIafih1kiQxTNnfxI', '2024-10-04 09:41:35'),
('mohamedali.zaier@outlook.com', 'zZH8sJD4sCxY7EWOpbzGmRbZsmBRq9gkMOTvdZJuTnERU2P2n5q91hz2draL', '2024-10-04 09:54:24'),
('ameny.elokb@polytechnicien.tn', 'F9RHuWonEPBjB0dfLaRZi3XHWzoTlgdZjF0OxFFl0X8bm04YAaReNKBbygYT', '2024-10-04 10:00:13'),
('mohamedali.zaier@outlook.com', 'S5ydY5lDxaypbdHcX40Dur1AKmZlyqcBD9uD71edweekP8ThqijFe8DbhkTr', '2024-10-04 10:11:06'),
('mohamedali.zaier@outlook.com', 'NiHcksjApqIup6bNdUMrVrQNCwYWjZG0X8VTAgGUTBOcVZJu4Uud6d3G0nnK', '2024-10-04 10:11:13'),
('mohamedali.zaier@outlook.com', 'UsTzKNMnUka4YdnbMYPD6CxhZzuvUuBOLkYfQYfKCsl2thEDBUS7g7dAx0nQ', '2024-10-04 15:05:47'),
('SellamiSellami2020@gmail.com', 'AIneIBvtFrrqLEhMBto4fBaKEmSaABviUqM3D68synJPZDISPH3OcP8mC7wn', '2024-10-17 10:27:23'),
('SellamiSellami2020@gmail.com', 'dzDSwiknoMtOnSEPCpXGMBCKyznRAvyQpOoIaYzQWhvB43e0mP8TTKi1X683', '2024-10-17 10:27:28'),
('Kraiemasma1@gmail.com', '4YaKnjqMKh3lzqifcTybUKHqkpATuXwRyziOtoI9LWnc9M9GpWeZDedSLqwi', '2024-12-01 07:49:07'),
('Kraiemasma1@gmail.com', 'R2J3cRNo5mO1Op7RNH003XRyDcT1wN4w7MXO9csbUGFsEVo4IBf9rQw6Y4Y4', '2024-12-01 07:49:41');

-- --------------------------------------------------------

--
-- Structure de la table `payku_payments`
--

CREATE TABLE `payku_payments` (
  `transaction_id` varchar(255) COLLATE utf8mb4_unicode_ci NOT NULL,
  `start` date NOT NULL,
  `end` date NOT NULL,
  `media` varchar(255) COLLATE utf8mb4_unicode_ci NOT NULL,
  `verification_key` varchar(255) COLLATE utf8mb4_unicode_ci NOT NULL,
  `authorization_code` varchar(255) COLLATE utf8mb4_unicode_ci NOT NULL,
  `last_4_digits` int UNSIGNED DEFAULT NULL,
  `installments` varchar(255) COLLATE utf8mb4_unicode_ci DEFAULT NULL,
  `card_type` varchar(255) COLLATE utf8mb4_unicode_ci DEFAULT NULL,
  `additional_parameters` varchar(255) COLLATE utf8mb4_unicode_ci DEFAULT NULL,
  `currency` varchar(255) COLLATE utf8mb4_unicode_ci NOT NULL,
  `created_at` timestamp NULL DEFAULT NULL,
  `updated_at` timestamp NULL DEFAULT NULL,
  `payment_key` varchar(255) COLLATE utf8mb4_unicode_ci DEFAULT NULL,
  `transaction_key` varchar(255) COLLATE utf8mb4_unicode_ci DEFAULT NULL,
  `deposit_date` datetime DEFAULT NULL
) ENGINE=InnoDB DEFAULT CHARSET=utf8mb4 COLLATE=utf8mb4_unicode_ci;

-- --------------------------------------------------------

--
-- Structure de la table `payku_transactions`
--

CREATE TABLE `payku_transactions` (
  `id` varchar(255) COLLATE utf8mb4_unicode_ci NOT NULL,
  `status` varchar(255) COLLATE utf8mb4_unicode_ci DEFAULT NULL,
  `order` varchar(255) COLLATE utf8mb4_unicode_ci DEFAULT NULL,
  `email` varchar(255) COLLATE utf8mb4_unicode_ci DEFAULT NULL,
  `subject` varchar(255) COLLATE utf8mb4_unicode_ci DEFAULT NULL,
  `url` text COLLATE utf8mb4_unicode_ci,
  `amount` int UNSIGNED DEFAULT NULL,
  `notified_at` datetime DEFAULT NULL,
  `created_at` timestamp NULL DEFAULT NULL,
  `updated_at` timestamp NULL DEFAULT NULL,
  `full_name` varchar(255) COLLATE utf8mb4_unicode_ci DEFAULT NULL
) ENGINE=InnoDB DEFAULT CHARSET=utf8mb4 COLLATE=utf8mb4_unicode_ci;

-- --------------------------------------------------------

--
-- Structure de la table `payment_channels`
--

CREATE TABLE `payment_channels` (
  `id` int UNSIGNED NOT NULL,
  `title` varchar(255) COLLATE utf8mb4_unicode_ci NOT NULL,
  `class_name` varchar(255) COLLATE utf8mb4_unicode_ci NOT NULL,
  `status` enum('active','inactive') COLLATE utf8mb4_unicode_ci NOT NULL,
  `image` varchar(255) COLLATE utf8mb4_unicode_ci DEFAULT NULL,
  `settings` text COLLATE utf8mb4_unicode_ci,
  `created_at` varchar(255) COLLATE utf8mb4_unicode_ci NOT NULL
) ENGINE=InnoDB DEFAULT CHARSET=utf8mb4 COLLATE=utf8mb4_unicode_ci ROW_FORMAT=DYNAMIC;

--
-- Déchargement des données de la table `payment_channels`
--

INSERT INTO `payment_channels` (`id`, `title`, `class_name`, `status`, `image`, `settings`, `created_at`) VALUES
(19, 'Paypal', 'Paypal', 'active', '/store/1/default_images/payment gateways/paypal.png', '', '1654755044'),
(23, 'Payu', 'Payu', 'active', '/store/1/default_images/payment gateways/payu.png', '', '1654755044'),
(24, 'Razorpay', 'Razorpay', 'active', '/store/1/default_images/payment gateways/razorpay.png', '', '1654755044');

-- --------------------------------------------------------

--
-- Structure de la table `payouts`
--

CREATE TABLE `payouts` (
  `id` int UNSIGNED NOT NULL,
  `user_id` int UNSIGNED NOT NULL,
  `amount` decimal(13,2) NOT NULL,
  `account_name` varchar(64) COLLATE utf8mb4_unicode_ci NOT NULL,
  `account_number` varchar(64) COLLATE utf8mb4_unicode_ci NOT NULL,
  `account_bank_name` varchar(64) COLLATE utf8mb4_unicode_ci NOT NULL,
  `status` enum('waiting','done','reject') COLLATE utf8mb4_unicode_ci NOT NULL,
  `created_at` int NOT NULL
) ENGINE=InnoDB DEFAULT CHARSET=utf8mb4 COLLATE=utf8mb4_unicode_ci ROW_FORMAT=DYNAMIC;

-- --------------------------------------------------------

--
-- Structure de la table `payu_transactions`
--

CREATE TABLE `payu_transactions` (
  `id` bigint UNSIGNED NOT NULL,
  `paid_for_id` bigint UNSIGNED DEFAULT NULL,
  `paid_for_type` varchar(255) COLLATE utf8mb4_unicode_ci DEFAULT NULL,
  `transaction_id` varchar(255) COLLATE utf8mb4_unicode_ci NOT NULL,
  `gateway` text COLLATE utf8mb4_unicode_ci NOT NULL,
  `body` text COLLATE utf8mb4_unicode_ci NOT NULL,
  `destination` varchar(255) COLLATE utf8mb4_unicode_ci NOT NULL,
  `hash` text COLLATE utf8mb4_unicode_ci NOT NULL,
  `response` text COLLATE utf8mb4_unicode_ci,
  `status` enum('pending','failed','successful','invalid') COLLATE utf8mb4_unicode_ci NOT NULL DEFAULT 'pending',
  `verified_at` timestamp NULL DEFAULT NULL,
  `deleted_at` timestamp NULL DEFAULT NULL,
  `created_at` timestamp NULL DEFAULT NULL,
  `updated_at` timestamp NULL DEFAULT NULL
) ENGINE=InnoDB DEFAULT CHARSET=utf8mb4 COLLATE=utf8mb4_unicode_ci ROW_FORMAT=DYNAMIC;

-- --------------------------------------------------------

--
-- Structure de la table `pdf_documents`
--

CREATE TABLE `pdf_documents` (
  `id` bigint UNSIGNED NOT NULL,
  `pdf_document` varchar(255) COLLATE utf8mb4_unicode_ci NOT NULL,
  `level_id` int UNSIGNED DEFAULT NULL,
  `matiere_id` int UNSIGNED DEFAULT NULL,
  `created_at` timestamp NULL DEFAULT NULL,
  `updated_at` timestamp NULL DEFAULT NULL
) ENGINE=InnoDB DEFAULT CHARSET=utf8mb4 COLLATE=utf8mb4_unicode_ci;

-- --------------------------------------------------------

--
-- Structure de la table `permissions`
--

CREATE TABLE `permissions` (
  `id` int UNSIGNED NOT NULL,
  `role_id` int UNSIGNED DEFAULT NULL,
  `section_id` int UNSIGNED DEFAULT NULL,
  `allow` tinyint(1) NOT NULL DEFAULT '0'
) ENGINE=InnoDB DEFAULT CHARSET=utf8mb4 COLLATE=utf8mb4_unicode_ci ROW_FORMAT=DYNAMIC;

--
-- Déchargement des données de la table `permissions`
--

INSERT INTO `permissions` (`id`, `role_id`, `section_id`, `allow`) VALUES
(1, 2, 1, 1),
(2, 2, 2, 1),
(3, 2, 3, 1),
(4, 2, 4, 1),
(5, 2, 5, 1),
(6, 2, 6, 1),
(7, 2, 7, 1),
(8, 2, 8, 1),
(9, 2, 9, 1),
(10, 2, 10, 1),
(11, 2, 11, 1),
(12, 2, 12, 1),
(13, 2, 13, 1),
(14, 2, 14, 1),
(15, 2, 15, 1),
(16, 2, 16, 1),
(17, 2, 17, 1),
(50, 2, 50, 1),
(51, 2, 51, 1),
(52, 2, 52, 1),
(53, 2, 53, 1),
(54, 2, 54, 1),
(100, 2, 100, 1),
(101, 2, 101, 1),
(102, 2, 102, 1),
(103, 2, 103, 1),
(104, 2, 104, 1),
(105, 2, 105, 1),
(106, 2, 106, 1),
(107, 2, 107, 1),
(108, 2, 108, 1),
(109, 2, 109, 1),
(110, 2, 110, 1),
(111, 2, 111, 1),
(112, 2, 112, 1),
(113, 2, 113, 1),
(114, 2, 114, 1),
(115, 2, 115, 1),
(116, 2, 116, 1),
(150, 2, 150, 1),
(151, 2, 151, 1),
(152, 2, 152, 1),
(153, 2, 153, 1),
(154, 2, 154, 1),
(155, 2, 155, 1),
(156, 2, 156, 1),
(157, 2, 157, 1),
(158, 2, 158, 1),
(200, 2, 200, 1),
(201, 2, 201, 1),
(202, 2, 202, 1),
(203, 2, 203, 1),
(204, 2, 204, 1),
(205, 2, 205, 1),
(206, 2, 206, 1),
(207, 2, 207, 1),
(208, 2, 208, 1),
(250, 2, 250, 1),
(251, 2, 251, 1),
(252, 2, 252, 1),
(253, 2, 253, 1),
(254, 2, 254, 1),
(300, 2, 300, 1),
(301, 2, 301, 1),
(302, 2, 302, 1),
(303, 2, 303, 1),
(304, 2, 304, 1),
(350, 2, 350, 1),
(351, 2, 351, 1),
(352, 2, 352, 1),
(353, 2, 353, 1),
(354, 2, 354, 1),
(355, 2, 355, 1),
(356, 2, 356, 1),
(357, 2, 357, 1),
(400, 2, 400, 1),
(401, 2, 401, 1),
(402, 2, 402, 1),
(403, 2, 403, 1),
(404, 2, 404, 1),
(405, 2, 405, 1),
(450, 2, 450, 1),
(451, 2, 451, 1),
(452, 2, 452, 1),
(453, 2, 453, 1),
(454, 2, 454, 1),
(455, 2, 455, 1),
(456, 2, 456, 1),
(457, 2, 457, 1),
(458, 2, 458, 1),
(459, 2, 459, 1),
(500, 2, 500, 1),
(501, 2, 501, 1),
(502, 2, 502, 1),
(503, 2, 503, 1),
(504, 2, 504, 1),
(505, 2, 505, 1),
(550, 2, 550, 1),
(551, 2, 551, 1),
(552, 2, 552, 1),
(553, 2, 553, 1),
(554, 2, 554, 1),
(600, 2, 600, 1),
(601, 2, 601, 1),
(602, 2, 602, 1),
(603, 2, 603, 1),
(650, 2, 650, 1),
(651, 2, 651, 1),
(652, 2, 652, 1),
(653, 2, 653, 1),
(654, 2, 654, 1),
(655, 2, 655, 1),
(656, 2, 656, 1),
(700, 2, 700, 1),
(701, 2, 701, 1),
(702, 2, 702, 1),
(703, 2, 703, 1),
(704, 2, 704, 1),
(705, 2, 705, 1),
(706, 2, 706, 1),
(707, 2, 707, 1),
(708, 2, 708, 1),
(750, 2, 750, 1),
(751, 2, 751, 1),
(752, 2, 752, 1),
(753, 2, 753, 1),
(754, 2, 754, 1),
(800, 2, 800, 1),
(801, 2, 801, 1),
(802, 2, 802, 1),
(803, 2, 803, 1),
(850, 2, 850, 1),
(851, 2, 851, 1),
(852, 2, 852, 1),
(853, 2, 853, 1),
(854, 2, 854, 1),
(900, 2, 900, 1),
(901, 2, 901, 1),
(902, 2, 902, 1),
(903, 2, 903, 1),
(904, 2, 904, 1),
(950, 2, 950, 1),
(951, 2, 951, 1),
(952, 2, 952, 1),
(953, 2, 953, 1),
(954, 2, 954, 1),
(955, 2, 955, 1),
(956, 2, 956, 1),
(957, 2, 957, 1),
(958, 2, 958, 1),
(959, 2, 959, 1),
(1000, 2, 1000, 1),
(1001, 2, 1001, 1),
(1002, 2, 1002, 1),
(1003, 2, 1003, 1),
(1004, 2, 1004, 1),
(1050, 2, 1050, 1),
(1051, 2, 1051, 1),
(1052, 2, 1052, 1),
(1053, 2, 1053, 1),
(1054, 2, 1054, 1),
(1055, 2, 1055, 1),
(1056, 2, 1056, 1),
(1057, 2, 1057, 1),
(1058, 2, 1058, 1),
(1059, 2, 1059, 1),
(1060, 2, 1060, 1),
(1075, 2, 1075, 1),
(1076, 2, 1076, 1),
(1077, 2, 1077, 1),
(1078, 2, 1078, 1),
(1079, 2, 1079, 1),
(1100, 2, 1100, 1),
(1101, 2, 1101, 1),
(1102, 2, 1102, 1),
(1103, 2, 1103, 1),
(1104, 2, 1104, 1),
(1150, 2, 1150, 1),
(1151, 2, 1151, 1),
(1152, 2, 1152, 1),
(1153, 2, 1153, 1),
(1154, 2, 1154, 1),
(1200, 2, 1200, 1),
(1201, 2, 1201, 1),
(1202, 2, 1202, 1),
(1203, 2, 1203, 1),
(1204, 2, 1204, 1),
(1230, 2, 1230, 1),
(1231, 2, 1231, 1),
(1232, 2, 1232, 1),
(1233, 2, 1233, 1),
(1234, 2, 1234, 1),
(1235, 2, 1235, 1),
(1250, 2, 1250, 1),
(1251, 2, 1251, 1),
(1252, 2, 1252, 1),
(1253, 2, 1253, 1),
(1300, 2, 1300, 1),
(1301, 2, 1301, 1),
(1302, 2, 1302, 1),
(1303, 2, 1303, 1),
(1304, 2, 1304, 1),
(1305, 2, 1305, 1),
(1350, 2, 1350, 1),
(1351, 2, 1351, 1),
(1352, 2, 1352, 1),
(1353, 2, 1353, 1),
(1354, 2, 1354, 1),
(1355, 2, 1355, 1),
(1400, 2, 1400, 1),
(1401, 2, 1401, 1),
(1402, 2, 1402, 1),
(1403, 2, 1403, 1),
(1404, 2, 1404, 1),
(1405, 2, 1405, 1),
(1406, 2, 1406, 1),
(1407, 2, 1407, 1),
(1408, 2, 1408, 1),
(1409, 2, 1409, 1),
(1410, 2, 1410, 1),
(1450, 2, 1450, 1),
(1451, 2, 1451, 1),
(1452, 2, 1452, 1),
(1453, 2, 1453, 1),
(1454, 2, 1454, 1),
(1455, 2, 1455, 1),
(1500, 2, 1500, 1),
(1501, 2, 1501, 1),
(1502, 2, 1502, 1),
(1503, 2, 1503, 1),
(1504, 2, 1504, 1),
(1600, 2, 1600, 1),
(1601, 2, 1601, 1),
(1602, 2, 1602, 1),
(1603, 2, 1603, 1),
(1604, 2, 1604, 1),
(1650, 2, 1650, 1),
(1651, 2, 1651, 1),
(1652, 2, 1652, 1),
(1675, 2, 1675, 1),
(1676, 2, 1676, 1),
(1677, 2, 1677, 1),
(1678, 2, 1678, 1),
(11950, 2, 1, 1),
(11951, 2, 2, 1),
(11952, 2, 3, 1),
(11953, 2, 4, 1),
(11954, 2, 5, 1),
(11955, 2, 6, 1),
(11956, 2, 7, 1),
(11957, 2, 8, 1),
(11958, 2, 9, 1),
(11959, 2, 10, 1),
(11960, 2, 11, 1),
(11961, 2, 12, 1),
(11962, 2, 13, 1),
(11963, 2, 14, 1),
(11964, 2, 15, 1),
(11965, 2, 16, 1),
(11966, 2, 17, 1),
(11967, 2, 25, 1),
(11968, 2, 26, 1),
(11969, 2, 50, 1),
(11970, 2, 51, 1),
(11971, 2, 52, 1),
(11972, 2, 53, 1),
(11973, 2, 54, 1),
(11974, 2, 100, 1),
(11975, 2, 101, 1),
(11976, 2, 102, 1),
(11977, 2, 103, 1),
(11978, 2, 104, 1),
(11979, 2, 105, 1),
(11980, 2, 106, 1),
(11981, 2, 107, 1),
(11982, 2, 108, 1),
(11983, 2, 109, 1),
(11984, 2, 110, 1),
(11985, 2, 111, 1),
(11986, 2, 112, 1),
(11987, 2, 113, 1),
(11988, 2, 114, 1),
(11989, 2, 115, 1),
(11990, 2, 116, 1),
(11991, 2, 117, 1),
(11992, 2, 150, 1),
(11993, 2, 151, 1),
(11994, 2, 152, 1),
(11995, 2, 153, 1),
(11996, 2, 154, 1),
(11997, 2, 155, 1),
(11998, 2, 156, 1),
(11999, 2, 157, 1),
(12000, 2, 158, 1),
(12001, 2, 159, 1),
(12002, 2, 160, 1),
(12003, 2, 161, 1),
(12004, 2, 162, 1),
(12005, 2, 163, 1),
(12006, 2, 164, 1),
(12007, 2, 165, 1),
(12008, 2, 200, 1),
(12009, 2, 201, 1),
(12010, 2, 202, 1),
(12011, 2, 203, 1),
(12012, 2, 204, 1),
(12013, 2, 205, 1),
(12014, 2, 206, 1),
(12015, 2, 207, 1),
(12016, 2, 208, 1),
(12017, 2, 250, 1),
(12018, 2, 251, 1),
(12019, 2, 252, 1),
(12020, 2, 253, 1),
(12021, 2, 254, 1),
(12022, 2, 300, 1),
(12023, 2, 301, 1),
(12024, 2, 302, 1),
(12025, 2, 303, 1),
(12026, 2, 304, 1),
(12027, 2, 350, 1),
(12028, 2, 351, 1),
(12029, 2, 352, 1),
(12030, 2, 353, 1),
(12031, 2, 354, 1),
(12032, 2, 355, 1),
(12033, 2, 356, 1),
(12034, 2, 357, 1),
(12035, 2, 400, 1),
(12036, 2, 401, 1),
(12037, 2, 402, 1),
(12038, 2, 403, 1),
(12039, 2, 404, 1),
(12040, 2, 405, 1),
(12041, 2, 450, 1),
(12042, 2, 451, 1),
(12043, 2, 452, 1),
(12044, 2, 453, 1),
(12045, 2, 454, 1),
(12046, 2, 455, 1),
(12047, 2, 456, 1),
(12048, 2, 457, 1),
(12049, 2, 458, 1),
(12050, 2, 459, 1),
(12051, 2, 460, 1),
(12052, 2, 500, 1),
(12053, 2, 501, 1),
(12054, 2, 502, 1),
(12055, 2, 503, 1),
(12056, 2, 504, 1),
(12057, 2, 505, 1),
(12058, 2, 550, 1),
(12059, 2, 551, 1),
(12060, 2, 552, 1),
(12061, 2, 553, 1),
(12062, 2, 554, 1),
(12063, 2, 555, 1),
(12064, 2, 600, 1),
(12065, 2, 601, 1),
(12066, 2, 602, 1),
(12067, 2, 603, 1),
(12068, 2, 650, 1),
(12069, 2, 651, 1),
(12070, 2, 652, 1),
(12071, 2, 653, 1),
(12072, 2, 654, 1),
(12073, 2, 655, 1),
(12074, 2, 656, 1),
(12075, 2, 657, 1),
(12076, 2, 658, 1),
(12077, 2, 700, 1),
(12078, 2, 701, 1),
(12079, 2, 702, 1),
(12080, 2, 703, 1),
(12081, 2, 704, 1),
(12082, 2, 705, 1),
(12083, 2, 706, 1),
(12084, 2, 707, 1),
(12085, 2, 708, 1),
(12086, 2, 750, 1),
(12087, 2, 751, 1),
(12088, 2, 752, 1),
(12089, 2, 753, 1),
(12090, 2, 754, 1),
(12091, 2, 800, 1),
(12092, 2, 801, 1),
(12093, 2, 802, 1),
(12094, 2, 803, 1),
(12095, 2, 850, 1),
(12096, 2, 851, 1),
(12097, 2, 852, 1),
(12098, 2, 853, 1),
(12099, 2, 854, 1),
(12100, 2, 900, 1),
(12101, 2, 901, 1),
(12102, 2, 902, 1),
(12103, 2, 903, 1),
(12104, 2, 904, 1),
(12105, 2, 950, 1),
(12106, 2, 951, 1),
(12107, 2, 952, 1),
(12108, 2, 953, 1),
(12109, 2, 954, 1),
(12110, 2, 955, 1),
(12111, 2, 956, 1),
(12112, 2, 957, 1),
(12113, 2, 958, 1),
(12114, 2, 959, 1),
(12115, 2, 1000, 1),
(12116, 2, 1001, 1),
(12117, 2, 1002, 1),
(12118, 2, 1003, 1),
(12119, 2, 1004, 1),
(12120, 2, 1050, 1),
(12121, 2, 1051, 1),
(12122, 2, 1052, 1),
(12123, 2, 1053, 1),
(12124, 2, 1054, 1),
(12125, 2, 1055, 1),
(12126, 2, 1056, 1),
(12127, 2, 1057, 1),
(12128, 2, 1058, 1),
(12129, 2, 1059, 1),
(12130, 2, 1060, 1),
(12131, 2, 1075, 1),
(12132, 2, 1076, 1),
(12133, 2, 1077, 1),
(12134, 2, 1078, 1),
(12135, 2, 1079, 1),
(12136, 2, 1080, 1),
(12137, 2, 1081, 1),
(12138, 2, 1082, 1),
(12139, 2, 1083, 1),
(12140, 2, 1100, 1),
(12141, 2, 1101, 1),
(12142, 2, 1102, 1),
(12143, 2, 1103, 1),
(12144, 2, 1104, 1),
(12145, 2, 1150, 1),
(12146, 2, 1151, 1),
(12147, 2, 1152, 1),
(12148, 2, 1153, 1),
(12149, 2, 1154, 1),
(12150, 2, 1200, 1),
(12151, 2, 1201, 1),
(12152, 2, 1202, 1),
(12153, 2, 1203, 1),
(12154, 2, 1204, 1),
(12155, 2, 1230, 1),
(12156, 2, 1231, 1),
(12157, 2, 1232, 1),
(12158, 2, 1233, 1),
(12159, 2, 1234, 1),
(12160, 2, 1235, 1),
(12161, 2, 1250, 1),
(12162, 2, 1251, 1),
(12163, 2, 1252, 1),
(12164, 2, 1253, 1),
(12165, 2, 1300, 1),
(12166, 2, 1301, 1),
(12167, 2, 1302, 1),
(12168, 2, 1303, 1),
(12169, 2, 1304, 1),
(12170, 2, 1305, 1),
(12171, 2, 1350, 1),
(12172, 2, 1351, 1),
(12173, 2, 1352, 1),
(12174, 2, 1353, 1),
(12175, 2, 1354, 1),
(12176, 2, 1355, 1),
(12177, 2, 1400, 1),
(12178, 2, 1401, 1),
(12179, 2, 1402, 1),
(12180, 2, 1403, 1),
(12181, 2, 1404, 1),
(12182, 2, 1405, 1),
(12183, 2, 1406, 1),
(12184, 2, 1407, 1),
(12185, 2, 1408, 1),
(12186, 2, 1409, 1),
(12187, 2, 1410, 1),
(12188, 2, 1411, 1),
(12189, 2, 1412, 1),
(12190, 2, 1413, 1),
(12191, 2, 1414, 1),
(12192, 2, 1415, 1),
(12193, 2, 1450, 1),
(12194, 2, 1451, 1),
(12195, 2, 1452, 1),
(12196, 2, 1453, 1),
(12197, 2, 1454, 1),
(12198, 2, 1455, 1),
(12199, 2, 1456, 1),
(12200, 2, 1457, 1),
(12201, 2, 1500, 1),
(12202, 2, 1501, 1),
(12203, 2, 1502, 1),
(12204, 2, 1503, 1),
(12205, 2, 1504, 1),
(12206, 2, 1550, 1),
(12207, 2, 1551, 1),
(12208, 2, 1552, 1),
(12209, 2, 1553, 1),
(12210, 2, 1554, 1),
(12211, 2, 1600, 1),
(12212, 2, 1601, 1),
(12213, 2, 1602, 1),
(12214, 2, 1603, 1),
(12215, 2, 1604, 1),
(12216, 2, 1650, 1),
(12217, 2, 1651, 1),
(12218, 2, 1652, 1),
(12219, 2, 1675, 1),
(12220, 2, 1676, 1),
(12221, 2, 1677, 1),
(12222, 2, 1678, 1),
(12223, 2, 1725, 1),
(12224, 2, 1726, 1),
(12225, 2, 1727, 1),
(12226, 2, 1728, 1),
(12227, 2, 1729, 1),
(12228, 2, 1730, 1),
(12229, 2, 1731, 1),
(12230, 2, 1732, 1),
(12231, 2, 1750, 1),
(12232, 2, 1751, 1),
(12233, 2, 1752, 1),
(12234, 2, 1753, 1),
(12235, 2, 1754, 1),
(12236, 2, 1775, 1),
(12237, 2, 1776, 1),
(12238, 2, 1777, 1),
(12239, 2, 1778, 1),
(12240, 2, 1779, 1),
(12241, 2, 1780, 1),
(12242, 2, 1781, 1),
(12243, 2, 1800, 1),
(12244, 2, 1801, 1),
(12245, 2, 1802, 1),
(12246, 2, 1803, 1),
(12247, 2, 1804, 1),
(12248, 2, 1805, 1),
(12249, 2, 1806, 1),
(12250, 2, 1807, 1),
(12251, 2, 1808, 1),
(12252, 2, 1809, 1),
(12253, 2, 1810, 1),
(12254, 2, 1811, 1),
(12255, 2, 1812, 1),
(12256, 2, 1813, 1),
(12257, 2, 1814, 1),
(12258, 2, 1815, 1),
(12259, 2, 1816, 1),
(12260, 2, 1817, 1),
(12261, 2, 1818, 1),
(12262, 2, 1819, 1),
(12263, 2, 1820, 1),
(12264, 2, 1821, 1),
(12265, 2, 1822, 1),
(12266, 2, 1823, 1),
(12267, 2, 1824, 1),
(12268, 2, 1825, 1),
(12269, 2, 1826, 1),
(12270, 2, 1827, 1),
(12271, 2, 1828, 1),
(12272, 2, 1829, 1),
(12273, 2, 1830, 1),
(12274, 2, 1831, 1),
(12275, 2, 1832, 1),
(12276, 2, 1833, 1),
(12277, 2, 1834, 1),
(12278, 2, 1835, 1),
(12279, 2, 1836, 1),
(12280, 2, 1837, 1),
(12281, 2, 1838, 1),
(12282, 2, 1850, 1),
(12283, 2, 1851, 1),
(12284, 2, 1852, 1),
(12285, 2, 1853, 1),
(12286, 2, 1875, 1),
(12287, 2, 1876, 1),
(12288, 2, 1877, 1),
(12289, 2, 1900, 1),
(12290, 2, 1901, 1),
(12291, 2, 1902, 1),
(12292, 2, 1903, 1),
(12293, 2, 1904, 1),
(12294, 2, 1905, 1),
(12295, 2, 1925, 1),
(12296, 2, 1926, 1),
(12297, 2, 1927, 1),
(12298, 2, 1928, 1),
(12299, 2, 1929, 1),
(12300, 2, 1930, 1),
(12301, 2, 1931, 1),
(12302, 2, 1932, 1),
(12303, 2, 1933, 1),
(12304, 2, 1934, 1),
(12305, 2, 1950, 1),
(12306, 2, 1951, 1),
(12307, 2, 1952, 1),
(12308, 2, 1953, 1),
(12309, 2, 1954, 1),
(12310, 2, 1975, 1),
(12311, 2, 1976, 1),
(12312, 2, 1977, 1),
(12313, 2, 1978, 1),
(12314, 2, 1979, 1),
(12315, 2, 2000, 1),
(12316, 2, 2001, 1),
(12317, 2, 2015, 1),
(12318, 2, 2016, 1),
(12319, 2, 2017, 1),
(12320, 2, 2018, 1),
(12321, 2, 2019, 1),
(12322, 2, 2020, 1),
(12323, 2, 2021, 1),
(12324, 2, 2030, 1),
(12325, 2, 2031, 1),
(12326, 2, 2032, 1),
(12816, 9, 1, 1),
(12817, 9, 2, 1),
(12818, 9, 11, 1),
(12819, 9, 16, 1),
(12820, 9, 100, 1),
(12821, 9, 102, 1),
(12822, 9, 104, 1),
(12823, 9, 105, 1),
(12824, 9, 106, 1),
(12825, 9, 107, 1),
(12826, 9, 108, 1),
(12827, 9, 112, 1),
(12828, 9, 116, 1),
(12829, 9, 600, 1),
(12830, 9, 601, 1),
(12831, 9, 750, 1),
(12832, 9, 751, 1),
(12833, 9, 753, 1),
(12834, 9, 754, 1),
(12835, 9, 1000, 1),
(12836, 9, 1001, 1),
(12837, 9, 2030, 1),
(12838, 9, 2031, 1),
(12839, 10, 100, 1),
(12840, 10, 103, 1),
(12841, 10, 150, 1),
(12842, 10, 151, 1),
(12843, 10, 153, 1),
(12844, 10, 154, 1),
(12845, 10, 155, 1),
(12846, 10, 156, 1),
(12847, 10, 157, 1),
(12848, 10, 158, 1),
(12849, 10, 159, 1),
(12850, 10, 160, 1),
(12851, 10, 161, 1),
(12852, 10, 162, 1),
(12853, 10, 163, 1),
(12854, 10, 164, 1),
(12855, 10, 165, 1),
(12856, 10, 350, 1),
(12857, 10, 351, 1),
(12858, 10, 353, 1),
(12859, 10, 354, 1),
(12860, 10, 355, 1),
(12861, 10, 356, 1),
(12862, 10, 357, 1),
(12863, 10, 400, 1),
(12864, 10, 401, 1),
(12865, 10, 403, 1),
(12866, 10, 404, 1),
(12867, 10, 405, 1),
(12868, 10, 550, 1),
(12869, 10, 551, 1),
(12870, 10, 552, 1),
(12871, 10, 553, 1),
(12872, 10, 554, 1),
(12873, 10, 555, 1),
(12874, 10, 950, 1),
(12875, 10, 952, 1),
(12876, 10, 953, 1),
(12877, 10, 1050, 1),
(12878, 10, 1052, 1),
(12879, 10, 1850, 1),
(12880, 10, 1851, 1),
(12881, 10, 1852, 1),
(12882, 10, 1853, 1),
(12883, 10, 1925, 1),
(12884, 10, 1926, 1),
(12885, 10, 1927, 1),
(12886, 10, 1928, 1),
(12887, 10, 1929, 1),
(12888, 10, 1930, 1),
(12889, 10, 1931, 1),
(12890, 10, 1932, 1),
(12891, 10, 1933, 1),
(12892, 10, 1934, 1);

-- --------------------------------------------------------

--
-- Structure de la table `prerequisites`
--

CREATE TABLE `prerequisites` (
  `id` int UNSIGNED NOT NULL,
  `webinar_id` int UNSIGNED NOT NULL,
  `prerequisite_id` int UNSIGNED NOT NULL,
  `required` tinyint(1) NOT NULL DEFAULT '0',
  `order` int UNSIGNED DEFAULT NULL,
  `created_at` int NOT NULL,
  `updated_at` int DEFAULT NULL
) ENGINE=InnoDB DEFAULT CHARSET=utf8mb4 COLLATE=utf8mb4_unicode_ci ROW_FORMAT=DYNAMIC;

-- --------------------------------------------------------

--
-- Structure de la table `products`
--

CREATE TABLE `products` (
  `id` int UNSIGNED NOT NULL,
  `creator_id` int UNSIGNED NOT NULL,
  `type` enum('virtual','physical') COLLATE utf8mb4_unicode_ci NOT NULL,
  `slug` varchar(255) COLLATE utf8mb4_unicode_ci NOT NULL,
  `category_id` int UNSIGNED DEFAULT NULL,
  `price` bigint UNSIGNED DEFAULT NULL,
  `point` bigint UNSIGNED DEFAULT NULL,
  `unlimited_inventory` tinyint(1) NOT NULL DEFAULT '0',
  `ordering` tinyint(1) NOT NULL DEFAULT '0',
  `inventory` int UNSIGNED DEFAULT NULL,
  `inventory_warning` int UNSIGNED DEFAULT NULL,
  `inventory_updated_at` bigint UNSIGNED DEFAULT NULL,
  `delivery_fee` bigint UNSIGNED DEFAULT NULL,
  `delivery_estimated_time` int UNSIGNED DEFAULT NULL,
  `message_for_reviewer` text COLLATE utf8mb4_unicode_ci,
  `tax` int UNSIGNED DEFAULT NULL,
  `commission` int UNSIGNED DEFAULT NULL,
  `status` enum('active','pending','draft','inactive') COLLATE utf8mb4_unicode_ci NOT NULL,
  `updated_at` bigint UNSIGNED NOT NULL,
  `created_at` bigint UNSIGNED NOT NULL
) ENGINE=InnoDB DEFAULT CHARSET=utf8mb4 COLLATE=utf8mb4_unicode_ci;

--
-- Déchargement des données de la table `products`
--

INSERT INTO `products` (`id`, `creator_id`, `type`, `slug`, `category_id`, `price`, `point`, `unlimited_inventory`, `ordering`, `inventory`, `inventory_warning`, `inventory_updated_at`, `delivery_fee`, `delivery_estimated_time`, `message_for_reviewer`, `tax`, `commission`, `status`, `updated_at`, `created_at`) VALUES
(6, 1, 'virtual', 'Where-the-Crawdads-Sing-e-book', 3, 20, NULL, 1, 1, 0, NULL, NULL, NULL, NULL, NULL, NULL, NULL, 'active', 1656322425, 1656321480);

-- --------------------------------------------------------

--
-- Structure de la table `product_categories`
--

CREATE TABLE `product_categories` (
  `id` int UNSIGNED NOT NULL,
  `parent_id` int DEFAULT NULL,
  `icon` varchar(255) COLLATE utf8mb4_unicode_ci DEFAULT NULL,
  `order` int UNSIGNED DEFAULT NULL
) ENGINE=InnoDB DEFAULT CHARSET=utf8mb4 COLLATE=utf8mb4_unicode_ci;

--
-- Déchargement des données de la table `product_categories`
--

INSERT INTO `product_categories` (`id`, `parent_id`, `icon`, `order`) VALUES
(1, NULL, '/store/1/default_images/categories_icons/feather.png', NULL),
(2, NULL, '/store/1/default_images/categories_icons/pie-chart.png', NULL),
(3, NULL, '/store/1/default_images/categories_icons/umbrella.png', NULL);

-- --------------------------------------------------------

--
-- Structure de la table `product_category_translations`
--

CREATE TABLE `product_category_translations` (
  `id` bigint UNSIGNED NOT NULL,
  `product_category_id` int UNSIGNED NOT NULL,
  `locale` varchar(255) COLLATE utf8mb4_unicode_ci NOT NULL,
  `title` varchar(255) COLLATE utf8mb4_unicode_ci NOT NULL
) ENGINE=InnoDB DEFAULT CHARSET=utf8mb4 COLLATE=utf8mb4_unicode_ci;

--
-- Déchargement des données de la table `product_category_translations`
--

INSERT INTO `product_category_translations` (`id`, `product_category_id`, `locale`, `title`) VALUES
(1, 1, 'en', 'Design Tools'),
(2, 2, 'en', 'Science Tools'),
(3, 3, 'en', 'e-book');

-- --------------------------------------------------------

--
-- Structure de la table `product_discounts`
--

CREATE TABLE `product_discounts` (
  `id` int UNSIGNED NOT NULL,
  `creator_id` int UNSIGNED NOT NULL,
  `product_id` int UNSIGNED NOT NULL,
  `name` varchar(255) COLLATE utf8mb4_unicode_ci DEFAULT NULL,
  `percent` int UNSIGNED NOT NULL,
  `count` int UNSIGNED DEFAULT NULL,
  `status` enum('active','inactive') COLLATE utf8mb4_unicode_ci NOT NULL,
  `start_date` int UNSIGNED NOT NULL,
  `end_date` int UNSIGNED NOT NULL,
  `created_at` int UNSIGNED NOT NULL
) ENGINE=InnoDB DEFAULT CHARSET=utf8mb4 COLLATE=utf8mb4_unicode_ci;

-- --------------------------------------------------------

--
-- Structure de la table `product_faqs`
--

CREATE TABLE `product_faqs` (
  `id` int UNSIGNED NOT NULL,
  `creator_id` int UNSIGNED NOT NULL,
  `product_id` int UNSIGNED NOT NULL,
  `order` int UNSIGNED DEFAULT NULL,
  `created_at` int UNSIGNED NOT NULL
) ENGINE=InnoDB DEFAULT CHARSET=utf8mb4 COLLATE=utf8mb4_unicode_ci;

-- --------------------------------------------------------

--
-- Structure de la table `product_faq_translations`
--

CREATE TABLE `product_faq_translations` (
  `id` bigint UNSIGNED NOT NULL,
  `product_faq_id` int UNSIGNED NOT NULL,
  `locale` varchar(255) COLLATE utf8mb4_unicode_ci NOT NULL,
  `title` varchar(255) COLLATE utf8mb4_unicode_ci NOT NULL,
  `answer` text COLLATE utf8mb4_unicode_ci NOT NULL
) ENGINE=InnoDB DEFAULT CHARSET=utf8mb4 COLLATE=utf8mb4_unicode_ci;

-- --------------------------------------------------------

--
-- Structure de la table `product_files`
--

CREATE TABLE `product_files` (
  `id` int UNSIGNED NOT NULL,
  `creator_id` int UNSIGNED NOT NULL,
  `product_id` int UNSIGNED NOT NULL,
  `path` varchar(255) COLLATE utf8mb4_unicode_ci NOT NULL,
  `file_type` varchar(255) COLLATE utf8mb4_unicode_ci DEFAULT NULL,
  `volume` varchar(255) COLLATE utf8mb4_unicode_ci DEFAULT NULL,
  `online_viewer` tinyint(1) NOT NULL DEFAULT '0',
  `order` int UNSIGNED DEFAULT NULL,
  `status` enum('active','inactive') COLLATE utf8mb4_unicode_ci NOT NULL DEFAULT 'active',
  `created_at` int UNSIGNED NOT NULL
) ENGINE=InnoDB DEFAULT CHARSET=utf8mb4 COLLATE=utf8mb4_unicode_ci;

--
-- Déchargement des données de la table `product_files`
--

INSERT INTO `product_files` (`id`, `creator_id`, `product_id`, `path`, `file_type`, `volume`, `online_viewer`, `order`, `status`, `created_at`) VALUES
(5, 1, 6, '/store/1/Where-the-Crawdads-Sing.pdf', 'pdf', '3', 1, NULL, 'active', 1656322274);

-- --------------------------------------------------------

--
-- Structure de la table `product_file_translations`
--

CREATE TABLE `product_file_translations` (
  `id` bigint UNSIGNED NOT NULL,
  `product_file_id` int UNSIGNED NOT NULL,
  `locale` varchar(255) COLLATE utf8mb4_unicode_ci NOT NULL,
  `title` varchar(255) COLLATE utf8mb4_unicode_ci NOT NULL,
  `description` text COLLATE utf8mb4_unicode_ci NOT NULL
) ENGINE=InnoDB DEFAULT CHARSET=utf8mb4 COLLATE=utf8mb4_unicode_ci;

--
-- Déchargement des données de la table `product_file_translations`
--

INSERT INTO `product_file_translations` (`id`, `product_file_id`, `locale`, `title`, `description`) VALUES
(5, 5, 'en', 'Where the Crawdads Sing e-book', 'Where the Crawdads Sing is at once an exquisite ode to the natural world, a heartbreaking coming-of-age story, and a surprising tale of possible murder. Owens reminds us that we are forever shaped by the children we once were, and that we are all subject to the beautiful and violent secrets that nature keeps.');

-- --------------------------------------------------------

--
-- Structure de la table `product_filters`
--

CREATE TABLE `product_filters` (
  `id` int UNSIGNED NOT NULL,
  `category_id` int UNSIGNED NOT NULL
) ENGINE=InnoDB DEFAULT CHARSET=utf8mb4 COLLATE=utf8mb4_unicode_ci;

--
-- Déchargement des données de la table `product_filters`
--

INSERT INTO `product_filters` (`id`, `category_id`) VALUES
(1, 1),
(2, 3);

-- --------------------------------------------------------

--
-- Structure de la table `product_filter_options`
--

CREATE TABLE `product_filter_options` (
  `id` int UNSIGNED NOT NULL,
  `filter_id` int UNSIGNED NOT NULL,
  `order` int UNSIGNED DEFAULT NULL
) ENGINE=InnoDB DEFAULT CHARSET=utf8mb4 COLLATE=utf8mb4_unicode_ci;

--
-- Déchargement des données de la table `product_filter_options`
--

INSERT INTO `product_filter_options` (`id`, `filter_id`, `order`) VALUES
(1, 1, 1),
(2, 2, 1),
(3, 2, 2),
(4, 2, 3);

-- --------------------------------------------------------

--
-- Structure de la table `product_filter_option_translations`
--

CREATE TABLE `product_filter_option_translations` (
  `id` bigint UNSIGNED NOT NULL,
  `product_filter_option_id` int UNSIGNED NOT NULL,
  `locale` varchar(255) COLLATE utf8mb4_unicode_ci NOT NULL,
  `title` varchar(255) COLLATE utf8mb4_unicode_ci NOT NULL
) ENGINE=InnoDB DEFAULT CHARSET=utf8mb4 COLLATE=utf8mb4_unicode_ci;

--
-- Déchargement des données de la table `product_filter_option_translations`
--

INSERT INTO `product_filter_option_translations` (`id`, `product_filter_option_id`, `locale`, `title`) VALUES
(1, 1, 'en', 'Brushes'),
(2, 2, 'en', 'Novel'),
(3, 3, 'en', 'Laguage learning'),
(4, 4, 'en', 'Scientific');

-- --------------------------------------------------------

--
-- Structure de la table `product_filter_translations`
--

CREATE TABLE `product_filter_translations` (
  `id` bigint UNSIGNED NOT NULL,
  `product_filter_id` int UNSIGNED NOT NULL,
  `locale` varchar(255) COLLATE utf8mb4_unicode_ci NOT NULL,
  `title` varchar(255) COLLATE utf8mb4_unicode_ci NOT NULL
) ENGINE=InnoDB DEFAULT CHARSET=utf8mb4 COLLATE=utf8mb4_unicode_ci;

--
-- Déchargement des données de la table `product_filter_translations`
--

INSERT INTO `product_filter_translations` (`id`, `product_filter_id`, `locale`, `title`) VALUES
(1, 1, 'en', 'Paint Tools'),
(2, 2, 'en', 'Type');

-- --------------------------------------------------------

--
-- Structure de la table `product_media`
--

CREATE TABLE `product_media` (
  `id` int UNSIGNED NOT NULL,
  `creator_id` int UNSIGNED NOT NULL,
  `product_id` int UNSIGNED NOT NULL,
  `type` enum('thumbnail','image','video') COLLATE utf8mb4_unicode_ci NOT NULL,
  `path` varchar(255) COLLATE utf8mb4_unicode_ci NOT NULL,
  `order` int UNSIGNED DEFAULT NULL,
  `created_at` int UNSIGNED NOT NULL
) ENGINE=InnoDB DEFAULT CHARSET=utf8mb4 COLLATE=utf8mb4_unicode_ci;

--
-- Déchargement des données de la table `product_media`
--

INSERT INTO `product_media` (`id`, `creator_id`, `product_id`, `type`, `path`, `order`, `created_at`) VALUES
(77, 1, 6, 'thumbnail', '/store/1/default_images/Where the Crawdads Sing e-book.jpg', NULL, 1656322425),
(78, 1, 6, 'image', '/store/1/default_images/Where the Crawdads Sing e-book_1.jpg', NULL, 1656322425),
(79, 1, 6, 'image', '/store/1/default_images/Where the Crawdads Sing e-book_2.jpg', NULL, 1656322425);

-- --------------------------------------------------------

--
-- Structure de la table `product_orders`
--

CREATE TABLE `product_orders` (
  `id` int UNSIGNED NOT NULL,
  `product_id` int UNSIGNED NOT NULL,
  `seller_id` int UNSIGNED NOT NULL,
  `buyer_id` int UNSIGNED NOT NULL,
  `sale_id` int UNSIGNED DEFAULT NULL,
  `specifications` text COLLATE utf8mb4_unicode_ci,
  `quantity` int UNSIGNED NOT NULL,
  `discount_id` int UNSIGNED DEFAULT NULL,
  `message_to_seller` text COLLATE utf8mb4_unicode_ci,
  `tracking_code` varchar(255) COLLATE utf8mb4_unicode_ci DEFAULT NULL,
  `status` enum('pending','waiting_delivery','shipped','success','canceled') COLLATE utf8mb4_unicode_ci NOT NULL,
  `created_at` bigint UNSIGNED NOT NULL
) ENGINE=InnoDB DEFAULT CHARSET=utf8mb4 COLLATE=utf8mb4_unicode_ci;

--
-- Déchargement des données de la table `product_orders`
--

INSERT INTO `product_orders` (`id`, `product_id`, `seller_id`, `buyer_id`, `sale_id`, `specifications`, `quantity`, `discount_id`, `message_to_seller`, `tracking_code`, `status`, `created_at`) VALUES
(1, 4, 1016, 995, 193, NULL, 1, NULL, NULL, NULL, 'success', 1656103830),
(2, 1, 1015, 923, 194, '{\"Size\":\"Small\"}', 1, NULL, 'Please deliver faster.\r\nRegards.', NULL, 'waiting_delivery', 1656104034),
(3, 2, 934, 930, 196, NULL, 1, NULL, NULL, NULL, 'waiting_delivery', 1656130623),
(4, 5, 1015, 996, 197, NULL, 1, NULL, NULL, NULL, 'success', 1656130950),
(5, 1, 1015, 1017, 200, '{\"Size\":\"Medium\"}', 1, 1, NULL, '43956044000324128', 'success', 1656148501),
(6, 1, 1015, 995, 201, '{\"Size\":\"Small\"}', 2, 1, 'Please deliver fast.\r\nRegards.', '596324000328246', 'shipped', 1656148667),
(7, 6, 1, 995, 202, NULL, 1, NULL, NULL, NULL, 'success', 1656322618),
(8, 1, 1015, 1, NULL, NULL, 1, 1, NULL, NULL, 'pending', 1676905727),
(9, 2, 934, 1017, NULL, NULL, 1, NULL, NULL, NULL, 'pending', 1677238728),
(10, 6, 1, 2071, NULL, NULL, 2, NULL, NULL, NULL, 'pending', 1730729408);

-- --------------------------------------------------------

--
-- Structure de la table `product_reviews`
--

CREATE TABLE `product_reviews` (
  `id` int UNSIGNED NOT NULL,
  `product_id` int UNSIGNED NOT NULL,
  `creator_id` int UNSIGNED NOT NULL,
  `product_quality` int UNSIGNED NOT NULL,
  `purchase_worth` int UNSIGNED NOT NULL,
  `delivery_quality` int UNSIGNED NOT NULL,
  `seller_quality` int UNSIGNED NOT NULL,
  `rates` char(10) COLLATE utf8mb4_unicode_ci NOT NULL,
  `description` text COLLATE utf8mb4_unicode_ci,
  `created_at` int UNSIGNED NOT NULL,
  `status` enum('pending','active') COLLATE utf8mb4_unicode_ci NOT NULL
) ENGINE=InnoDB DEFAULT CHARSET=utf8mb4 COLLATE=utf8mb4_unicode_ci;

-- --------------------------------------------------------

--
-- Structure de la table `product_selected_filter_options`
--

CREATE TABLE `product_selected_filter_options` (
  `id` int UNSIGNED NOT NULL,
  `product_id` int UNSIGNED NOT NULL,
  `filter_option_id` int UNSIGNED NOT NULL
) ENGINE=InnoDB DEFAULT CHARSET=utf8mb4 COLLATE=utf8mb4_unicode_ci;

--
-- Déchargement des données de la table `product_selected_filter_options`
--

INSERT INTO `product_selected_filter_options` (`id`, `product_id`, `filter_option_id`) VALUES
(16, 6, 2);

-- --------------------------------------------------------

--
-- Structure de la table `product_selected_specifications`
--

CREATE TABLE `product_selected_specifications` (
  `id` int UNSIGNED NOT NULL,
  `creator_id` int UNSIGNED NOT NULL,
  `product_id` int UNSIGNED NOT NULL,
  `product_specification_id` int UNSIGNED NOT NULL,
  `type` enum('textarea','multi_value') COLLATE utf8mb4_unicode_ci NOT NULL,
  `allow_selection` tinyint(1) NOT NULL DEFAULT '0',
  `order` int UNSIGNED DEFAULT NULL,
  `status` enum('active','inactive') COLLATE utf8mb4_unicode_ci NOT NULL DEFAULT 'active',
  `created_at` int UNSIGNED NOT NULL
) ENGINE=InnoDB DEFAULT CHARSET=utf8mb4 COLLATE=utf8mb4_unicode_ci;

--
-- Déchargement des données de la table `product_selected_specifications`
--

INSERT INTO `product_selected_specifications` (`id`, `creator_id`, `product_id`, `product_specification_id`, `type`, `allow_selection`, `order`, `status`, `created_at`) VALUES
(6, 1, 6, 5, 'multi_value', 0, NULL, 'active', 1656322503),
(7, 1, 6, 4, 'textarea', 0, NULL, 'active', 1656322546);

-- --------------------------------------------------------

--
-- Structure de la table `product_selected_specification_multi_values`
--

CREATE TABLE `product_selected_specification_multi_values` (
  `id` int UNSIGNED NOT NULL,
  `selected_specification_id` int UNSIGNED NOT NULL,
  `specification_multi_value_id` int UNSIGNED NOT NULL
) ENGINE=InnoDB DEFAULT CHARSET=utf8mb4 COLLATE=utf8mb4_unicode_ci;

--
-- Déchargement des données de la table `product_selected_specification_multi_values`
--

INSERT INTO `product_selected_specification_multi_values` (`id`, `selected_specification_id`, `specification_multi_value_id`) VALUES
(10, 6, 11);

-- --------------------------------------------------------

--
-- Structure de la table `product_selected_specification_translations`
--

CREATE TABLE `product_selected_specification_translations` (
  `id` bigint UNSIGNED NOT NULL,
  `product_selected_specification_id` int UNSIGNED NOT NULL,
  `locale` varchar(255) COLLATE utf8mb4_unicode_ci NOT NULL,
  `value` text COLLATE utf8mb4_unicode_ci NOT NULL
) ENGINE=InnoDB DEFAULT CHARSET=utf8mb4 COLLATE=utf8mb4_unicode_ci;

--
-- Déchargement des données de la table `product_selected_specification_translations`
--

INSERT INTO `product_selected_specification_translations` (`id`, `product_selected_specification_id`, `locale`, `value`) VALUES
(2, 7, 'en', 'Publisher ‏ : ‎ Penguin Publishing Group (March 30, 2021)\r\nLanguage ‏ : ‎ English\r\nPaperback ‏ : ‎ 400 pages\r\nISBN-10 ‏ : ‎ 0735219109\r\nISBN-13 ‏ : ‎ 978-0735219106\r\nItem Weight ‏ : ‎ 11.2 ounces\r\nDimensions ‏ : ‎ 5.5 x 0.79 x 8.22 inches');

-- --------------------------------------------------------

--
-- Structure de la table `product_specifications`
--

CREATE TABLE `product_specifications` (
  `id` int UNSIGNED NOT NULL,
  `input_type` enum('textarea','multi_value') COLLATE utf8mb4_unicode_ci NOT NULL
) ENGINE=InnoDB DEFAULT CHARSET=utf8mb4 COLLATE=utf8mb4_unicode_ci;

--
-- Déchargement des données de la table `product_specifications`
--

INSERT INTO `product_specifications` (`id`, `input_type`) VALUES
(1, 'multi_value'),
(2, 'multi_value'),
(3, 'multi_value'),
(4, 'textarea'),
(5, 'multi_value');

-- --------------------------------------------------------

--
-- Structure de la table `product_specification_categories`
--

CREATE TABLE `product_specification_categories` (
  `id` int UNSIGNED NOT NULL,
  `specification_id` int UNSIGNED NOT NULL,
  `category_id` int UNSIGNED NOT NULL
) ENGINE=InnoDB DEFAULT CHARSET=utf8mb4 COLLATE=utf8mb4_unicode_ci;

--
-- Déchargement des données de la table `product_specification_categories`
--

INSERT INTO `product_specification_categories` (`id`, `specification_id`, `category_id`) VALUES
(1, 1, 1),
(2, 2, 1),
(3, 3, 1),
(5, 5, 3),
(6, 4, 1),
(7, 4, 3);

-- --------------------------------------------------------

--
-- Structure de la table `product_specification_multi_values`
--

CREATE TABLE `product_specification_multi_values` (
  `id` int UNSIGNED NOT NULL,
  `specification_id` int UNSIGNED NOT NULL
) ENGINE=InnoDB DEFAULT CHARSET=utf8mb4 COLLATE=utf8mb4_unicode_ci;

--
-- Déchargement des données de la table `product_specification_multi_values`
--

INSERT INTO `product_specification_multi_values` (`id`, `specification_id`) VALUES
(1, 1),
(2, 1),
(3, 1),
(4, 2),
(5, 2),
(6, 3),
(7, 3),
(8, 3),
(9, 3),
(10, 3),
(11, 5),
(12, 5),
(13, 5),
(14, 5);

-- --------------------------------------------------------

--
-- Structure de la table `product_specification_multi_value_translations`
--

CREATE TABLE `product_specification_multi_value_translations` (
  `id` bigint UNSIGNED NOT NULL,
  `product_specification_multi_value_id` int UNSIGNED NOT NULL,
  `locale` varchar(255) COLLATE utf8mb4_unicode_ci NOT NULL,
  `title` varchar(255) COLLATE utf8mb4_unicode_ci NOT NULL
) ENGINE=InnoDB DEFAULT CHARSET=utf8mb4 COLLATE=utf8mb4_unicode_ci;

--
-- Déchargement des données de la table `product_specification_multi_value_translations`
--

INSERT INTO `product_specification_multi_value_translations` (`id`, `product_specification_multi_value_id`, `locale`, `title`) VALUES
(1, 1, 'en', 'Small'),
(2, 2, 'en', 'Medium'),
(3, 3, 'en', 'Large'),
(4, 4, 'en', 'Basic'),
(5, 5, 'en', 'Advanced'),
(6, 6, 'en', '3-5'),
(7, 7, 'en', '5-8'),
(8, 8, 'en', '8-13'),
(9, 9, 'en', '13-18'),
(10, 10, 'en', '+18'),
(11, 11, 'en', 'Novel'),
(12, 12, 'en', 'Language learning'),
(13, 13, 'en', 'Scientific'),
(14, 14, 'en', 'literature');

-- --------------------------------------------------------

--
-- Structure de la table `product_specification_translations`
--

CREATE TABLE `product_specification_translations` (
  `id` bigint UNSIGNED NOT NULL,
  `product_specification_id` int UNSIGNED NOT NULL,
  `locale` varchar(255) COLLATE utf8mb4_unicode_ci NOT NULL,
  `title` varchar(255) COLLATE utf8mb4_unicode_ci NOT NULL
) ENGINE=InnoDB DEFAULT CHARSET=utf8mb4 COLLATE=utf8mb4_unicode_ci;

--
-- Déchargement des données de la table `product_specification_translations`
--

INSERT INTO `product_specification_translations` (`id`, `product_specification_id`, `locale`, `title`) VALUES
(1, 1, 'en', 'Size'),
(2, 2, 'en', 'Skill Level'),
(3, 3, 'en', 'Age Range'),
(4, 4, 'en', 'Main Features'),
(5, 5, 'en', 'E-book type');

-- --------------------------------------------------------

--
-- Structure de la table `product_translations`
--

CREATE TABLE `product_translations` (
  `id` bigint UNSIGNED NOT NULL,
  `product_id` int UNSIGNED NOT NULL,
  `locale` varchar(255) COLLATE utf8mb4_unicode_ci NOT NULL,
  `title` varchar(255) COLLATE utf8mb4_unicode_ci NOT NULL,
  `seo_description` text COLLATE utf8mb4_unicode_ci,
  `summary` text COLLATE utf8mb4_unicode_ci,
  `description` longtext COLLATE utf8mb4_unicode_ci
) ENGINE=InnoDB DEFAULT CHARSET=utf8mb4 COLLATE=utf8mb4_unicode_ci;

--
-- Déchargement des données de la table `product_translations`
--

INSERT INTO `product_translations` (`id`, `product_id`, `locale`, `title`, `seo_description`, `summary`, `description`) VALUES
(6, 6, 'en', 'Where the Crawdads Sing e-book', 'The #1 New York Times bestselling worldwide sensation with more than 12 million copies sold', 'SOON TO BE A MAJOR MOTION PICTURE—The #1 New York Times bestselling worldwide sensation with more than 12 million copies sold, hailed by The New York Times Book Review as “a painfully beautiful first novel that is at once a murder mystery, a coming-of-age narrative and a celebration of nature.”\r\n\r\nFor years, rumors of the “Marsh Girl” have haunted Barkley Cove, a quiet town on the North Carolina coast. So in late 1969, when handsome Chase Andrews is found dead, the locals immediately suspect Kya Clark, the so-called Marsh Girl. But Kya is not what they say. Sensitive and intelligent, she has survived for years alone in the marsh that she calls home, finding friends in the gulls and lessons in the sand. Then the time comes when she yearns to be touched and loved. When two young men from town become intrigued by her wild beauty, Kya opens herself to a new life—until the unthinkable happens.\r\n\r\nWhere the Crawdads Sing is at once an exquisite ode to the natural world, a heartbreaking coming-of-age story, and a surprising tale of possible murder. Owens reminds us that we are forever shaped by the children we once were and that we are all subject to the beautiful and violent secrets that nature keeps.', '<div>“A painfully beautiful first novel that is at once a murder mystery, a coming-of-age narrative and a celebration of nature....Owens here surveys the desolate marshlands of the North Carolina coast through the eyes of an abandoned child. And in her isolation that child makes us open our own eyes to the secret wonders—and dangers—of her private world.”—The New York Times Book Review</div><div><br></div><div>“Steeped in the rhythms and shadows of the coastal marshes of North Carolina’s Outer Banks, this fierce and hauntingly beautiful novel centers on...Kya’s heartbreaking story of learning to trust human connections, intertwine[d] with a gripping murder mystery, revealing savage truths. An astonishing debut.”—People</div><div><br></div><div>“This lush mystery is perfect for fans of Barbara Kingsolver.”—Bustle</div><div><br></div><div>“A lush debut novel, Owens delivers her mystery wrapped in gorgeous, lyrical prose. It’s clear she’s from this place—the land of the southern coasts, but also the emotional terrain—you can feel it in the pages.  A magnificent achievement, ambitious, credible and very timely.”—Alexandra Fuller, New York Times bestselling author of Don’t Let’s Go to the Dogs Tonight</div><div><br></div><div>“Heart-wrenching...A fresh exploration of isolation and nature from a female perspective along with a compelling love story.”—Entertainment Weekly</div><div><br></div><div>“This wonderful novel has a bit of everything—mystery, romance, and fascinating characters, all told in a story that takes place in North Carolina.”—Nicholas Sparks, New York Times bestselling author of Every Breath</div><div><br></div><div>“Delia Owen’s gorgeous novel is both a coming-of-age tale and an engrossing whodunit.”—Real Simple</div><div><br></div><div>“Evocative...Kya makes for an unforgettable heroine.”—Publishers Weekly</div><div><br></div><div>“The New Southern novel...A lyrical debut.”—Southern Living</div><div><br></div><div>“A nature-infused romance with a killer twist.”—Refinery29</div><div><br></div><div>“Anyone who liked The Great Alone will want to read Where the Crawdads Sing....This astonishing debut is a beautiful and haunting novel that packs a powerful punch. It’s the first novel in a long time that made me cry.”—Kristin Hannah, author ofThe Great AloneandThe Nightingale</div><div><br></div><div>“Both a coming-of-age story and a mysterious account of a murder investigation told from the perspective of a young girl...Through Kya’s story, Owens explores how isolation affects human behavior, and the deep effect that rejection can have on our lives.”—Vanity Fair</div><div><br></div><div>“Lyrical...Its appeal ris[es] from Kya’s deep connection to the place where makes her home, and to all of its creatures.”—Booklist</div><div><br></div><div>“This beautiful, evocative novel is likely to stay with you for many days afterward....absorbing.”—AARP </div><div><br></div><div>“This haunting tale captivates every bit as much for its crime drama elements as for the humanity at its core.” —Mystery & Suspense Magazine</div><div><br></div><div>“Compelling, original...A mystery, a courtroom drama, a romance and a coming-of-age story, Where the Crawdads Sing is a moving, beautiful tale. Readers will remember Kya for a long, long time.”—ShelfAwareness</div><div><br></div><div>“With prose luminous as a low-country moon, Owens weaves a compelling tale of a forgotten girl in the unforgiving coastal marshes of North Carolina. It is a murder mystery/love story/courtroom drama that readers will love, but the novel delves so much deeper into the bone and sinew of our very nature, asking often unanswerable questions, old and intractable as the marsh itself. A stunning debut!”—Christopher Scotton, author of The Secret Wisdom of the Earth</div><div><br></div><div>“A compelling mystery with prose so luminous it can cut through the murkiest of pluff mud.”—Augusta Chronicle</div><div><br></div><div>“Carries the rhythm of an old time ballad. It is clear Owens knows this land intimately, from the black mud sucking at footsteps to the taste of saltwater and the cry of seagulls.”—David Joy, author of The Line That Held Us</div>');

-- --------------------------------------------------------

--
-- Structure de la table `promotions`
--

CREATE TABLE `promotions` (
  `id` int UNSIGNED NOT NULL,
  `days` int UNSIGNED NOT NULL,
  `price` int UNSIGNED NOT NULL,
  `icon` varchar(255) COLLATE utf8mb4_unicode_ci NOT NULL,
  `is_popular` tinyint(1) NOT NULL DEFAULT '0',
  `created_at` int UNSIGNED NOT NULL
) ENGINE=InnoDB DEFAULT CHARSET=utf8mb4 COLLATE=utf8mb4_unicode_ci ROW_FORMAT=DYNAMIC;

--
-- Déchargement des données de la table `promotions`
--

INSERT INTO `promotions` (`id`, `days`, `price`, `icon`, `is_popular`, `created_at`) VALUES
(2, 15, 150, '/store/1/default_images/subscribe_packages/gold.svg', 1, 1635446032),
(3, 15, 50, '/store/1/default_images/subscribe_packages/bronze.svg', 1, 1708955377),
(4, 15, 90, '/store/1/default_images/subscribe_packages/silver.svg', 0, 1635446095);

-- --------------------------------------------------------

--
-- Structure de la table `promotion_translations`
--

CREATE TABLE `promotion_translations` (
  `id` bigint UNSIGNED NOT NULL,
  `promotion_id` int UNSIGNED NOT NULL,
  `locale` varchar(255) COLLATE utf8mb4_unicode_ci NOT NULL,
  `title` varchar(255) COLLATE utf8mb4_unicode_ci NOT NULL,
  `description` text COLLATE utf8mb4_unicode_ci NOT NULL
) ENGINE=InnoDB DEFAULT CHARSET=utf8mb4 COLLATE=utf8mb4_unicode_ci;

--
-- Déchargement des données de la table `promotion_translations`
--

INSERT INTO `promotion_translations` (`id`, `promotion_id`, `locale`, `title`, `description`) VALUES
(1, 2, 'en', 'Gold', 'One of your classes will be displayed at the top of the category list and homepage slider'),
(2, 3, 'en', 'Bronze', 'One of your classes will be displayed at the top of the category list'),
(3, 4, 'en', 'Silver', 'One of your classes will be displayed at the homepage slider'),
(4, 2, 'es', 'Oro', 'Una de sus clases se mostrará en la parte superior de la lista de categorías y el control deslizante de la página de inicio.'),
(5, 2, 'ar', 'ذهب', 'سيتم عرض أحد فصولك الدراسية في أعلى قائمة الفئات وشريط تمرير الصفحة الرئيسية'),
(6, 4, 'ar', 'فضة', 'سيتم عرض إحدى فصولك الدراسية في شريط تمرير الصفحة الرئيسية'),
(7, 4, 'es', 'Plata', 'Una de sus clases se mostrará en el control deslizante de la página de inicio.'),
(8, 3, 'ar', 'Bronze', 'One of your classes will be displayed at the top of the category list'),
(9, 3, 'es', 'Bronce', 'Una de sus clases se mostrará en la parte superior de la lista de categorías.');

-- --------------------------------------------------------

--
-- Structure de la table `purchases`
--

CREATE TABLE `purchases` (
  `id` int UNSIGNED NOT NULL,
  `webinar_id` int UNSIGNED NOT NULL,
  `user_id` int UNSIGNED NOT NULL,
  `created_at` int NOT NULL
) ENGINE=InnoDB DEFAULT CHARSET=utf8mb4 COLLATE=utf8mb4_unicode_ci ROW_FORMAT=DYNAMIC;

-- --------------------------------------------------------

--
-- Structure de la table `quizzes`
--

CREATE TABLE `quizzes` (
  `id` int UNSIGNED NOT NULL,
  `webinar_id` int UNSIGNED DEFAULT NULL,
  `creator_id` int UNSIGNED NOT NULL,
  `chapter_id` int UNSIGNED DEFAULT NULL,
  `title` varchar(255) COLLATE utf8mb4_unicode_ci DEFAULT NULL,
  `webinar_title` varchar(64) COLLATE utf8mb4_unicode_ci DEFAULT NULL,
  `time` int DEFAULT '0',
  `attempt` int DEFAULT NULL,
  `pass_mark` int NOT NULL,
  `certificate` tinyint(1) NOT NULL,
  `status` enum('active','inactive') COLLATE utf8mb4_unicode_ci NOT NULL,
  `total_mark` int UNSIGNED DEFAULT NULL,
  `created_at` int NOT NULL,
  `updated_at` int DEFAULT NULL
) ENGINE=InnoDB DEFAULT CHARSET=utf8mb4 COLLATE=utf8mb4_unicode_ci ROW_FORMAT=DYNAMIC;

-- --------------------------------------------------------

--
-- Structure de la table `quizzes_questions`
--

CREATE TABLE `quizzes_questions` (
  `id` int UNSIGNED NOT NULL,
  `quiz_id` int UNSIGNED NOT NULL,
  `creator_id` int UNSIGNED NOT NULL,
  `grade` varchar(255) COLLATE utf8mb4_unicode_ci NOT NULL,
  `type` enum('multiple','descriptive') COLLATE utf8mb4_unicode_ci NOT NULL,
  `image` text COLLATE utf8mb4_unicode_ci,
  `video` text COLLATE utf8mb4_unicode_ci,
  `created_at` int NOT NULL,
  `updated_at` int DEFAULT NULL
) ENGINE=InnoDB DEFAULT CHARSET=utf8mb4 COLLATE=utf8mb4_unicode_ci ROW_FORMAT=DYNAMIC;

-- --------------------------------------------------------

--
-- Structure de la table `quizzes_questions_answers`
--

CREATE TABLE `quizzes_questions_answers` (
  `id` int UNSIGNED NOT NULL,
  `creator_id` int UNSIGNED NOT NULL,
  `question_id` int UNSIGNED NOT NULL,
  `image` text COLLATE utf8mb4_unicode_ci,
  `correct` tinyint(1) NOT NULL DEFAULT '0',
  `created_at` int NOT NULL,
  `updated_at` int DEFAULT NULL
) ENGINE=InnoDB DEFAULT CHARSET=utf8mb4 COLLATE=utf8mb4_unicode_ci ROW_FORMAT=DYNAMIC;

-- --------------------------------------------------------

--
-- Structure de la table `quizzes_questions_answer_translations`
--

CREATE TABLE `quizzes_questions_answer_translations` (
  `id` bigint UNSIGNED NOT NULL,
  `quizzes_questions_answer_id` int UNSIGNED NOT NULL,
  `locale` varchar(255) COLLATE utf8mb4_unicode_ci NOT NULL,
  `title` text COLLATE utf8mb4_unicode_ci
) ENGINE=InnoDB DEFAULT CHARSET=utf8mb4 COLLATE=utf8mb4_unicode_ci;

-- --------------------------------------------------------

--
-- Structure de la table `quizzes_results`
--

CREATE TABLE `quizzes_results` (
  `id` int UNSIGNED NOT NULL,
  `quiz_id` int UNSIGNED NOT NULL,
  `user_id` int UNSIGNED NOT NULL,
  `results` text COLLATE utf8mb4_unicode_ci,
  `user_grade` int DEFAULT NULL,
  `status` enum('passed','failed','waiting') COLLATE utf8mb4_unicode_ci NOT NULL,
  `created_at` int NOT NULL
) ENGINE=InnoDB DEFAULT CHARSET=utf8mb4 COLLATE=utf8mb4_unicode_ci ROW_FORMAT=DYNAMIC;

-- --------------------------------------------------------

--
-- Structure de la table `quiz_question_translations`
--

CREATE TABLE `quiz_question_translations` (
  `id` bigint UNSIGNED NOT NULL,
  `quizzes_question_id` int UNSIGNED NOT NULL,
  `locale` varchar(255) COLLATE utf8mb4_unicode_ci NOT NULL,
  `title` text COLLATE utf8mb4_unicode_ci NOT NULL,
  `correct` text COLLATE utf8mb4_unicode_ci
) ENGINE=InnoDB DEFAULT CHARSET=utf8mb4 COLLATE=utf8mb4_unicode_ci;

-- --------------------------------------------------------

--
-- Structure de la table `quiz_translations`
--

CREATE TABLE `quiz_translations` (
  `id` bigint UNSIGNED NOT NULL,
  `quiz_id` int UNSIGNED NOT NULL,
  `locale` varchar(255) COLLATE utf8mb4_unicode_ci NOT NULL,
  `title` text COLLATE utf8mb4_unicode_ci NOT NULL
) ENGINE=InnoDB DEFAULT CHARSET=utf8mb4 COLLATE=utf8mb4_unicode_ci;

-- --------------------------------------------------------

--
-- Structure de la table `rating`
--

CREATE TABLE `rating` (
  `id` int UNSIGNED NOT NULL,
  `webinar_id` int UNSIGNED NOT NULL,
  `user_id` int UNSIGNED NOT NULL,
  `creator_id` int UNSIGNED NOT NULL,
  `rate` int UNSIGNED NOT NULL
) ENGINE=InnoDB DEFAULT CHARSET=utf8mb4 COLLATE=utf8mb4_unicode_ci ROW_FORMAT=DYNAMIC;

-- --------------------------------------------------------

--
-- Structure de la table `regions`
--

CREATE TABLE `regions` (
  `id` int UNSIGNED NOT NULL,
  `country_id` int UNSIGNED DEFAULT NULL,
  `province_id` int UNSIGNED DEFAULT NULL,
  `city_id` int UNSIGNED DEFAULT NULL,
  `geo_center` point DEFAULT NULL,
  `type` enum('country','province','city','district') COLLATE utf8mb4_unicode_ci NOT NULL,
  `title` varchar(255) COLLATE utf8mb4_unicode_ci NOT NULL,
  `created_at` int UNSIGNED NOT NULL
) ENGINE=InnoDB DEFAULT CHARSET=utf8mb4 COLLATE=utf8mb4_unicode_ci;

--
-- Déchargement des données de la table `regions`
--

INSERT INTO `regions` (`id`, `country_id`, `province_id`, `city_id`, `geo_center`, `type`, `title`, `created_at`) VALUES
(16, NULL, NULL, NULL, 0x000000000101000000502c37a3fd2748400000000000910440, 'country', 'France', 1646175250),
(17, NULL, NULL, NULL, 0x000000000101000000cc4c51ad1a29374000000000509c5340, 'country', 'India', 1646045215),
(18, NULL, NULL, NULL, 0x000000000101000000fc87794512fd434000000000787e58c0, 'country', 'United States', 1646208799),
(19, NULL, NULL, NULL, 0x000000000101000000c399e9d9582130400000000040da3240, 'country', 'Chad', 1646045318),
(20, NULL, NULL, NULL, 0x000000000101000000c914e2b7f634384000000000e0634640, 'country', 'Saudi Arabia', 1646045651),
(21, 16, NULL, NULL, 0x000000000101000000b7417d8d9700484000000000c01709c0, 'province', 'Brittany', 1646175600),
(22, 16, NULL, NULL, 0x000000000101000000c28d5422c26d484000000000e0b20240, 'province', 'Île-de-France', 1646176998),
(23, 16, 22, NULL, 0x00000000010100000043242b8d136e4840f6ffffff3dcd0240, 'city', 'Paris', 1646177038),
(24, 16, 22, 23, 0x000000000101000000f4056521416f4840f7ffff7f315a0240, 'district', 'Chaillot', 1646177131),
(25, 16, 22, 23, 0x000000000101000000fecb2c1406684840f9ffff7f26fc0140, 'district', 'Le val', 1646177195),
(26, 16, 22, 23, 0x000000000101000000da05b69e8a6d484008000000cd2e0340, 'district', 'Charonne', 1646177249),
(27, 17, NULL, NULL, 0x00000000010100000032073e5acab03c4004000000934a5340, 'province', 'Delhi', 1646177430),
(28, 17, NULL, NULL, 0x000000000101000000e7331bb0e31333400200008025395240, 'province', 'Maharashtra', 1646177529),
(29, 17, 27, NULL, 0x0000000001010000004ea45133209e3c4002000050f54c5340, 'city', 'New Delhi', 1646177585),
(30, 17, 28, NULL, 0x0000000001010000000fd66a9d27f13240040000305b355240, 'city', 'Mumbai', 1646177660),
(31, 20, NULL, NULL, 0x0000000001010000005aa3dd6a75923840070000004acf4340, 'province', 'Medina', 1646207588),
(32, 20, 31, NULL, 0x0000000001010000007522ebce077938400500005028ce4340, 'city', 'Medina', 1646207641),
(33, 20, NULL, NULL, 0x000000000101000000f87d72b19dd33840000000007c5d4740, 'province', 'Riyadh', 1646207846),
(34, 20, 33, NULL, 0x0000000001010000003352eaadc2a23840050000207c5b4740, 'city', 'Riyadh', 1646207899),
(35, 17, 27, 29, 0x000000000101000000677eaddc83933c40000000f4e44f5340, 'district', 'Jal vihar', 1646208038),
(36, 17, 27, 29, 0x0000000001010000000c564b253b8f3c40030000f4f54d5340, 'district', 'Anand lok', 1646208100),
(37, 17, 28, 30, 0x000000000101000000744a1102cef732400000003c9b345240, 'district', 'Tardeo', 1646208151),
(38, 17, 28, 30, 0x000000000101000000e1347d6ea4ed32400000009235355240, 'district', 'Kala ghoda', 1646208227),
(39, 17, 28, 30, 0x0000000001010000007f59b3f397003340feffffa36f345240, 'district', 'Nehru nagar', 1646208287),
(40, 20, 31, 32, 0x0000000001010000009f9a107be67a3840fcfffff32bcc4340, 'district', 'Al fath', 1646208357),
(41, 20, 31, 32, 0x0000000001010000004a9335c11e7c384001000084fbd54340, 'district', 'Al mabuth', 1646208449),
(42, 20, 33, 34, 0x000000000101000000ecdbbe5e4ca438400400001821554740, 'district', 'Al rafiah', 1646208501),
(43, 20, 33, 34, 0x00000000010100000047a393f74fa83840fdffff8f195d4740, 'district', 'Al malaz', 1646208541),
(44, 20, 33, 34, 0x000000000101000000b3cc5d99029b384004000090d3574740, 'district', 'Sultanah', 1646208741),
(45, 18, NULL, NULL, 0x0000000001010000008a421c62479242402300000002ef5dc0, 'province', 'California', 1646208923),
(46, 18, NULL, NULL, 0x00000000010100000073bb0212f86a4540000000006add52c0, 'province', 'New York', 1646209125),
(47, 18, 45, NULL, 0x000000000101000000c0eb475b13e44240e2ffffafd29a5ec0, 'city', 'San Francisco', 1646209213),
(48, 18, 45, NULL, 0x000000000101000000996d3806e37c4240f8fffff7ee815ec0, 'city', 'Santa Cruz', 1646209310),
(49, 18, 46, NULL, 0x0000000001010000002ff3954dd15d4440020000504b7f52c0, 'city', 'New York', 1646209459),
(50, 18, 46, NULL, 0x00000000010100000035c4cc6279534540000000b85b7052c0, 'city', 'Albany', 1646209552),
(51, 18, 45, 47, 0x0000000001010000003aeafdd6abe04240faffffd7b49f5ec0, 'district', 'Sunset district', 1646209607),
(52, 18, 45, 47, 0x0000000001010000001d646d8c1bdf4240f1ffff57859a5ec0, 'district', 'Bernal heights', 1646209668),
(53, 18, 45, 48, 0x000000000101000000798fe4b88f7b4240220000d4f3825ec0, 'district', 'Westside', 1646209704),
(54, 18, 45, 48, 0x0000000001010000000ea4fdcb187c4240e4ffffdb84805ec0, 'district', 'Seabright', 1646209756),
(55, 18, 46, 49, 0x000000000101000000502d3717765b444003000064278052c0, 'district', 'Civic center', 1646209822),
(56, 18, 46, 49, 0x000000000101000000895ffa4836624440fffffff7687d52c0, 'district', 'Lenox hill', 1646209902),
(57, 18, 46, 50, 0x0000000001010000002a11fd866f5445400400000c7e7252c0, 'district', 'Pine hills', 1646209945),
(58, 18, 46, 50, 0x000000000101000000132a6a90cb5445400400000a557052c0, 'district', 'Arbor hill', 1646209990),
(59, 19, NULL, NULL, 0x000000000101000000e02f3b6e02472840f2ffffff83122e40, 'province', 'N\'Djaména', 1646210607),
(60, 19, 59, NULL, 0x0000000001010000000b5659aeba3d284018000040c4192e40, 'city', 'N\'Djaména', 1646210643),
(61, 19, NULL, NULL, 0x000000000101000000776860c6695021400e00000094103040, 'province', 'Logone Occidental', 1646210813),
(62, 19, 61, NULL, 0x000000000101000000d1cf427b71222140030000a0e2123040, 'city', 'Moundou', 1646210881),
(63, 19, 59, 60, 0x0000000001010000002e2f2cc30d312840e6ffffdf71262e40, 'district', 'Moursal', 1646210978),
(64, 19, 59, 60, 0x0000000001010000009f93ddbcdc392840f1ffff9feb192e40, 'district', 'Blabline', 1646211027),
(65, 19, 61, 62, 0x0000000001010000000b91007923232140f7ffff9732163040, 'district', 'Bornou', 1646211077),
(66, 19, 61, 62, 0x0000000001010000006b07cb49aa192140f6ffffa7650f3040, 'district', 'Dokapti', 1646211168),
(67, 16, 21, NULL, 0x00000000010100000018e23f51690e4840fffffffff1e3fabf, 'city', 'Rennes', 1646295560),
(68, 16, 21, 67, 0x0000000001010000001d2d3bd0140e4840060000009f54fbbf, 'district', 'Moulin du comte', 1646295696),
(70, NULL, NULL, NULL, 0x00000000010100000000000000000024400000000000804140, 'district', 'Nabeul', 1646295696),
(72, NULL, NULL, 70, 0x00000000010100000051d037b3a73a4140e31c75745cfd2240, 'country', 'Tunisie', 1646295696),
(73, 72, 75, 70, 0x0000000001010000008ff6e406e8394240084f8d3cb5632540, 'city', 'Nabeul', 1646295696),
(75, 72, NULL, 73, 0x000000000101000000cb9e0436e7824240a937fe9f1e3e2340, 'province', 'Tunisie Nord', 1646295696),
(77, NULL, NULL, NULL, 0x00000000010100000000000000000024400000000000804140, 'district', 'Ariana', 1646295696),
(78, 72, 75, 77, 0x00000000010100000000000000000024400000000000804140, 'city', 'Ariana', 1646295696),
(79, NULL, NULL, NULL, 0x00000000010100000021160c3137534540c9e71bd3e6ba2940, 'country', 'italy', 1699654681),
(80, 79, NULL, NULL, 0x000000000101000000a8c451a79d0d4540960ebce7dbac2840, 'province', 'Capitale', 1699654828),
(81, 79, 80, NULL, 0x00000000010100000040ce6e5338f04440e48730c8b1f62840, 'city', 'Rome', 1699654852),
(82, 79, 80, 81, 0x0000000001010000001597fa9162fd444060e9f86c10fb2840, 'district', 'Saxa rubra', 1699655245),
(83, NULL, NULL, NULL, 0x000000000101000000207246873a5e4440efc9c9340e1813c0, 'country', 'spain', 1700089135),
(84, 83, NULL, NULL, 0x0000000001010000007b846584c7614440591ea371d3ff12c0, 'province', 'center', 1700089177),
(85, NULL, NULL, NULL, 0x000000000101000000c7413f9ff5fe46409233933481eb3840, 'country', 'Romania', 1700089763);

-- --------------------------------------------------------

--
-- Structure de la table `registration_packages`
--

CREATE TABLE `registration_packages` (
  `id` int UNSIGNED NOT NULL,
  `days` int UNSIGNED NOT NULL,
  `price` int UNSIGNED NOT NULL,
  `icon` varchar(255) COLLATE utf8mb4_unicode_ci NOT NULL,
  `role` enum('instructors','organizations') COLLATE utf8mb4_unicode_ci NOT NULL,
  `instructors_count` int DEFAULT NULL,
  `students_count` int DEFAULT NULL,
  `courses_capacity` int DEFAULT NULL,
  `courses_count` int DEFAULT NULL,
  `meeting_count` int DEFAULT NULL,
  `product_count` int UNSIGNED DEFAULT NULL,
  `status` enum('disabled','active') COLLATE utf8mb4_unicode_ci NOT NULL,
  `created_at` int UNSIGNED NOT NULL
) ENGINE=InnoDB DEFAULT CHARSET=utf8mb4 COLLATE=utf8mb4_unicode_ci;

--
-- Déchargement des données de la table `registration_packages`
--

INSERT INTO `registration_packages` (`id`, `days`, `price`, `icon`, `role`, `instructors_count`, `students_count`, `courses_capacity`, `courses_count`, `meeting_count`, `product_count`, `status`, `created_at`) VALUES
(1, 30, 99, '/store/1/default_images/registertion_packages/bronze_instructor.png', 'instructors', NULL, NULL, 40, 10, 30, NULL, 'active', 1646040584),
(2, 90, 199, '/store/1/default_images/registertion_packages/silver_instructor.png', 'instructors', NULL, NULL, 60, 20, 50, NULL, 'active', 1646041075),
(3, 180, 400, '/store/1/default_images/registertion_packages/gold_instructor.png', 'instructors', NULL, NULL, 100, 40, 75, NULL, 'active', 1646041329),
(4, 30, 200, '/store/1/default_images/registertion_packages/bronze_organization.png', 'organizations', 5, 50, 40, 10, 30, NULL, 'active', 1646041807),
(5, 90, 400, '/store/1/default_images/registertion_packages/silver_organization.png', 'organizations', 10, 100, 70, 20, 50, NULL, 'active', 1646041992),
(6, 180, 600, '/store/1/default_images/registertion_packages/gold_organization.png', 'organizations', 30, 300, 150, 50, 100, NULL, 'active', 1646042364);

-- --------------------------------------------------------

--
-- Structure de la table `registration_packages_translations`
--

CREATE TABLE `registration_packages_translations` (
  `id` bigint UNSIGNED NOT NULL,
  `registration_package_id` int UNSIGNED NOT NULL,
  `locale` varchar(255) COLLATE utf8mb4_unicode_ci NOT NULL,
  `title` varchar(255) COLLATE utf8mb4_unicode_ci NOT NULL,
  `description` varchar(255) COLLATE utf8mb4_unicode_ci DEFAULT NULL
) ENGINE=InnoDB DEFAULT CHARSET=utf8mb4 COLLATE=utf8mb4_unicode_ci;

--
-- Déchargement des données de la table `registration_packages_translations`
--

INSERT INTO `registration_packages_translations` (`id`, `registration_package_id`, `locale`, `title`, `description`) VALUES
(1, 1, 'en', 'Basic', 'Suggested for starter instructors.'),
(2, 2, 'en', 'Pro', 'Suggested for professional instructors.'),
(3, 3, 'en', 'Premium', 'Suggested for expert instructors.'),
(4, 4, 'en', 'Basic', 'Suggested for small organizations'),
(5, 5, 'en', 'Pro', 'Suggested for medium organizations'),
(6, 6, 'en', 'Premium', 'Suggested for big organizations');

-- --------------------------------------------------------

--
-- Structure de la table `reserve_meetings`
--

CREATE TABLE `reserve_meetings` (
  `id` int UNSIGNED NOT NULL,
  `meeting_id` int DEFAULT NULL,
  `sale_id` int UNSIGNED DEFAULT NULL,
  `meeting_time_id` int UNSIGNED NOT NULL,
  `day` varchar(10) COLLATE utf8mb4_unicode_ci NOT NULL,
  `date` int UNSIGNED NOT NULL,
  `start_at` bigint UNSIGNED NOT NULL,
  `end_at` bigint UNSIGNED NOT NULL,
  `user_id` int UNSIGNED NOT NULL,
  `paid_amount` decimal(13,2) NOT NULL,
  `meeting_type` enum('in_person','online') COLLATE utf8mb4_unicode_ci NOT NULL DEFAULT 'online',
  `student_count` int DEFAULT NULL,
  `discount` int DEFAULT NULL,
  `link` varchar(255) COLLATE utf8mb4_unicode_ci DEFAULT NULL,
  `password` varchar(64) COLLATE utf8mb4_unicode_ci DEFAULT NULL,
  `description` text COLLATE utf8mb4_unicode_ci,
  `status` enum('pending','open','finished','canceled') COLLATE utf8mb4_unicode_ci NOT NULL,
  `created_at` int NOT NULL,
  `locked_at` int DEFAULT NULL,
  `reserved_at` int DEFAULT NULL
) ENGINE=InnoDB DEFAULT CHARSET=utf8mb4 COLLATE=utf8mb4_unicode_ci ROW_FORMAT=DYNAMIC;

-- --------------------------------------------------------

--
-- Structure de la table `rewards`
--

CREATE TABLE `rewards` (
  `id` int UNSIGNED NOT NULL,
  `type` enum('account_charge','create_classes','buy','pass_the_quiz','certificate','comment','register','review_courses','instructor_meeting_reserve','student_meeting_reserve','newsletters','badge','referral','learning_progress_100','charge_wallet','buy_store_product','pass_assignment','send_post_in_topic','make_topic','create_blog_by_instructor','comment_for_instructor_blog') COLLATE utf8mb4_unicode_ci NOT NULL,
  `score` int UNSIGNED DEFAULT NULL,
  `condition` varchar(255) COLLATE utf8mb4_unicode_ci DEFAULT NULL,
  `status` enum('active','disabled') COLLATE utf8mb4_unicode_ci NOT NULL,
  `created_at` bigint UNSIGNED NOT NULL
) ENGINE=InnoDB DEFAULT CHARSET=utf8mb4 COLLATE=utf8mb4_unicode_ci;

--
-- Déchargement des données de la table `rewards`
--

INSERT INTO `rewards` (`id`, `type`, `score`, `condition`, `status`, `created_at`) VALUES
(3, 'charge_wallet', 50, '150', 'active', 1641205067),
(4, 'account_charge', 50, '100', 'active', 1641369989),
(5, 'badge', NULL, NULL, 'active', 1641300755),
(6, 'create_classes', 50, NULL, 'active', 1641369921),
(7, 'buy', 50, '10', 'active', 1641369938),
(8, 'pass_the_quiz', 50, NULL, 'active', 1641369947),
(9, 'certificate', 30, NULL, 'active', 1641369955),
(10, 'comment', 5, NULL, 'active', 1641369968),
(11, 'register', 5, NULL, 'active', 1641370008),
(12, 'review_courses', 15, NULL, 'active', 1641370016),
(13, 'instructor_meeting_reserve', 30, NULL, 'active', 1641370026),
(14, 'student_meeting_reserve', 30, NULL, 'active', 1641370036),
(15, 'newsletters', 10, NULL, 'active', 1641370050),
(16, 'referral', 5, NULL, 'active', 1641370059),
(18, 'learning_progress_100', 20, NULL, 'active', 1641372957),
(19, 'buy_store_product', 50, '26', 'active', 1648277874),
(20, 'pass_assignment', 50, NULL, 'active', 1649247227),
(21, 'make_topic', 1, NULL, 'active', 1650548269),
(22, 'send_post_in_topic', 1, NULL, 'active', 1650548278),
(23, 'create_blog_by_instructor', 5, NULL, 'active', 1650788324),
(24, 'comment_for_instructor_blog', 3, NULL, 'active', 1650788336);

-- --------------------------------------------------------

--
-- Structure de la table `rewards_accounting`
--

CREATE TABLE `rewards_accounting` (
  `id` int UNSIGNED NOT NULL,
  `user_id` int UNSIGNED NOT NULL,
  `item_id` int UNSIGNED DEFAULT NULL,
  `type` enum('account_charge','create_classes','buy','pass_the_quiz','certificate','comment','register','review_courses','instructor_meeting_reserve','student_meeting_reserve','newsletters','badge','referral','learning_progress_100','charge_wallet','withdraw','buy_store_product','pass_assignment','send_post_in_topic','make_topic','create_blog_by_instructor','comment_for_instructor_blog') COLLATE utf8mb4_unicode_ci NOT NULL,
  `score` int UNSIGNED NOT NULL,
  `status` enum('addiction','deduction') COLLATE utf8mb4_unicode_ci NOT NULL,
  `created_at` bigint UNSIGNED NOT NULL
) ENGINE=InnoDB DEFAULT CHARSET=utf8mb4 COLLATE=utf8mb4_unicode_ci;

--
-- Déchargement des données de la table `rewards_accounting`
--

INSERT INTO `rewards_accounting` (`id`, `user_id`, `item_id`, `type`, `score`, `status`, `created_at`) VALUES
(77, 1, 23, 'badge', 15, 'addiction', 1655618081),
(526, 1316, 1316, 'register', 5, 'addiction', 1724400805),
(528, 1318, 1318, 'register', 5, 'addiction', 1724424583),
(531, 1316, 21, 'badge', 5, 'addiction', 1724753222),
(535, 1318, 21, 'badge', 5, 'addiction', 1725296523),
(541, 1353, 21, 'badge', 5, 'addiction', 1725463559),
(544, 1367, 1367, 'register', 5, 'addiction', 1725558787),
(545, 1367, 21, 'badge', 5, 'addiction', 1725612799),
(555, 1369, 21, 'badge', 5, 'addiction', 1725956321),
(565, 1394, 1394, 'register', 5, 'addiction', 1726402639),
(567, 1396, 1396, 'register', 5, 'addiction', 1726506976),
(568, 1396, 21, 'badge', 5, 'addiction', 1726554203),
(570, 1394, 21, 'badge', 5, 'addiction', 1726833050),
(574, 1411, 1411, 'register', 5, 'addiction', 1726862868),
(577, 1411, 21, 'badge', 5, 'addiction', 1726928322),
(581, 1316, 22, 'badge', 10, 'addiction', 1727048981),
(584, 1426, 1426, 'register', 5, 'addiction', 1727177731),
(587, 1318, 22, 'badge', 10, 'addiction', 1727374422),
(600, 1406, 21, 'badge', 5, 'addiction', 1727959474),
(601, 1514, 21, 'badge', 5, 'addiction', 1727969269),
(602, 1530, 1530, 'register', 5, 'addiction', 1727971750),
(608, 1530, 21, 'badge', 5, 'addiction', 1728047901),
(610, 1508, 21, 'badge', 5, 'addiction', 1728056273),
(611, 1665, 1665, 'register', 5, 'addiction', 1728125726),
(612, 1665, 1665, 'newsletters', 10, 'addiction', 1728126599),
(613, 1666, 1666, 'register', 5, 'addiction', 1728127110),
(614, 1536, 21, 'badge', 5, 'addiction', 1728127229),
(616, 1426, 21, 'badge', 5, 'addiction', 1728133039),
(617, 1353, 22, 'badge', 10, 'addiction', 1728134039),
(619, 1367, 22, 'badge', 10, 'addiction', 1728233472),
(622, 1665, 21, 'badge', 5, 'addiction', 1728289940),
(623, 1669, 21, 'badge', 5, 'addiction', 1728290048),
(624, 1666, 21, 'badge', 5, 'addiction', 1728290056),
(628, 1670, 21, 'badge', 5, 'addiction', 1728300339),
(629, 1667, 21, 'badge', 5, 'addiction', 1728300781),
(630, 1708, 21, 'badge', 5, 'addiction', 1728381262),
(633, 1678, 21, 'badge', 5, 'addiction', 1728391553),
(634, 1369, 22, 'badge', 10, 'addiction', 1728459261),
(635, 1769, 21, 'badge', 5, 'addiction', 1728464365),
(638, 1762, 21, 'badge', 5, 'addiction', 1728468249),
(641, 1760, 21, 'badge', 5, 'addiction', 1728473954),
(644, 1684, 21, 'badge', 5, 'addiction', 1728557160),
(647, 1748, 21, 'badge', 5, 'addiction', 1728567626),
(648, 1792, 21, 'badge', 5, 'addiction', 1728577340),
(655, 1843, 21, 'badge', 5, 'addiction', 1728729518),
(656, 1842, 21, 'badge', 5, 'addiction', 1728730195),
(658, 1853, 21, 'badge', 5, 'addiction', 1728892407),
(659, 1864, 21, 'badge', 5, 'addiction', 1728894244),
(660, 1880, 1880, 'register', 5, 'addiction', 1728915450),
(661, 1867, 21, 'badge', 5, 'addiction', 1728930769),
(662, 1865, 21, 'badge', 5, 'addiction', 1728934209),
(665, 1881, 21, 'badge', 5, 'addiction', 1728982745),
(666, 1886, 21, 'badge', 5, 'addiction', 1728982760),
(667, 1880, 21, 'badge', 5, 'addiction', 1728984793),
(672, 1394, 22, 'badge', 10, 'addiction', 1729061468),
(676, 1888, 21, 'badge', 5, 'addiction', 1729075013),
(677, 1894, 21, 'badge', 5, 'addiction', 1729075751),
(684, 1901, 21, 'badge', 5, 'addiction', 1729094281),
(687, 1925, 21, 'badge', 5, 'addiction', 1729165438),
(688, 1899, 21, 'badge', 5, 'addiction', 1729166199),
(691, 1945, 21, 'badge', 5, 'addiction', 1729240907),
(695, 1954, 1954, 'register', 5, 'addiction', 1729268071),
(696, 1896, 21, 'badge', 5, 'addiction', 1729328792),
(697, 1954, 21, 'badge', 5, 'addiction', 1729331276),
(699, 1396, 22, 'badge', 10, 'addiction', 1729355120),
(701, 1411, 22, 'badge', 10, 'addiction', 1729507853),
(706, 1665, 24, 'badge', 10, 'addiction', 1729617206),
(707, 1665, 25, 'badge', 20, 'addiction', 1729619790),
(711, 1992, 1992, 'register', 5, 'addiction', 1729623802),
(712, 1992, 21, 'badge', 5, 'addiction', 1729684709),
(714, 1994, 1994, 'register', 5, 'addiction', 1729689296),
(715, 1908, 21, 'badge', 5, 'addiction', 1729690028),
(716, 1318, 1318, 'newsletters', 10, 'addiction', 1729716484),
(717, 1863, 21, 'badge', 5, 'addiction', 1729717778),
(720, 1977, 21, 'badge', 5, 'addiction', 1729772812),
(722, 2007, 2007, 'register', 5, 'addiction', 1729775449),
(723, 1316, 24, 'badge', 10, 'addiction', 1729780052),
(724, 1316, 25, 'badge', 20, 'addiction', 1729789396),
(725, 1954, 24, 'badge', 10, 'addiction', 1729789510),
(726, 1909, 21, 'badge', 5, 'addiction', 1729791597),
(727, 1316, 26, 'badge', 30, 'addiction', 1729792383),
(728, 2008, 21, 'badge', 5, 'addiction', 1729853373),
(729, 2004, 21, 'badge', 5, 'addiction', 1729960872),
(730, 2005, 21, 'badge', 5, 'addiction', 1729960931),
(731, 2012, 2012, 'register', 5, 'addiction', 1729967555),
(732, 2012, 21, 'badge', 5, 'addiction', 1730073547),
(733, 1994, 21, 'badge', 5, 'addiction', 1730073635),
(734, 1954, 25, 'badge', 20, 'addiction', 1730101827),
(736, 2007, 21, 'badge', 5, 'addiction', 1730117612),
(737, 2026, 2026, 'register', 5, 'addiction', 1730149363),
(739, 2016, 21, 'badge', 5, 'addiction', 1730189066),
(740, 2017, 21, 'badge', 5, 'addiction', 1730189306),
(741, 2019, 21, 'badge', 5, 'addiction', 1730196449),
(743, 1426, 22, 'badge', 10, 'addiction', 1730209204),
(744, 1862, 21, 'badge', 5, 'addiction', 1730225409),
(745, 2027, 21, 'badge', 5, 'addiction', 1730234736),
(746, 2028, 21, 'badge', 5, 'addiction', 1730234743),
(747, 1954, 26, 'badge', 30, 'addiction', 1730277341),
(751, 2079, 2079, 'register', 5, 'addiction', 1730317787),
(752, 2071, 21, 'badge', 5, 'addiction', 1730365231),
(753, 2073, 21, 'badge', 5, 'addiction', 1730365235),
(756, 2001, 21, 'badge', 5, 'addiction', 1730452802),
(757, 2003, 21, 'badge', 5, 'addiction', 1730452809),
(758, 2091, 2091, 'register', 5, 'addiction', 1730468388),
(759, 2081, 21, 'badge', 5, 'addiction', 1730478383),
(760, 2082, 21, 'badge', 5, 'addiction', 1730478415),
(761, 2061, 21, 'badge', 5, 'addiction', 1730485013),
(762, 2062, 21, 'badge', 5, 'addiction', 1730485017),
(763, 2054, 21, 'badge', 5, 'addiction', 1730487670),
(765, 2115, 2115, 'register', 5, 'addiction', 1730552682),
(766, 2125, 21, 'badge', 5, 'addiction', 1730618517),
(767, 2121, 21, 'badge', 5, 'addiction', 1730625175),
(768, 1530, 22, 'badge', 10, 'addiction', 1730639250),
(769, 2122, 21, 'badge', 5, 'addiction', 1730654782),
(770, 2124, 21, 'badge', 5, 'addiction', 1730654801),
(771, 2129, 21, 'badge', 5, 'addiction', 1730659468),
(772, 2115, 21, 'badge', 5, 'addiction', 1730712540),
(773, 2116, 21, 'badge', 5, 'addiction', 1730714988),
(774, 2145, 2145, 'register', 5, 'addiction', 1730735133),
(775, 1665, 22, 'badge', 10, 'addiction', 1730778226),
(776, 1666, 22, 'badge', 10, 'addiction', 1730781993),
(777, 1669, 22, 'badge', 10, 'addiction', 1730781999),
(778, 1670, 22, 'badge', 10, 'addiction', 1730782002),
(779, 2141, 21, 'badge', 5, 'addiction', 1730815494),
(781, 2099, 21, 'badge', 5, 'addiction', 1730897598),
(782, 2100, 21, 'badge', 5, 'addiction', 1730897602),
(783, 1954, 2109, 'learning_progress_100', 20, 'addiction', 1730912274),
(784, 2130, 21, 'badge', 5, 'addiction', 1730919944),
(785, 2131, 21, 'badge', 5, 'addiction', 1730921151),
(786, 2091, 21, 'badge', 5, 'addiction', 1730961187),
(787, 2079, 21, 'badge', 5, 'addiction', 1730961198),
(791, 2167, 21, 'badge', 5, 'addiction', 1731013616),
(792, 2168, 21, 'badge', 5, 'addiction', 1731013633),
(793, 1976, 21, 'badge', 5, 'addiction', 1731056872),
(794, 2026, 21, 'badge', 5, 'addiction', 1731100446),
(795, 2020, 2020, 'register', 5, 'addiction', 1731101768),
(796, 2020, 21, 'badge', 5, 'addiction', 1731101825),
(798, 1954, 2104, 'learning_progress_100', 20, 'addiction', 1731146595),
(799, 2145, 21, 'badge', 5, 'addiction', 1731153210),
(800, 2148, 21, 'badge', 5, 'addiction', 1731167238),
(801, 2149, 21, 'badge', 5, 'addiction', 1731167243),
(802, 2209, 21, 'badge', 5, 'addiction', 1731280052),
(803, 2211, 21, 'badge', 5, 'addiction', 1731280056),
(804, 1426, 24, 'badge', 10, 'addiction', 1731329327),
(805, 2266, 2266, 'register', 5, 'addiction', 1731354736),
(806, 2266, 21, 'badge', 5, 'addiction', 1731416386),
(807, 2127, 21, 'badge', 5, 'addiction', 1731438172),
(808, 2128, 21, 'badge', 5, 'addiction', 1731438175),
(809, 2126, 21, 'badge', 5, 'addiction', 1731439074),
(810, 2275, 21, 'badge', 5, 'addiction', 1731479199),
(811, 2283, 21, 'badge', 5, 'addiction', 1731493363),
(812, 2282, 21, 'badge', 5, 'addiction', 1731497263),
(813, 2142, 21, 'badge', 5, 'addiction', 1731512215),
(814, 2306, 2306, 'register', 5, 'addiction', 1731533322),
(815, 2308, 21, 'badge', 5, 'addiction', 1731583961),
(816, 2303, 21, 'badge', 5, 'addiction', 1731592389),
(817, 2306, 21, 'badge', 5, 'addiction', 1731600865),
(818, 1954, 2090, 'learning_progress_100', 20, 'addiction', 1731601142),
(819, 2304, 21, 'badge', 5, 'addiction', 1731603575),
(820, 1954, 2124, 'create_classes', 50, 'addiction', 1731604289),
(821, 1954, 2124, 'learning_progress_100', 20, 'addiction', 1731604339),
(822, 1, 2090, 'learning_progress_100', 20, 'addiction', 1731606859),
(823, 1880, 22, 'badge', 10, 'addiction', 1731607919),
(824, 2302, 21, 'badge', 5, 'addiction', 1731609543),
(825, 2215, 21, 'badge', 5, 'addiction', 1731612054),
(826, 2313, 21, 'badge', 5, 'addiction', 1731662232),
(827, 2314, 21, 'badge', 5, 'addiction', 1731662239),
(828, 1896, 22, 'badge', 10, 'addiction', 1731665664),
(829, 1954, 2125, 'create_classes', 50, 'addiction', 1731683679),
(831, 2387, 2387, 'register', 5, 'addiction', 1731706121),
(832, 1888, 22, 'badge', 10, 'addiction', 1731749957),
(833, 1889, 22, 'badge', 10, 'addiction', 1731750143),
(834, 1892, 22, 'badge', 10, 'addiction', 1731750283),
(835, 2392, 2392, 'register', 5, 'addiction', 1731753460),
(836, 1901, 22, 'badge', 10, 'addiction', 1731774293),
(837, 2405, 2405, 'register', 5, 'addiction', 1731775430),
(838, 2012, 2012, 'newsletters', 10, 'addiction', 1731779953),
(839, 1316, 2116, 'learning_progress_100', 20, 'addiction', 1731782042),
(840, 2184, 21, 'badge', 5, 'addiction', 1731796531),
(841, 2392, 21, 'badge', 5, 'addiction', 1731824535),
(843, 2221, 21, 'badge', 5, 'addiction', 1731845288),
(844, 2335, 21, 'badge', 5, 'addiction', 1731867638),
(845, 2336, 21, 'badge', 5, 'addiction', 1731867643),
(846, 2379, 21, 'badge', 5, 'addiction', 1731875508),
(847, 1667, 22, 'badge', 10, 'addiction', 1731919896),
(848, 2096, 21, 'badge', 5, 'addiction', 1731919909),
(849, 1954, 22, 'badge', 10, 'addiction', 1731935277),
(850, 2406, 21, 'badge', 5, 'addiction', 1731941513),
(851, 2278, 21, 'badge', 5, 'addiction', 1731967813),
(852, 2426, 2426, 'register', 5, 'addiction', 1732002696),
(853, 2426, 21, 'badge', 5, 'addiction', 1732002737),
(854, 2291, 21, 'badge', 5, 'addiction', 1732051799),
(855, 2292, 21, 'badge', 5, 'addiction', 1732051804),
(856, 2451, 2451, 'register', 5, 'addiction', 1732093530),
(857, 2457, 2457, 'register', 5, 'addiction', 1732121300),
(858, 2169, 21, 'badge', 5, 'addiction', 1732130710),
(859, 1426, 25, 'badge', 20, 'addiction', 1732134708),
(860, 2042, 21, 'badge', 5, 'addiction', 1732180891),
(861, 2451, 21, 'badge', 5, 'addiction', 1732185766),
(862, 1316, 2130, 'learning_progress_100', 20, 'addiction', 1732190702),
(863, 2473, 2473, 'register', 5, 'addiction', 1732260443),
(864, 2459, 21, 'badge', 5, 'addiction', 1732267837),
(866, 2460, 21, 'badge', 5, 'addiction', 1732281276),
(867, 2270, 21, 'badge', 5, 'addiction', 1732359974),
(868, 2271, 21, 'badge', 5, 'addiction', 1732359978),
(869, 1316, 2133, 'create_classes', 50, 'addiction', 1732365348),
(871, 2133, 21, 'badge', 5, 'addiction', 1732459035),
(872, 2506, 21, 'badge', 5, 'addiction', 1732525732),
(873, 2505, 21, 'badge', 5, 'addiction', 1732525739),
(874, 2503, 21, 'badge', 5, 'addiction', 1732525745),
(875, 2501, 21, 'badge', 5, 'addiction', 1732525750),
(876, 2499, 21, 'badge', 5, 'addiction', 1732525757),
(877, 2497, 21, 'badge', 5, 'addiction', 1732525763),
(878, 2473, 21, 'badge', 5, 'addiction', 1732534906),
(879, 2458, 21, 'badge', 5, 'addiction', 1732534920),
(880, 2457, 21, 'badge', 5, 'addiction', 1732534957),
(881, 2405, 21, 'badge', 5, 'addiction', 1732535283),
(882, 2239, 21, 'badge', 5, 'addiction', 1732541276),
(883, 2241, 21, 'badge', 5, 'addiction', 1732541290),
(884, 1954, 2135, 'learning_progress_100', 20, 'addiction', 1732551514),
(885, 2514, 21, 'badge', 5, 'addiction', 1732610270),
(886, 2511, 21, 'badge', 5, 'addiction', 1732610276),
(887, 2509, 21, 'badge', 5, 'addiction', 1732610283),
(888, 2507, 21, 'badge', 5, 'addiction', 1732610288),
(889, 2521, 21, 'badge', 5, 'addiction', 1732610301),
(890, 1536, 22, 'badge', 10, 'addiction', 1732614654),
(891, 1666, 24, 'badge', 10, 'addiction', 1732614697),
(892, 2120, 21, 'badge', 5, 'addiction', 1732632205),
(893, 2544, 2544, 'register', 5, 'addiction', 1732716058),
(894, 2542, 21, 'badge', 5, 'addiction', 1732719719),
(895, 1411, 25, 'badge', 20, 'addiction', 1732789820),
(896, 1411, 26, 'badge', 30, 'addiction', 1732791974),
(899, 1411, 24, 'badge', 10, 'addiction', 1732800386),
(900, 2558, 2558, 'register', 5, 'addiction', 1732822279),
(901, 1537, 22, 'badge', 10, 'addiction', 1732872565),
(902, 2529, 21, 'badge', 5, 'addiction', 1732873986),
(903, 1316, 2151, 'create_classes', 50, 'addiction', 1732904432),
(904, 2558, 21, 'badge', 5, 'addiction', 1732905424),
(905, 2544, 21, 'badge', 5, 'addiction', 1732905432),
(906, 1992, 22, 'badge', 10, 'addiction', 1732981599),
(907, 2570, 2570, 'register', 5, 'addiction', 1732984838),
(908, 2012, 22, 'badge', 10, 'addiction', 1732986841),
(909, 2571, 2571, 'register', 5, 'addiction', 1732991502),
(910, 2012, 24, 'badge', 10, 'addiction', 1733035039),
(911, 2026, 22, 'badge', 10, 'addiction', 1733041434),
(912, 2578, 2578, 'register', 5, 'addiction', 1733042382),
(913, 2576, 2576, 'register', 5, 'addiction', 1733042575),
(914, 2580, 2580, 'register', 5, 'addiction', 1733042652),
(915, 2579, 2579, 'register', 5, 'addiction', 1733042927),
(916, 2582, 2582, 'register', 5, 'addiction', 1733043563),
(917, 2583, 2583, 'register', 5, 'addiction', 1733043869),
(918, 2588, 2588, 'register', 5, 'addiction', 1733044565),
(919, 2590, 2590, 'register', 5, 'addiction', 1733044655),
(920, 2591, 2591, 'register', 5, 'addiction', 1733044737),
(921, 2593, 2593, 'register', 5, 'addiction', 1733044972),
(922, 2592, 2592, 'register', 5, 'addiction', 1733045042),
(923, 2595, 2595, 'register', 5, 'addiction', 1733047059),
(924, 2596, 2596, 'register', 5, 'addiction', 1733049964),
(925, 2597, 2597, 'register', 5, 'addiction', 1733050187),
(926, 2598, 2598, 'register', 5, 'addiction', 1733051021),
(927, 2599, 2599, 'register', 5, 'addiction', 1733051876),
(928, 2591, 24, 'badge', 10, 'addiction', 1733052023),
(929, 2071, 22, 'badge', 10, 'addiction', 1733052375),
(930, 2599, 2599, 'newsletters', 10, 'addiction', 1733052392),
(931, 1992, 24, 'badge', 10, 'addiction', 1733055590),
(932, 2600, 2600, 'register', 5, 'addiction', 1733065140),
(933, 2091, 22, 'badge', 10, 'addiction', 1733115744),
(934, 2598, 21, 'badge', 5, 'addiction', 1733133134),
(935, 2592, 21, 'badge', 5, 'addiction', 1733133188),
(936, 2591, 21, 'badge', 5, 'addiction', 1733133241),
(937, 2588, 21, 'badge', 5, 'addiction', 1733133304),
(939, 2595, 21, 'badge', 5, 'addiction', 1733145985),
(940, 2571, 21, 'badge', 5, 'addiction', 1733149839),
(941, 2596, 21, 'badge', 5, 'addiction', 1733160769),
(942, 2558, 2558, 'newsletters', 10, 'addiction', 1733163590),
(943, 2599, 21, 'badge', 5, 'addiction', 1733218249),
(944, 2600, 21, 'badge', 5, 'addiction', 1733235038),
(945, 1665, 2165, 'create_classes', 50, 'addiction', 1733236419),
(946, 1665, 2165, 'learning_progress_100', 20, 'addiction', 1733236469),
(947, 2612, 2612, 'register', 5, 'addiction', 1733237330),
(948, 2073, 22, 'badge', 10, 'addiction', 1733237440),
(949, 2613, 2613, 'register', 5, 'addiction', 1733239680),
(950, 1666, 25, 'badge', 20, 'addiction', 1733261197),
(951, 2612, 21, 'badge', 5, 'addiction', 1733295873),
(953, 2129, 22, 'badge', 10, 'addiction', 1733305621),
(954, 2130, 22, 'badge', 10, 'addiction', 1733305628),
(955, 2613, 21, 'badge', 5, 'addiction', 1733316194),
(957, 1901, 24, 'badge', 10, 'addiction', 1733398348),
(958, 2115, 22, 'badge', 10, 'addiction', 1733401525),
(959, 2606, 21, 'badge', 5, 'addiction', 1733408661),
(960, 2586, 21, 'badge', 5, 'addiction', 1733414423),
(961, 2142, 22, 'badge', 10, 'addiction', 1733414588),
(962, 2580, 21, 'badge', 5, 'addiction', 1733436945),
(963, 2623, 2623, 'register', 5, 'addiction', 1733463473),
(964, 2623, 24, 'badge', 10, 'addiction', 1733480888),
(965, 1316, 2152, 'create_classes', 50, 'addiction', 1733483191),
(967, 2624, 2624, 'register', 5, 'addiction', 1733488447),
(968, 2625, 2625, 'register', 5, 'addiction', 1733495047),
(969, 2392, 24, 'badge', 10, 'addiction', 1733497453),
(970, 2625, 21, 'badge', 5, 'addiction', 1733560913),
(971, 2004, 22, 'badge', 10, 'addiction', 1733568152),
(972, 2005, 22, 'badge', 10, 'addiction', 1733568163),
(973, 2167, 22, 'badge', 10, 'addiction', 1733591423),
(974, 2169, 22, 'badge', 10, 'addiction', 1733591466),
(975, 2630, 2630, 'register', 5, 'addiction', 1733673519),
(976, 2630, 21, 'badge', 5, 'addiction', 1733741082),
(977, 2582, 21, 'badge', 5, 'addiction', 1733741445),
(978, 2582, 24, 'badge', 10, 'addiction', 1733741445),
(979, 2629, 21, 'badge', 5, 'addiction', 1733743408),
(980, 2099, 22, 'badge', 10, 'addiction', 1733816180),
(981, 2100, 22, 'badge', 10, 'addiction', 1733816185),
(982, 2612, 24, 'badge', 10, 'addiction', 1733849288),
(983, 1509, 22, 'badge', 10, 'addiction', 1733915717),
(984, 1510, 22, 'badge', 10, 'addiction', 1733917164),
(985, 2644, 2644, 'register', 5, 'addiction', 1733932427),
(986, 2644, 24, 'badge', 10, 'addiction', 1733932809),
(987, 2644, 21, 'badge', 5, 'addiction', 1734039200),
(988, 2655, 2655, 'register', 5, 'addiction', 1734098988),
(989, 2642, 21, 'badge', 5, 'addiction', 1734176328),
(990, 2651, 21, 'badge', 5, 'addiction', 1734220005),
(991, 2573, 21, 'badge', 5, 'addiction', 1734223039),
(992, 2239, 22, 'badge', 10, 'addiction', 1734332370),
(993, 2241, 22, 'badge', 10, 'addiction', 1734332374),
(994, 2096, 22, 'badge', 10, 'addiction', 1734431378),
(995, 2306, 22, 'badge', 10, 'addiction', 1734604437),
(996, 2655, 21, 'badge', 5, 'addiction', 1734618732),
(997, 2313, 22, 'badge', 10, 'addiction', 1734708872),
(998, 2624, 21, 'badge', 5, 'addiction', 1734709403),
(999, 2624, 24, 'badge', 10, 'addiction', 1734709403),
(1000, 2215, 22, 'badge', 10, 'addiction', 1734728728),
(1001, 2221, 22, 'badge', 10, 'addiction', 1734729104),
(1002, 2392, 22, 'badge', 10, 'addiction', 1734770546);

-- --------------------------------------------------------

--
-- Structure de la table `roles`
--

CREATE TABLE `roles` (
  `id` int UNSIGNED NOT NULL,
  `name` varchar(64) COLLATE utf8mb4_unicode_ci NOT NULL,
  `caption` varchar(64) COLLATE utf8mb4_unicode_ci NOT NULL,
  `users_count` int UNSIGNED NOT NULL DEFAULT '0',
  `is_admin` tinyint(1) NOT NULL DEFAULT '0',
  `created_at` int UNSIGNED NOT NULL
) ENGINE=InnoDB DEFAULT CHARSET=utf8mb4 COLLATE=utf8mb4_unicode_ci ROW_FORMAT=DYNAMIC;

--
-- Déchargement des données de la table `roles`
--

INSERT INTO `roles` (`id`, `name`, `caption`, `users_count`, `is_admin`, `created_at`) VALUES
(1, 'user', 'User role', 0, 0, 1683564920),
(2, 'admin', 'Admin role', 0, 1, 1683564920),
(3, 'organization', 'Organization role', 0, 0, 1683564920),
(4, 'teacher', 'Teacher role', 0, 0, 1683564920),
(8, 'enfant', 'enfant', 0, 0, 1718730631),
(9, 'School', 'School', 0, 1, 1718730631),
(10, 'Inspector', 'Inspector', 0, 1, 1732525369);

-- --------------------------------------------------------

--
-- Structure de la table `sales`
--

CREATE TABLE `sales` (
  `id` int UNSIGNED NOT NULL,
  `seller_id` int UNSIGNED DEFAULT NULL,
  `buyer_id` int UNSIGNED NOT NULL,
  `order_id` int UNSIGNED DEFAULT NULL,
  `webinar_id` int UNSIGNED DEFAULT NULL,
  `bundle_id` int UNSIGNED DEFAULT NULL,
  `meeting_id` int UNSIGNED DEFAULT NULL,
  `subscribe_id` int UNSIGNED DEFAULT NULL,
  `ticket_id` int UNSIGNED DEFAULT NULL,
  `promotion_id` int UNSIGNED DEFAULT NULL,
  `product_order_id` int UNSIGNED DEFAULT NULL,
  `registration_package_id` int UNSIGNED DEFAULT NULL,
  `type` enum('webinar','meeting','subscribe','promotion','registration_package','product','bundle') COLLATE utf8mb4_unicode_ci NOT NULL,
  `payment_method` enum('credit','payment_channel','subscribe') COLLATE utf8mb4_unicode_ci DEFAULT NULL,
  `amount` int UNSIGNED NOT NULL,
  `tax` decimal(13,2) DEFAULT NULL,
  `commission` decimal(13,2) DEFAULT NULL,
  `discount` decimal(13,2) DEFAULT NULL,
  `total_amount` decimal(13,2) DEFAULT NULL,
  `product_delivery_fee` decimal(13,2) DEFAULT NULL,
  `manual_added` tinyint(1) NOT NULL DEFAULT '0',
  `access_to_purchased_item` tinyint(1) NOT NULL DEFAULT '1',
  `created_at` int UNSIGNED NOT NULL,
  `refund_at` int UNSIGNED DEFAULT NULL
) ENGINE=InnoDB DEFAULT CHARSET=utf8mb4 COLLATE=utf8mb4_unicode_ci ROW_FORMAT=DYNAMIC;

--
-- Déchargement des données de la table `sales`
--

INSERT INTO `sales` (`id`, `seller_id`, `buyer_id`, `order_id`, `webinar_id`, `bundle_id`, `meeting_id`, `subscribe_id`, `ticket_id`, `promotion_id`, `product_order_id`, `registration_package_id`, `type`, `payment_method`, `amount`, `tax`, `commission`, `discount`, `total_amount`, `product_delivery_fee`, `manual_added`, `access_to_purchased_item`, `created_at`, `refund_at`) VALUES
(141, 1015, 996, 307, NULL, NULL, 30, NULL, NULL, NULL, NULL, NULL, 'meeting', 'credit', 150, 15.00, 30.00, 0.00, 165.00, NULL, 0, 1, 1625944345, NULL),
(142, 934, 995, 308, NULL, NULL, 31, NULL, NULL, NULL, NULL, NULL, 'meeting', 'credit', 100, 10.00, 20.00, 0.00, 110.00, NULL, 0, 1, 1625952627, NULL),
(143, 4, 995, 309, 2005, NULL, NULL, NULL, NULL, NULL, NULL, NULL, 'webinar', 'credit', 10, 1.00, 2.00, 0.00, 11.00, NULL, 0, 1, 1625953196, NULL),
(144, 1015, 995, 310, NULL, NULL, 30, NULL, NULL, NULL, NULL, NULL, 'meeting', 'credit', 125, 12.50, 25.00, 0.00, 137.50, NULL, 0, 1, 1625996812, NULL),
(145, 1016, 995, NULL, 1995, NULL, NULL, NULL, NULL, NULL, NULL, NULL, 'webinar', 'credit', 0, NULL, NULL, NULL, NULL, NULL, 0, 1, 1625996905, NULL),
(146, 929, 995, 311, 1999, NULL, NULL, NULL, NULL, NULL, NULL, NULL, 'webinar', 'credit', 50, 5.00, 5.00, 0.00, 55.00, NULL, 0, 1, 1625996941, NULL),
(147, 1015, 995, 312, 1998, NULL, NULL, NULL, NULL, NULL, NULL, NULL, 'webinar', 'credit', 100, 5.00, 10.00, 50.00, 55.00, NULL, 0, 1, 1625996978, NULL),
(148, 3, 995, 313, 2001, NULL, NULL, NULL, NULL, NULL, NULL, NULL, 'webinar', 'credit', 20, 1.60, 1.60, 4.00, 17.60, NULL, 0, 1, 1625997104, NULL),
(149, 1015, 996, NULL, 1996, NULL, NULL, NULL, NULL, NULL, NULL, NULL, 'webinar', 'credit', 0, NULL, NULL, NULL, NULL, NULL, 0, 1, 1626060382, NULL),
(150, 934, 996, NULL, 1997, NULL, NULL, NULL, NULL, NULL, NULL, NULL, 'webinar', 'credit', 0, NULL, NULL, NULL, NULL, NULL, 0, 1, 1626060412, NULL),
(151, 867, 996, 314, 2006, NULL, NULL, NULL, NULL, NULL, NULL, NULL, 'webinar', 'credit', 25, 2.25, 4.50, 2.50, 24.75, NULL, 0, 1, 1626060487, NULL),
(152, 1015, 996, 315, 1998, NULL, NULL, NULL, NULL, NULL, NULL, NULL, 'webinar', 'credit', 100, 4.00, 8.00, 60.00, 44.00, NULL, 0, 1, 1626060552, NULL),
(153, 1015, 979, NULL, 1996, NULL, NULL, NULL, NULL, NULL, NULL, NULL, 'webinar', 'credit', 0, NULL, NULL, NULL, NULL, NULL, 0, 1, 1626060740, NULL),
(154, 1015, 930, NULL, 1996, NULL, NULL, NULL, NULL, NULL, NULL, NULL, 'webinar', 'credit', 0, NULL, NULL, NULL, NULL, NULL, 0, 1, 1626060773, NULL),
(155, 1015, 930, 316, 1998, NULL, NULL, NULL, NULL, NULL, NULL, NULL, 'webinar', 'credit', 100, 5.00, 10.00, 50.00, 55.00, NULL, 0, 1, 1626060835, NULL),
(156, 929, 979, 317, 2004, NULL, NULL, NULL, NULL, NULL, NULL, NULL, 'webinar', 'credit', 60, 6.00, 6.00, 0.00, 66.00, NULL, 0, 1, 1626061332, NULL),
(157, 863, 979, 318, 2002, NULL, NULL, NULL, NULL, NULL, NULL, NULL, 'webinar', 'credit', 20, 2.00, 4.00, 0.00, 22.00, NULL, 0, 1, 1626061373, NULL),
(158, 867, 979, 318, 2000, NULL, NULL, NULL, NULL, NULL, NULL, NULL, 'webinar', 'credit', 30, 3.00, 6.00, 0.00, 33.00, NULL, 0, 1, 1626061374, NULL),
(159, NULL, 995, 319, NULL, NULL, NULL, 3, NULL, NULL, NULL, NULL, 'subscribe', 'credit', 20, 2.00, 0.00, NULL, 22.00, NULL, 0, 1, 1626061450, NULL),
(160, 867, 995, NULL, 2006, NULL, NULL, NULL, NULL, NULL, NULL, NULL, 'webinar', 'subscribe', 0, NULL, NULL, NULL, 0.00, NULL, 0, 1, 1626061483, NULL),
(161, 929, 995, NULL, 2004, NULL, NULL, NULL, NULL, NULL, NULL, NULL, 'webinar', 'subscribe', 0, NULL, NULL, NULL, 0.00, NULL, 0, 0, 1626061490, NULL),
(162, 863, 995, NULL, 2002, NULL, NULL, NULL, NULL, NULL, NULL, NULL, 'webinar', 'subscribe', 0, NULL, NULL, NULL, 0.00, NULL, 0, 1, 1626061494, NULL),
(163, 1015, 995, NULL, 1996, NULL, NULL, NULL, NULL, NULL, NULL, NULL, 'webinar', 'credit', 0, NULL, NULL, NULL, NULL, NULL, 0, 1, 1626062834, NULL),
(164, 1016, 996, NULL, 1995, NULL, NULL, NULL, NULL, NULL, NULL, NULL, 'webinar', 'credit', 0, NULL, NULL, NULL, NULL, NULL, 0, 1, 1626129811, NULL),
(165, 1016, 1015, NULL, 1995, NULL, NULL, NULL, NULL, NULL, NULL, NULL, 'webinar', 'credit', 0, NULL, NULL, NULL, NULL, NULL, 0, 1, 1626132407, NULL),
(166, 863, 1015, 321, 2002, NULL, NULL, NULL, NULL, NULL, NULL, NULL, 'webinar', 'credit', 20, 1.60, 3.20, 4.00, 17.60, NULL, 0, 1, 1626132844, NULL),
(167, NULL, 929, 323, 2004, NULL, NULL, NULL, NULL, 3, NULL, NULL, 'promotion', 'credit', 50, 5.00, 0.00, NULL, 55.00, NULL, 0, 1, 1626241152, NULL),
(168, 864, 929, 324, 2003, NULL, NULL, NULL, NULL, NULL, NULL, NULL, 'webinar', 'credit', 40, 3.00, 6.00, 10.00, 33.00, NULL, 0, 1, 1626241212, NULL),
(169, 1015, 929, NULL, 1996, NULL, NULL, NULL, NULL, NULL, NULL, NULL, 'webinar', 'credit', 0, NULL, NULL, NULL, NULL, NULL, 0, 1, 1626243340, NULL),
(170, 870, 995, 325, NULL, NULL, 33, NULL, NULL, NULL, NULL, NULL, 'meeting', 'credit', 100, 10.00, 20.00, 0.00, 110.00, NULL, 0, 1, 1626247195, 1626247245),
(171, 867, 996, 327, 2000, NULL, NULL, NULL, NULL, NULL, NULL, NULL, 'webinar', 'credit', 30, 2.70, 5.40, 3.00, 29.70, NULL, 0, 1, 1626508956, NULL),
(172, 867, 995, NULL, 2007, NULL, NULL, NULL, NULL, NULL, NULL, NULL, 'webinar', 'credit', 0, NULL, NULL, NULL, 0.00, NULL, 0, 1, 1635408189, NULL),
(173, 867, 929, 328, 2000, NULL, NULL, NULL, NULL, NULL, NULL, NULL, 'webinar', 'credit', 30, 3.00, 6.00, 0.00, 33.00, NULL, 0, 1, 1635412196, NULL),
(174, 867, 1017, 330, 2000, NULL, NULL, NULL, NULL, NULL, NULL, NULL, 'webinar', 'credit', 30, 3.00, 6.00, 0.00, 33.00, NULL, 0, 1, 1639379284, NULL),
(175, 1016, 1017, NULL, 1995, NULL, NULL, NULL, NULL, NULL, NULL, NULL, 'webinar', 'credit', 0, NULL, NULL, NULL, 0.00, NULL, 0, 1, 1639379336, NULL),
(176, 1015, 1017, 331, 1998, NULL, NULL, NULL, NULL, NULL, NULL, NULL, 'webinar', 'credit', 100, 10.00, 20.00, 0.00, 110.00, NULL, 0, 1, 1639379350, NULL),
(177, 864, 1017, 332, 2003, NULL, NULL, NULL, NULL, NULL, NULL, NULL, 'webinar', 'credit', 40, 3.00, 6.00, 10.00, 33.00, NULL, 0, 1, 1639379388, NULL),
(178, 1015, 995, NULL, 2008, NULL, NULL, NULL, NULL, NULL, NULL, NULL, 'webinar', 'credit', 0, NULL, NULL, NULL, 0.00, NULL, 0, 1, 1646127212, NULL),
(179, 1015, 995, 333, 2009, NULL, NULL, NULL, NULL, NULL, NULL, NULL, 'webinar', 'credit', 10, 1.00, 2.00, 0.00, 11.00, NULL, 0, 1, 1646172086, NULL),
(180, 1015, 996, 334, 2009, NULL, NULL, NULL, NULL, NULL, NULL, NULL, 'webinar', 'credit', 10, 0.90, 1.80, 1.00, 9.90, NULL, 0, 1, 1646172123, NULL),
(181, 1015, 979, 335, 2009, NULL, NULL, NULL, NULL, NULL, NULL, NULL, 'webinar', 'credit', 10, 1.00, 2.00, 0.00, 11.00, NULL, 0, 1, 1646172159, NULL),
(182, 1015, 929, 336, 2009, NULL, NULL, NULL, NULL, NULL, NULL, NULL, 'webinar', 'credit', 10, 1.00, 2.00, 0.00, 11.00, NULL, 0, 1, 1646172296, NULL),
(183, 1015, 996, NULL, 2008, NULL, NULL, NULL, NULL, NULL, NULL, NULL, 'webinar', 'credit', 0, NULL, NULL, NULL, 0.00, NULL, 0, 1, 1646174000, NULL),
(184, 1015, 1017, NULL, 2008, NULL, NULL, NULL, NULL, NULL, NULL, NULL, 'webinar', 'credit', 0, NULL, NULL, NULL, 0.00, NULL, 0, 1, 1646174029, NULL),
(185, 1015, 1016, NULL, 2008, NULL, NULL, NULL, NULL, NULL, NULL, NULL, 'webinar', 'credit', 0, NULL, NULL, NULL, 0.00, NULL, 0, 1, 1646326504, NULL),
(186, 1015, 995, 337, NULL, NULL, 30, NULL, NULL, NULL, NULL, NULL, 'meeting', 'credit', 750, 75.00, 150.00, 0.00, 825.00, NULL, 0, 1, 1646379288, NULL),
(187, NULL, 930, 339, NULL, NULL, NULL, NULL, NULL, NULL, NULL, 2, 'registration_package', 'credit', 199, 19.90, 0.00, NULL, 218.90, NULL, 0, 1, 1646386787, NULL),
(188, NULL, 859, 340, NULL, NULL, NULL, NULL, NULL, NULL, NULL, 4, 'registration_package', 'credit', 200, 20.00, 0.00, NULL, 220.00, NULL, 0, 1, 1646387655, NULL),
(189, 929, 995, NULL, 2010, NULL, NULL, NULL, NULL, NULL, NULL, NULL, 'webinar', 'credit', 0, NULL, NULL, NULL, 0.00, NULL, 0, 1, 1655872666, NULL),
(190, 929, 996, NULL, 2010, NULL, NULL, NULL, NULL, NULL, NULL, NULL, 'webinar', 'credit', 0, NULL, NULL, NULL, 0.00, NULL, 0, 1, 1655875500, NULL),
(191, 929, 930, NULL, 2010, NULL, NULL, NULL, NULL, NULL, NULL, NULL, 'webinar', 'credit', 0, NULL, NULL, NULL, 0.00, NULL, 0, 1, 1655877104, NULL),
(192, 1015, 930, 341, NULL, 1, NULL, NULL, NULL, NULL, NULL, NULL, 'bundle', 'credit', 50, 5.00, 10.00, 0.00, 55.00, 0.00, 0, 1, 1656083262, NULL),
(193, 1016, 995, 342, NULL, NULL, NULL, NULL, NULL, NULL, 1, NULL, 'product', 'credit', 5, 0.25, 1.00, 0.00, 5.25, 0.00, 0, 1, 1656103844, NULL),
(194, 1015, 923, 343, NULL, NULL, NULL, NULL, NULL, NULL, 2, NULL, 'product', 'credit', 25, 1.25, 2.50, 0.00, 31.25, 5.00, 0, 1, 1656104131, NULL),
(195, 864, 996, 344, 2003, NULL, NULL, NULL, NULL, NULL, NULL, NULL, 'webinar', 'credit', 40, 3.60, 7.20, 4.00, 39.60, 0.00, 0, 1, 1656130481, NULL),
(196, 934, 930, 345, NULL, NULL, NULL, NULL, NULL, NULL, 3, NULL, 'product', 'credit', 290, 14.50, 29.00, 0.00, 314.50, 10.00, 0, 1, 1656130707, NULL),
(197, 1015, 996, 346, NULL, NULL, NULL, NULL, NULL, NULL, 4, NULL, 'product', 'credit', 75, 3.75, 15.00, 0.00, 78.75, 0.00, 0, 1, 1656130963, NULL),
(198, 934, 979, 347, NULL, 2, NULL, NULL, NULL, NULL, NULL, NULL, 'bundle', 'credit', 8, 0.80, 1.60, 0.00, 8.80, 0.00, 0, 1, 1656139703, NULL),
(199, 929, 979, 347, NULL, 3, NULL, NULL, NULL, NULL, NULL, NULL, 'bundle', 'credit', 25, 2.50, 5.00, 0.00, 27.50, 0.00, 0, 1, 1656139705, NULL),
(200, 1015, 1017, 348, NULL, NULL, NULL, NULL, NULL, NULL, 5, NULL, 'product', 'credit', 25, 1.00, 2.00, 5.00, 26.00, 5.00, 0, 1, 1656148574, NULL),
(201, 1015, 995, 350, NULL, NULL, NULL, NULL, NULL, NULL, 6, NULL, 'product', 'credit', 50, 2.25, 4.50, 5.00, 52.25, 5.00, 0, 1, 1656148838, NULL),
(202, 1, 995, 351, NULL, NULL, NULL, NULL, NULL, NULL, 7, NULL, 'product', 'credit', 20, 1.00, 4.00, 4.00, 17.00, 0.00, 0, 1, 1656322658, NULL),
(203, 934, 1017, NULL, 1997, NULL, NULL, NULL, NULL, NULL, NULL, NULL, 'webinar', 'credit', 0, NULL, NULL, NULL, 0.00, NULL, 0, 1, 1674752173, NULL),
(204, 1015, 1017, NULL, 1996, NULL, NULL, NULL, NULL, NULL, NULL, NULL, 'webinar', 'credit', 0, NULL, NULL, NULL, 0.00, NULL, 0, 1, 1674752306, NULL),
(205, 4, 1017, 356, 2005, NULL, NULL, NULL, NULL, NULL, NULL, NULL, 'webinar', 'credit', 10, 1.00, 2.00, 0.00, 11.00, 0.00, 0, 1, 1677238935, NULL),
(206, 934, 1024, NULL, 1997, NULL, NULL, NULL, NULL, NULL, NULL, NULL, 'webinar', 'credit', 0, NULL, NULL, NULL, 0.00, NULL, 0, 1, 1679096238, NULL),
(207, 3, 1024, 361, 2001, NULL, NULL, NULL, NULL, NULL, NULL, NULL, 'webinar', 'credit', 20, 1.60, 3.20, 4.00, 17.60, 0.00, 0, 1, 1679097283, NULL),
(208, 929, 1024, 362, 2004, NULL, NULL, NULL, NULL, NULL, NULL, NULL, 'webinar', 'credit', 60, 3.60, 7.20, 24.00, 39.60, 0.00, 0, 1, 1679097395, NULL),
(209, 4, 1024, 363, 2005, NULL, NULL, NULL, NULL, NULL, NULL, NULL, 'webinar', 'credit', 10, 1.00, 2.00, 0.00, 11.00, 0.00, 0, 1, 1679097505, NULL),
(210, 1015, 1024, 364, NULL, NULL, 30, NULL, NULL, NULL, NULL, NULL, 'meeting', 'credit', 375, 37.50, 75.00, 0.00, 412.50, 0.00, 0, 1, 1679097723, NULL),
(211, NULL, 1024, 365, NULL, NULL, NULL, 4, NULL, NULL, NULL, NULL, 'subscribe', 'credit', 100, 10.00, 0.00, NULL, 110.00, NULL, 0, 1, 1679098267, NULL),
(212, 867, 1024, 366, 2000, NULL, NULL, NULL, NULL, NULL, NULL, NULL, 'webinar', 'credit', 30, 3.00, 6.00, 0.00, 33.00, 0.00, 0, 1, 1679098715, NULL),
(213, 1015, 1024, 367, 1996, NULL, NULL, NULL, NULL, NULL, NULL, NULL, 'webinar', 'credit', 200, 20.00, 40.00, 0.00, 220.00, 0.00, 0, 1, 1679098992, NULL),
(214, 867, 1027, NULL, 2006, NULL, NULL, NULL, NULL, NULL, NULL, NULL, 'webinar', 'credit', 0, NULL, NULL, NULL, 0.00, NULL, 1, 1, 1680220086, NULL),
(215, 1015, 995, 370, NULL, NULL, 30, NULL, NULL, NULL, NULL, NULL, 'meeting', 'credit', 100, 10.00, 20.00, 0.00, 110.00, 0.00, 0, 1, 1680222236, NULL),
(216, 929, 995, 371, 2004, NULL, NULL, NULL, NULL, NULL, NULL, NULL, 'webinar', 'credit', 60, 3.60, 7.20, 24.00, 39.60, 0.00, 0, 1, 1680222879, NULL),
(217, 929, 1019, NULL, 2004, NULL, NULL, NULL, NULL, NULL, NULL, NULL, 'webinar', 'credit', 0, NULL, NULL, NULL, 0.00, NULL, 1, 1, 1680304765, NULL),
(218, NULL, 995, 373, NULL, NULL, NULL, 4, NULL, NULL, NULL, NULL, 'subscribe', 'credit', 100, 10.00, 0.00, NULL, 110.00, NULL, 0, 1, 1681783495, NULL),
(219, 1015, 995, NULL, 2018, NULL, NULL, NULL, NULL, NULL, NULL, NULL, 'webinar', 'credit', 0, NULL, NULL, NULL, 0.00, NULL, 0, 1, 1682273724, NULL),
(220, 929, 995, 375, NULL, NULL, 32, NULL, NULL, NULL, NULL, NULL, 'meeting', 'credit', 1250, 125.00, 250.00, 0.00, 1375.00, 0.00, 0, 1, 1682274299, NULL),
(221, 864, 995, 377, 2003, NULL, NULL, NULL, NULL, NULL, NULL, NULL, 'webinar', 'credit', 40, 4.00, 8.00, 0.00, 44.00, 0.00, 0, 1, 1682872506, NULL),
(222, 1015, 995, 390, NULL, NULL, 30, NULL, NULL, NULL, NULL, NULL, 'meeting', 'credit', 250, 25.00, 50.00, 0.00, 275.00, 0.00, 0, 1, 1683238180, NULL),
(223, 1015, 995, 391, NULL, NULL, 30, NULL, NULL, NULL, NULL, NULL, 'meeting', 'credit', 500, 50.00, 100.00, 0.00, 550.00, 0.00, 0, 1, 1683238794, NULL),
(224, 1015, 995, 392, NULL, NULL, 30, NULL, NULL, NULL, NULL, NULL, 'meeting', 'credit', 500, 50.00, 100.00, 0.00, 550.00, 0.00, 0, 1, 1683289781, NULL),
(225, 1015, 995, 393, NULL, NULL, 30, NULL, NULL, NULL, NULL, NULL, 'meeting', 'credit', 500, 50.00, 100.00, 0.00, 550.00, 0.00, 0, 1, 1683551248, NULL),
(226, 1015, 995, 394, NULL, NULL, 30, NULL, NULL, NULL, NULL, NULL, 'meeting', 'credit', 200, 20.00, 40.00, 0.00, 220.00, 0.00, 0, 1, 1683551815, NULL),
(227, 1015, 995, 395, 2022, NULL, NULL, NULL, NULL, NULL, NULL, NULL, 'webinar', 'credit', 20, 2.00, 4.00, 0.00, 22.00, 0.00, 0, 1, 1683553975, NULL),
(228, 867, 995, 396, 2000, NULL, NULL, NULL, NULL, NULL, NULL, NULL, 'webinar', 'credit', 30, 3.00, 6.00, 0.00, 33.00, 0.00, 0, 1, 1684329995, NULL),
(235, 1015, 995, 406, NULL, NULL, 30, NULL, NULL, NULL, NULL, NULL, 'meeting', 'credit', 250, 25.00, 50.00, 0.00, 275.00, 0.00, 0, 1, 1686836838, NULL),
(236, 1015, 995, 407, NULL, NULL, 30, NULL, NULL, NULL, NULL, NULL, 'meeting', 'credit', 375, 37.50, 75.00, 0.00, 412.50, 0.00, 0, 1, 1687250813, NULL),
(239, 1015, 995, 409, NULL, NULL, 30, NULL, NULL, NULL, NULL, NULL, 'meeting', 'credit', 250, 25.00, 50.00, 0.00, 275.00, 0.00, 0, 1, 1688654490, NULL),
(240, 1015, 995, 410, NULL, NULL, 30, NULL, NULL, NULL, NULL, NULL, 'meeting', 'credit', 250, 25.00, 50.00, 0.00, 275.00, 0.00, 0, 1, 1688765259, NULL),
(242, 1015, 995, 411, NULL, NULL, 30, NULL, NULL, NULL, NULL, NULL, 'meeting', 'credit', 250, 25.00, 50.00, 0.00, 275.00, 0.00, 0, 1, 1689185327, NULL),
(243, 929, 995, 412, NULL, NULL, 32, NULL, NULL, NULL, NULL, NULL, 'meeting', 'credit', 750, 75.00, 150.00, 0.00, 825.00, 0.00, 0, 1, 1689605048, NULL),
(244, 1015, 1097, 413, NULL, NULL, 30, NULL, NULL, NULL, NULL, NULL, 'meeting', 'credit', 250, 25.00, 50.00, 0.00, 275.00, 0.00, 0, 1, 1689942823, NULL),
(253, 1112, 995, 419, NULL, NULL, 40, NULL, NULL, NULL, NULL, NULL, 'meeting', 'credit', 600, 57.00, 114.00, 30.00, 627.00, 0.00, 0, 1, 1695206916, NULL),
(257, 3, 1105, 423, 2001, NULL, NULL, NULL, NULL, NULL, NULL, NULL, 'webinar', 'credit', 20, 2.00, 4.00, 0.00, 22.00, 0.00, 0, 1, 1699560328, NULL),
(258, 1015, 1122, 426, NULL, NULL, 30, NULL, NULL, NULL, NULL, NULL, 'meeting', 'credit', 250, 25.00, 50.00, 0.00, 275.00, 0.00, 0, 1, 1707473589, NULL),
(259, 870, 1122, 427, NULL, NULL, 33, NULL, NULL, NULL, NULL, NULL, 'meeting', 'credit', 150, 15.00, 30.00, 0.00, 165.00, 0.00, 0, 1, 1707477450, NULL),
(260, 1015, 1122, 428, NULL, NULL, 30, NULL, NULL, NULL, NULL, NULL, 'meeting', 'credit', 75, 7.50, 15.00, 0.00, 82.50, 0.00, 0, 1, 1711508179, NULL),
(261, 923, 1122, 428, NULL, NULL, 29, NULL, NULL, NULL, NULL, NULL, 'meeting', 'credit', 200, 18.00, 36.00, 20.00, 198.00, 0.00, 0, 1, 1711508179, NULL),
(262, 934, 1122, 428, NULL, NULL, 31, NULL, NULL, NULL, NULL, NULL, 'meeting', 'credit', 100, 10.00, 20.00, 0.00, 110.00, 0.00, 0, 1, 1711508179, NULL),
(263, NULL, 1219, 430, NULL, NULL, NULL, 4, NULL, NULL, NULL, NULL, 'subscribe', 'credit', 100, 10.00, 0.00, NULL, 110.00, NULL, 0, 1, 1719323252, NULL),
(264, NULL, 1220, NULL, NULL, NULL, NULL, 5, NULL, NULL, NULL, NULL, 'subscribe', 'subscribe', 50, NULL, NULL, NULL, 55.00, NULL, 0, 1, 1719341733, NULL),
(265, NULL, 1220, NULL, NULL, NULL, NULL, 5, NULL, NULL, NULL, NULL, 'subscribe', 'subscribe', 50, NULL, NULL, NULL, 55.00, NULL, 0, 1, 1719341808, NULL),
(266, NULL, 1220, 436, NULL, NULL, NULL, 5, NULL, NULL, NULL, NULL, 'subscribe', 'subscribe', 50, NULL, NULL, NULL, 55.00, NULL, 0, 1, 1719341942, NULL),
(267, NULL, 1228, 437, NULL, NULL, NULL, 5, NULL, NULL, NULL, NULL, 'subscribe', 'subscribe', 50, NULL, NULL, NULL, 55.00, NULL, 0, 1, 1719408589, NULL),
(268, NULL, 1230, 438, NULL, NULL, NULL, 5, NULL, NULL, NULL, NULL, 'subscribe', 'subscribe', 50, NULL, NULL, NULL, 55.00, NULL, 0, 1, 1719484259, NULL),
(269, NULL, 1230, 439, NULL, NULL, NULL, 5, NULL, NULL, NULL, NULL, 'subscribe', 'subscribe', 50, NULL, NULL, NULL, 55.00, NULL, 0, 1, 1719484436, NULL),
(270, NULL, 1233, 440, NULL, NULL, NULL, 5, NULL, NULL, NULL, NULL, 'subscribe', 'subscribe', 50, NULL, NULL, NULL, 55.00, NULL, 0, 1, 1719486045, NULL),
(271, NULL, 1235, 441, NULL, NULL, NULL, 5, NULL, NULL, NULL, NULL, 'subscribe', 'subscribe', 50, NULL, NULL, NULL, 55.00, NULL, 0, 1, 1719486864, NULL),
(272, NULL, 1235, 442, NULL, NULL, NULL, 5, NULL, NULL, NULL, NULL, 'subscribe', 'subscribe', 50, NULL, NULL, NULL, 55.00, NULL, 0, 1, 1719486886, NULL),
(273, NULL, 1235, 443, NULL, NULL, NULL, 5, NULL, NULL, NULL, NULL, 'subscribe', 'subscribe', 50, NULL, NULL, NULL, 55.00, NULL, 0, 1, 1719487051, NULL),
(274, NULL, 1235, 444, NULL, NULL, NULL, 5, NULL, NULL, NULL, NULL, 'subscribe', 'subscribe', 50, NULL, NULL, NULL, 55.00, NULL, 0, 1, 1719487076, NULL),
(276, NULL, 1235, 446, NULL, NULL, NULL, 5, NULL, NULL, NULL, NULL, 'subscribe', 'subscribe', 50, NULL, NULL, NULL, 55.00, NULL, 0, 1, 1719487274, NULL),
(277, NULL, 1235, 447, NULL, NULL, NULL, 5, NULL, NULL, NULL, NULL, 'subscribe', 'subscribe', 50, NULL, NULL, NULL, 55.00, NULL, 0, 1, 1719487303, NULL),
(278, NULL, 1235, 451, NULL, NULL, NULL, 5, NULL, NULL, NULL, NULL, 'subscribe', 'subscribe', 50, NULL, NULL, NULL, 55.00, NULL, 0, 1, 1719487414, NULL),
(279, NULL, 1235, 452, NULL, NULL, NULL, 5, NULL, NULL, NULL, NULL, 'subscribe', 'subscribe', 50, NULL, NULL, NULL, 55.00, NULL, 0, 1, 1719487457, NULL),
(283, 1207, 1235, 457, NULL, NULL, NULL, 5, NULL, NULL, NULL, NULL, 'subscribe', 'subscribe', 50, NULL, NULL, NULL, 55.00, NULL, 0, 1, 1719490300, NULL),
(284, 1207, 1253, 458, NULL, NULL, NULL, 5, NULL, NULL, NULL, NULL, 'subscribe', 'subscribe', 50, NULL, NULL, NULL, 55.00, NULL, 0, 1, 1719492325, NULL),
(285, 1207, 1253, 460, NULL, NULL, NULL, 3, NULL, NULL, NULL, NULL, 'subscribe', 'subscribe', 50, NULL, NULL, NULL, 55.00, NULL, 0, 1, 1719492540, NULL),
(286, 1207, 1253, 461, NULL, NULL, NULL, 3, NULL, NULL, NULL, NULL, 'subscribe', 'subscribe', 50, NULL, NULL, NULL, 55.00, NULL, 0, 0, 1626061490, NULL),
(287, 1207, 1258, 462, NULL, NULL, NULL, 3, NULL, NULL, NULL, NULL, 'subscribe', 'subscribe', 50, NULL, NULL, NULL, 55.00, NULL, 0, 1, 1719566375, NULL),
(288, 1207, 1258, 463, NULL, NULL, NULL, 4, NULL, NULL, NULL, NULL, 'subscribe', 'subscribe', 50, NULL, NULL, NULL, 55.00, NULL, 0, 1, 1719566401, NULL),
(289, 1207, 1261, 464, NULL, NULL, NULL, 3, NULL, NULL, NULL, NULL, 'subscribe', 'subscribe', 50, NULL, NULL, NULL, 55.00, NULL, 0, 1, 1719655734, NULL),
(290, 1207, 1261, 465, NULL, NULL, NULL, 3, NULL, NULL, NULL, NULL, 'subscribe', 'subscribe', 50, NULL, NULL, NULL, 55.00, NULL, 0, 1, 1719655799, NULL),
(291, 1207, 1264, 466, NULL, NULL, NULL, 3, NULL, NULL, NULL, NULL, 'subscribe', 'subscribe', 50, NULL, NULL, NULL, 55.00, NULL, 0, 1, 1719656028, NULL),
(305, 1207, 1267, 480, NULL, NULL, NULL, 9, NULL, NULL, NULL, NULL, 'subscribe', 'subscribe', 140, NULL, NULL, NULL, 140.00, NULL, 0, 1, 1719934122, NULL),
(308, 1207, 1267, 483, NULL, NULL, NULL, 9, NULL, NULL, NULL, NULL, 'subscribe', 'subscribe', 100, NULL, NULL, NULL, 100.00, NULL, 0, 1, 1719934639, NULL),
(309, 1207, 1267, 484, NULL, NULL, NULL, 9, NULL, NULL, NULL, NULL, 'subscribe', 'subscribe', 100, NULL, NULL, NULL, 100.00, NULL, 0, 1, 1719934662, NULL),
(310, 1207, 1267, 485, NULL, NULL, NULL, 9, NULL, NULL, NULL, NULL, 'subscribe', 'subscribe', 168, NULL, NULL, NULL, 168.00, NULL, 0, 1, 1719934711, NULL),
(311, 1207, 1267, 486, NULL, NULL, NULL, 9, NULL, NULL, NULL, NULL, 'subscribe', 'subscribe', 24, NULL, NULL, NULL, 24.00, NULL, 0, 1, 1719934734, NULL),
(312, 1207, 1267, 493, NULL, NULL, NULL, 3, NULL, NULL, NULL, NULL, 'subscribe', 'subscribe', 120, NULL, NULL, NULL, 120.00, NULL, 0, 1, 1719939859, NULL),
(313, 1207, 1267, 498, NULL, NULL, NULL, 3, NULL, NULL, NULL, NULL, 'subscribe', 'subscribe', 80, NULL, NULL, NULL, 80.00, NULL, 0, 1, 1719941484, NULL),
(314, 1207, 1267, 499, NULL, NULL, NULL, 9, NULL, NULL, NULL, NULL, 'subscribe', 'subscribe', 120, NULL, NULL, NULL, 120.00, NULL, 0, 1, 1719941579, NULL),
(315, 1207, 1267, 504, NULL, NULL, NULL, 9, NULL, NULL, NULL, NULL, 'subscribe', 'subscribe', 72, NULL, NULL, NULL, 72.00, NULL, 0, 1, 1719943736, NULL),
(316, 1207, 1267, 505, NULL, NULL, NULL, 3, NULL, NULL, NULL, NULL, 'subscribe', 'subscribe', 60, NULL, NULL, NULL, 60.00, NULL, 0, 1, 1720087031, NULL),
(317, 1207, 1267, 506, NULL, NULL, NULL, 9, NULL, NULL, NULL, NULL, 'subscribe', 'subscribe', 24, NULL, NULL, NULL, 24.00, NULL, 0, 1, 1720087260, NULL),
(318, 1297, 1299, 507, NULL, NULL, NULL, 3, NULL, NULL, NULL, NULL, 'subscribe', 'subscribe', 140, NULL, NULL, NULL, 140.00, NULL, 0, 1, 1720088916, NULL),
(319, 1297, 1299, 508, NULL, NULL, NULL, 9, NULL, NULL, NULL, NULL, 'subscribe', 'subscribe', 48, NULL, NULL, NULL, 48.00, NULL, 0, 1, 1720089167, NULL),
(323, 1297, 1303, 512, NULL, NULL, NULL, 9, NULL, NULL, NULL, NULL, 'subscribe', 'subscribe', 144, NULL, NULL, NULL, 144.00, NULL, 0, 1, 1720099357, NULL),
(324, 1297, 1299, 513, NULL, NULL, NULL, 3, NULL, NULL, NULL, NULL, 'subscribe', 'subscribe', 60, NULL, NULL, NULL, 60.00, NULL, 0, 1, 1720101147, NULL),
(325, 1307, 1122, NULL, NULL, NULL, 50, NULL, NULL, NULL, NULL, NULL, 'meeting', 'credit', 0, NULL, NULL, NULL, 0.00, NULL, 0, 1, 1722355319, NULL),
(326, 1307, 1122, NULL, NULL, NULL, 50, NULL, NULL, NULL, NULL, NULL, 'meeting', 'credit', 0, NULL, NULL, NULL, 0.00, NULL, 0, 1, 1722357476, NULL),
(327, 1307, 1122, NULL, NULL, NULL, 50, NULL, NULL, NULL, NULL, NULL, 'meeting', 'credit', 0, NULL, NULL, NULL, 0.00, NULL, 0, 1, 1722357483, NULL),
(328, 1307, 1122, NULL, NULL, NULL, 50, NULL, NULL, NULL, NULL, NULL, 'meeting', 'credit', 0, NULL, NULL, NULL, 0.00, NULL, 0, 1, 1722357493, NULL),
(329, 1307, 1122, NULL, NULL, NULL, 50, NULL, NULL, NULL, NULL, NULL, 'meeting', 'credit', 0, NULL, NULL, NULL, 0.00, NULL, 0, 1, 1722358165, NULL),
(330, 1307, 1122, NULL, NULL, NULL, 50, NULL, NULL, NULL, NULL, NULL, 'meeting', 'credit', 0, NULL, NULL, NULL, 0.00, NULL, 0, 1, 1722940988, NULL),
(331, 1307, 1312, NULL, NULL, NULL, 50, NULL, NULL, NULL, NULL, NULL, 'meeting', 'credit', 0, NULL, NULL, NULL, 0.00, NULL, 0, 1, 1723460354, NULL),
(332, 1307, 1312, NULL, NULL, NULL, 50, NULL, NULL, NULL, NULL, NULL, 'meeting', 'credit', 0, NULL, NULL, NULL, 0.00, NULL, 0, 1, 1723460457, NULL),
(333, 1307, 1312, NULL, NULL, NULL, 50, NULL, NULL, NULL, NULL, NULL, 'meeting', 'credit', 0, NULL, NULL, NULL, 0.00, NULL, 0, 1, 1723460805, NULL),
(334, 1307, 1313, NULL, NULL, NULL, 50, NULL, NULL, NULL, NULL, NULL, 'meeting', 'credit', 0, NULL, NULL, NULL, 0.00, NULL, 0, 1, 1724591236, NULL),
(335, 1307, 1313, NULL, NULL, NULL, 50, NULL, NULL, NULL, NULL, NULL, 'meeting', 'credit', 0, NULL, NULL, NULL, 0.00, NULL, 0, 1, 1724591240, NULL),
(336, 1307, 1313, NULL, NULL, NULL, 50, NULL, NULL, NULL, NULL, NULL, 'meeting', 'credit', 0, NULL, NULL, NULL, 0.00, NULL, 0, 1, 1724776992, NULL),
(337, 1307, 1313, NULL, NULL, NULL, 50, NULL, NULL, NULL, NULL, NULL, 'meeting', 'credit', 0, NULL, NULL, NULL, 0.00, NULL, 0, 1, 1724777001, NULL),
(338, 1307, 1313, NULL, NULL, NULL, 50, NULL, NULL, NULL, NULL, NULL, 'meeting', 'credit', 0, NULL, NULL, NULL, 0.00, NULL, 0, 1, 1724777001, NULL),
(339, 1307, 1312, NULL, NULL, NULL, 50, NULL, NULL, NULL, NULL, NULL, 'meeting', 'credit', 0, NULL, NULL, NULL, 0.00, NULL, 0, 1, 1724780161, NULL),
(340, 1307, 1312, NULL, NULL, NULL, 50, NULL, NULL, NULL, NULL, NULL, 'meeting', 'credit', 0, NULL, NULL, NULL, 0.00, NULL, 0, 1, 1724780601, NULL),
(341, 1307, 1312, NULL, NULL, NULL, 50, NULL, NULL, NULL, NULL, NULL, 'meeting', 'credit', 0, NULL, NULL, NULL, 0.00, NULL, 0, 1, 1724780645, NULL),
(342, 1307, 1313, NULL, NULL, NULL, 50, NULL, NULL, NULL, NULL, NULL, 'meeting', 'credit', 0, NULL, NULL, NULL, 0.00, NULL, 0, 1, 1724780960, NULL),
(343, 1307, 1313, NULL, NULL, NULL, 50, NULL, NULL, NULL, NULL, NULL, 'meeting', 'credit', 0, NULL, NULL, NULL, 0.00, NULL, 0, 1, 1724780983, NULL),
(344, 1307, 1313, NULL, NULL, NULL, 50, NULL, NULL, NULL, NULL, NULL, 'meeting', 'credit', 0, NULL, NULL, NULL, 0.00, NULL, 0, 1, 1724842604, NULL),
(345, 1307, 1313, NULL, NULL, NULL, 50, NULL, NULL, NULL, NULL, NULL, 'meeting', 'credit', 0, NULL, NULL, NULL, 0.00, NULL, 0, 1, 1724842782, NULL),
(346, 1307, 1313, NULL, NULL, NULL, 50, NULL, NULL, NULL, NULL, NULL, 'meeting', 'credit', 0, NULL, NULL, NULL, 0.00, NULL, 0, 1, 1724842789, NULL),
(347, 1307, 1313, NULL, NULL, NULL, 50, NULL, NULL, NULL, NULL, NULL, 'meeting', 'credit', 0, NULL, NULL, NULL, 0.00, NULL, 0, 1, 1724842802, NULL),
(348, 1307, 1313, NULL, NULL, NULL, 50, NULL, NULL, NULL, NULL, NULL, 'meeting', 'credit', 0, NULL, NULL, NULL, 0.00, NULL, 0, 1, 1724842829, NULL),
(349, 1307, 1313, NULL, NULL, NULL, 50, NULL, NULL, NULL, NULL, NULL, 'meeting', 'credit', 0, NULL, NULL, NULL, 0.00, NULL, 0, 1, 1724842912, NULL),
(350, 1307, 1313, NULL, NULL, NULL, 50, NULL, NULL, NULL, NULL, NULL, 'meeting', 'credit', 0, NULL, NULL, NULL, 0.00, NULL, 0, 1, 1724842941, NULL),
(351, 1307, 1313, NULL, NULL, NULL, 50, NULL, NULL, NULL, NULL, NULL, 'meeting', 'credit', 0, NULL, NULL, NULL, 0.00, NULL, 0, 1, 1724844717, NULL),
(352, 1307, 1313, NULL, NULL, NULL, 50, NULL, NULL, NULL, NULL, NULL, 'meeting', 'credit', 0, NULL, NULL, NULL, 0.00, NULL, 0, 1, 1724844894, NULL),
(353, 1307, 1313, NULL, NULL, NULL, 50, NULL, NULL, NULL, NULL, NULL, 'meeting', 'credit', 0, NULL, NULL, NULL, 0.00, NULL, 0, 1, 1724844951, NULL),
(354, 1307, 1313, NULL, NULL, NULL, 50, NULL, NULL, NULL, NULL, NULL, 'meeting', 'credit', 0, NULL, NULL, NULL, 0.00, NULL, 0, 1, 1724845010, NULL),
(355, 1307, 1313, NULL, NULL, NULL, 50, NULL, NULL, NULL, NULL, NULL, 'meeting', 'credit', 0, NULL, NULL, NULL, 0.00, NULL, 0, 1, 1724845054, NULL),
(356, 1307, 1312, NULL, NULL, NULL, 50, NULL, NULL, NULL, NULL, NULL, 'meeting', 'credit', 0, NULL, NULL, NULL, 0.00, NULL, 0, 1, 1724851955, NULL),
(357, 1307, 1313, NULL, NULL, NULL, 50, NULL, NULL, NULL, NULL, NULL, 'meeting', 'credit', 0, NULL, NULL, NULL, 0.00, NULL, 0, 1, 1724853151, NULL),
(358, 1307, 1312, NULL, NULL, NULL, 50, NULL, NULL, NULL, NULL, NULL, 'meeting', 'credit', 0, NULL, NULL, NULL, 0.00, NULL, 0, 1, 1724859789, NULL),
(359, 1307, 1312, NULL, NULL, NULL, 50, NULL, NULL, NULL, NULL, NULL, 'meeting', 'credit', 0, NULL, NULL, NULL, 0.00, NULL, 0, 1, 1724859794, NULL),
(360, 1307, 1312, NULL, NULL, NULL, 50, NULL, NULL, NULL, NULL, NULL, 'meeting', 'credit', 0, NULL, NULL, NULL, 0.00, NULL, 0, 1, 1724859823, NULL),
(361, 1307, 1312, NULL, NULL, NULL, 50, NULL, NULL, NULL, NULL, NULL, 'meeting', 'credit', 0, NULL, NULL, NULL, 0.00, NULL, 0, 1, 1724860019, NULL),
(362, 1307, 1312, NULL, NULL, NULL, 50, NULL, NULL, NULL, NULL, NULL, 'meeting', 'credit', 0, NULL, NULL, NULL, 0.00, NULL, 0, 1, 1724860029, NULL),
(363, 1307, 1312, NULL, NULL, NULL, 50, NULL, NULL, NULL, NULL, NULL, 'meeting', 'credit', 0, NULL, NULL, NULL, 0.00, NULL, 0, 1, 1724860100, NULL),
(364, 1307, 1312, NULL, NULL, NULL, 50, NULL, NULL, NULL, NULL, NULL, 'meeting', 'credit', 0, NULL, NULL, NULL, 0.00, NULL, 0, 1, 1724860119, NULL),
(365, 1307, 1313, NULL, NULL, NULL, 50, NULL, NULL, NULL, NULL, NULL, 'meeting', 'credit', 0, NULL, NULL, NULL, 0.00, NULL, 0, 1, 1724863933, NULL),
(366, 1307, 1313, NULL, NULL, NULL, 50, NULL, NULL, NULL, NULL, NULL, 'meeting', 'credit', 0, NULL, NULL, NULL, 0.00, NULL, 0, 1, 1724863939, NULL),
(367, 1307, 1313, NULL, NULL, NULL, 50, NULL, NULL, NULL, NULL, NULL, 'meeting', 'credit', 0, NULL, NULL, NULL, 0.00, NULL, 0, 1, 1724864067, NULL),
(368, 1307, 1313, NULL, NULL, NULL, 50, NULL, NULL, NULL, NULL, NULL, 'meeting', 'credit', 0, NULL, NULL, NULL, 0.00, NULL, 0, 1, 1724923073, NULL),
(369, 1307, 1352, NULL, NULL, NULL, 50, NULL, NULL, NULL, NULL, NULL, 'meeting', 'credit', 0, NULL, NULL, NULL, 0.00, NULL, 0, 1, 1725354703, NULL),
(370, 1354, 1359, NULL, NULL, NULL, 52, NULL, NULL, NULL, NULL, NULL, 'meeting', 'credit', 0, NULL, NULL, NULL, 0.00, NULL, 0, 1, 1725368102, NULL),
(371, 1307, 1364, NULL, NULL, NULL, 50, NULL, NULL, NULL, NULL, NULL, 'meeting', 'credit', 0, NULL, NULL, NULL, 0.00, NULL, 0, 1, 1725470800, NULL),
(372, 1354, 1348, NULL, NULL, NULL, 52, NULL, NULL, NULL, NULL, NULL, 'meeting', 'credit', 0, NULL, NULL, NULL, 0.00, NULL, 0, 1, 1725526981, NULL),
(373, 1354, 1348, NULL, NULL, NULL, 52, NULL, NULL, NULL, NULL, NULL, 'meeting', 'credit', 0, NULL, NULL, NULL, 0.00, NULL, 0, 1, 1725526993, NULL),
(374, 1354, 1359, NULL, NULL, NULL, 52, NULL, NULL, NULL, NULL, NULL, 'meeting', 'credit', 0, NULL, NULL, NULL, 0.00, NULL, 0, 1, 1725622911, NULL),
(375, 1367, 1359, NULL, NULL, NULL, 54, NULL, NULL, NULL, NULL, NULL, 'meeting', 'credit', 0, NULL, NULL, NULL, 0.00, NULL, 0, 1, 1725623106, NULL),
(376, 1354, 1359, NULL, NULL, NULL, 52, NULL, NULL, NULL, NULL, NULL, 'meeting', 'credit', 0, NULL, NULL, NULL, 0.00, NULL, 0, 1, 1725623117, NULL),
(377, 1367, 1359, NULL, NULL, NULL, 54, NULL, NULL, NULL, NULL, NULL, 'meeting', 'credit', 0, NULL, NULL, NULL, 0.00, NULL, 0, 1, 1725623333, NULL),
(378, 1354, 1358, NULL, NULL, NULL, 52, NULL, NULL, NULL, NULL, NULL, 'meeting', 'credit', 0, NULL, NULL, NULL, 0.00, NULL, 0, 1, 1725625219, NULL),
(379, 1354, 1358, NULL, NULL, NULL, 52, NULL, NULL, NULL, NULL, NULL, 'meeting', 'credit', 0, NULL, NULL, NULL, 0.00, NULL, 0, 1, 1725625285, NULL),
(380, 1354, 1358, NULL, NULL, NULL, 52, NULL, NULL, NULL, NULL, NULL, 'meeting', 'credit', 0, NULL, NULL, NULL, 0.00, NULL, 0, 1, 1725625290, NULL),
(381, 1367, 1358, NULL, NULL, NULL, 54, NULL, NULL, NULL, NULL, NULL, 'meeting', 'credit', 0, NULL, NULL, NULL, 0.00, NULL, 0, 1, 1725625617, NULL),
(382, 1367, 1358, NULL, NULL, NULL, 54, NULL, NULL, NULL, NULL, NULL, 'meeting', 'credit', 0, NULL, NULL, NULL, 0.00, NULL, 0, 1, 1725625620, NULL),
(383, 1367, 1358, NULL, NULL, NULL, 54, NULL, NULL, NULL, NULL, NULL, 'meeting', 'credit', 0, NULL, NULL, NULL, 0.00, NULL, 0, 1, 1725625625, NULL),
(384, 1367, 1358, NULL, NULL, NULL, 54, NULL, NULL, NULL, NULL, NULL, 'meeting', 'credit', 0, NULL, NULL, NULL, 0.00, NULL, 0, 1, 1725625628, NULL),
(385, 1360, 1375, NULL, NULL, NULL, 53, NULL, NULL, NULL, NULL, NULL, 'meeting', 'credit', 0, NULL, NULL, NULL, 0.00, NULL, 0, 1, 1725944598, NULL),
(386, 1360, 1375, NULL, NULL, NULL, 53, NULL, NULL, NULL, NULL, NULL, 'meeting', 'credit', 0, NULL, NULL, NULL, 0.00, NULL, 0, 1, 1725944603, NULL),
(387, 1954, 2271, NULL, 2104, NULL, NULL, NULL, NULL, NULL, NULL, NULL, 'webinar', 'credit', 0, NULL, NULL, NULL, 0.00, NULL, 0, 1, 1731417537, NULL);

-- --------------------------------------------------------

--
-- Structure de la table `sales_log`
--

CREATE TABLE `sales_log` (
  `id` int UNSIGNED NOT NULL,
  `sale_id` int UNSIGNED NOT NULL,
  `viewed_at` int UNSIGNED NOT NULL
) ENGINE=InnoDB DEFAULT CHARSET=utf8mb4 COLLATE=utf8mb4_unicode_ci;

--
-- Déchargement des données de la table `sales_log`
--

INSERT INTO `sales_log` (`id`, `sale_id`, `viewed_at`) VALUES
(1, 173, 1635412221),
(2, 172, 1635412222),
(3, 171, 1635412222),
(4, 170, 1635412222),
(5, 169, 1635412222),
(6, 168, 1635412222),
(7, 167, 1635412222),
(8, 166, 1635412222),
(9, 165, 1635412222),
(10, 164, 1635412222),
(11, 163, 1635412231),
(12, 162, 1635412231),
(13, 161, 1635412231),
(14, 160, 1635412231),
(15, 159, 1635412231),
(16, 158, 1635412231),
(17, 157, 1635412231),
(18, 156, 1635412231),
(19, 155, 1635412231),
(20, 154, 1635412231),
(21, 153, 1635412234),
(22, 152, 1635412234),
(23, 151, 1635412234),
(24, 150, 1635412234),
(25, 149, 1635412234),
(26, 148, 1635412234),
(27, 147, 1635412234),
(28, 146, 1635412234),
(29, 145, 1635412234),
(30, 144, 1635412234),
(31, 143, 1635412235),
(32, 142, 1635412235),
(33, 141, 1635412235),
(34, 184, 1646260033),
(35, 183, 1646260033),
(36, 182, 1646260033),
(37, 181, 1646260033),
(38, 180, 1646260033),
(39, 179, 1646260033),
(40, 178, 1646260033),
(41, 177, 1646260033),
(42, 176, 1646260033),
(43, 175, 1646260033),
(44, 191, 1655970525),
(45, 190, 1655970525),
(46, 189, 1655970525),
(47, 185, 1655970525),
(48, 195, 1656233676),
(49, 204, 1675544585),
(50, 203, 1675544585),
(51, 199, 1675544585),
(52, 198, 1675544585),
(53, 192, 1675544585),
(54, 188, 1675544585),
(55, 205, 1679067786),
(56, 206, 1679096628),
(57, 214, 1680220978),
(58, 213, 1680220978),
(59, 212, 1680220978),
(60, 211, 1680220978),
(61, 210, 1680220978),
(62, 209, 1680220978),
(63, 208, 1680220978),
(64, 207, 1680220978),
(65, 217, 1680575609),
(66, 216, 1680575609),
(67, 253, 1696436510),
(68, 244, 1696436510),
(69, 243, 1696436510),
(70, 242, 1696436510),
(71, 240, 1696436510),
(72, 239, 1696436510),
(73, 236, 1696436510),
(74, 235, 1696436510),
(75, 228, 1696436510),
(76, 227, 1696436510),
(77, 257, 1700089356),
(78, 259, 1708976881),
(79, 258, 1708976881),
(80, 261, 1718794304),
(81, 260, 1718794304),
(82, 262, 1718794304),
(83, 266, 1719407316),
(84, 265, 1719407316),
(85, 264, 1719407316),
(86, 263, 1719407316),
(87, 267, 1719408630),
(88, 268, 1719484262),
(89, 269, 1719484493),
(90, 270, 1719486052),
(95, 283, 1719490305),
(96, 284, 1719492328),
(97, 286, 1719492572),
(98, 285, 1719492572),
(99, 279, 1719494493),
(100, 278, 1719494493),
(101, 277, 1719494493),
(102, 276, 1719494493),
(103, 274, 1719494493),
(104, 273, 1719494493),
(105, 291, 1719665621),
(106, 290, 1719665621),
(107, 289, 1719665621),
(108, 288, 1719665621),
(109, 287, 1719665621),
(111, 315, 1719943741),
(112, 314, 1719943741),
(113, 313, 1719943741),
(114, 312, 1719943741),
(115, 311, 1719943741),
(116, 310, 1719943741),
(117, 309, 1719943741),
(118, 308, 1719943741),
(121, 305, 1720004825),
(122, 317, 1720087374),
(123, 316, 1720087374),
(126, 319, 1720089304),
(127, 318, 1720089304),
(128, 323, 1720101012),
(130, 324, 1720101150),
(131, 387, 1732896313),
(132, 386, 1732896313),
(133, 385, 1732896313),
(134, 384, 1732896313),
(135, 383, 1732896313),
(136, 382, 1732896313),
(137, 381, 1732896313),
(138, 380, 1732896313),
(139, 379, 1732896313),
(140, 378, 1732896313),
(141, 221, 1734023027),
(142, 219, 1734023027);

-- --------------------------------------------------------

--
-- Structure de la table `schools`
--

CREATE TABLE `schools` (
  `id` int UNSIGNED NOT NULL,
  `city` varchar(200) COLLATE utf8mb4_unicode_ci NOT NULL,
  `type` enum('Primaire','Secondaire','Université') COLLATE utf8mb4_unicode_ci NOT NULL,
  `name` varchar(200) COLLATE utf8mb4_unicode_ci NOT NULL,
  `created_at` timestamp NULL DEFAULT NULL,
  `updated_at` timestamp NULL DEFAULT NULL
) ENGINE=InnoDB DEFAULT CHARSET=utf8mb4 COLLATE=utf8mb4_unicode_ci;

--
-- Déchargement des données de la table `schools`
--

INSERT INTO `schools` (`id`, `city`, `type`, `name`, `created_at`, `updated_at`) VALUES
(1, 'Ariana', 'Primaire', 'École primaire El Menzah 8', '2023-05-10 17:03:00', '2023-05-10 17:03:00'),
(2, 'Ariana', 'Primaire', 'École primaire Molière', '2023-05-10 17:03:00', '2023-05-10 17:03:00'),
(3, 'Ariana', 'Primaire', 'École primaire Ariana Sup', '2023-05-10 17:03:00', '2023-05-10 17:03:00'),
(4, 'Ariana', 'Primaire', 'École primaire Riadh Enassr', '2023-05-10 17:03:00', '2023-05-10 17:03:00'),
(5, 'Ariana', 'Primaire', 'École primaire Enassr1 ', '2023-05-10 17:03:00', '2023-05-10 17:03:00'),
(6, 'Ariana', 'Primaire', 'École primaire Les pyramides', '2023-05-10 17:03:00', '2023-05-10 17:03:00'),
(7, 'Ariana', 'Primaire', 'École primaire Riadh Andalous', '2023-05-10 17:03:00', '2023-05-10 17:03:00'),
(8, 'Ariana', 'Primaire', 'École primaire René Descartes', '2023-05-10 17:03:00', '2023-05-10 17:03:00'),
(9, 'Ariana', 'Primaire', 'École primaire El Ferdaws', '2023-05-10 17:03:00', '2023-05-10 17:03:00'),
(10, 'Ariana', 'Secondaire', 'Lycée Mnihla', '2023-05-10 17:03:00', '2023-05-10 17:03:00'),
(11, 'Ariana', 'Secondaire', 'Lycée Mahmoud Elmassadi Cité Tadhamon', '2023-05-10 17:03:00', '2023-05-10 17:03:00'),
(12, 'Ariana', 'Secondaire', 'Lycée Rafeha Mnihla', '2023-05-10 17:03:00', '2023-05-10 17:03:00'),
(13, 'Ariana', 'Secondaire', 'Lycée Eljadid Cité Tadhamon', '2023-05-10 17:03:00', '2023-05-10 17:03:00'),
(14, 'Ariana', 'Secondaire', 'Lycée Abou Kacem Chebbi Cité Tadhamon', '2023-05-10 17:03:00', '2023-05-10 17:03:00'),
(15, 'Ariana', 'Secondaire', 'Lycée Hassen Hosni Abd Elwaheb Mnihla', '2023-05-10 17:03:00', '2023-05-10 17:03:00'),
(16, 'Ariana', 'Secondaire', 'Lycée Bayrem 5 El Manzeh 8', '2023-05-10 17:03:00', '2023-05-10 17:03:00'),
(17, 'Ariana', 'Secondaire', 'Lycée Enassr', '2023-05-10 17:03:00', '2023-05-10 17:03:00'),
(18, 'Ariana', 'Secondaire', 'Lycée Attarine', '2023-05-10 17:03:00', '2023-05-10 17:03:00'),
(19, 'Ariana', 'Secondaire', 'Lycée Hannabal', '2023-05-10 17:03:00', '2023-05-10 17:03:00'),
(20, 'Ariana', 'Secondaire', 'Lycée khayer Edine', '2023-05-10 17:03:00', '2023-05-10 17:03:00'),
(21, 'Ariana', 'Secondaire', 'Lycée Raoued', '2023-05-10 17:03:00', '2023-05-10 17:03:00'),
(22, 'Ariana', 'Secondaire', 'Lycée Sidi Thabet', '2023-05-10 17:03:00', '2023-05-10 17:03:00'),
(23, 'Ariana', 'Secondaire', 'Lycée Elghazala Raoued ', '2023-05-10 17:03:00', '2023-05-10 17:03:00'),
(24, 'Ariana', 'Secondaire', 'Lycée Elwafa', '2023-05-10 17:03:00', '2023-05-10 17:03:00'),
(25, 'Ariana', 'Secondaire', 'Lycée Borj Elwazir Sokra', '2023-05-10 17:03:00', '2023-05-10 17:03:00'),
(26, 'Ariana', 'Secondaire', 'Lycée Sokra', '2023-05-10 17:03:00', '2023-05-10 17:03:00'),
(27, 'Ariana', 'Secondaire', 'Lycée Dar Fadhal Sokra ', '2023-05-10 17:03:00', '2023-05-10 17:03:00'),
(28, 'Ariana', 'Secondaire', 'Lycée Kalaat El Andalous', '2023-05-10 17:03:00', '2023-05-10 17:03:00'),
(29, 'Ariana', 'Université', 'École supérieure privée d ingénieries et de technologies', '2023-05-10 17:03:00', '2023-05-10 17:03:00'),
(30, 'Ariana', 'Université', 'Institut supérieur d informatique', '2023-05-10 17:03:00', '2023-05-10 17:03:00'),
(31, 'Ariana', 'Université', 'Time Université', '2023-05-10 17:03:00', '2023-05-10 17:03:00'),
(32, 'Ariana', 'Université', 'Université Ibn Khaldoun', '2023-05-10 17:03:00', '2023-05-10 17:03:00'),
(33, 'Ariana', 'Université', 'Université de sésame', '2023-05-10 17:03:00', '2023-05-10 17:03:00'),
(34, 'Ariana', 'Université', 'Université tunis carthage', '2023-05-10 17:03:00', '2023-05-10 17:03:00'),
(35, 'Ariana', 'Université', 'Ecole nationale de médecine de vétérinaire de Sidi Thabet', '2023-05-10 17:03:00', '2023-05-10 17:03:00'),
(36, 'Ariana', 'Université', 'École supérieure de communication de Tunis', '2023-05-10 17:03:00', '2023-05-10 17:03:00'),
(37, 'Ariana', 'Université', 'Institut national du travail et des études sociales', '2023-05-10 17:03:00', '2023-05-10 17:03:00'),
(38, 'Ariana', 'Université', 'Institut national de recherches en génie rural,eaux et forets INRGREF', '2023-05-10 17:03:00', '2023-05-10 17:03:00'),
(39, 'Ariana', 'Université', 'Institut national de la recherche en agronomique de Tunisie', '2023-05-10 17:03:00', '2023-05-10 17:03:00'),
(40, 'Ariana', 'Université', 'Institut supérieur des études préparatoires en biologie géologie ', '2023-05-10 17:03:00', '2023-05-10 17:03:00'),
(41, 'Ariana', 'Université', 'École supérieure privée technologie et ingénierie', '2023-05-10 17:03:00', '2023-05-10 17:03:00'),
(42, 'Béja', 'Secondaire', 'Lycée Mejez El Bab', '2023-05-10 17:03:00', '2023-05-10 17:03:00'),
(43, 'Béja', 'Secondaire', 'Lycée Testour', '2023-05-10 17:03:00', '2023-05-10 17:03:00'),
(44, 'Béja', 'Secondaire', 'Lycée Ibn Zaydoun Testour', '2023-05-10 17:03:00', '2023-05-10 17:03:00'),
(45, 'Béja', 'Secondaire', 'Lycée Béja Nord', '2023-05-10 17:03:00', '2023-05-10 17:03:00'),
(46, 'Béja', 'Secondaire', 'Lycée 2 Mars 1938 Goubellate', '2023-05-10 17:03:00', '2023-05-10 17:03:00'),
(47, 'Ben Arous', 'Secondaire', 'Lycée Boukornine', '2023-05-10 17:03:00', '2023-05-10 17:03:00'),
(48, 'Ben Arous', 'Secondaire', 'Lycée El Moutanabi', '2023-05-10 17:03:00', '2023-05-10 17:03:00'),
(49, 'Ben Arous', 'Secondaire', 'Lycée El Menhel', '2023-05-10 17:03:00', '2023-05-10 17:03:00'),
(50, 'Ben Arous', 'Secondaire', 'Lycée Ibn Arafa', '2023-05-10 17:03:00', '2023-05-10 17:03:00'),
(51, 'Ben Arous', 'Secondaire', 'Lycée La jaconde', '2023-05-10 17:03:00', '2023-05-10 17:03:00'),
(52, 'Bizerte', 'Secondaire', 'Lycée L avenir', '2023-05-10 17:03:00', '2023-05-10 17:03:00'),
(53, 'Bizerte', 'Secondaire', 'Lycée La sagesse', '2023-05-10 17:03:00', '2023-05-10 17:03:00'),
(54, 'Bizerte', 'Secondaire', 'Lycée Outik', '2023-05-10 17:03:00', '2023-05-10 17:03:00'),
(55, 'Bizerte', 'Secondaire', 'Lycée Aliya', '2023-05-10 17:03:00', '2023-05-10 17:03:00'),
(56, 'Gabès', 'Secondaire', 'Lycée Ibn-Sina', '2023-05-10 17:03:00', '2023-05-10 17:03:00'),
(57, 'Gabès', 'Secondaire', 'Lycée Manzel Habib', '2023-05-10 17:03:00', '2023-05-10 17:03:00'),
(58, 'Gabès', 'Secondaire', 'Lycée Arkoub Mareth', '2023-05-10 17:03:00', '2023-05-10 17:03:00'),
(59, 'Gabès', 'Secondaire', 'Lycée Mareth', '2023-05-10 17:03:00', '2023-05-10 17:03:00'),
(60, 'Gafsa', 'Secondaire', 'Lycée Sidi Boubaker', '2023-05-10 17:03:00', '2023-05-10 17:03:00'),
(61, 'Gafsa', 'Secondaire', 'Lycée Alim Gafsa', '2023-05-10 17:03:00', '2023-05-10 17:03:00'),
(62, 'Gafsa', 'Secondaire', 'Lycée Koussa Snad', '2023-05-10 17:03:00', '2023-05-10 17:03:00'),
(63, 'Gafsa', 'Secondaire', 'Lycée Mdhila', '2023-05-10 17:03:00', '2023-05-10 17:03:00'),
(64, 'Jendouba', 'Secondaire', 'Lycée Ghar Dimaa', '2023-05-10 17:03:00', '2023-05-10 17:03:00'),
(65, 'Jendouba', 'Secondaire', 'Lycée Ibn Khaldoune Fournena', '2023-05-10 17:03:00', '2023-05-10 17:03:00'),
(66, 'Jendouba', 'Secondaire', 'Lycée Wedi Mliz', '2023-05-10 17:03:00', '2023-05-10 17:03:00'),
(67, 'Jendouba', 'Secondaire', 'Lycée Tamouh Ghar Dimaa', '2023-05-10 17:03:00', '2023-05-10 17:03:00'),
(68, 'Kairouan', 'Secondaire', 'Lycée El Houriya', '2023-05-10 17:03:00', '2023-05-10 17:03:00'),
(69, 'Kairouan', 'Secondaire', 'Lycée El Afak', '2023-05-10 17:03:00', '2023-05-10 17:03:00'),
(70, 'Kairouan', 'Secondaire', 'Lycée El Farabi', '2023-05-10 17:03:00', '2023-05-10 17:03:00'),
(71, 'Kairouan', 'Secondaire', 'Lycée l avenir', '2023-05-10 17:03:00', '2023-05-10 17:03:00'),
(72, 'Kairouan', 'Secondaire', 'Lycée El Najah', '2023-05-10 17:03:00', '2023-05-10 17:03:00'),
(73, 'Kasserine', 'Secondaire', 'Lycée Abou Kacem Chebbi Feryana', '2023-05-10 17:03:00', '2023-05-10 17:03:00'),
(74, 'Kasserine', 'Secondaire', 'Lycée Monji Slim Sbiba', '2023-05-10 17:03:00', '2023-05-10 17:03:00'),
(75, 'Kasserine', 'Secondaire', 'Lycée Farhat hached Rakhamet', '2023-05-10 17:03:00', '2023-05-10 17:03:00'),
(76, 'Kasserine', 'Secondaire', 'Lycée Majel Abess', '2023-05-10 17:03:00', '2023-05-10 17:03:00'),
(77, 'Kbeli', 'Secondaire', 'Lycée Ibn Khaldoun', '2023-05-10 17:03:00', '2023-05-10 17:03:00'),
(78, 'Kbeli', 'Secondaire', 'Lycée Ibn Sina', '2023-05-10 17:03:00', '2023-05-10 17:03:00'),
(79, 'Kèf', 'Secondaire', 'Lycée Monji Slin ELKèf', '2023-05-10 17:03:00', '2023-05-10 17:03:00'),
(80, 'Kèf', 'Secondaire', 'Lycée 2 Mares 1938', '2023-05-10 17:03:00', '2023-05-10 17:03:00'),
(81, 'Kèf', 'Secondaire', 'Lycée Ibn Jazar Naber', '2023-05-10 17:03:00', '2023-05-10 17:03:00'),
(82, 'Kèf', 'Secondaire', 'Lycée Ahmed Amara', '2023-05-10 17:03:00', '2023-05-10 17:03:00'),
(83, 'Mahdia', 'Secondaire', 'Lycée Alyssa', '2023-05-10 17:03:00', '2023-05-10 17:03:00'),
(84, 'Mahdia', 'Secondaire', 'Lycée El Horria', '2023-05-10 17:03:00', '2023-05-10 17:03:00'),
(85, 'Mahdia', 'Secondaire', 'Lycée Ibn Charaf', '2023-05-10 17:03:00', '2023-05-10 17:03:00'),
(86, 'Mahdia', 'Secondaire', 'Lycée Ouled Chamekh', '2023-05-10 17:03:00', '2023-05-10 17:03:00'),
(87, 'Mahdia', 'Secondaire', 'Lycée Sidi Alouane', '2023-05-10 17:03:00', '2023-05-10 17:03:00'),
(88, 'Manouba', 'Secondaire', 'Lycée Ibn Roched', '2023-05-10 17:03:00', '2023-05-10 17:03:00'),
(89, 'Manouba', 'Secondaire', 'Lycée Oued Elil', '2023-05-10 17:03:00', '2023-05-10 17:03:00'),
(90, 'Manouba', 'Secondaire', 'Lycée Tahar Haded', '2023-05-10 17:03:00', '2023-05-10 17:03:00'),
(91, 'Mednine', 'Secondaire', 'Lycée May Jerba ', '2023-05-10 17:03:00', '2023-05-10 17:03:00'),
(92, 'Mednine', 'Secondaire', 'Lycée Kalela Ajim ', '2023-05-10 17:03:00', '2023-05-10 17:03:00'),
(93, 'Mednine', 'Secondaire', 'Lycée Ajim Jerba ', '2023-05-10 17:03:00', '2023-05-10 17:03:00'),
(94, 'Monastir', 'Secondaire', 'Lycée El Imtiaz ', '2023-05-10 17:03:00', '2023-05-10 17:03:00'),
(95, 'Monastir', 'Secondaire', 'Lycée El Rouki ', '2023-05-10 17:03:00', '2023-05-10 17:03:00'),
(96, 'Monastir', 'Secondaire', 'Lycée Lamta ', '2023-05-10 17:03:00', '2023-05-10 17:03:00'),
(97, 'Monastir', 'Secondaire', 'Lycée Sayada ', '2023-05-10 17:03:00', '2023-05-10 17:03:00'),
(98, 'Nabeul', 'Secondaire', 'Lycée Beni Khiar', '2023-05-10 17:03:00', '2023-05-10 17:03:00'),
(99, 'Nabeul', 'Secondaire', 'Lycée Idéale', '2023-05-10 17:03:00', '2023-05-10 17:03:00'),
(100, 'Nabeul', 'Secondaire', 'Lycée Bouarkoub', '2023-05-10 17:03:00', '2023-05-10 17:03:00'),
(101, 'Sfax', 'Secondaire', 'Lycée Andalus', '2023-05-10 17:03:00', '2023-05-10 17:03:00'),
(102, 'Sfax', 'Secondaire', 'Lycée Akareb 2', '2023-05-10 17:03:00', '2023-05-10 17:03:00'),
(103, 'Sfax', 'Secondaire', 'Lycée El Ghraiba', '2023-05-10 17:03:00', '2023-05-10 17:03:00'),
(104, 'Sidi Bouzid', 'Secondaire', 'Lycée Taher Haded Regueb ', '2023-05-10 17:03:00', '2023-05-10 17:03:00'),
(105, 'Sidi Bouzid', 'Secondaire', 'Lycée Regueb ', '2023-05-10 17:03:00', '2023-05-10 17:03:00'),
(106, 'Sidi Bouzid', 'Secondaire', 'Lycée Mazouna', '2023-05-10 17:03:00', '2023-05-10 17:03:00'),
(107, 'Siliana', 'Secondaire', 'Lycée Kessra', '2023-05-10 17:03:00', '2023-05-10 17:03:00'),
(108, 'Siliana', 'Secondaire', 'Lycée Hay EL ones 1 Rouhia', '2023-05-10 17:03:00', '2023-05-10 17:03:00'),
(109, 'Siliana', 'Secondaire', 'Lycée Farhat Hached Makther', '2023-05-10 17:03:00', '2023-05-10 17:03:00'),
(110, 'Sousse', 'Secondaire', 'Lycée ElManhel ', '2023-05-10 17:03:00', '2023-05-10 17:03:00'),
(111, 'Sousse', 'Secondaire', 'Lycée Elite ', '2023-05-10 17:03:00', '2023-05-10 17:03:00'),
(112, 'Sousse', 'Secondaire', 'Lycée Ettaoufik ', '2023-05-10 17:03:00', '2023-05-10 17:03:00'),
(113, 'Tataouine', 'Secondaire', 'Lycée Bir Lahmer ', '2023-05-10 17:03:00', '2023-05-10 17:03:00'),
(114, 'Tataouine', 'Secondaire', 'Lycée Smar', '2023-05-10 17:03:00', '2023-05-10 17:03:00'),
(115, 'Tataouine', 'Secondaire', 'Lycée Remada', '2023-05-10 17:03:00', '2023-05-10 17:03:00'),
(116, 'Tozeur', 'Secondaire', 'Lycée Hemma Jrid ', '2023-05-10 17:03:00', '2023-05-10 17:03:00'),
(117, 'Tozeur', 'Secondaire', 'Lycée Tamaghza ', '2023-05-10 17:03:00', '2023-05-10 17:03:00'),
(118, 'Tozeur', 'Secondaire', 'Lycée Nefta ', '2023-05-10 17:03:00', '2023-05-10 17:03:00'),
(119, 'Tunis', 'Secondaire', 'Lycée Aboou Kacem Chakki ', '2023-05-10 17:03:00', '2023-05-10 17:03:00'),
(120, 'Tunis', 'Secondaire', 'Lycée ElAfek', '2023-05-10 17:03:00', '2023-05-10 17:03:00'),
(121, 'Tunis', 'Secondaire', 'Lycée ElAmir ', '2023-05-10 17:03:00', '2023-05-10 17:03:00'),
(122, 'Zaghouan', 'Secondaire', 'Lycée Ibn Haithem Saouaf ', '2023-05-10 17:03:00', '2023-05-10 17:03:00'),
(123, 'Zaghouan', 'Secondaire', 'Lycée Ibn Charaf Ennadhour ', '2023-05-10 17:03:00', '2023-05-10 17:03:00'),
(124, 'Zaghouan', 'Secondaire', 'Lycée Ghazeli Ennadhour ', '2023-05-10 17:03:00', '2023-05-10 17:03:00');

-- --------------------------------------------------------

--
-- Structure de la table `school_levels`
--

CREATE TABLE `school_levels` (
  `id` int UNSIGNED NOT NULL,
  `name` varchar(200) COLLATE utf8mb4_unicode_ci NOT NULL,
  `created_at` timestamp NULL DEFAULT NULL,
  `updated_at` timestamp NULL DEFAULT NULL
) ENGINE=InnoDB DEFAULT CHARSET=utf8mb4 COLLATE=utf8mb4_unicode_ci;

--
-- Déchargement des données de la table `school_levels`
--

INSERT INTO `school_levels` (`id`, `name`, `created_at`, `updated_at`) VALUES
(6, 'الأولى ابتدائي', NULL, NULL),
(7, 'الثانية ابتدائي', NULL, NULL),
(8, 'الثالثة ابتدائي', NULL, NULL),
(9, 'الرابعة ابتدائي', NULL, NULL),
(10, 'الخامسة ابتدائي', NULL, NULL),
(11, 'السّادسة  ابتدائي', NULL, NULL);

-- --------------------------------------------------------

--
-- Structure de la table `sections`
--

CREATE TABLE `sections` (
  `id` int UNSIGNED NOT NULL,
  `name` varchar(64) COLLATE utf8mb4_unicode_ci NOT NULL,
  `section_group_id` int UNSIGNED DEFAULT NULL,
  `caption` varchar(128) COLLATE utf8mb4_unicode_ci NOT NULL
) ENGINE=InnoDB DEFAULT CHARSET=utf8mb4 COLLATE=utf8mb4_unicode_ci ROW_FORMAT=DYNAMIC;

--
-- Déchargement des données de la table `sections`
--

INSERT INTO `sections` (`id`, `name`, `section_group_id`, `caption`) VALUES
(1, 'admin_general_dashboard', NULL, 'General Dashboard'),
(2, 'admin_general_dashboard_show', 1, 'General Dashboard page'),
(3, 'admin_general_dashboard_quick_access_links', 1, 'Quick access links in General Dashboard'),
(4, 'admin_general_dashboard_daily_sales_statistics', 1, 'Daily Sales Type Statistics Section'),
(5, 'admin_general_dashboard_income_statistics', 1, 'Income Statistics Section'),
(6, 'admin_general_dashboard_total_sales_statistics', 1, 'Total Sales Statistics Section'),
(7, 'admin_general_dashboard_new_sales', 1, 'New Sales Section'),
(8, 'admin_general_dashboard_new_comments', 1, 'New Comments Section'),
(9, 'admin_general_dashboard_new_tickets', 1, 'New Tickets Section'),
(10, 'admin_general_dashboard_new_reviews', 1, 'New Reviews Section'),
(11, 'admin_general_dashboard_sales_statistics_chart', 1, 'Sales Statistics Chart'),
(12, 'admin_general_dashboard_recent_comments', 1, 'Recent comments Section'),
(13, 'admin_general_dashboard_recent_tickets', 1, 'Recent tickets Section'),
(14, 'admin_general_dashboard_recent_webinars', 1, 'Recent webinars Section'),
(15, 'admin_general_dashboard_recent_courses', 1, 'Recent courses Section'),
(16, 'admin_general_dashboard_users_statistics_chart', 1, 'Users Statistics Chart'),
(17, 'admin_clear_cache', 1, 'Clear cache'),
(25, 'admin_marketing_dashboard', NULL, 'Marketing Dashboard'),
(26, 'admin_marketing_dashboard_show', 25, 'Marketing Dashboard page'),
(50, 'admin_roles', NULL, 'Roles'),
(51, 'admin_roles_list', 50, 'Roles List'),
(52, 'admin_roles_create', 50, 'Roles Create'),
(53, 'admin_roles_edit', 50, 'Roles Edit'),
(54, 'admin_roles_delete', 50, 'Roles Delete'),
(100, 'admin_users', NULL, 'Users'),
(101, 'admin_staffs_list', 100, 'Staffs list'),
(102, 'admin_users_list', 100, 'Students list'),
(103, 'admin_instructors_list', 100, 'Instructors list'),
(104, 'admin_organizations_list', 100, 'Organizations list'),
(105, 'admin_users_create', 100, 'Users Create'),
(106, 'admin_users_edit', 100, 'Users Edit'),
(107, 'admin_users_delete', 100, 'Users Delete'),
(108, 'admin_users_export_excel', 100, 'List Export excel'),
(109, 'admin_users_badges', 100, 'Users Badges'),
(110, 'admin_users_badges_edit', 100, 'Badges edit'),
(111, 'admin_users_badges_delete', 100, 'Badges delete'),
(112, 'admin_users_impersonate', 100, 'users impersonate (login by users)'),
(113, 'admin_become_instructors_list', 100, 'Lists of requests for become instructors'),
(114, 'admin_become_instructors_reject', 100, 'Reject requests for become instructors'),
(115, 'admin_become_instructors_delete', 100, 'Delete requests for become instructors'),
(116, 'admin_update_user_registration_package', 100, 'Edit user registration package'),
(117, 'admin_update_user_meeting_settings', 100, 'Edit user meeting settings'),
(150, 'admin_webinars', NULL, 'Webinars'),
(151, 'admin_webinars_list', 150, 'Webinars List'),
(152, 'admin_webinars_create', 150, 'Webinars Create'),
(153, 'admin_webinars_edit', 150, 'Webinars Edit'),
(154, 'admin_webinars_delete', 150, 'Webinars Delete'),
(155, 'admin_webinars_export_excel', 150, 'Export excel webinars list'),
(156, 'admin_feature_webinars', 150, 'Feature webinars list'),
(157, 'admin_feature_webinars_create', 150, 'create feature webinar'),
(158, 'admin_feature_webinars_export_excel', 150, 'Feature webinar export excel'),
(159, 'admin_webinar_students_lists', 150, 'Webinar students Lists'),
(160, 'admin_webinar_notification_to_students', 150, 'Send notification to course students'),
(161, 'admin_webinar_statistics', 150, 'Course statistics'),
(162, 'admin_agora_history_list', 150, 'Agora history lists'),
(163, 'admin_agora_history_export', 150, 'Agora history export'),
(164, 'admin_course_question_forum_list', 150, 'Forum Question Lists'),
(165, 'admin_course_question_forum_answers', 150, 'Forum Answers Lists'),
(200, 'admin_categories', NULL, 'Categories'),
(201, 'admin_categories_list', 200, 'Categories List'),
(202, 'admin_categories_create', 200, 'Categories Create'),
(203, 'admin_categories_edit', 200, 'Categories Edit'),
(204, 'admin_categories_delete', 200, 'Categories Delete'),
(205, 'admin_trending_categories', 200, 'Trends Categories List'),
(206, 'admin_create_trending_categories', 200, 'Create Trend Categories'),
(207, 'admin_edit_trending_categories', 200, 'Edit Trend Categories'),
(208, 'admin_delete_trending_categories', 200, 'Delete Trend Categories'),
(250, 'admin_tags', NULL, 'Tags'),
(251, 'admin_tags_list', 250, 'Tags List'),
(252, 'admin_tags_create', 250, 'Tags Create'),
(253, 'admin_tags_edit', 250, 'Tags Edit'),
(254, 'admin_tags_delete', 250, 'Tags Delete'),
(300, 'admin_filters', NULL, 'Filters'),
(301, 'admin_filters_list', 300, 'Filters List'),
(302, 'admin_filters_create', 300, 'Filters Create'),
(303, 'admin_filters_edit', 300, 'Filters Edit'),
(304, 'admin_filters_delete', 300, 'Filters Delete'),
(350, 'admin_quizzes', NULL, 'Quizzes'),
(351, 'admin_quizzes_list', 350, 'Quizzes List'),
(352, 'admin_quizzes_create', 350, 'Create Quiz'),
(353, 'admin_quizzes_edit', 350, 'Edit Quiz'),
(354, 'admin_quizzes_delete', 350, 'Delete Quiz'),
(355, 'admin_quizzes_results', 350, 'Quizzes results'),
(356, 'admin_quizzes_results_delete', 350, 'Quizzes results delete'),
(357, 'admin_quizzes_lists_excel', 350, 'Quizzes export excel'),
(400, 'admin_quiz_result', NULL, 'Quiz Result'),
(401, 'admin_quiz_result_list', 400, 'Quiz Result List'),
(402, 'admin_quiz_result_create', 400, 'Quiz Result Create'),
(403, 'admin_quiz_result_edit', 400, 'Quiz Result Edit'),
(404, 'admin_quiz_result_delete', 400, 'Quiz Result Delete'),
(405, 'admin_quiz_result_export_excel', 400, 'quiz result export excel'),
(450, 'admin_certificate', NULL, 'Certificate'),
(451, 'admin_certificate_list', 450, 'Certificate List'),
(452, 'admin_certificate_create', 450, 'Certificate Create'),
(453, 'admin_certificate_edit', 450, 'Certificate Edit'),
(454, 'admin_certificate_delete', 450, 'Certificate Delete'),
(455, 'admin_certificate_template_list', 450, 'Certificate template lists'),
(456, 'admin_certificate_template_create', 450, 'Certificate template create'),
(457, 'admin_certificate_template_edit', 450, 'Certificate template edit'),
(458, 'admin_certificate_template_delete', 450, 'Certificate template delete'),
(459, 'admin_certificate_export_excel', 450, 'Certificates export excel'),
(460, 'admin_course_certificate_list', 450, 'Course Competition Certificates'),
(500, 'admin_discount_codes', NULL, 'Discount codes'),
(501, 'admin_discount_codes_list', 500, 'Discount codes list'),
(502, 'admin_discount_codes_create', 500, 'Discount codes create'),
(503, 'admin_discount_codes_edit', 500, 'Discount codes edit'),
(504, 'admin_discount_codes_delete', 500, 'Discount codes delete'),
(505, 'admin_discount_codes_export', 500, 'Discount codes export excel'),
(550, 'admin_group', NULL, 'Groups'),
(551, 'admin_group_list', 550, 'Groups List'),
(552, 'admin_group_create', 550, 'Groups Create'),
(553, 'admin_group_edit', 550, 'Groups Edit'),
(554, 'admin_group_delete', 550, 'Groups Delete'),
(555, 'admin_update_group_registration_package', 550, 'Update group registration package'),
(600, 'admin_payment_channel', NULL, 'Payment Channels'),
(601, 'admin_payment_channel_list', 600, 'Payment Channels List'),
(602, 'admin_payment_channel_toggle_status', 600, 'active or inactive channel'),
(603, 'admin_payment_channel_edit', 600, 'Payment Channels Edit'),
(650, 'admin_settings', NULL, 'settings'),
(651, 'admin_settings_general', 650, 'General settings'),
(652, 'admin_settings_financial', 650, 'Financial settings'),
(653, 'admin_settings_personalization', 650, 'Personalization settings'),
(654, 'admin_settings_notifications', 650, 'Notifications settings'),
(655, 'admin_settings_seo', 650, 'Seo settings'),
(656, 'admin_settings_customization', 650, 'Customization settings'),
(657, 'admin_settings_notifications', 650, 'Notifications settings'),
(658, 'admin_settings_home_sections', 650, 'Home sections settings'),
(700, 'admin_blog', NULL, 'Blog'),
(701, 'admin_blog_lists', 700, 'Blog lists'),
(702, 'admin_blog_create', 700, 'Blog create'),
(703, 'admin_blog_edit', 700, 'Blog edit'),
(704, 'admin_blog_delete', 700, 'Blog delete'),
(705, 'admin_blog_categories', 700, 'Blog categories list'),
(706, 'admin_blog_categories_create', 700, 'Blog categories create'),
(707, 'admin_blog_categories_edit', 700, 'Blog categories edit'),
(708, 'admin_blog_categories_delete', 700, 'Blog categories delete'),
(750, 'admin_sales', NULL, 'Sales'),
(751, 'admin_sales_list', 750, 'Sales List'),
(752, 'admin_sales_refund', 750, 'Sales Refund'),
(753, 'admin_sales_invoice', 750, 'Sales invoice'),
(754, 'admin_sales_export', 750, 'Sales Export Excel'),
(800, 'admin_documents', NULL, 'Balances'),
(801, 'admin_documents_list', 800, 'Balances List'),
(802, 'admin_documents_create', 800, 'Balances Create'),
(803, 'admin_documents_print', 800, 'Balances print'),
(850, 'admin_payouts', NULL, 'Payout'),
(851, 'admin_payouts_list', 850, 'Payout List'),
(852, 'admin_payouts_reject', 850, 'Payout Reject'),
(853, 'admin_payouts_payout', 850, 'Payout accept'),
(854, 'admin_payouts_export_excel', 850, 'Payout export excel'),
(900, 'admin_offline_payments', NULL, 'Offline Payments'),
(901, 'admin_offline_payments_list', 900, 'Offline Payments List'),
(902, 'admin_offline_payments_reject', 900, 'Offline Payments Reject'),
(903, 'admin_offline_payments_approved', 900, 'Offline Payments Approved'),
(904, 'admin_offline_payments_export_excel', 900, 'Offline Payments export excel'),
(950, 'admin_supports', NULL, 'Supports'),
(951, 'admin_supports_list', 950, 'Supports List'),
(952, 'admin_support_send', 950, 'Send Support'),
(953, 'admin_supports_reply', 950, 'Supports reply'),
(954, 'admin_supports_delete', 950, 'Supports delete'),
(955, 'admin_support_departments', 950, 'Support departments lists'),
(956, 'admin_support_department_create', 950, 'Create support department'),
(957, 'admin_support_departments_edit', 950, 'Edit support departments'),
(958, 'admin_support_departments_delete', 950, 'Delete support department'),
(959, 'admin_support_course_conversations', 950, 'Course conversations'),
(1000, 'admin_subscribe', NULL, 'Subscribes'),
(1001, 'admin_subscribe_list', 1000, 'Subscribes list'),
(1002, 'admin_subscribe_create', 1000, 'Subscribes create'),
(1003, 'admin_subscribe_edit', 1000, 'Subscribes edit'),
(1004, 'admin_subscribe_delete', 1000, 'Subscribes delete'),
(1050, 'admin_notifications', NULL, 'Notifications'),
(1051, 'admin_notifications_list', 1050, 'Notifications list'),
(1052, 'admin_notifications_send', 1050, 'Send Notifications'),
(1053, 'admin_notifications_edit', 1050, 'Edit and details Notifications'),
(1054, 'admin_notifications_delete', 1050, 'Delete Notifications'),
(1055, 'admin_notifications_markAllRead', 1050, 'Mark All Read Notifications'),
(1056, 'admin_notifications_templates', 1050, 'Notifications templates'),
(1057, 'admin_notifications_template_create', 1050, 'Create notification template'),
(1058, 'admin_notifications_template_edit', 1050, 'Edit notification template'),
(1059, 'admin_notifications_template_delete', 1050, 'Delete notification template'),
(1060, 'admin_notifications_posted_list', 1050, 'Notifications Posted list'),
(1075, 'admin_noticeboards', NULL, 'Noticeboards'),
(1076, 'admin_noticeboards_list', 1075, 'Noticeboards list'),
(1077, 'admin_noticeboards_send', 1075, 'Send Noticeboards'),
(1078, 'admin_noticeboards_edit', 1075, 'Edit Noticeboards'),
(1079, 'admin_noticeboards_delete', 1075, 'Delete Noticeboards'),
(1080, 'admin_course_noticeboards_list', 1075, 'Course Noticeboards list'),
(1081, 'admin_course_noticeboards_send', 1075, 'Send Course Noticeboards'),
(1082, 'admin_course_noticeboards_edit', 1075, 'Edit Course Noticeboards'),
(1083, 'admin_course_noticeboards_delete', 1075, 'Delete Course Noticeboards'),
(1100, 'admin_promotion', NULL, 'Promotions'),
(1101, 'admin_promotion_list', 1100, 'Promotions list'),
(1102, 'admin_promotion_create', 1100, 'Promotion create'),
(1103, 'admin_promotion_edit', 1100, 'Promotion edit'),
(1104, 'admin_promotion_delete', 1100, 'Promotion delete'),
(1150, 'admin_testimonials', NULL, 'testimonials'),
(1151, 'admin_testimonials_list', 1150, 'testimonials list'),
(1152, 'admin_testimonials_create', 1150, 'testimonials create'),
(1153, 'admin_testimonials_edit', 1150, 'testimonials edit'),
(1154, 'admin_testimonials_delete', 1150, 'testimonials delete'),
(1200, 'admin_advertising', NULL, 'advertising'),
(1201, 'admin_advertising_banners', 1200, 'advertising banners list'),
(1202, 'admin_advertising_banners_create', 1200, 'create advertising banner'),
(1203, 'admin_advertising_banners_edit', 1200, 'edit advertising banner'),
(1204, 'admin_advertising_banners_delete', 1200, 'delete advertising banner'),
(1230, 'admin_newsletters', NULL, 'Newsletters'),
(1231, 'admin_newsletters_lists', 1230, 'Newsletters lists'),
(1232, 'admin_newsletters_send', 1230, 'Send Newsletters'),
(1233, 'admin_newsletters_history', 1230, 'Newsletters histories'),
(1234, 'admin_newsletters_delete', 1230, 'Delete newsletters item'),
(1235, 'admin_newsletters_export_excel', 1230, 'Export excel newsletters item'),
(1250, 'admin_contacts', NULL, 'Contacts'),
(1251, 'admin_contacts_lists', 1250, 'Contacts lists'),
(1252, 'admin_contacts_reply', 1250, 'Contacts reply'),
(1253, 'admin_contacts_delete', 1250, 'Contacts delete'),
(1300, 'admin_product_discount', NULL, 'product discount'),
(1301, 'admin_product_discount_list', 1300, 'product discount list'),
(1302, 'admin_product_discount_create', 1300, 'create product discount'),
(1303, 'admin_product_discount_edit', 1300, 'edit product discount'),
(1304, 'admin_product_discount_delete', 1300, 'delete product discount'),
(1305, 'admin_product_discount_export', 1300, 'delete product export excel'),
(1350, 'admin_pages', NULL, 'pages'),
(1351, 'admin_pages_list', 1350, 'pages list'),
(1352, 'admin_pages_create', 1350, 'pages create'),
(1353, 'admin_pages_edit', 1350, 'pages edit'),
(1354, 'admin_pages_toggle', 1350, 'pages toggle publish/draft'),
(1355, 'admin_pages_delete', 1350, 'pages delete'),
(1400, 'admin_comments', NULL, 'Comments'),
(1401, 'admin_webinar_comments', 1400, 'Classes comments'),
(1402, 'admin_webinar_comments_edit', 1400, 'Classes comments edit'),
(1403, 'admin_webinar_comments_reply', 1400, 'Classes comments reply'),
(1404, 'admin_webinar_comments_delete', 1400, 'Classes comments delete'),
(1405, 'admin_webinar_comments_status', 1400, 'Classes comments status (active or pending)'),
(1406, 'admin_blog_comments', 1400, 'Blog comments'),
(1407, 'admin_blog_comments_edit', 1400, 'Blog comments edit'),
(1408, 'admin_blog_comments_reply', 1400, 'Blog comments reply'),
(1409, 'admin_blog_comments_delete', 1400, 'Blog comments delete'),
(1410, 'admin_blog_comments_status', 1400, 'Blog comments status (active or pending)'),
(1411, 'admin_product_comments', 1400, 'Product comments'),
(1412, 'admin_product_comments_edit', 1400, 'Product comments edit'),
(1413, 'admin_product_comments_reply', 1400, 'Product comments reply'),
(1414, 'admin_product_comments_delete', 1400, 'Product comments delete'),
(1415, 'admin_product_comments_status', 1400, 'Product comments status (active or pending)'),
(1450, 'admin_reports', NULL, 'Reports'),
(1451, 'admin_webinar_reports', 1450, 'Classes reports'),
(1452, 'admin_webinar_comments_reports', 1450, 'Classes Comments reports'),
(1453, 'admin_webinar_reports_delete', 1450, 'Classes reports delete'),
(1454, 'admin_blog_comments_reports', 1450, 'Blog Comments reports'),
(1455, 'admin_report_reasons', 1450, 'Reports reasons'),
(1456, 'admin_product_comments_reports', 1450, 'Products Comments reports'),
(1457, 'admin_forum_topic_post_reports', 1450, 'Forum Topic Posts Reports'),
(1500, 'admin_additional_pages', NULL, 'Additional Pages'),
(1501, 'admin_additional_pages_404', 1500, '404 error page settings'),
(1502, 'admin_additional_pages_contact_us', 1500, 'Contact page settings'),
(1503, 'admin_additional_pages_footer', 1500, 'Footer settings'),
(1504, 'admin_additional_pages_navbar_links', 1500, 'Top Navbar links settings'),
(1550, 'admin_appointments', NULL, 'Appointments'),
(1551, 'admin_appointments_lists', 1550, 'Appointments lists'),
(1552, 'admin_appointments_join', 1550, 'Appointments join'),
(1553, 'admin_appointments_send_reminder', 1550, 'Appointments send reminder'),
(1554, 'admin_appointments_cancel', 1550, 'Appointments cancel'),
(1600, 'admin_reviews', NULL, 'Reviews'),
(1601, 'admin_reviews_lists', 1600, 'Reviews lists'),
(1602, 'admin_reviews_status_toggle', 1600, 'Reviews status toggle (publish or hidden)'),
(1603, 'admin_reviews_detail_show', 1600, 'Review details page'),
(1604, 'admin_reviews_delete', 1600, 'Review delete'),
(1650, 'admin_consultants', NULL, 'Consultants'),
(1651, 'admin_consultants_lists', 1650, 'Consultants lists'),
(1652, 'admin_consultants_export_excel', 1650, 'Consultants export excel'),
(1675, 'admin_referrals', NULL, 'Referrals'),
(1676, 'admin_referrals_history', 1675, 'Referrals History'),
(1677, 'admin_referrals_users', 1675, 'Referrals users'),
(1678, 'admin_referrals_export', 1675, 'Export Referrals'),
(1725, 'admin_regions', NULL, 'Regions'),
(1726, 'admin_regions_countries', 1725, 'countries lists'),
(1727, 'admin_regions_provinces', 1725, 'provinces lists'),
(1728, 'admin_regions_cities', 1725, 'cities lists'),
(1729, 'admin_regions_districts', 1725, 'districts lists'),
(1730, 'admin_regions_create', 1725, 'create item'),
(1731, 'admin_regions_edit', 1725, 'edit item'),
(1732, 'admin_regions_delete', 1725, 'delete item'),
(1750, 'admin_rewards', NULL, 'Rewards'),
(1751, 'admin_rewards_history', 1750, 'Rewards history'),
(1752, 'admin_rewards_settings', 1750, 'Rewards settings'),
(1753, 'admin_rewards_items', 1750, 'Rewards items'),
(1754, 'admin_rewards_item_delete', 1750, 'Reward item delete'),
(1775, 'admin_registration_packages', NULL, 'Registration packages'),
(1776, 'admin_registration_packages_lists', 1775, 'packages lists'),
(1777, 'admin_registration_packages_new', 1775, 'New package'),
(1778, 'admin_registration_packages_edit', 1775, 'Edit package'),
(1779, 'admin_registration_packages_delete', 1775, 'Delete package'),
(1780, 'admin_registration_packages_reports', 1775, 'Reports'),
(1781, 'admin_registration_packages_settings', 1775, 'Settings'),
(1800, 'admin_store', NULL, 'Store'),
(1801, 'admin_store_products', 1800, 'Products lists'),
(1802, 'admin_store_new_product', 1800, 'Create New Product'),
(1803, 'admin_store_edit_product', 1800, 'Edit Product'),
(1804, 'admin_store_delete_product', 1800, 'Delete Product'),
(1805, 'admin_store_export_products', 1800, 'Export excel Products'),
(1806, 'admin_store_categories_list', 1800, 'Store Categories Lists'),
(1807, 'admin_store_categories_create', 1800, 'Create Store Category'),
(1808, 'admin_store_categories_edit', 1800, 'Edit Store Category'),
(1809, 'admin_store_categories_delete', 1800, 'Delete Store Category'),
(1810, 'admin_store_filters_list', 1800, 'Store Filters Lists'),
(1811, 'admin_store_filters_create', 1800, 'Create Store Filter'),
(1812, 'admin_store_filters_edit', 1800, 'Edit Store Filter'),
(1813, 'admin_store_filters_delete', 1800, 'Delete Store Filter'),
(1814, 'admin_store_specifications', 1800, 'Store Specifications'),
(1815, 'admin_store_specifications_create', 1800, 'Create New Store Specification'),
(1816, 'admin_store_specifications_edit', 1800, 'Edit Store Specification'),
(1817, 'admin_store_specifications_delete', 1800, 'Delete Store Specification'),
(1818, 'admin_store_discounts', 1800, 'Store Discounts Lists'),
(1819, 'admin_store_discounts_create', 1800, 'Create New Store discount'),
(1820, 'admin_store_discounts_edit', 1800, 'Edit Store discount'),
(1821, 'admin_store_discounts_delete', 1800, 'Delete Store discount'),
(1822, 'admin_store_products_orders', 1800, 'Products Orders'),
(1823, 'admin_store_products_orders_refund', 1800, 'Products Orders Refund'),
(1824, 'admin_store_products_orders_invoice', 1800, 'Products Orders View Invoice'),
(1825, 'admin_store_products_orders_export', 1800, 'Products Orders Export Excel'),
(1826, 'admin_store_products_orders_tracking_code', 1800, 'Products Orders Tracking code'),
(1827, 'admin_store_products_reviews', 1800, 'Reviews lists'),
(1828, 'admin_store_products_reviews_status_toggle', 1800, 'Reviews status toggle (publish or hidden)'),
(1829, 'admin_store_products_reviews_detail_show', 1800, 'Review details page'),
(1830, 'admin_store_products_reviews_delete', 1800, 'Review delete'),
(1831, 'admin_store_settings', 1800, 'Store settings'),
(1832, 'admin_store_in_house_products', 1800, 'In-house products'),
(1833, 'admin_store_in_house_orders', 1800, 'In-house Products Orders'),
(1834, 'admin_store_products_sellers', 1800, 'Products Sellers'),
(1835, 'admin_store_in_house_products_delete', 1800, 'In-house Products Delete'),
(1836, 'admin_store_in_house_products_export', 1800, 'In-house Products Export Excel'),
(1837, 'admin_store_in_house_orders', 1800, 'In-house Products Orders'),
(1838, 'admin_store_products_sellers', 1800, 'Products Sellers'),
(1850, 'admin_webinar_assignments', NULL, 'Webinar assignments'),
(1851, 'admin_webinar_assignments_lists', 1850, 'Assignments lists'),
(1852, 'admin_webinar_assignments_students', 1850, 'Assignment students'),
(1853, 'admin_webinar_assignments_conversations', 1850, 'Assignment students conversations'),
(1875, 'admin_users_not_access_content', NULL, 'Users do not have access to the content'),
(1876, 'admin_users_not_access_content_lists', 1875, 'Users lists'),
(1877, 'admin_users_not_access_content_toggle', 1875, 'Toggle active/inactive users to view content'),
(1900, 'admin_bundles', NULL, 'Bundles'),
(1901, 'admin_bundles_list', 1900, 'Bundles Lists'),
(1902, 'admin_bundles_create', 1900, 'Create new Bundle'),
(1903, 'admin_bundles_edit', 1900, 'Edit bundle'),
(1904, 'admin_bundles_delete', 1900, 'Delete bundle'),
(1905, 'admin_bundles_export_excel', 1900, 'Export excel'),
(1925, 'admin_forum', NULL, 'Forums'),
(1926, 'admin_forum_list', 1925, 'Forums Lists'),
(1927, 'admin_forum_create', 1925, 'Forums create'),
(1928, 'admin_forum_edit', 1925, 'Forums edit'),
(1929, 'admin_forum_delete', 1925, 'Forums delete'),
(1930, 'admin_forum_topics_lists', 1925, 'Forums topics lists'),
(1931, 'admin_forum_topics_create', 1925, 'Forums topics create'),
(1932, 'admin_forum_topics_delete', 1925, 'Forums topics delete'),
(1933, 'admin_forum_topics_posts', 1925, 'Forums topic posts'),
(1934, 'admin_forum_topics_create_posts', 1925, 'Forums topic store posts'),
(1950, 'admin_featured_topics', NULL, 'Featured topics'),
(1951, 'admin_featured_topics_list', 1950, 'Featured topics Lists'),
(1952, 'admin_featured_topics_create', 1950, 'Featured topics create'),
(1953, 'admin_featured_topics_edit', 1950, 'Featured topics edit'),
(1954, 'admin_featured_topics_delete', 1950, 'Featured topics delete'),
(1975, 'admin_recommended_topics', NULL, 'Recommended topics'),
(1976, 'admin_recommended_topics_list', 1975, 'Recommended topics Lists'),
(1977, 'admin_recommended_topics_create', 1975, 'Recommended topics create'),
(1978, 'admin_recommended_topics_edit', 1975, 'Recommended topics edit'),
(1979, 'admin_recommended_topics_delete', 1975, 'Recommended topics delete'),
(2000, 'admin_advertising_modal', NULL, 'Advertising modal'),
(2001, 'admin_advertising_modal_config', 2000, 'Set Advertising modal'),
(2015, 'admin_enrollment', NULL, 'Enrollment'),
(2016, 'admin_enrollment_history', 2015, 'Enrollment History'),
(2017, 'admin_enrollment_add_student_to_items', 2015, 'Enrollment Add Student To Items'),
(2018, 'admin_enrollment_block_access', 2015, 'Enrollment Block Access'),
(2019, 'admin_enrollment_enable_access', 2015, 'Enrollment Enable Access'),
(2020, 'admin_enrollment_export', 2015, 'Enrollment Export History'),
(2021, 'admin_enrollment_export', 2015, 'Enrollment Export History'),
(2030, 'admin_delete_account_requests', NULL, 'Delete Account Requests'),
(2031, 'admin_delete_account_requests_lists', 2030, 'Delete Account Requests Lists'),
(2032, 'admin_delete_account_requests_confirm', 2030, 'Delete Account Requests Confirm');

-- --------------------------------------------------------

--
-- Structure de la table `sectionsmat`
--

CREATE TABLE `sectionsmat` (
  `id` int UNSIGNED NOT NULL,
  `name` varchar(200) COLLATE utf8mb4_unicode_ci DEFAULT NULL,
  `level_id` int UNSIGNED NOT NULL,
  `created_at` timestamp NULL DEFAULT NULL,
  `updated_at` timestamp NULL DEFAULT NULL
) ENGINE=InnoDB DEFAULT CHARSET=utf8mb4 COLLATE=utf8mb4_unicode_ci;

--
-- Déchargement des données de la table `sectionsmat`
--

INSERT INTO `sectionsmat` (`id`, `name`, `level_id`, `created_at`, `updated_at`) VALUES
(1, 'enfant non section 1', 6, NULL, NULL),
(2, 'enfant non section 2', 7, NULL, NULL),
(3, 'enfant non section 3', 8, NULL, NULL),
(4, 'enfant non section 4', 9, NULL, NULL),
(5, 'enfant non section 5', 10, NULL, NULL),
(6, 'enfant non section 6', 11, NULL, NULL);

-- --------------------------------------------------------

--
-- Structure de la table `sessions`
--

CREATE TABLE `sessions` (
  `id` int UNSIGNED NOT NULL,
  `creator_id` int UNSIGNED NOT NULL,
  `webinar_id` int UNSIGNED NOT NULL,
  `chapter_id` int UNSIGNED DEFAULT NULL,
  `date` int NOT NULL,
  `duration` int NOT NULL,
  `link` varchar(255) COLLATE utf8mb4_unicode_ci DEFAULT NULL,
  `extra_time_to_join` int UNSIGNED DEFAULT NULL COMMENT 'Specifies that the user can see the join button up to a few minutes after the start time of the webinar.',
  `zoom_start_link` text COLLATE utf8mb4_unicode_ci,
  `zoom_id` varchar(255) CHARACTER SET utf8mb4 COLLATE utf8mb4_general_ci DEFAULT NULL,
  `session_api` enum('local','big_blue_button','zoom','agora') COLLATE utf8mb4_unicode_ci NOT NULL DEFAULT 'local',
  `api_secret` varchar(255) COLLATE utf8mb4_unicode_ci DEFAULT NULL,
  `moderator_secret` varchar(255) COLLATE utf8mb4_unicode_ci DEFAULT NULL,
  `agora_settings` text COLLATE utf8mb4_unicode_ci,
  `check_previous_parts` tinyint(1) NOT NULL DEFAULT '0',
  `access_after_day` int UNSIGNED DEFAULT NULL,
  `order` int UNSIGNED DEFAULT NULL,
  `status` enum('active','inactive') COLLATE utf8mb4_unicode_ci NOT NULL DEFAULT 'active',
  `created_at` int NOT NULL,
  `updated_at` int DEFAULT NULL,
  `deleted_at` int DEFAULT NULL
) ENGINE=InnoDB DEFAULT CHARSET=utf8mb4 COLLATE=utf8mb4_unicode_ci ROW_FORMAT=DYNAMIC;

-- --------------------------------------------------------

--
-- Structure de la table `session_reminds`
--

CREATE TABLE `session_reminds` (
  `id` int UNSIGNED NOT NULL,
  `session_id` int UNSIGNED NOT NULL,
  `user_id` int UNSIGNED NOT NULL,
  `created_at` int NOT NULL
) ENGINE=InnoDB DEFAULT CHARSET=utf8mb4 COLLATE=utf8mb4_unicode_ci;

-- --------------------------------------------------------

--
-- Structure de la table `session_translations`
--

CREATE TABLE `session_translations` (
  `id` bigint UNSIGNED NOT NULL,
  `session_id` int UNSIGNED NOT NULL,
  `locale` varchar(255) COLLATE utf8mb4_unicode_ci NOT NULL,
  `title` varchar(255) COLLATE utf8mb4_unicode_ci NOT NULL,
  `description` text COLLATE utf8mb4_unicode_ci
) ENGINE=InnoDB DEFAULT CHARSET=utf8mb4 COLLATE=utf8mb4_unicode_ci;

--
-- Déchargement des données de la table `session_translations`
--

INSERT INTO `session_translations` (`id`, `session_id`, `locale`, `title`, `description`) VALUES
(6, 59, 'en', 'Introduction', 'Microsoft Excel is a spreadsheet developed by Microsoft for Windows, macOS, Android and iOS. It features calculation, graphing tools, pivot tables, and a macro programming language called Visual Basic for Applications (VBA).'),
(7, 60, 'en', 'Basic Excel Functions', 'Microsoft Excel has the basic features of all spreadsheets,[6] using a grid of cells arranged in numbered rows and letter-named columns to organize data manipulations like arithmetic operations.'),
(8, 61, 'en', 'Basic Charts', 'Excel supports charts, graphs, or histograms generated from specified groups of cells. It also supports Pivot Charts that allow for a chart to be linked directly to a Pivot table. This allows the chart to be refreshed with the Pivot Table.'),
(9, 62, 'en', 'The Key to Effective Time Management', 'If you have ever taken a time management course, you\'ve probably faced the frustration of trying to manage your time better and not succeeding.\r\n\r\nThis is because time management is a Myth.\r\n\r\nWhat this course will teach you, is the concept of \"Task Management.\" In other words, it will teach you how to accomplish more high value tasks, so that you get a 10X greater return for all of the work you put in every hour.'),
(10, 63, 'en', '20/80 Time Management', 'If you have ever taken a time management course, you\'ve probably faced the frustration of trying to manage your time better and not succeeding.\r\n\r\nThis is because time management is a Myth.\r\n\r\nWhat this course will teach you, is the concept of \"Task Management.\" In other words, it will teach you how to accomplish more high value tasks, so that you get a 10X greater return for all of the work you put in every hour.'),
(11, 64, 'en', 'Getting High Value Things Done', 'What this course will teach you, is the concept of \"Task Management.\" In other words, it will teach you how to accomplish more high value tasks, so that you get a 10X greater return for all of the work you put in every hour.'),
(12, 65, 'en', 'Getting Started', 'A brief overview of what you\'ll learn in this course.'),
(13, 66, 'en', 'Modules, Apps, and Controllers', 'AngularJS enables you to control the DOM via modules, apps, and controllers -- all without polluting the global namespace.\r\nThis lecture contains downloadable source code. Download the file below and unzip (or extract) it.'),
(14, 67, 'en', 'Data Binding and Directives', 'Our first visual AngularJS code. Now that we understand scope, let\'s use it to output content to a page.\r\n\r\nThis lecture contains downloadable source code. Download the file below and unzip (or extract) it.'),
(15, 68, 'en', 'The Perfect Fitness Diet', 'My \"Health & Fitness Masterclass\" is designed for anyone who wants to boost their fitness, no matter if you\'re a beginner, athlete or simply want to live a healthier life.'),
(16, 69, 'en', 'Setting Up Your Fitness Diet', 'My \"Health & Fitness Masterclass\" is designed for anyone who wants to boost their fitness, no matter if you\'re a beginner, athlete or simply want to live a healthier life.'),
(17, 70, 'en', 'The Right Fitness Mindset', 'My \"Health & Fitness Masterclass\" is designed for anyone who wants to boost their fitness, no matter if you\'re a beginner, athlete or simply want to live a healthier life.'),
(18, 71, 'en', 'Why Active Listening?', 'Most of us want to get better at talking. But the REAL power tool for influencing others, leading, collaborating, having an impact, and being an an-all-around-better person is Active Listening. While regular listening can look like being blank and silent, Active Listening is engaged, creative, and responsive.'),
(19, 72, 'en', 'Automatic Listening Habits', 'In this course, you will gain both the internal awareness and external skill-set that are the foundation of Active Listening. You will be able to have far more satisfying, interesting, successful conversations.'),
(20, 73, 'en', 'Helpful Habits', 'Most of us want to get better at talking. But the REAL power tool for influencing others, leading, collaborating, having an impact, and being an an-all-around-better person is Active Listening.'),
(21, 74, 'en', 'First sesions', 'Online Course Creation can be simple once you have mastered the art of speaking in front of a camera. Imagine yourself delivering an entire course filled with great lectures'),
(22, 75, 'en', 'Join to This Session', 'The skill you will learn in this class is not primarily theoretical or academic. It is a skill that requires physical habits.'),
(24, 77, 'en', 'suite geo', 'gtfrc'),
(25, 78, 'ar', 'Ezzeddin\'s courses', NULL);

-- --------------------------------------------------------

--
-- Structure de la table `settings`
--

CREATE TABLE `settings` (
  `id` int UNSIGNED NOT NULL,
  `page` enum('general','financial','personalization','notifications','seo','customization','other') COLLATE utf8mb4_unicode_ci NOT NULL DEFAULT 'other',
  `name` varchar(255) COLLATE utf8mb4_unicode_ci NOT NULL,
  `updated_at` int DEFAULT NULL
) ENGINE=InnoDB DEFAULT CHARSET=utf8mb4 COLLATE=utf8mb4_unicode_ci ROW_FORMAT=DYNAMIC;

--
-- Déchargement des données de la table `settings`
--

INSERT INTO `settings` (`id`, `page`, `name`, `updated_at`) VALUES
(1, 'seo', 'seo_metas', 1693230899),
(2, 'general', 'socials', 1645553984),
(4, 'other', 'footer', 1632071275),
(5, 'general', 'general', 1708099982),
(6, 'financial', 'financial', 1719493857),
(8, 'personalization', 'home_hero', 1645562921),
(12, 'customization', 'custom_css_js', 1636119881),
(14, 'personalization', 'page_background', 1655654319),
(15, 'personalization', 'home_hero2', 1645563058),
(20, 'other', 'report_reasons', 1656323233),
(22, 'notifications', 'notifications', 1682870645),
(23, 'financial', 'site_bank_accounts', 1683566984),
(24, 'other', 'contact_us', 1645564086),
(25, 'personalization', 'home_sections', 1641234869),
(26, 'other', 'navbar_links', 1656101148),
(27, 'personalization', 'home_video_or_image_box', 1645563215),
(28, 'other', '404', 1645563969),
(29, 'personalization', 'panel_sidebar', 1645563328),
(30, 'financial', 'referral', 1656667641),
(31, 'general', 'features', 1681784646),
(32, 'personalization', 'find_instructors', 1645610065),
(33, 'personalization', 'reward_program', 1655132304),
(34, 'general', 'rewards_settings', 1656667591),
(37, 'financial', 'registration_packages_general', 1656667610),
(38, 'financial', 'registration_packages_instructors', 1656667615),
(39, 'financial', 'registration_packages_organizations', 1656667619),
(40, 'personalization', 'become_instructor_section', 1645609839),
(41, 'general', 'store_settings', 1656667545),
(42, 'personalization', 'theme_colors', 1655132120),
(43, 'personalization', 'forums_section', 1655973550),
(44, 'personalization', 'cookie_settings', 1655700817),
(45, 'personalization', 'mobile_app', 1656395706),
(46, 'personalization', 'theme_fonts', 1655657642),
(47, 'general', 'reminders', 1656405333),
(48, 'other', 'advertising_modal', 1656666062),
(52, 'personalization', 'others_personalization', 1656219072);

-- --------------------------------------------------------

--
-- Structure de la table `setting_translations`
--

CREATE TABLE `setting_translations` (
  `id` bigint UNSIGNED NOT NULL,
  `setting_id` int UNSIGNED NOT NULL,
  `locale` varchar(255) COLLATE utf8mb4_unicode_ci NOT NULL,
  `value` longtext COLLATE utf8mb4_unicode_ci NOT NULL
) ENGINE=InnoDB DEFAULT CHARSET=utf8mb4 COLLATE=utf8mb4_unicode_ci;

--
-- Déchargement des données de la table `setting_translations`
--

INSERT INTO `setting_translations` (`id`, `setting_id`, `locale`, `value`) VALUES
(1, 1, 'en', '{\"home\":{\"title\":\"Home\",\"description\":\"home page Description\",\"robot\":\"index\"},\"search\":{\"title\":\"Search\",\"description\":\"search page Description\",\"robot\":\"index\"},\"categories\":{\"title\":\"Category\",\"description\":\"categories page Description\",\"robot\":\"index\"},\"login\":{\"title\":\"Login\",\"description\":\"login page description\",\"robot\":\"index\"},\"register\":{\"title\":\"Register\",\"description\":\"register page Description\",\"robot\":\"index\"},\"about\":{\"title\":\"about page title\",\"description\":\"about page Description\"},\"contact\":{\"title\":\"Contact\",\"description\":\"contact page Description\",\"robot\":\"index\"},\"certificate_validation\":{\"title\":\"Certificate validation\",\"description\":\"Certificate validation description\",\"robot\":\"index\"},\"classes\":{\"title\":\"Courses\",\"description\":\"Courses page Description\",\"robot\":\"index\"},\"blog\":{\"title\":\"Blog\",\"description\":\"Blog page description\",\"robot\":\"index\"},\"instructors\":{\"title\":\"Instructors\",\"description\":\"instructors page Description\",\"robot\":\"index\"},\"organizations\":{\"title\":\"Organizations\",\"description\":\"Organizations page description\",\"robot\":\"index\"},\"instructor_finder_wizard\":{\"title\":\"Instructor finder wizard\",\"description\":\"Instructor finder wizard description\",\"robot\":\"noindex\"},\"instructor_finder\":{\"title\":\"Instructor finder\",\"description\":\"Instructor finder description\",\"robot\":\"index\"},\"reward_courses\":{\"title\":\"Reward courses\",\"description\":\"Reward courses description\",\"robot\":\"index\"},\"reward_products\":{\"title\":\"Reward Products\",\"description\":\"Reward Products Description\",\"robot\":\"noindex\"},\"forum\":{\"title\":\"Forums\",\"description\":\"Forums Descripticon\",\"robot\":\"noindex\"}}'),
(2, 2, 'en', '{\"Instagram\":{\"title\":\"Instagram\",\"image\":\"\\/store\\/1\\/default_images\\/social\\/instagram.svg\",\"link\":\"https://www.instagram.com/a.ba.jim\\/\",\"order\":\"3\"},\"LinkedIn\":{\"title\":\"LinkedIn\",\"image\":\"\\/store\\/1\\/default_images\\/social\\/linkedin.svg\",\"link\":\"https://www.linkedin.com/company/abajim/originalSubdomain=tn\\/\",\"order\":\"1\"},\"Facebook\":{\"title\":\"Facebook\",\"image\":\"\\/store\\/1\\/default_images\\/social\\/facebook.svg\",\"link\":\"https://www.facebook.com/profile.php?id=61550577921663&sk\",\"order\":\"4\"},\"Whatsapp\":{\"title\":\"Whatsapp\",\"image\":\"\\/store\\/1\\/default_images\\/social\\/whatsapp.svg\",\"link\":\"https://wa.me/25893331\",\"order\":\"2\"}}'),
(3, 4, 'fa', '{\"first_column\":{\"title\":\"\\u0633\\u062a\\u0648\\u0646 \\u0627\\u0648\\u0644\",\"value\":\"<p>\\u0644\\u06cc\\u0646\\u06a9 \\u06f1<\\/p><p>\\u0644\\u06cc\\u0646\\u06a9 \\u06f2<\\/p><p>\\u0644\\u06cc\\u0646\\u06a9 \\u06f3<\\/p>\"},\"second_column\":{\"title\":\"\\u0633\\u062a\\u0648\\u0646 \\u062f\\u0648\\u0645\",\"value\":\"<p>\\u0644\\u06cc\\u0646\\u06a9 1<\\/p><p>\\u0644\\u06cc\\u0646\\u06a9 2<\\/p><p>\\u0644\\u06cc\\u0646\\u06a9 3<\\/p>\"},\"third_column\":{\"title\":\"\\u0633\\u062a\\u0648\\u0646 \\u0633\\u0648\\u0645\",\"value\":\"<p>\\u0644\\u06cc\\u0646\\u06a9 1<\\/p><p>\\u0644\\u06cc\\u0646\\u06a9 \\u06f2<\\/p><p>\\u0644\\u06cc\\u0646\\u06a9 \\u06f3<\\/p>\"},\"forth_column\":{\"title\":\"\\u0633\\u062a\\u0648\\u0646 \\u0686\\u0647\\u0627\\u0631\",\"value\":\"<p>\\u0644\\u06cc\\u0646\\u06a9 1<\\/p><p>\\u0644\\u06cc\\u0646\\u06a9 \\u06f2<\\/p><p>\\u0644\\u06cc\\u0646\\u06a9 \\u06f3<\\/p><p>\\u0644\\u06cc\\u0646\\u06a9 \\u06f4<\\/p>\"}}'),
(4, 5, 'en', '{\"site_language\":\"AR\",\"register_method\":\"email\",\"default_time_zone\":\"Africa\\/Tunis\",\"date_format\":\"textual\",\"time_format\":\"24_hours\",\"user_languages\":[\"AR\",\"EN\",\"FR\"],\"rtl_languages\":[\"AR\"],\"fav_icon\":\"\\/store\\/1\\/abajimLOGO.png\",\"logo\":\"\\/store\\/1\\/abajim.png\",\"footer_logo\":\"\\/store\\/1\\/abajim.png\",\"hero_section2\":\"1\"}'),
(5, 6, 'en', '{\"commission\":\"20\",\"tax\":\"10\",\"minimum_payout\":\"50\",\"currency\":\"TND\",\"currency_position\":\"right\",\"price_display\":\"only_price\"}'),
(6, 8, 'en', '{\"title\":\"Abajim ! the joy of learning & teaching...\",\"description\":\"Welcome to our amazing learning platform! We provide a unique and interactive learning experience through educational videos that complement the official school textbooks. Create your own personalized school by selecting and following the best and most qualified educators at your own pace.\",\"hero_background\":\"\\/store\\/1\\/default_images\\/hero_1.jpg\"}'),
(7, 12, 'en', '{\"css\":null,\"js\":null}'),
(8, 14, 'en', '{\"admin_login\":\"\\/store\\/1\\/default_images\\/admin_login.jpg\",\"admin_dashboard\":\"\\/store\\/1\\/default_images\\/admin_dashboard.jpg\",\"login\":\"\\/store\\/1\\/default_images\\/login.png\",\"register\":\"\\/store\\/1\\/default_images\\/front_register.jpg\",\"remember_pass\":\"\\/store\\/1\\/default_images\\/password_recovery.jpeg\",\"verification\":\"\\/store\\/1\\/default_images\\/verification.jpg\",\"search\":\"\\/store\\/1\\/default_images\\/search_cover.png\",\"categories\":\"\\/store\\/1\\/default_images\\/category_cover.png\",\"become_instructor\":\"\\/store\\/1\\/default_images\\/become_instructor.jpg\",\"certificate_validation\":\"\\/store\\/1\\/default_images\\/certificate_validation.jpg\",\"blog\":\"\\/store\\/1\\/default_images\\/blogs_cover.png\",\"instructors\":\"\\/store\\/1\\/default_images\\/instructors_cover.png\",\"manuels\":\"\\/store\\/1\\/default_images\\/manuels_cover.png\",\"dashboard\":\"\\/store\\/1\\/dashboard.png\",\"user_avatar\":\"\\/store\\/1\\/default_images\\/default_profile.jpg\",\"user_cover\":\"\\/store\\/1\\/default_images\\/default_cover.jpg\",\"instructor_finder_wizard\":\"\\/store\\/1\\/default_images\\/instructor_finder_wizard.jpg\",\"products_lists\":\"\\/store\\/1\\/default_images\\/category_cover.png\"}'),
(9, 15, 'en', '{\"title\":\"Joy of learning & teaching...\",\"description\":\"Welcome to our amazing learning platform! We provide a unique and interactive learning experience through educational videos that complement the official school textbooks. Create your own personalized school by selecting and following the best and most qualified educators at your own pace.\",\"hero_background\":\"\\/assets\\/default\\/img\\/home\\/world.png\",\"hero_vector\":\"\\/store\\/1\\/animated-header.json\",\"has_lottie\":\"1\"}'),
(10, 20, 'en', '[\"Inappropriate Course Content\",\"Inappropriate Behavior\",\"Policy Violation\",\"Spammy Content\",\"Other\"]'),
(11, 22, 'en', '{\"new_comment_admin\":\"7\",\"support_message_admin\":\"10\",\"support_message_replied_admin\":\"11\",\"promotion_plan_admin\":\"29\",\"new_contact_message\":\"26\",\"new_badge\":\"2\",\"change_user_group\":\"3\",\"course_created\":\"4\",\"course_approve\":\"5\",\"course_reject\":\"6\",\"new_comment\":\"7\",\"support_message\":\"8\",\"support_message_replied\":\"9\",\"new_rating\":\"17\",\"webinar_reminder\":\"27\",\"new_financial_document\":\"12\",\"payout_request\":\"13\",\"payout_proceed\":\"14\",\"offline_payment_request\":\"18\",\"offline_payment_approved\":\"19\",\"offline_payment_rejected\":\"20\",\"new_sales\":\"15\",\"new_purchase\":\"16\",\"new_subscribe_plan\":\"21\",\"promotion_plan\":\"28\",\"new_appointment\":\"22\",\"new_appointment_link\":\"23\",\"appointment_reminder\":\"24\",\"meeting_finished\":\"25\",\"new_certificate\":\"30\",\"waiting_quiz\":\"31\",\"waiting_quiz_result\":\"32\",\"payout_request_admin\":\"13\",\"product_new_sale\":\"33\",\"product_new_purchase\":\"34\",\"product_new_comment\":\"35\",\"product_tracking_code\":\"36\",\"product_new_rating\":\"37\",\"product_receive_shipment\":\"38\",\"product_out_of_stock\":\"39\",\"student_send_message\":\"32\",\"instructor_send_message\":\"5\",\"instructor_set_grade\":\"42\",\"send_post_in_topic\":\"44\",\"publish_instructor_blog_post\":\"45\",\"new_comment_for_instructor_blog_post\":\"46\",\"meeting_reserve_reminder\":\"47\",\"subscribe_reminder\":\"48\"}'),
(12, 23, 'en', '{\"443\":{\"title\":\"Attijari Bank\",\"image\":\"\\/assets\\/default\\/img\\/bank\\/Attijarilogo.png\",\"card_id\":\"1543-2374-32\",\"account_id\":\"241-35213325\",\"iban\":\"RBD3NBD6VRS3\"},\"540\":{\"title\":\"Qatar National Bank\",\"image\":\"\\/store\\/1\\/default_images\\/offline_payments\\/Qatar National Bank.png\",\"card_id\":\"2578-4910-3682-6288\",\"account_id\":\"38152294372\",\"iban\":\"QA66QUWW934528129454345775226\"},\"334\":{\"title\":\"BIAT Bank\",\"image\":\"\\/assets\\/default\\/img\\/bank\\/BIATlogo.png\",\"card_id\":\"6282-4518-1237-7641\",\"account_id\":\"56238341127\",\"iban\":\"IN37ABNA2422193788\"},\"jhgDW\":{\"title\":\"AMAN Bank\",\"image\":\"\\/assets\\/default\\/img\\/bank\\/AMANlogo.png\",\"card_id\":\"5012-4518-1772-8911\",\"account_id\":\"46237751125\",\"iban\":\"NL37ABNA2423554788\"}}'),
(13, 24, 'en', '{\"background\":\"\\/store\\/1\\/default_images\\/category_cover.png\",\"latitude\":\"35.81712147697855\",\"longitude\":\"10.593607716508265\",\"map_zoom\":\"15\",\"phones\":\"+216 98 639 953  \",\"emails\":\"contact@abajim.com , hello@abajim.com\",\"address\":\"Novation city, Sahloul, Sousse\"}'),
(14, 25, 'en', '{\"latest_classes\":\"1\",\"best_sellers\":\"1\",\"free_classes\":\"1\",\"discount_classes\":\"1\",\"best_rates\":\"1\",\"trend_categories\":\"1\",\"testimonials\":\"1\",\"subscribes\":\"1\",\"blog\":\"1\",\"organizations\":\"1\",\"instructors\":\"1\",\"video_or_image_section\":\"1\",\"find_instructors\":\"1\",\"reward_program\":\"1\"}'),
(15, 26, 'en', '{\"02nh9a\":{\"title\":\"Home\",\"link\":\"\\/\",\"order\":\"1\"},\"1cH2kF\":{\"title\":\"Courses\",\"link\":\"\\/classes?sort=newest\",\"order\":\"2\"},\"gGf8Lv\":{\"title\":\"Instructors\",\"link\":\"\\/instructors\",\"order\":\"3\"},\"Uo5b2v\":{\"title\":\"Contact\",\"link\":\"\\/contact\",\"order\":\"4\"},\"Wnq5Qb\":{\"title\":\"À propos\",\"link\":\"\\/apropos\",\"order\":\"5\"}}'),
(16, 27, 'en', '{\"link\":\"\\/classes\",\"title\":\"Start learning anywhere, anytime...\",\"description\":\"Use Abajim to access high-quality education materials without any limitations in the easiest way.\",\"background\":\"\\/store\\/1\\/default_images\\/home_video_section.png\"}'),
(17, 28, 'en', '{\"error_image\":\"\\/store\\/1\\/default_images\\/404.png\",\"error_title\":\"هذه الصّفحة غير موجودة\",\"error_description\":\"404 Error description\"}'),
(18, 29, 'en', '{\"link\":\"\\/classes?sort=newest\",\"background\":\"\\/store\\/1\\/sidebar-user.png\"}'),
(19, 30, 'en', '{\"affiliate_user_commission\":\"5\",\"affiliate_user_amount\":\"20\",\"referred_user_amount\":\"10\",\"referral_description\":\"You can share your affiliate URL you will get the above rewards when a user uses the platform.\"}'),
(20, 4, 'en', '{\"first_column\":{\"title\":\"About US\",\"value\":\"<p><font color=\\\"#ffffff\\\">Abajim is a fully-featured learning management system that helps you to run your education business in several hours. This platform helps instructors to create professional education materials and helps students to learn from the best instructors.<\\/font><\\/p>\"},\"second_column\":{\"title\":\"Additional Links\",\"value\":\"<p><a href=\\\"\\/login\\\"><font color=\\\"#ffffff\\\">- Login<\\/font><\\/a><\\/p><p><font color=\\\"#ffffff\\\"><a href=\\\"\\/register\\\"><font color=\\\"#ffffff\\\">- Register<\\/font><\\/a><br><\\/font><\\/p><p><a href=\\\"\\/blog\\\"><font color=\\\"#ffffff\\\">- Blog<\\/font><\\/a><\\/p><p><a href=\\\"\\/contact\\\"><font color=\\\"#ffffff\\\">- Contact us<\\/font><\\/a><\\/p><p><font color=\\\"#ffffff\\\"><a href=\\\"\\/certificate_validation\\\"><font color=\\\"#ffffff\\\">- Certificate validation<\\/font><\\/a><br><\\/font><\\/p><p><font color=\\\"#ffffff\\\"><a href=\\\"\\/become-instructor\\\"><font color=\\\"#ffffff\\\">- Become instructor<\\/font><\\/a><br><\\/font><\\/p><p><a href=\\\"\\/pages\\/terms\\\"><font color=\\\"#ffffff\\\">- Terms &amp; rules<\\/font><\\/a><\\/p><p><a href=\\\"\\/pages\\/about\\\"><font color=\\\"#ffffff\\\">- About us<\\/font><\\/a><br><\\/p>\"},\"third_column\":{\"title\":\"Similar Businesses\",\"value\":\"<p><a href=\\\"https:\\/\\/www.udemy.com\\/\\\" target=\\\"_blank\\\"><font color=\\\"#ffffff\\\">- Udemy<\\/font><\\/a><\\/p><p><a href=\\\"https:\\/\\/www.skillshare.com\\/\\\" target=\\\"_blank\\\"><font color=\\\"#ffffff\\\">- Skillshare<\\/font><\\/a><\\/p><p><a href=\\\"https:\\/\\/www.coursera.org\\/\\\" target=\\\"_blank\\\"><font color=\\\"#ffffff\\\">- Coursera<\\/font><\\/a><\\/p><p><a href=\\\"https:\\/\\/www.linkedin.com\\/learning\\/\\\" target=\\\"_blank\\\"><font color=\\\"#ffffff\\\">- Lynda<\\/font><\\/a><\\/p><p><a href=\\\"https:\\/\\/www.skillsoft.com\\/\\\" target=\\\"_blank\\\"><font color=\\\"#ffffff\\\">- Skillsoft<\\/font><\\/a><\\/p><p><a href=\\\"https:\\/\\/www.udacity.com\\/\\\" target=\\\"_blank\\\"><font color=\\\"#ffffff\\\">- Udacity<\\/font><\\/a><\\/p><p><a href=\\\"https:\\/\\/www.edx.org\\/\\\" target=\\\"_blank\\\"><font color=\\\"#ffffff\\\">- edX<\\/font><\\/a><\\/p><p><a href=\\\"https:\\/\\/www.masterclass.com\\/\\\" target=\\\"_blank\\\"><font color=\\\"#ffffff\\\">- Masterclass<\\/font><\\/a><br><\\/p>\"},\"forth_column\":{\"title\":\"Purchase Abajim\",\"value\":\"<p><a title=\\\"Notnt\\\" href=\\\"\"><img style=\\\"width: 200px;\\\" src=\\\"\\/store\\/1\\/default_images\\/envato.png\\\"><\\/a><\\/p>\"}}'),
(21, 4, 'de', '{\"first_column\":{\"title\":\"german first\",\"value\":\"<p>german link 1<\\/p><p>german link 2<\\/p><p>german link 3<\\/p>\"}}'),
(24, 26, 'fa', '{\"About_Us\":{\"title\":\"\\u062f\\u0631\\u0628\\u0627\\u0631\\u0647 \\u0645\\u0627\",\"link\":\"\\/pages\\/about\",\"order\":\"4\"},\"Blog\":{\"title\":\"\\u0648\\u0628\\u0644\\u0627\\u06af\",\"link\":\"\\/blog\",\"order\":\"3\"},\"Contact\":{\"title\":\"\\u062a\\u0645\\u0627\\u0633 \\u0628\\u0627 \\u0645\\u0627\",\"link\":\"\\/contact\",\"order\":\"2\"},\"KfoH9Y\":{\"title\":\"\\u062e\\u0627\\u0646\\u0647\",\"link\":\"\\/\",\"order\":\"1\"}}'),
(25, 29, 'fa', '{\"link\":\"\\/pages\\/about\",\"background\":\"\\/store\\/1\\/WallpaperGram.IR_1553794510_24488.jpg\"}'),
(26, 8, 'fa', '{\"title\":\"\\u0639\\u0646\\u0648\\u0627\\u0646 \\u0627\\u0635\\u0644\\u06cc\",\"description\":\"\\u0622\\u0645\\u0648\\u0632\\u0634 \\u0622\\u0646\\u0644\\u0627\\u06cc\\u0646 \\u06cc\\u06a9\\u06cc \\u0627\\u0632 \\u0628\\u0647\\u062a\\u0631\\u06cc\\u0646 \\u0627\\u0646\\u062a\\u062e\\u0627\\u0628 \\u0647\\u0627 \\u0628\\u0631\\u0627\\u06cc \\u0631\\u0634\\u062f \\u0627\\u0633\\u062a\\r\\n\\u0627\\u0632 \\u0628\\u0647\\u062a\\u0631\\u06cc\\u0646 \\u0645\\u0639\\u0644\\u0645\\u0627\\u0646 \\u0633\\u0631\\u0627\\u0633\\u0631 \\u062c\\u0647\\u0627\\u0646 \\u0628\\u06cc\\u0627\\u0645\\u0648\\u0632\\u06cc\\u062f\",\"hero_background\":\"\\/assets\\/default\\/img\\/home\\/slider.png\"}'),
(27, 15, 'fa', '{\"title\":\"\\u0627\\u0632 \\u0622\\u0645\\u0648\\u0632\\u0634 \\u0622\\u0646\\u0644\\u0627\\u06cc\\u0646 \\u0647\\u0645\\u06cc\\u0634\\u0647 \\u0644\\u0630\\u062a \\u0628\\u0628\\u0631\\u06cc\\u062f ...\",\"description\":\"\\u0622\\u0645\\u0648\\u0632\\u0634 \\u0622\\u0646\\u0644\\u0627\\u06cc\\u0646 \\u06cc\\u06a9\\u06cc \\u0627\\u0632 \\u0628\\u0647\\u062a\\u0631\\u06cc\\u0646 \\u0627\\u0646\\u062a\\u062e\\u0627\\u0628 \\u0647\\u0627 \\u0628\\u0631\\u0627\\u06cc \\u0631\\u0634\\u062f \\u0627\\u0633\\u062a\\r\\n\\u0627\\u0632 \\u0628\\u0647\\u062a\\u0631\\u06cc\\u0646 \\u0645\\u0639\\u0644\\u0645\\u0627\\u0646 \\u0633\\u0631\\u0627\\u0633\\u0631 \\u062c\\u0647\\u0627\\u0646 \\u0628\\u06cc\\u0627\\u0645\\u0648\\u0632\\u06cc\\u062f\\r\\n\\u0622\\u0645\\u0648\\u0632\\u0634 \\u0622\\u0646\\u0644\\u0627\\u06cc\\u0646 \\u06cc\\u06a9\\u06cc \\u0627\\u0632 \\u0628\\u0647\\u062a\\u0631\\u06cc\\u0646 \\u0627\\u0646\\u062a\\u062e\\u0627\\u0628 \\u0647\\u0627 \\u0628\\u0631\\u0627\\u06cc \\u0631\\u0634\\u062f \\u0627\\u0633\\u062a\\r\\n\\u0627\\u0632 \\u0628\\u0647\\u062a\\u0631\\u06cc\\u0646 \\u0645\\u0639\\u0644\\u0645\\u0627\\u0646 \\u0633\\u0631\\u0627\\u0633\\u0631 \\u062c\\u0647\\u0627\\u0646 \\u0628\\u06cc\\u0627\\u0645\\u0648\\u0632\\u06cc\\u062f\",\"hero_background\":\"\\/assets\\/default\\/img\\/home\\/world.png\",\"hero_vector\":\"\\/assets\\/default\\/img\\/home\\/business-team.json\",\"has_lottie\":\"1\"}'),
(28, 27, 'fa', '{\"link\":\"\\/home\",\"title\":\"\\u0634\\u0631\\u0648\\u0639 \\u06a9\\u0644\\u0627\\u0633\\u0647\\u0627\\u06cc \\u0632\\u0646\\u062f\\u0647 \\u062e\\u0635\\u0648\\u0635\\u06cc \\u0648 \\u0639\\u0645\\u0648\\u0645\\u06cc\",\"description\":\"\\u0628\\u0647 \\u0631\\u0627\\u062d\\u062a\\u06cc \\u0645\\u06cc \\u062a\\u0648\\u0627\\u0646\\u06cc\\u062f \\u06a9\\u0644\\u0627\\u0633 \\u0647\\u0627\\u06cc \\u0632\\u0646\\u062f\\u0647 \\u0631\\u0627\\u06cc\\u06af\\u0627\\u0646 \\u0648 \\u067e\\u0648\\u0644\\u06cc \\u0627\\u06cc\\u062c\\u0627\\u062f \\u06a9\\u0646\\u06cc\\u062f\",\"background\":\"\\/assets\\/default\\/img\\/home\\/video-bg.png\"}'),
(29, 20, 'fa', '[\"\\u062f\\u0644\\u06cc\\u0644 \\u06f1\",\"\\u062f\\u0644\\u06cc\\u0644 \\u06f2\",\"\\u062f\\u0644\\u06cc\\u0644 \\u06f3\"]'),
(31, 4, 'ar', '{\"first_column\":{\"title\":\"\\u0645\\u0639\\u0644\\u0648\\u0645\\u0627\\u062a \\u0639\\u0646\\u0627\",\"value\":\"<p><font color=\\\"#ffffff\\\">Abajim \\u0647\\u0648 \\u0646\\u0638\\u0627\\u0645 \\u0625\\u062f\\u0627\\u0631\\u0629 \\u062a\\u0639\\u0644\\u0645 \\u0643\\u0627\\u0645\\u0644 \\u0627\\u0644\\u0645\\u064a\\u0632\\u0627\\u062a \\u064a\\u0633\\u0627\\u0639\\u062f\\u0643 \\u0639\\u0644\\u0649 \\u0625\\u062f\\u0627\\u0631\\u0629 \\u0623\\u0639\\u0645\\u0627\\u0644\\u0643 \\u0627\\u0644\\u062a\\u0639\\u0644\\u064a\\u0645\\u064a\\u0629 \\u0641\\u064a \\u0639\\u062f\\u0629 \\u0633\\u0627\\u0639\\u0627\\u062a. \\u062a\\u0633\\u0627\\u0639\\u062f \\u0647\\u0630\\u0647 \\u0627\\u0644\\u0645\\u0646\\u0635\\u0629 \\u0627\\u0644\\u0645\\u0639\\u0644\\u0645\\u064a\\u0646 \\u0639\\u0644\\u0649 \\u0625\\u0646\\u0634\\u0627\\u0621 \\u0645\\u0648\\u0627\\u062f \\u062a\\u0639\\u0644\\u064a\\u0645\\u064a\\u0629 \\u0627\\u062d\\u062a\\u0631\\u0627\\u0641\\u064a\\u0629 \\u0648\\u062a\\u0633\\u0627\\u0639\\u062f \\u0627\\u0644\\u0637\\u0644\\u0627\\u0628 \\u0639\\u0644\\u0649 \\u0627\\u0644\\u062a\\u0639\\u0644\\u0645 \\u0645\\u0646 \\u0623\\u0641\\u0636\\u0644 \\u0627\\u0644\\u0645\\u062f\\u0631\\u0628\\u064a\\u0646.<\\/font><\\/p>\"},\"second_column\":{\"title\":\"\\u0631\\u0648\\u0627\\u0628\\u0637 \\u0625\\u0636\\u0627\\u0641\\u064a\\u0629\",\"value\":\"<p><a href=\\\"\\/login\\\"><span style=\\\"color: #ffffff;\\\">- \\u062a\\u0633\\u062c\\u064a\\u0644 \\u0627\\u0644\\u062f\\u062e\\u0648\\u0644<\\/span><\\/a><\\/p>\\r\\n<p><span style=\\\"color: #ffffff;\\\"><a href=\\\"\\/register\\\"><span style=\\\"color: #ffffff;\\\">- \\u062a\\u0633\\u062c\\u064a\\u0644<\\/span><\\/a><br><\\/span><\\/p>\\r\\n<p><a href=\\\"\\/blog\\\"><span style=\\\"color: #ffffff;\\\">- \\u0645\\u0642\\u0627\\u0644\\u0627\\u062a<\\/span><\\/a><\\/p>\\r\\n<p><a href=\\\"\\/contact\\\"><span style=\\\"color: #ffffff;\\\">- \\u0627\\u062a\\u0635\\u0644 \\u0628\\u0646\\u0627<\\/span><\\/a><\\/p>\\r\\n<p><span style=\\\"color: #ffffff;\\\"><a href=\\\"\\/certificate_validation\\\"><span style=\\\"color: #ffffff;\\\">- \\u0627\\u0644\\u062a\\u062d\\u0642\\u0642 \\u0645\\u0646 \\u0635\\u062d\\u0629 \\u0627\\u0644\\u0634\\u0647\\u0627\\u062f\\u0629<\\/span><\\/a><br><\\/span><\\/p>\\r\\n<p><span style=\\\"color: #ffffff;\\\"><a href=\\\"\\/become-instructor\\\"><span style=\\\"color: #ffffff;\\\">- \\u0623\\u0635\\u0628\\u062d \\u0645\\u062f\\u0631\\u0628\\u0627<\\/span><\\/a><br><\\/span><\\/p>\\r\\n<p><a href=\\\"\\/pages\\/terms\\\"><span style=\\\"color: #ffffff;\\\">- \\u0627\\u0644\\u0634\\u0631\\u0648\\u0637 \\u0648\\u0627\\u0644\\u0642\\u0648\\u0627\\u0639\\u062f<\\/span><\\/a><\\/p>\\r\\n<p><a href=\\\"\\/pages\\/about\\\"><span style=\\\"color: #ffffff;\\\">- \\u0645\\u0639\\u0644\\u0648\\u0645\\u0627\\u062a \\u0639\\u0646\\u0627<\\/span><\\/a><\\/p>\"},\"third_column\":{\"title\":\"\\u0623\\u0639\\u0645\\u0627\\u0644 \\u0645\\u0645\\u0627\\u062b\\u0644\\u0629\",\"value\":\"<p><a href=\\\"https:\\/\\/www.udemy.com\\/\\\" target=\\\"_blank\\\"><font color=\\\"#ffffff\\\">- \\u064a\\u0648\\u062f\\u0645\\u064a<\\/font><\\/a><\\/p><p><a href=\\\"https:\\/\\/www.skillshare.com\\/\\\" target=\\\"_blank\\\"><font color=\\\"#ffffff\\\">- \\u0627\\u0633\\u06a9\\u06cc\\u0644 \\u0634\\u06cc\\u0631<\\/font><\\/a><\\/p><p><a href=\\\"https:\\/\\/www.coursera.org\\/\\\" target=\\\"_blank\\\"><font color=\\\"#ffffff\\\">- \\u0643\\u0631\\u0633 \\u0627\\u064a\\u0631\\u0627<\\/font><\\/a><\\/p><p><a href=\\\"\" target=\\\"_blank\\\"><font color=\\\"#ffffff\\\">- \\u0644\\u06cc\\u0646\\u062f\\u0627<\\/font><\\/a><\\/p><p><a href=\\\"https:\\/\\/www.skillsoft.com\\/\\\" target=\\\"_blank\\\"><font color=\\\"#ffffff\\\">- \\u0627\\u0633\\u0643\\u064a\\u0644 \\u0633\\u0641\\u062a<\\/font><\\/a><\\/p><p><a href=\\\"https:\\/\\/www.udacity.com\\/\\\" target=\\\"_blank\\\"><font color=\\\"#ffffff\\\">- \\u0627\\u0648\\u062f\\u0627\\u0633\\u064a\\u062a\\u064a<\\/font><\\/a><\\/p><p><a href=\\\"https:\\/\\/www.edx.org\\/\\\" target=\\\"_blank\\\"><font color=\\\"#ffffff\\\">\\u0627\\u062f\\u0643\\u0633<\\/font><\\/a><\\/p><p><a href=\\\"https:\\/\\/www.masterclass.com\\/\\\" target=\\\"_blank\\\"><font color=\\\"#ffffff\\\">- \\u0645\\u0633\\u062a\\u0631 \\u0643\\u0644\\u0633<\\/font><\\/a><br><\\/p>\"},\"forth_column\":{\"title\":\"\\u0642\\u0645 \\u0628\\u0634\\u0631\\u0627\\u0621 Abajim\",\"value\":\"<p><a title=\\\"Notnt\\\" href=\\\"\"><img style=\\\"width: 200px;\\\" src=\\\"\\/store\\/1\\/default_images\\/envato.png\\\"><\\/a><\\/p>\"}}'),
(32, 31, 'en', '{\"agora_resolution\":\"1920_1080\",\"agora_max_bitrate\":\"1366\",\"agora_min_bitrate\":\"786\",\"agora_frame_rate\":\"15\",\"timezone_in_register\":\"1\",\"timezone_in_create_webinar\":\"1\",\"direct_classes_payment_button_status\":\"1\",\"extra_time_to_join_status\":\"1\",\"extra_time_to_join_default_value\":\"20\",\"show_other_register_method\":\"1\",\"show_certificate_additional_in_register\":\"1\"}'),
(33, 32, 'en', '{\"image\":\"\\/store\\/1\\/default_images\\/home_sections_banners\\/instructor_finder_banner.jpg\",\"title\":\"Find the best instructor\",\"description\":\"Looking for an instructor? Find the best instructors according to different parameters like gender, skill level, price, meeting type, rating, etc.\\r\\nFind instructors on the map.\",\"button1\":{\"title\":\"Tutor Finder\",\"link\":\"\\/instructor-finder\\/wizard\"},\"button2\":{\"title\":\"Tutors on Map\",\"link\":\"\\/instructor-finder\"}}'),
(34, 33, 'en', '{\"image\":\"\\/store\\/1\\/default_images\\/home_sections_banners\\/club_points_banner.png\",\"title\":\"Win Club Points\",\"description\":\"Use Abajim and win club points according to different activities.\\r\\nYou will be able to use your club points to get free prizes and courses. Start using the system now and collect points!\",\"button1\":{\"title\":\"Rewards\",\"link\":\"\\/reward-courses\"},\"button2\":{\"title\":\"Points Club\",\"link\":\"\\/panel\\/rewards\"}}'),
(35, 34, 'en', '{\"status\":\"0\",\"exchangeable\":\"1\",\"exchangeable_unit\":\"200\",\"want_more_points_link\":\"\\/pages\\/reward_points_system\"}'),
(38, 37, 'en', '[]'),
(39, 38, 'en', '{\"courses_capacity\":\"20\",\"courses_count\":\"5\",\"meeting_count\":\"20\",\"product_count\":\"5\"}'),
(40, 39, 'en', '{\"instructors_count\":\"3\",\"students_count\":\"30\",\"courses_capacity\":\"30\",\"courses_count\":\"10\",\"meeting_count\":\"40\",\"product_count\":\"10\"}'),
(41, 40, 'en', '{\"image\":\"\\/store\\/1\\/default_images\\/home_sections_banners\\/become_instructor_banner.jpg\",\"title\":\"Become an instructor\",\"description\":\"Are you interested to be a part of our community?\\r\\nYou can be a part of our community by signing up as an instructor or organization.\",\"button1\":{\"title\":\"Become an Instructor\",\"link\":\"\\/become-instructor\"},\"button2\":{\"title\":\"Registration Packages\",\"link\":\"become-instructor\\/packages\\/\"}}'),
(42, 8, 'ar', '{\"title\":\"\\u0645\\u062a\\u0639\\u0629 \\u0627\\u0644\\u062a\\u0639\\u0644\\u0645 \\u0648\\u0627\\u0644\\u062a\\u0639\\u0644\\u064a\\u0645 ...\",\"description\":\"مرحبًا بك في منصة التعلم المذهلة لدينا! نقدم تجربة تعليمية فريدة وتفاعلية من خلال مقاطع فيديو تعليمية تكمل الكتب المدرسية الرسمية. أنشئ مدرستك المخصصة عن طريق اختيار واتباع أفضل المعلمين المؤهلين وفقًا لسرعتك الخاصة.\",\"hero_background\":\"\\/store\\/1\\/default_images\\/hero_1.jpg\"}'),
(43, 8, 'es', '{\"title\":\"Alegr\\u00eda de aprender y ense\\u00f1ar ...\",\"description\":\"Abajim es una plataforma educativa con todas las funciones que ayuda a los instructores a crear y publicar cursos de video, clases en vivo y cursos de texto y ganar dinero, y ayuda a los estudiantes a aprender de la manera m\\u00e1s f\\u00e1cil.\",\"hero_background\":\"\\/store\\/1\\/default_images\\/hero_1.jpg\"}'),
(44, 15, 'ar', '{\"title\":\"\\u0645\\u062a\\u0639\\u0629 \\u0627\\u0644\\u062a\\u0639\\u0644\\u0645 \\u0648\\u0627\\u0644\\u062a\\u0639\\u0644\\u064a\\u0645 ...\",\"description\":\"مرحبًا بك في منصة أبجيم! نقدم تجربة تعليمية فريدة وتفاعلية من خلال مقاطع فيديو تكمل الكتب المدرسية الرسمية. أنشئ معهدك الخاص عن طريق اختيار واتباع أفضل المدريسين المؤهلين وفقًا لوتيرتك الخاصة.\",\"hero_background\":\"\\/assets\\/default\\/img\\/home\\/world.png\",\"hero_vector\":\"\\/store\\/1\\/animated-header.json\",\"has_lottie\":\"1\"}'),
(45, 15, 'es', '{\"title\":\"Alegr\\u00eda de aprender y ense\\u00f1ar ...\",\"description\":\"Abajim es una plataforma educativa con todas las funciones que ayuda a los instructores a crear y publicar cursos de video, clases en vivo y cursos de texto y ganar dinero, y ayuda a los estudiantes a aprender de la manera m\\u00e1s f\\u00e1cil.\",\"hero_background\":\"\\/assets\\/default\\/img\\/home\\/world.png\",\"hero_vector\":\"\\/store\\/1\\/animated-header.json\",\"has_lottie\":\"1\"}'),
(46, 27, 'ar', '{\"link\":\"\\/classes\",\"title\":\"\\u0627\\u0628\\u062f\\u0623 \\u0627\\u0644\\u062a\\u0639\\u0644\\u0645 \\u0641\\u064a \\u0623\\u064a \\u0645\\u0643\\u0627\\u0646 \\u0648\\u0641\\u064a \\u0623\\u064a \\u0648\\u0642\\u062a ...\",\"description\":\"\\u0627\\u0633\\u062a\\u062e\\u062f\\u0645 Abajim \\u0644\\u0644\\u0648\\u0635\\u0648\\u0644 \\u0625\\u0644\\u0649 \\u0645\\u0648\\u0627\\u062f \\u062a\\u0639\\u0644\\u064a\\u0645\\u064a\\u0629 \\u0639\\u0627\\u0644\\u064a\\u0629 \\u0627\\u0644\\u062c\\u0648\\u062f\\u0629 \\u062f\\u0648\\u0646 \\u0623\\u064a \\u0642\\u064a\\u0648\\u062f \\u0648\\u0628\\u0623\\u0633\\u0647\\u0644 \\u0637\\u0631\\u064a\\u0642\\u0629.\",\"background\":\"\\/store\\/1\\/default_images\\/home_video_section.png\"}'),
(47, 27, 'es', '{\"link\":\"\\/classes\",\"title\":\"Empiece a aprender en cualquier lugar, en cualquier momento ...\",\"description\":\"Utilice Abajim para acceder a materiales educativos de alta calidad sin limitaciones de la forma m\\u00e1s sencilla.\",\"background\":\"\\/store\\/1\\/default_images\\/home_video_section.png\"}'),
(48, 29, 'ar', '{\"link\":\"\\/classes?sort=newest\",\"background\":\"\\/store\\/1\\/sidebar-user-ar.png\"}'),
(49, 29, 'es', '{\"link\":\"\\/classes?sort=newest\",\"background\":\"\\/store\\/1\\/sidebar-user-sp.png\"}'),
(50, 4, 'es', '{\"first_column\":{\"title\":\"Sobre Nosotras\",\"value\":\"<p><font color=\\\"#ffffff\\\">Abajim es un sistema de gesti\\u00f3n de aprendizaje con todas las funciones que le ayuda a gestionar su negocio educativo en varias horas. Esta plataforma ayuda a los instructores a crear materiales educativos profesionales y ayuda a los estudiantes a aprender de los mejores instructores.<\\/font><\\/p>\"},\"second_column\":{\"title\":\"Enlaces Adicionales\",\"value\":\"<p><a href=\\\"\\/login\\\"><span style=\\\"color: #ffffff;\\\">- Acceso<\\/span><\\/a><\\/p>\\r\\n<p><span style=\\\"color: #ffffff;\\\"><a href=\\\"\\/register\\\"><span style=\\\"color: #ffffff;\\\">- Registrarse<\\/span><\\/a><br><\\/span><\\/p>\\r\\n<p><a href=\\\"\\/blog\\\"><span style=\\\"color: #ffffff;\\\">- Blog<\\/span><\\/a><\\/p>\\r\\n<p><a href=\\\"\\/contact\\\"><span style=\\\"color: #ffffff;\\\">- Contacta con nosotras<\\/span><\\/a><\\/p>\\r\\n<p><span style=\\\"color: #ffffff;\\\"><a href=\\\"\\/certificate_validation\\\"><span style=\\\"color: #ffffff;\\\">- Validaci\\u00f3n de certificado<\\/span><\\/a><br><\\/span><\\/p>\\r\\n<p><span style=\\\"color: #ffffff;\\\"><a href=\\\"\\/become-instructor\\\"><span style=\\\"color: #ffffff;\\\">- Convi\\u00e9rtete en instructor<\\/span><\\/a><br><\\/span><\\/p>\\r\\n<p><a href=\\\"\\/pages\\/terms\\\"><span style=\\\"color: #ffffff;\\\">- T\\u00e9rminos y reglas<\\/span><\\/a><\\/p>\\r\\n<p><a href=\\\"\\/pages\\/about\\\"><span style=\\\"color: #ffffff;\\\">- Sobre nosotras<\\/span><\\/a><\\/p>\"},\"third_column\":{\"title\":\"Negocios Similares\",\"value\":\"<p><a href=\\\"https:\\/\\/www.udemy.com\\/\\\" target=\\\"_blank\\\"><font color=\\\"#ffffff\\\">- Udemy<\\/font><\\/a><\\/p><p><a href=\\\"https:\\/\\/www.skillshare.com\\/\\\" target=\\\"_blank\\\"><font color=\\\"#ffffff\\\">- Skillshare<\\/font><\\/a><\\/p><p><a href=\\\"https:\\/\\/www.coursera.org\\/\\\" target=\\\"_blank\\\"><font color=\\\"#ffffff\\\">- Coursera<\\/font><\\/a><\\/p><p><a href=\\\"https:\\/\\/www.linkedin.com\\/learning\\/\\\" target=\\\"_blank\\\"><font color=\\\"#ffffff\\\">- Lynda<\\/font><\\/a><\\/p><p><a href=\\\"https:\\/\\/www.skillsoft.com\\/\\\" target=\\\"_blank\\\"><font color=\\\"#ffffff\\\">- Skillsoft<\\/font><\\/a><\\/p><p><a href=\\\"https:\\/\\/www.udacity.com\\/\\\" target=\\\"_blank\\\"><font color=\\\"#ffffff\\\">- Udacity<\\/font><\\/a><\\/p><p><a href=\\\"https:\\/\\/www.edx.org\\/\\\" target=\\\"_blank\\\"><font color=\\\"#ffffff\\\">- edX<\\/font><\\/a><\\/p><p><a href=\\\"https:\\/\\/www.masterclass.com\\/\\\" target=\\\"_blank\\\"><font color=\\\"#ffffff\\\">- Masterclass<\\/font><\\/a><br><\\/p>\"},\"forth_column\":{\"title\":\"Compra Abajim\",\"value\":\"<p><a title=\\\"Notnt\\\" href=\\\"\"><img style=\\\"width: 200px;\\\" src=\\\"\\/store\\/1\\/default_images\\/envato.png\\\"><\\/a><\\/p>\"}}'),
(51, 26, 'es', '{\"02nh9a\":{\"title\":\"hogar\",\"link\":\"\\/\",\"order\":\"1\"},\"1cH2kF\":{\"title\":\"Cursos\",\"link\":\"\\/classes?sort=newest\",\"order\":\"2\"},\"gGf8Lv\":{\"title\":\"Instructoras\",\"link\":\"\\/instructor-finder\",\"order\":\"3\"},\"VBxDrB\":{\"title\":\"Blog\",\"link\":\"\\/blog\",\"order\":\"4\"},\"Uo5b2v\":{\"title\":\"Tienda\",\"link\":\"\\/products\",\"order\":\"4\"},\"Wnq5Qb\":{\"title\":\"Foros\",\"link\":\"\\/forums\",\"order\":\"5\"}}'),
(52, 26, 'ar', '{\"02nh9a\":{\"title\":\"الرئيسية\",\"link\":\"\\/\",\"order\":\"1\"},\"gGf8Lv\":{\"title\":\"معلّمينا\",\"link\":\"\\/instructors\",\"order\":\"2\"},\"gGf8Lw\":{\"title\":\"الكتب المدرسيّة\",\"link\":\"\\/manuels\",\"order\":\"3\"},\"Uo5b2v\":{\"title\":\"من نحن؟\",\"link\":\"\\/contact\",\"order\":\"4\"},\"Wnq5Qb\":{\"title\":\"اتصال\",\"link\":\"\\/contact\",\"order\":\"5\"}}\r\n '),
(53, 32, 'ar', '{\"image\":\"\\/store\\/1\\/default_images\\/home_sections_banners\\/instructor_finder_banner.jpg\",\"title\":\"\\u0627\\u0639\\u062b\\u0631 \\u0639\\u0644\\u0649 \\u0623\\u0641\\u0636\\u0644 \\u0645\\u062f\\u0631\\u0628\",\"description\":\"\\u062a\\u0628\\u062d\\u062b \\u0639\\u0646 \\u0645\\u062f\\u0631\\u0628\\u061f \\u0627\\u0639\\u062b\\u0631 \\u0639\\u0644\\u0649 \\u0623\\u0641\\u0636\\u0644 \\u0627\\u0644\\u0645\\u062f\\u0631\\u0628\\u064a\\u0646 \\u0648\\u0641\\u0642\\u064b\\u0627 \\u0644\\u0645\\u0639\\u0627\\u064a\\u064a\\u0631 \\u0645\\u062e\\u062a\\u0644\\u0641\\u0629 \\u0645\\u062b\\u0644 \\u0627\\u0644\\u062c\\u0646\\u0633 \\u0648\\u0645\\u0633\\u062a\\u0648\\u0649 \\u0627\\u0644\\u0645\\u0647\\u0627\\u0631\\u0629 \\u0648\\u0627\\u0644\\u0633\\u0639\\u0631 \\u0648\\u0646\\u0648\\u0639 \\u0627\\u0644\\u0627\\u062c\\u062a\\u0645\\u0627\\u0639 \\u0648\\u0627\\u0644\\u062a\\u0642\\u064a\\u064a\\u0645 \\u0648\\u0645\\u0627 \\u0625\\u0644\\u0649 \\u0630\\u0644\\u0643.\\r\\n\\u0627\\u0628\\u062d\\u062b \\u0639\\u0646 \\u0645\\u062f\\u0631\\u0628\\u064a\\u0646 \\u0639\\u0644\\u0649 \\u0627\\u0644\\u062e\\u0631\\u064a\\u0637\\u0629.\",\"button1\":{\"title\":\"\\u0627\\u0644\\u0628\\u0627\\u062d\\u062b \\u0639\\u0646 \\u0627\\u0644\\u0645\\u0639\\u0644\\u0645\",\"link\":\"\\/instructor-finder\\/wizard\"},\"button2\":{\"title\":\"\\u0645\\u062f\\u0631\\u0633\\u0648\\u0646 \\u0639\\u0644\\u0649 \\u0627\\u0644\\u062e\\u0631\\u064a\\u0637\\u0629\",\"link\":\"\\/instructor-finder\"}}'),
(54, 32, 'es', '{\"image\":\"\\/store\\/1\\/default_images\\/home_sections_banners\\/instructor_finder_banner.jpg\",\"title\":\"Encuentra la mejor instructora\",\"description\":\"\\u00bfBuscas un instructor? Encuentre los mejores instructores seg\\u00fan diferentes par\\u00e1metros como g\\u00e9nero, nivel de habilidad, precio, tipo de reuni\\u00f3n, calificaci\\u00f3n, etc.\\r\\nEncuentra instructores en el mapa.\",\"button1\":{\"title\":\"Buscadora de tutores\",\"link\":\"\\/instructor-finder\\/wizard\"},\"button2\":{\"title\":\"Tutores en el mapa\",\"link\":\"\\/instructor-finder\"}}'),
(55, 33, 'ar', '{\"image\":\"\\/store\\/1\\/default_images\\/home_sections_banners\\/club_points_banner.png\",\"title\":\"\\u0627\\u0631\\u0628\\u062d \\u0646\\u0642\\u0627\\u0637 \\u0627\\u0644\\u0646\\u0627\\u062f\\u064a\",\"description\":\"\\u0627\\u0633\\u062a\\u062e\\u062f\\u0645 Abajim \\u0648\\u0627\\u0631\\u0628\\u062d \\u0646\\u0642\\u0627\\u0637 \\u0627\\u0644\\u0646\\u0627\\u062f\\u064a \\u0648\\u0641\\u0642\\u064b\\u0627 \\u0644\\u0644\\u0623\\u0646\\u0634\\u0637\\u0629 \\u0627\\u0644\\u0645\\u062e\\u062a\\u0644\\u0641\\u0629.\\r\\n\\u0633\\u062a\\u062a\\u0645\\u0643\\u0646 \\u0645\\u0646 \\u0627\\u0633\\u062a\\u062e\\u062f\\u0627\\u0645 \\u0646\\u0642\\u0627\\u0637 \\u0627\\u0644\\u0646\\u0627\\u062f\\u064a \\u0627\\u0644\\u062e\\u0627\\u0635\\u0629 \\u0628\\u0643 \\u0644\\u0644\\u062d\\u0635\\u0648\\u0644 \\u0639\\u0644\\u0649 \\u062c\\u0648\\u0627\\u0626\\u0632 \\u0648\\u062f\\u0648\\u0631\\u0627\\u062a \\u0645\\u062c\\u0627\\u0646\\u064a\\u0629. \\u0627\\u0628\\u062f\\u0623 \\u0641\\u064a \\u0627\\u0633\\u062a\\u062e\\u062f\\u0627\\u0645 \\u0627\\u0644\\u0646\\u0638\\u0627\\u0645 \\u0627\\u0644\\u0622\\u0646 \\u0648\\u0627\\u062c\\u0645\\u0639 \\u0627\\u0644\\u0646\\u0642\\u0627\\u0637!\",\"button1\":{\"title\":\"\\u0627\\u0644\\u0645\\u0643\\u0627\\u0641\\u0622\\u062a\",\"link\":\"\\/reward-courses\"},\"button2\":{\"title\":\"\\u0646\\u0627\\u062f\\u064a \\u0627\\u0644\\u0646\\u0642\\u0627\\u0637\",\"link\":\"\\/panel\\/rewards\"}}'),
(56, 33, 'es', '{\"image\":\"\\/store\\/1\\/default_images\\/home_sections_banners\\/club_points_banner.png\",\"title\":\"Gana puntos del club\",\"description\":\"Utilice Abajim y gane puntos del club seg\\u00fan diferentes actividades.\\r\\nPodr\\u00e1s utilizar tus puntos del club para conseguir premios y cursos gratuitos. \\u00a1Comience a usar el sistema ahora y acumule puntos!\",\"button1\":{\"title\":\"Recompensas\",\"link\":\"\\/reward-courses\"},\"button2\":{\"title\":\"club de puntos\",\"link\":\"\\/panel\\/rewards\"}}'),
(57, 40, 'ar', '{\"image\":\"\\/store\\/1\\/default_images\\/home_sections_banners\\/become_instructor_banner.jpg\",\"title\":\"\\u0643\\u0646 \\u0645\\u062f\\u0631\\u0628\\u064b\\u0627\",\"description\":\"\\u0647\\u0644 \\u0623\\u0646\\u062a \\u0645\\u0647\\u062a\\u0645 \\u0628\\u0623\\u0646 \\u062a\\u0643\\u0648\\u0646 \\u062c\\u0632\\u0621\\u064b\\u0627 \\u0645\\u0646 \\u0645\\u062c\\u062a\\u0645\\u0639\\u0646\\u0627\\u061f\\r\\n\\u064a\\u0645\\u0643\\u0646\\u0643 \\u0623\\u0646 \\u062a\\u0643\\u0648\\u0646 \\u062c\\u0632\\u0621\\u064b\\u0627 \\u0645\\u0646 \\u0645\\u062c\\u062a\\u0645\\u0639\\u0646\\u0627 \\u0645\\u0646 \\u062e\\u0644\\u0627\\u0644 \\u0627\\u0644\\u062a\\u0633\\u062c\\u064a\\u0644 \\u0643\\u0645\\u062f\\u0631\\u0628 \\u0623\\u0648 \\u0645\\u0646\\u0638\\u0645\\u0629.\",\"button1\":{\"title\":\"\\u0643\\u0646 \\u0645\\u062f\\u0631\\u0633\\u064b\\u0627\",\"link\":\"\\/become-instructor\"},\"button2\":{\"title\":\"\\u062d\\u0632\\u0645 \\u0627\\u0644\\u062a\\u0633\\u062c\\u064a\\u0644\",\"link\":\"become-instructor\\/packages\\/\"}}'),
(58, 40, 'es', '{\"image\":\"\\/store\\/1\\/default_images\\/home_sections_banners\\/become_instructor_banner.jpg\",\"title\":\"Convi\\u00e9rtete en instructora\",\"description\":\"\\u00bfEst\\u00e1s interesado en ser parte de nuestra comunidad?\\r\\nPuedes ser parte de nuestra comunidad registr\\u00e1ndote como instructor u organizaci\\u00f3n.\",\"button1\":{\"title\":\"Convi\\u00e9rtete en instructora\",\"link\":\"\\/become-instructor\"},\"button2\":{\"title\":\"Paquetes de registro\",\"link\":\"become-instructor\\/packages\\/\"}}'),
(59, 42, 'en', '{\"admin_primary\":\"#6777ef\"}'),
(60, 44, 'en', '{\"cookie_settings_modal_message\":\"<p>When you visit any of our websites, it may store or retrieve information on your browser, mostly in the form of cookies. This information might be about you, your preferences or your device and is mostly used to make the site work as you expect it to. The information does not usually directly identify you, but it can give you a more personalized web experience. Because we respect your right to privacy, you can choose not to allow some types of cookies. Click on the different category headings to find out more and manage your preferences. Please note, that blocking some types of cookies may impact your experience of the site and the services we are able to offer.<\\/p>\",\"cookie_settings_modal_items\":{\"dDRjfkGvQfFzQJpa\":{\"title\":\"Strictly Necessary\",\"description\":\"These cookies are necessary for our website to function properly and cannot be switched off in our systems. They are usually only set in response to actions made by you that amount to a request for services, such as setting your privacy preferences, logging in or filling in forms, or where they\\u2019re essential to providing you with a service you have requested. You cannot opt out of these cookies. You can set your browser to block or alert you about these cookies, but if you do, some parts of the site will not then work. These cookies do not store any personally identifiable information.\",\"required\":\"1\"},\"mOzJowgvTnWFlRzz\":{\"title\":\"Performance Cookies\",\"description\":\"These cookies allow us to count visits and traffic sources so we can measure and improve the performance of our site. They help us to know which pages are the most and least popular and see how visitors move around the site, which helps us optimize your experience. All information these cookies collect is aggregated and therefore anonymous. If you do not allow these cookies we will not be able to use your data in this way.\",\"required\":\"0\"},\"XBMtdYaeSrqMicTH\":{\"title\":\"Functional Cookies\",\"description\":\"These cookies enable the website to provide enhanced functionality and personalization. They may be set by us or by third-party providers whose services we have added to our pages. If you do not allow these cookies then some or all of these services may not function properly.\",\"required\":\"0\"},\"XlLqzsvNpRqdcNWP\":{\"title\":\"Targeting Cookies\",\"description\":\"These cookies may be set through our site by our advertising partners. They may be used by those companies to build a profile of your interests and show you relevant adverts on other sites. They do not store directly personal information but are based on uniquely identifying your browser and internet device. If you do not allow these cookies, you will experience less targeted advertising.\",\"required\":\"0\"}}}'),
(61, 41, 'en', '{\"status\":\"0\",\"virtual_product_commission\":\"20\",\"physical_product_commission\":\"10\",\"store_tax\":\"5\",\"possibility_create_virtual_product\":\"1\",\"possibility_create_physical_product\":\"1\",\"shipping_tracking_url\":\"\",\"activate_comments\":\"1\"}'),
(62, 46, 'en', '{\"main\":{\"regular\":\"\\/store\\/1\\/fonts\\/montserrat-regular.woff2\",\"bold\":\"\\/store\\/1\\/fonts\\/montserrat-bold.woff2\",\"medium\":\"\\/store\\/1\\/fonts\\/montserrat-medium.woff2\"},\"rtl\":{\"regular\":\"\\/store\\/1\\/fonts\\/Vazir-Regular.woff2\",\"bold\":\"\\/store\\/1\\/fonts\\/Vazir-Bold.woff2\",\"medium\":\"\\/store\\/1\\/fonts\\/Vazir-Medium.woff2\"}}'),
(63, 43, 'en', '{\"image\":\"\\/store\\/1\\/default_images\\/forums\\/forum_section.jpg\",\"title\":\"Have a Question? Ask it in forum and get answer\",\"description\":\"Our forums helps you to create your questions on different subjects and communicate with other forum users. Our users will help you to get the best answer!\",\"button1\":{\"title\":\"Create a new topic\",\"link\":\"\\/forums\\/create-topic\"},\"button2\":{\"title\":\"Browse forums\",\"link\":\"\\/forums\"}}'),
(64, 45, 'en', '{\"mobile_app_hero_image\":\"\\/store\\/1\\/default_images\\/app_only.png\",\"mobile_app_description\":\"<div>Is an amazing, modern, and clean landing page for showcasing your app or anything else.<\\/div><div><br><\\/div><div>A mobile application or app is a computer program or software application designed to run on a mobile device such as a phone, tablet, or watch. Mobile applications often stand in contrast to desktop applications which are designed to run on desktop computers, and web applications which run in mobile web browsers rather than directly on the mobile device.<\\/div>\",\"mobile_app_buttons\":{\"htQgcSjzjLJlGRyY\":{\"title\":\"Download from Play Store\",\"link\":\"\",\"icon\":\"\\/store\\/1\\/default_images\\/google-play.png\",\"color\":\"primary\"}}}'),
(65, 48, 'en', '{\"image\":\"\\/store\\/1\\/default_images\\/ads_modal.png\",\"title\":\"Sales Campaign\",\"description\":\"We have a sales campaign on our promoted courses and products. You can purchase 150 products at a discounted price up to 50% discount.\",\"button1\":{\"title\":\"View Courses\",\"link\":\"\\/classes\"},\"button2\":{\"title\":\"View Products\",\"link\":\"\\/products\"}}'),
(66, 52, 'en', '{\"show_guarantee_text\":\"1\",\"guarantee_text\":\"5 Days money back guarantee\"}'),
(67, 47, 'en', '{\"webinar_reminder_schedule\":\"1\",\"meeting_reminder_schedule\":\"1\",\"subscribe_reminder_schedule\":\"48\"}');

-- --------------------------------------------------------

--
-- Structure de la table `speciality`
--

CREATE TABLE `speciality` (
  `id` int UNSIGNED NOT NULL,
  `name` varchar(200) COLLATE utf8mb4_unicode_ci NOT NULL,
  `created_at` timestamp NULL DEFAULT NULL,
  `updated_at` timestamp NULL DEFAULT NULL,
  `section_id` int UNSIGNED NOT NULL
) ENGINE=InnoDB DEFAULT CHARSET=utf8mb4 COLLATE=utf8mb4_unicode_ci;

-- --------------------------------------------------------

--
-- Structure de la table `special_offers`
--

CREATE TABLE `special_offers` (
  `id` int UNSIGNED NOT NULL,
  `creator_id` int UNSIGNED NOT NULL,
  `webinar_id` int UNSIGNED DEFAULT NULL,
  `bundle_id` int UNSIGNED DEFAULT NULL,
  `name` varchar(64) COLLATE utf8mb4_unicode_ci DEFAULT NULL,
  `percent` int UNSIGNED NOT NULL,
  `status` enum('active','inactive') COLLATE utf8mb4_unicode_ci NOT NULL,
  `created_at` int UNSIGNED NOT NULL,
  `from_date` int UNSIGNED NOT NULL,
  `to_date` int UNSIGNED NOT NULL
) ENGINE=InnoDB DEFAULT CHARSET=utf8mb4 COLLATE=utf8mb4_unicode_ci ROW_FORMAT=DYNAMIC;

--
-- Déchargement des données de la table `special_offers`
--

INSERT INTO `special_offers` (`id`, `creator_id`, `webinar_id`, `bundle_id`, `name`, `percent`, `status`, `created_at`, `from_date`, `to_date`) VALUES
(12, 1, 2002, NULL, 'Discount', 20, 'inactive', 1656137192, 1625081400, 1688153400),
(13, 3, 2001, NULL, 'Discount Title', 20, 'active', 1625301833, 1625081400, 1688232600),
(14, 1, 2004, NULL, 'Limited Offer', 40, 'active', 1656137124, 1656043200, 1703458800),
(15, 1015, 2007, NULL, 'Dali', 2, 'active', 1681787831, 1682654400, 1682740800),
(16, 1015, 2008, NULL, 'offer', 5, 'active', 1686835023, 1686783600, 1687820400),
(17, 1015, 1998, NULL, 'new discount', 10, 'active', 1695833052, 1695769200, 1711407600);

-- --------------------------------------------------------

--
-- Structure de la table `submaterials`
--

CREATE TABLE `submaterials` (
  `id` int UNSIGNED NOT NULL,
  `material_id` int UNSIGNED DEFAULT NULL,
  `name` varchar(200) COLLATE utf8mb4_unicode_ci NOT NULL,
  `created_at` timestamp NULL DEFAULT NULL,
  `updated_at` timestamp NULL DEFAULT NULL
) ENGINE=InnoDB DEFAULT CHARSET=utf8mb4 COLLATE=utf8mb4_unicode_ci;

--
-- Déchargement des données de la table `submaterials`
--

INSERT INTO `submaterials` (`id`, `material_id`, `name`, `created_at`, `updated_at`) VALUES
(1, 22, 'الانتاج الكتابي', '2024-11-26 16:45:21', '2024-11-26 16:45:21'),
(2, 17, 'الانتاج الكتابي', '2024-11-26 16:45:21', '2024-11-26 16:45:21'),
(3, 12, 'الانتاج الكتابي', '2024-11-26 16:45:21', '2024-11-26 16:45:21'),
(4, 5, 'الانتاج الكتابي', '2024-11-26 16:45:21', '2024-11-26 16:45:21'),
(5, 4, 'الانتاج الكتابي', '2024-11-26 16:45:21', '2024-11-26 16:45:21'),
(6, 1, 'الانتاج الكتابي', '2024-11-26 16:45:21', '2024-11-26 16:45:21'),
(7, 22, 'القراءة', '2024-11-26 16:45:21', '2024-11-26 16:45:21'),
(8, 17, 'القراءة', '2024-11-26 16:45:21', '2024-11-26 16:45:21'),
(9, 12, 'القراءة', '2024-11-26 16:45:21', '2024-11-26 16:45:21'),
(10, 5, 'القراءة', '2024-11-26 16:45:21', '2024-11-26 16:45:21'),
(11, 4, 'القراءة', '2024-11-26 16:45:21', '2024-11-26 16:45:21'),
(12, 1, 'القراءة', '2024-11-26 16:45:21', '2024-11-26 16:45:21'),
(13, 22, 'قواعد اللغة', '2024-11-26 16:45:21', '2024-11-26 16:45:21'),
(14, 17, 'قواعد اللغة', '2024-11-26 16:45:21', '2024-11-26 16:45:21'),
(15, 12, 'قواعد اللغة', '2024-11-26 16:45:21', '2024-11-26 16:45:21'),
(16, 5, 'قواعد اللغة', '2024-11-26 16:45:21', '2024-11-26 16:45:21'),
(17, 4, 'قواعد اللغة', '2024-11-26 16:45:21', '2024-11-26 16:45:21'),
(18, 1, 'قواعد اللغة', '2024-11-26 16:45:21', '2024-11-26 16:45:21'),
(19, 22, 'كتابة', '2024-11-26 16:45:21', '2024-11-26 16:45:21'),
(20, 17, 'كتابة', '2024-11-26 16:45:21', '2024-11-26 16:45:21'),
(21, 12, 'كتابة', '2024-11-26 16:45:21', '2024-11-26 16:45:21'),
(22, 5, 'كتابة', '2024-11-26 16:45:21', '2024-11-26 16:45:21'),
(23, 4, 'كتابة', '2024-11-26 16:45:21', '2024-11-26 16:45:21'),
(24, 1, 'كتابة', '2024-11-26 16:45:21', '2024-11-26 16:45:21'),
(25, 22, 'تواصل شفوي', '2024-11-26 16:45:21', '2024-11-26 16:45:21'),
(26, 17, 'تواصل شفوي', '2024-11-26 16:45:21', '2024-11-26 16:45:21'),
(27, 12, 'تواصل شفوي', '2024-11-26 16:45:21', '2024-11-26 16:45:21'),
(28, 5, 'تواصل شفوي', '2024-11-26 16:45:21', '2024-11-26 16:45:21'),
(29, 4, 'تواصل شفوي', '2024-11-26 16:45:21', '2024-11-26 16:45:21'),
(30, 1, 'تواصل شفوي', '2024-11-26 16:45:21', '2024-11-26 16:45:21');

-- --------------------------------------------------------

--
-- Structure de la table `subscribes`
--

CREATE TABLE `subscribes` (
  `id` int UNSIGNED NOT NULL,
  `usable_count` int UNSIGNED NOT NULL,
  `days` int UNSIGNED NOT NULL,
  `price` int UNSIGNED NOT NULL,
  `icon` varchar(255) COLLATE utf8mb4_unicode_ci NOT NULL,
  `is_popular` tinyint(1) NOT NULL DEFAULT '0',
  `infinite_use` tinyint(1) NOT NULL DEFAULT '0',
  `created_at` int UNSIGNED NOT NULL,
  `level_id` int UNSIGNED DEFAULT NULL
) ENGINE=InnoDB DEFAULT CHARSET=utf8mb4 COLLATE=utf8mb4_unicode_ci ROW_FORMAT=DYNAMIC;

--
-- Déchargement des données de la table `subscribes`
--

INSERT INTO `subscribes` (`id`, `usable_count`, `days`, `price`, `icon`, `is_popular`, `infinite_use`, `created_at`, `level_id`) VALUES
(3, 100, 30, 60, 'assets/default/img/bag.png', 1, 0, 1719480168, NULL),
(4, 1000, 30, 24, 'assets/default/img/book.png', 0, 0, 1719830990, NULL),
(9, 1000, 30, 150, 'assets/default/img/books.png', 0, 0, 1719830966, NULL),
(10, 1000, 30, 20, '/store/1/Design sans titre (2).png', 0, 0, 1719915445, NULL);

-- --------------------------------------------------------

--
-- Structure de la table `subscribe_reminds`
--

CREATE TABLE `subscribe_reminds` (
  `id` int UNSIGNED NOT NULL,
  `user_id` int UNSIGNED NOT NULL,
  `subscribe_id` int UNSIGNED NOT NULL,
  `created_at` bigint UNSIGNED NOT NULL
) ENGINE=InnoDB DEFAULT CHARSET=utf8mb4 COLLATE=utf8mb4_unicode_ci;

-- --------------------------------------------------------

--
-- Structure de la table `subscribe_translations`
--

CREATE TABLE `subscribe_translations` (
  `id` bigint UNSIGNED NOT NULL,
  `subscribe_id` int UNSIGNED NOT NULL,
  `locale` varchar(255) COLLATE utf8mb4_unicode_ci NOT NULL,
  `title` varchar(255) COLLATE utf8mb4_unicode_ci NOT NULL,
  `description` varchar(1500) COLLATE utf8mb4_unicode_ci DEFAULT NULL
) ENGINE=InnoDB DEFAULT CHARSET=utf8mb4 COLLATE=utf8mb4_unicode_ci;

--
-- Déchargement des données de la table `subscribe_translations`
--

INSERT INTO `subscribe_translations` (`id`, `subscribe_id`, `locale`, `title`, `description`) VALUES
(1, 3, 'en', 'الكرطابلة', 'كل الكتب المدرسية'),
(2, 4, 'en', 'كتيِّب', 'كتاب مدرسي'),
(3, 5, 'en', 'Silver', 'Suggested for small businesses'),
(4, 3, 'ar', 'الكرطابلة', 'فيديوهات تفسير و إصلاح كامل تمارين الكُتُبْ لكل موادْ المستوى الدراسي الخاص بك\r\nتحميل 4 ملفات لتمارين مرفقة بالإصلاح مطابق للبرنامج الرسمي\r\nتحميل 4 ملفات لتلاخيص الدروس المطابقة للبرنامج الرسمي\r\n4 حصص مباشرة تفاعلية (🟢 REC) مع المعلم المناسب لك و'),
(5, 3, 'es', 'Bronce', 'Sugerido para uso personal'),
(6, 4, 'es', 'Oro', 'Sugerido para grandes empresas'),
(7, 4, 'ar', 'كتيِّب', 'فيديوهات تفسير و إصلاح كامل تمارين كُتُبْ مادّة واحدة من إختيارك'),
(8, 5, 'ar', 'كتيِّب', 'كتاب مدرسي'),
(9, 5, 'es', 'Plata', 'Sugerido para pequeñas empresas'),
(10, 9, 'ar', 'على كيفك', 'حرية إختيار  الكُتُبْ و الموادْ للمستوى الدراسي الخاص بك\nحرية إختيار عدد الملفات لتمارين مرفقة بالإصلاح مطابق للبرنامج الرسمي \nحرية إختيار عدد الملفات لتلاخيص الدروس المطابقة للبرنامج الرسمي \nحرية إختيار عدد الحصص المباشرة التفاعلية ( 🟢 REC ) مع المعلمين المناسبين لك و من إختيارك'),
(11, 10, 'ar', 'price_package_uniter_books', 'w7ed الكتب المدرسية');

-- --------------------------------------------------------

--
-- Structure de la table `subscribe_uses`
--

CREATE TABLE `subscribe_uses` (
  `id` int UNSIGNED NOT NULL,
  `user_id` int UNSIGNED NOT NULL,
  `subscribe_id` int UNSIGNED NOT NULL,
  `webinar_id` int UNSIGNED DEFAULT NULL,
  `bundle_id` int UNSIGNED DEFAULT NULL,
  `sale_id` int UNSIGNED NOT NULL
) ENGINE=InnoDB DEFAULT CHARSET=utf8mb4 COLLATE=utf8mb4_unicode_ci ROW_FORMAT=DYNAMIC;

--
-- Déchargement des données de la table `subscribe_uses`
--

INSERT INTO `subscribe_uses` (`id`, `user_id`, `subscribe_id`, `webinar_id`, `bundle_id`, `sale_id`) VALUES
(9, 995, 3, 2006, NULL, 160),
(10, 995, 3, 2004, NULL, 161),
(11, 995, 3, 2002, NULL, 162);

-- --------------------------------------------------------

--
-- Structure de la table `supports`
--

CREATE TABLE `supports` (
  `id` int UNSIGNED NOT NULL,
  `user_id` int UNSIGNED NOT NULL,
  `webinar_id` int UNSIGNED DEFAULT NULL,
  `department_id` int UNSIGNED DEFAULT NULL,
  `title` varchar(255) COLLATE utf8mb4_unicode_ci NOT NULL,
  `status` enum('open','close','replied','supporter_replied') COLLATE utf8mb4_unicode_ci NOT NULL DEFAULT 'open',
  `created_at` int UNSIGNED DEFAULT NULL,
  `updated_at` int UNSIGNED DEFAULT NULL
) ENGINE=InnoDB DEFAULT CHARSET=utf8mb4 COLLATE=utf8mb4_unicode_ci ROW_FORMAT=DYNAMIC;

--
-- Déchargement des données de la table `supports`
--

INSERT INTO `supports` (`id`, `user_id`, `webinar_id`, `department_id`, `title`, `status`, `created_at`, `updated_at`) VALUES
(25, 934, NULL, 3, 'Convert Videos', 'close', 1625891270, 1625973596),
(26, 995, NULL, 3, 'Pre-Purchase Question', 'close', 1625891677, 1625973708),
(27, 930, NULL, 2, 'Pending Offline Payment', 'open', 1625891851, 1625891851),
(28, 923, NULL, 3, 'Commission Rate', 'supporter_replied', 1625892221, 1625892332),
(29, 867, NULL, 3, 'Class delay', 'supporter_replied', 1625895874, 1625973471),
(30, 995, 2005, NULL, 'design software', 'open', 1625953303, 1625953303),
(33, 995, NULL, 2, 'Refund Request #64237', 'close', 1626063457, 1626063559),
(34, 995, NULL, 3, 'Problem with quiz', 'supporter_replied', 1626250124, 1690477844),
(35, 1015, NULL, 3, 'probleme formation', 'supporter_replied', 1680221456, 1680221481),
(36, 1015, 2002, NULL, 'formation', 'open', 1680221526, 1680221526),
(37, 995, NULL, 2, 'I have charge my account', 'supporter_replied', 1682274094, 1682274156),
(38, 1015, 1995, NULL, 'PRO', 'open', 1683294888, 1683294888),
(39, 995, 2022, NULL, 'probleme', 'open', 1683569252, 1683569252),
(40, 995, 2022, NULL, 'new ticket', 'open', 1683569319, 1683569343),
(41, 995, 2022, NULL, 'title', 'open', 1683569518, 1683569518),
(42, 995, NULL, 2, 'title 02', 'supporter_replied', 1683569562, 1683569637),
(43, 995, 2022, NULL, 'Problem with quiz', 'open', 1683569932, 1683569932),
(44, 995, 2022, NULL, 'Problem with quiz', 'open', 1683571279, 1683571279),
(45, 995, NULL, 2, 'charge account', 'supporter_replied', 1683571331, 1683571402),
(46, 995, 1998, NULL, 'probleme', 'open', 1683647836, 1683647836),
(47, 995, NULL, 2, 'charge account', 'open', 1683648662, 1683648662),
(48, 995, NULL, 2, 'charge account', 'supporter_replied', 1684329669, 1684329723),
(49, 995, NULL, 2, 'charge account', 'supporter_replied', 1686832544, 1686832600),
(50, 1015, NULL, 3, 'PRO', 'supporter_replied', 1688655079, 1695201020),
(51, 1015, 2001, NULL, 'PRO1', 'supporter_replied', 1688655120, 1718794330),
(52, 1015, NULL, 3, 'support reclamation with admin', 'supporter_replied', 1695209381, 1695210730),
(53, 1316, NULL, 3, 'meeting math', 'open', 1734436768, 1734436997);

-- --------------------------------------------------------

--
-- Structure de la table `support_conversations`
--

CREATE TABLE `support_conversations` (
  `id` int UNSIGNED NOT NULL,
  `support_id` int UNSIGNED NOT NULL,
  `supporter_id` int UNSIGNED DEFAULT NULL,
  `sender_id` int UNSIGNED DEFAULT NULL,
  `attach` varchar(255) COLLATE utf8mb4_unicode_ci DEFAULT NULL,
  `message` text COLLATE utf8mb4_unicode_ci NOT NULL,
  `created_at` int UNSIGNED NOT NULL
) ENGINE=InnoDB DEFAULT CHARSET=utf8mb4 COLLATE=utf8mb4_unicode_ci ROW_FORMAT=DYNAMIC;

--
-- Déchargement des données de la table `support_conversations`
--

INSERT INTO `support_conversations` (`id`, `support_id`, `supporter_id`, `sender_id`, `attach`, `message`, `created_at`) VALUES
(1, 25, NULL, 934, NULL, 'Hello.\r\nI want to convert my video files to reduce their size. What software do you recommend?', 1625891270),
(2, 26, NULL, 995, NULL, 'Hello\r\nIs it possible to refund it after the purchase if you are dissatisfied with the course?', 1625891677),
(3, 27, NULL, 930, NULL, 'Hello.\r\nI registered an offline payment document to charge my wallet.\r\nHow long does it take for my payment to be approved?\r\nI am going to buy a course and I would be grateful if this could be done a little earlier.', 1625891851),
(4, 28, NULL, 923, NULL, 'Hello.\r\nIs it possible for me to receive more commission for my sales on this platform?', 1625892221),
(5, 28, 1, NULL, NULL, 'Hello.\r\nPlease send this ticket to the financial department.\r\nThank', 1625892332),
(6, 29, NULL, 867, NULL, 'Hello .\r\nWhat are the rules if one of the live class sessions is delayed?\r\nIs it possible to change the date of that session?', 1625895874),
(7, 29, NULL, 867, '/store/867/60da388cbcee3.png', 'Hi.\r\nPlease check attachmnet', 1625897110),
(8, 29, 1, NULL, NULL, 'Yes you can change the date of your class sessions at any time.', 1625897202),
(9, 29, NULL, 867, NULL, 'thank you.', 1625898890),
(10, 30, NULL, 995, NULL, 'Hello.\r\nWhat software do you recommend to start learning?', 1625953303),
(11, 29, 1, NULL, NULL, 'you\'re welcome.', 1625973471),
(12, 25, 1, NULL, NULL, 'We offer you handbrake software.', 1625973573),
(13, 26, 1, NULL, NULL, 'Hello Cameron.\r\nYes it is possible.', 1625973699),
(22, 33, NULL, 995, NULL, 'Hello. I was supposed to get this refund via email. Please follow my request.', 1626063457),
(23, 33, 1, NULL, NULL, 'Hello. We will check. Thanks', 1626063496),
(24, 33, NULL, 995, NULL, 'Thanks.', 1626063547),
(25, 34, NULL, 995, NULL, 'Hello.\r\nIn the quiz of course that I bought was the wrong question.\r\nCourse Name: Photoshop course from beginner to advanced\r\nQuestion number : 3\r\nPlease check it. thank you', 1626250124),
(26, 35, NULL, 1015, NULL, 'gedlfvcdscldsvds', 1680221456),
(27, 35, 1, NULL, NULL, 'bdfcqsc', 1680221481),
(28, 36, NULL, 1015, NULL, 'blgfgvfdsdfbkgfd', 1680221526),
(29, 37, NULL, 995, NULL, 'I have charge my account', 1682274094),
(30, 37, 1, NULL, NULL, 'ok cpmbient', 1682274135),
(31, 37, NULL, 995, NULL, '1000 DT', 1682274149),
(32, 37, 1, NULL, NULL, 'OK', 1682274156),
(33, 38, NULL, 1015, NULL, 'NGFV', 1683294888),
(34, 39, NULL, 995, NULL, 'pro', 1683569252),
(35, 40, NULL, 995, NULL, 'message', 1683569319),
(36, 40, NULL, 995, NULL, 'bv', 1683569343),
(37, 41, NULL, 995, NULL, 'new message', 1683569518),
(38, 42, NULL, 995, NULL, 'message for help', 1683569562),
(39, 42, 1, NULL, NULL, 'done', 1683569637),
(40, 43, NULL, 995, NULL, 'hel', 1683569932),
(41, 44, NULL, 995, NULL, 'prob', 1683571279),
(42, 45, NULL, 995, NULL, 'charge account 400 TND', 1683571331),
(43, 45, 1, NULL, NULL, 'done', 1683571402),
(44, 46, NULL, 995, NULL, 'bfvwdwds', 1683647836),
(45, 47, NULL, 995, NULL, 'charge account 400  TND', 1683648662),
(46, 48, NULL, 995, NULL, 'charge account 400 TND', 1684329669),
(47, 48, 1, NULL, NULL, 'DONE', 1684329723),
(48, 49, NULL, 995, NULL, 'charge account 700 dt', 1686832544),
(49, 49, 1, NULL, NULL, 'done', 1686832600),
(50, 50, NULL, 1015, NULL, 'FFF', 1688655079),
(51, 50, NULL, 1015, NULL, 'FBDCBC', 1688655090),
(52, 51, NULL, 1015, NULL, 'DFECC', 1688655120),
(53, 34, 1, NULL, NULL, 'OK', 1690477844),
(54, 50, 1, NULL, NULL, 'merci', 1695201020),
(55, 52, NULL, 1015, NULL, 'problem cours add', 1695209381),
(56, 52, 1, NULL, NULL, 'ok', 1695210730),
(57, 51, 1207, NULL, NULL, 'dcsx', 1718794330),
(58, 53, NULL, 1316, NULL, 'dsds', 1734436768),
(59, 53, NULL, 1316, '/store/1316/avatar/Facture_TN517027 (2).pdf', 'cdsxw', 1734436925),
(60, 53, NULL, 1316, NULL, 'vfxw', 1734436997);

-- --------------------------------------------------------

--
-- Structure de la table `support_departments`
--

CREATE TABLE `support_departments` (
  `id` int UNSIGNED NOT NULL,
  `created_at` int UNSIGNED NOT NULL
) ENGINE=InnoDB DEFAULT CHARSET=utf8mb4 COLLATE=utf8mb4_unicode_ci ROW_FORMAT=DYNAMIC;

--
-- Déchargement des données de la table `support_departments`
--

INSERT INTO `support_departments` (`id`, `created_at`) VALUES
(2, 1728577593),
(3, 1635445486),
(4, 1635445505);

-- --------------------------------------------------------

--
-- Structure de la table `support_department_translations`
--

CREATE TABLE `support_department_translations` (
  `id` bigint UNSIGNED NOT NULL,
  `support_department_id` int UNSIGNED NOT NULL,
  `locale` varchar(255) COLLATE utf8mb4_unicode_ci NOT NULL,
  `title` varchar(255) COLLATE utf8mb4_unicode_ci NOT NULL
) ENGINE=InnoDB DEFAULT CHARSET=utf8mb4 COLLATE=utf8mb4_unicode_ci;

--
-- Déchargement des données de la table `support_department_translations`
--

INSERT INTO `support_department_translations` (`id`, `support_department_id`, `locale`, `title`) VALUES
(1, 2, 'en', 'Financial'),
(2, 3, 'en', 'Content'),
(3, 4, 'en', 'Marketing'),
(4, 4, 'ar', 'تسويق'),
(5, 4, 'es', 'Márketing'),
(6, 3, 'es', 'Contenido'),
(7, 3, 'ar', 'المحتوى'),
(8, 2, 'ar', 'الأمور المالية'),
(9, 2, 'es', 'Financiera');

-- --------------------------------------------------------

--
-- Structure de la table `tags`
--

CREATE TABLE `tags` (
  `id` int UNSIGNED NOT NULL,
  `title` varchar(64) COLLATE utf8mb4_unicode_ci NOT NULL,
  `webinar_id` int UNSIGNED DEFAULT NULL,
  `bundle_id` int UNSIGNED DEFAULT NULL
) ENGINE=InnoDB DEFAULT CHARSET=utf8mb4 COLLATE=utf8mb4_unicode_ci ROW_FORMAT=DYNAMIC;

--
-- Déchargement des données de la table `tags`
--

INSERT INTO `tags` (`id`, `title`, `webinar_id`, `bundle_id`) VALUES
(6447, 'Product Manager', 1995, NULL),
(6448, 'managment', 1995, NULL),
(6452, 'Listening', 2003, NULL),
(6453, 'Listen', 2003, NULL),
(6454, 'Listener', 2003, NULL),
(6464, 'Angular', 2001, NULL),
(6465, 'AngularJS', 2001, NULL),
(6466, 'Javascript', 2001, NULL),
(6485, 'fitness', 2002, NULL),
(6486, 'Health & Fitness', 2002, NULL),
(6487, 'Health', 2002, NULL),
(6514, 'travel', 2006, NULL),
(6515, 'trip', 2006, NULL),
(6516, 'World Trip', 2006, NULL),
(6517, 'Time', 2000, NULL),
(6518, 'Time Management', 2000, NULL),
(6519, 'Save Time', 2000, NULL),
(6548, 'web', 2005, NULL),
(6549, 'design', 2005, NULL),
(6550, 'web design', 2005, NULL),
(6551, 'Virtual Team', 1999, NULL),
(6552, 'Team', 1999, NULL),
(6561, 'Live Class', 2009, NULL),
(6562, 'New Live System', 2009, NULL),
(6591, 'web', NULL, 2),
(6592, 'programming', NULL, 2),
(6595, 'energy', NULL, 3),
(6596, 'solar energy', NULL, 3),
(6611, 'office', NULL, 1),
(6612, 'bundle', NULL, 1),
(6680, 'Drip', 2010, NULL),
(6681, 'Assignment', 2010, NULL),
(6685, 'Python', 2018, NULL),
(6704, 'travel', 2007, NULL),
(6705, 'Travel Management', 2007, NULL),
(6706, 'trip', 2007, NULL),
(6709, 'Guitar', 2008, NULL),
(6710, 'Guitar Masterclass', 2008, NULL),
(6720, 'Excel', 1998, NULL),
(6721, 'microsoft excel', 1998, NULL),
(6722, 'excel class', 1998, NULL),
(6738, 'Art', 2030, NULL),
(6739, 'Maths', 2030, NULL),
(6740, 'Paintng', 2030, NULL),
(6741, 'Languages', 2030, NULL),
(6742, 'Good', 2030, NULL);

-- --------------------------------------------------------

--
-- Structure de la table `teachers`
--

CREATE TABLE `teachers` (
  `id` bigint UNSIGNED NOT NULL,
  `users_id` int UNSIGNED NOT NULL,
  `teacher_id` int UNSIGNED NOT NULL,
  `created_at` timestamp NULL DEFAULT NULL,
  `updated_at` timestamp NULL DEFAULT NULL
) ENGINE=InnoDB DEFAULT CHARSET=utf8mb4 COLLATE=utf8mb4_unicode_ci;

--
-- Déchargement des données de la table `teachers`
--

INSERT INTO `teachers` (`id`, `users_id`, `teacher_id`, `created_at`, `updated_at`) VALUES
(158, 1537, 1316, NULL, NULL),
(161, 1654, 1316, NULL, NULL),
(172, 1824, 1316, '2024-10-10 14:16:28', '2024-10-10 14:16:28'),
(173, 1824, 1316, '2024-10-10 14:16:28', '2024-10-10 14:16:28'),
(190, 1826, 1666, '2024-10-11 07:32:47', '2024-10-11 07:32:47'),
(201, 1827, 1411, '2024-10-11 08:16:46', '2024-10-11 08:16:46'),
(202, 1831, 1316, '2024-10-11 08:26:17', '2024-10-11 08:26:17'),
(242, 1830, 1666, '2024-10-11 12:01:05', '2024-10-11 12:01:05'),
(260, 1842, 1666, '2024-10-11 15:26:55', '2024-10-11 15:26:55'),
(268, 1843, 1666, '2024-10-12 08:38:55', '2024-10-12 08:38:55'),
(269, 1846, 1316, '2024-10-12 08:42:21', '2024-10-12 08:42:21'),
(272, 1863, 1666, '2024-10-13 10:41:42', '2024-10-13 10:41:42'),
(275, 1870, 1666, '2024-10-14 05:57:49', '2024-10-14 05:57:49'),
(293, 1869, 1316, '2024-10-14 06:33:48', '2024-10-14 06:33:48'),
(317, 1872, 1411, '2024-10-14 09:26:52', '2024-10-14 09:26:52'),
(321, 1871, 1411, '2024-10-14 10:28:23', '2024-10-14 10:28:23'),
(322, 1875, 1411, '2024-10-14 10:31:36', '2024-10-14 10:31:36'),
(327, 1869, 1411, '2024-10-14 11:45:37', '2024-10-14 11:45:37'),
(328, 1881, 1666, '2024-10-14 12:25:22', '2024-10-14 12:25:22'),
(329, 1884, 1880, '2024-10-14 12:34:32', '2024-10-14 12:34:32'),
(332, 1887, 1411, '2024-10-14 17:25:54', '2024-10-14 17:25:54'),
(333, 1886, 1411, '2024-10-14 17:26:44', '2024-10-14 17:26:44'),
(335, 1886, 1666, '2024-10-15 07:27:32', '2024-10-15 07:27:32'),
(336, 1886, 1316, '2024-10-15 07:31:19', '2024-10-15 07:31:19'),
(338, 1905, 1411, '2024-10-15 10:19:40', '2024-10-15 10:19:40'),
(341, 1889, 1896, '2024-10-15 14:17:46', '2024-10-15 14:17:46'),
(342, 1889, 1666, '2024-10-15 14:18:43', '2024-10-15 14:18:43'),
(350, 1944, 1318, '2024-10-17 10:53:25', '2024-10-17 10:53:25'),
(387, 1945, 1318, '2024-10-21 08:57:11', '2024-10-21 08:57:11'),
(399, 1426, 1426, '2024-10-21 14:27:53', '2024-10-21 14:27:53'),
(411, 1665, 1665, '2024-10-22 11:51:40', '2024-10-22 11:51:40'),
(413, 1991, 1666, '2024-10-22 16:57:57', '2024-10-22 16:57:57'),
(416, 1908, 1666, '2024-10-23 11:30:06', '2024-10-23 11:30:06'),
(417, 1908, 1396, '2024-10-23 11:41:18', '2024-10-23 11:41:18'),
(420, 1977, 1316, '2024-10-24 10:28:09', '2024-10-24 10:28:09'),
(421, 2003, 1896, '2024-10-24 11:07:11', '2024-10-24 11:07:11'),
(422, 2003, 1880, '2024-10-24 11:11:05', '2024-10-24 11:11:05'),
(424, 2008, 1316, '2024-10-24 11:46:41', '2024-10-24 11:46:41'),
(426, 2010, 1666, '2024-10-25 08:58:08', '2024-10-25 08:58:08'),
(427, 2015, 1396, '2024-10-28 07:25:39', '2024-10-28 07:25:39'),
(428, 1396, 1396, '2024-10-28 07:40:11', '2024-10-28 07:40:11'),
(430, 1977, 1318, '2024-10-28 11:27:34', '2024-10-28 11:27:34'),
(432, 2019, 1665, '2024-10-28 13:05:49', '2024-10-28 13:05:49'),
(435, 2058, 1411, '2024-10-29 17:21:07', '2024-10-29 17:21:07'),
(436, 2068, 1316, '2024-10-30 13:06:36', '2024-10-30 13:06:36'),
(440, 2082, 1318, '2024-11-01 15:30:57', '2024-11-01 15:30:57'),
(441, 2082, 1316, '2024-11-01 15:33:04', '2024-11-01 15:33:04'),
(442, 2096, 1316, '2024-11-01 20:39:09', '2024-11-01 20:39:09'),
(443, 2098, 1316, '2024-11-02 05:38:46', '2024-11-02 05:38:46'),
(444, 2100, 1316, '2024-11-02 06:33:35', '2024-11-02 06:33:35'),
(445, 2112, 1316, '2024-11-02 11:49:35', '2024-11-02 11:49:35'),
(446, 2128, 1316, '2024-11-02 20:02:20', '2024-11-02 20:02:20'),
(447, 2135, 1316, '2024-11-03 07:22:29', '2024-11-03 07:22:29'),
(448, 2122, 1316, '2024-11-03 20:45:10', '2024-11-03 20:45:10'),
(452, 2167, 1316, '2024-11-06 20:57:43', '2024-11-06 20:57:43'),
(453, 2183, 1666, '2024-11-07 14:11:08', '2024-11-07 14:11:08'),
(454, 2217, 1530, '2024-11-09 08:16:10', '2024-11-09 08:16:10'),
(455, 2224, 1954, '2024-11-09 11:05:31', '2024-11-09 11:05:31'),
(456, 2226, 1316, '2024-11-09 13:15:19', '2024-11-09 13:15:19'),
(457, 2062, 1318, '2024-11-10 12:34:52', '2024-11-10 12:34:52'),
(458, 2168, 1318, '2024-11-10 20:19:37', '2024-11-10 20:19:37'),
(459, 2246, 1316, '2024-11-11 09:09:03', '2024-11-11 09:09:03'),
(460, 2249, 1316, '2024-11-11 11:15:46', '2024-11-11 11:15:46'),
(462, 2257, 1316, '2024-11-11 13:40:44', '2024-11-11 13:40:44'),
(463, 2261, 1316, '2024-11-11 18:39:02', '2024-11-11 18:39:02'),
(465, 2282, 1316, '2024-11-13 10:28:14', '2024-11-13 10:28:14'),
(479, 2448, 1316, '2024-11-20 07:29:26', '2024-11-20 07:29:26'),
(481, 2450, 1426, '2024-11-20 07:45:31', '2024-11-20 07:45:31'),
(482, 1316, 1666, '2024-11-20 15:09:33', '2024-11-20 15:09:33'),
(483, 2042, 1666, '2024-11-21 08:21:59', '2024-11-21 08:21:59'),
(484, 2484, 1954, '2024-11-22 12:28:47', '2024-11-22 12:28:47'),
(485, 2142, 2026, '2024-11-22 23:07:47', '2024-11-22 23:07:47'),
(486, 2282, 1318, '2024-11-23 19:51:10', '2024-11-23 19:51:10'),
(487, 1537, 1318, '2024-11-29 09:04:42', '2024-11-29 09:04:42'),
(494, 2619, 1316, '2024-12-05 14:59:18', '2024-12-05 14:59:18'),
(495, 2586, 1316, '2024-12-05 15:00:32', '2024-12-05 15:00:32'),
(496, 2142, 2624, '2024-12-06 11:38:35', '2024-12-06 11:38:35'),
(500, 2642, 1316, '2024-12-11 09:01:05', '2024-12-11 09:01:05'),
(501, 2646, 2644, '2024-12-11 15:35:15', '2024-12-11 15:35:15'),
(502, 2647, 2644, '2024-12-11 15:37:31', '2024-12-11 15:37:31'),
(508, 2606, 1954, '2024-12-13 01:37:53', '2024-12-13 01:37:53'),
(511, 2073, 1318, '2024-12-15 19:20:11', '2024-12-15 19:20:11'),
(512, 2142, 1530, '2024-12-16 09:57:30', '2024-12-16 09:57:30'),
(513, 2662, 1318, '2024-12-17 09:34:01', '2024-12-17 09:34:01'),
(514, 2073, 1316, '2024-12-20 15:22:42', '2024-12-20 15:22:42'),
(515, 2666, 1316, '2024-12-20 20:08:47', '2024-12-20 20:08:47');

-- --------------------------------------------------------

--
-- Structure de la table `testimonials`
--

CREATE TABLE `testimonials` (
  `id` int UNSIGNED NOT NULL,
  `user_avatar` varchar(255) COLLATE utf8mb4_unicode_ci NOT NULL,
  `rate` varchar(5) COLLATE utf8mb4_unicode_ci NOT NULL DEFAULT '0',
  `status` enum('active','disable') COLLATE utf8mb4_unicode_ci NOT NULL DEFAULT 'disable',
  `created_at` int UNSIGNED NOT NULL
) ENGINE=InnoDB DEFAULT CHARSET=utf8mb4 COLLATE=utf8mb4_unicode_ci ROW_FORMAT=DYNAMIC;

--
-- Déchargement des données de la table `testimonials`
--

INSERT INTO `testimonials` (`id`, `user_avatar`, `rate`, `status`, `created_at`) VALUES
(3, '/store/1/default_images/testimonials/profile_picture (50).jpg', '5', 'active', 1606841910),
(4, '/store/1/default_images/testimonials/profile_picture (38).jpg', '5', 'active', 1606841929),
(5, '/store/1/default_images/testimonials/profile_picture (20).jpg', '5', 'active', 1606841946),
(6, '/store/1/default_images/testimonials/profile_picture (52).jpg', '5', 'active', 1606842000),
(7, '/store/1/default_images/default_profile.jpg', '0', 'active', 1725880186);

-- --------------------------------------------------------

--
-- Structure de la table `testimonial_translations`
--

CREATE TABLE `testimonial_translations` (
  `id` bigint UNSIGNED NOT NULL,
  `testimonial_id` int UNSIGNED NOT NULL,
  `locale` varchar(255) COLLATE utf8mb4_unicode_ci NOT NULL,
  `user_name` varchar(255) COLLATE utf8mb4_unicode_ci NOT NULL,
  `user_bio` varchar(255) COLLATE utf8mb4_unicode_ci NOT NULL,
  `comment` text COLLATE utf8mb4_unicode_ci NOT NULL
) ENGINE=InnoDB DEFAULT CHARSET=utf8mb4 COLLATE=utf8mb4_unicode_ci;

--
-- Déchargement des données de la table `testimonial_translations`
--

INSERT INTO `testimonial_translations` (`id`, `testimonial_id`, `locale`, `user_name`, `user_bio`, `comment`) VALUES
(1, 2, 'en', 'Ryan Newman', 'Data Analyst at Microsoft', '\"We\'ve used Abajim for the last 2  years. Thanks for the great service.\"'),
(2, 3, 'en', 'Megan Hayward', 'System Administrator at Amazon', '\"We\'re loving it. Abajim is both perfect    and highly adaptable.\"'),
(3, 4, 'en', 'Natasha Hope', 'IT Technician at IBM', '\"I am really satisfied with my Abajim. It\'s the perfect solution for our business.\"'),
(4, 5, 'en', 'Charles Dale', 'Computer Engineer at Oracle', '\"I am so pleased with this product. I couldn\'t have asked for more than this.\"'),
(5, 6, 'en', 'David Patterson', 'Network Technician at Cisco', '\"Abajim impressed me on multiple           levels.\"'),
(6, 2, 'ar', 'Ryan Newman', 'Data Analyst at Microsoft', 'hello'),
(7, 2, 'es', 'Ryan Newman', 'Analista de datos en Microsoft', '\"Hemos utilizado Abajim durante los últimos 2 años. Gracias por el gran servicio\"'),
(8, 3, 'es', 'Megan Hayward', 'Administradora de sistemas en Amazon', '\"Nos encanta. Abajim es perfecto y muy adaptable\".'),
(9, 3, 'ar', 'لطيفة، أم حمزة و سارة', 'System Administrator at Amazon', 'طريقة تعليم جديدة، مختلفة و متنوعة، الأداة الأنسب لتعليم أطفالي'),
(10, 4, 'es', 'Natasha Hope', 'Técnico de TI en IBM', '\"Estoy realmente satisfecho con mi Abajim. Es la solución perfecta para nuestro negocio\"'),
(11, 4, 'ar', 'مريم، أم ربيع و أحمد', 'IT Technician at IBM', '<p>أعتبرها&nbsp;مدرسة بأكملها، مع توفر عدد كبير من المعلمين المتخصصين، وجدت المعلمين الأنسب لأطفالي</p>'),
(12, 5, 'es', 'Charles Dale', 'Ingeniera informatica en oracle', '\"Estoy muy satisfecho con este producto. No podría haber pedido más que esto\"'),
(13, 5, 'ar', 'خليل علوش', 'Computer Engineer at Oracle', '&nbsp;روح و نكهة جديدة و جميلة للكتب المدرسية، استطاع أطفالي تعويض الدروس الفائتة حتى من السنوات السابقة'),
(14, 6, 'es', 'David Patterson', 'Técnico de redes en Cisco', '\"Abajim me impresionó en varios niveles\"'),
(15, 6, 'ar', 'محمد بنعلي', 'Network Technician at Cisco', 'بصفتي أحد الوالدين، أنا معجب جدا بالتأثير الذي أحدثته أبجيم على تعلم ابني. الفيديوهات التفاعلية وتنوع المعلمين و النسخة التفاعلية للكتب المدرسية ساعدت ابني على فهم الدروس بشكل أفضل والتعلم بالوتيرة التي تناسبه، أداة رائعة تجعل التعليم أكثر سهولة وتفاعلية.&nbsp;&nbsp;'),
(16, 7, 'ar', 'أنس', 'xyz', '<p>أحببت التنوع في الشروحات التي يقدمها المعلمون المختلفون، مما يسمح لطفلي بالاختيار بين الأساليب التي تناسبه. أباجيم جعل متابعة تقدمه في المواد الدراسية أسهل بكثير</p>');

-- --------------------------------------------------------

--
-- Structure de la table `text_lessons`
--

CREATE TABLE `text_lessons` (
  `id` int UNSIGNED NOT NULL,
  `creator_id` int UNSIGNED NOT NULL,
  `webinar_id` int UNSIGNED NOT NULL,
  `chapter_id` int UNSIGNED DEFAULT NULL,
  `image` varchar(255) COLLATE utf8mb4_unicode_ci DEFAULT NULL,
  `study_time` int UNSIGNED DEFAULT NULL,
  `accessibility` enum('free','paid') COLLATE utf8mb4_unicode_ci NOT NULL DEFAULT 'free',
  `check_previous_parts` tinyint(1) NOT NULL DEFAULT '0',
  `access_after_day` int UNSIGNED DEFAULT NULL,
  `order` int UNSIGNED DEFAULT NULL,
  `status` enum('active','inactive') COLLATE utf8mb4_unicode_ci NOT NULL DEFAULT 'active',
  `created_at` int UNSIGNED NOT NULL,
  `updated_at` int UNSIGNED DEFAULT NULL
) ENGINE=InnoDB DEFAULT CHARSET=utf8mb4 COLLATE=utf8mb4_unicode_ci ROW_FORMAT=DYNAMIC;

--
-- Déchargement des données de la table `text_lessons`
--

INSERT INTO `text_lessons` (`id`, `creator_id`, `webinar_id`, `chapter_id`, `image`, `study_time`, `accessibility`, `check_previous_parts`, `access_after_day`, `order`, `status`, `created_at`, `updated_at`) VALUES
(13, 934, 1997, 26, '/store/934/hero (9).jpg', 5, 'free', 0, NULL, 1, 'active', 1624954655, 1635417906),
(14, 934, 1997, 26, '/store/934/hero (14).jpg', 10, 'free', 0, NULL, 2, 'active', 1624954929, 1635417914),
(15, 934, 1997, 26, '/store/934/hero (4).jpg', 20, 'free', 0, NULL, 3, 'active', 1624956733, 1635417921);

-- --------------------------------------------------------

--
-- Structure de la table `text_lessons_attachments`
--

CREATE TABLE `text_lessons_attachments` (
  `id` int UNSIGNED NOT NULL,
  `text_lesson_id` int UNSIGNED NOT NULL,
  `file_id` int UNSIGNED NOT NULL,
  `created_at` int UNSIGNED NOT NULL
) ENGINE=InnoDB DEFAULT CHARSET=utf8mb4 COLLATE=utf8mb4_unicode_ci ROW_FORMAT=DYNAMIC;

--
-- Déchargement des données de la table `text_lessons_attachments`
--

INSERT INTO `text_lessons_attachments` (`id`, `text_lesson_id`, `file_id`, `created_at`) VALUES
(14, 13, 35, 1635417906);

-- --------------------------------------------------------

--
-- Structure de la table `text_lesson_translations`
--

CREATE TABLE `text_lesson_translations` (
  `id` bigint UNSIGNED NOT NULL,
  `text_lesson_id` int UNSIGNED NOT NULL,
  `locale` varchar(255) COLLATE utf8mb4_unicode_ci NOT NULL,
  `title` varchar(255) COLLATE utf8mb4_unicode_ci NOT NULL,
  `summary` text COLLATE utf8mb4_unicode_ci NOT NULL,
  `content` longtext COLLATE utf8mb4_unicode_ci NOT NULL
) ENGINE=InnoDB DEFAULT CHARSET=utf8mb4 COLLATE=utf8mb4_unicode_ci;

--
-- Déchargement des données de la table `text_lesson_translations`
--

INSERT INTO `text_lesson_translations` (`id`, `text_lesson_id`, `locale`, `title`, `summary`, `content`) VALUES
(1, 13, 'en', 'Hello, World!', 'Get started learning Python with DataCamp\'s free Intro to Python tutorial. Learn Data Science by completing interactive coding challenges and watching videos by expert instructors. Start Now!', '<div>Python is a very simple language, and has a very straightforward syntax. It encourages programmers to program without boilerplate (prepared) code. The simplest directive in Python is the \"print\" directive - it simply prints out a line (and also includes a newline, unlike in C).</div><div><br></div><div>There are two major Python versions, Python 2 and Python 3. Python 2 and 3 are quite different. This tutorial uses Python 3, because it more semantically correct and supports newer features.</div><div><br></div><div>For example, one difference between Python 2 and 3 is the print statement. In Python 2, the \"print\" statement is not a function, and therefore it is invoked without parentheses. However, in Python 3, it is a function, and must be invoked with parentheses.</div>'),
(2, 14, 'en', 'Learning', 'Before getting started, you may want to find out which IDEs and text editors are tailored to make Python editing easy, browse the list of introductory books, or look at code samples that you might find helpful.', '<div>There is a list of tutorials suitable for experienced programmers on the BeginnersGuide/Tutorials page. There is also a list of resources in other languages which might be useful if English is not your first language.</div><div><br></div><div>The online documentation is your first port of call for definitive information. There is a fairly brief tutorial that gives you basic information about the language and gets you started. You can follow this by looking at the library reference for a full description of Python\'s many libraries and the language reference for a complete (though somewhat dry) explanation of Python\'s syntax. If you are looking for common Python recipes and patterns, you can browse the ActiveState Python Cookbook</div>'),
(3, 15, 'en', 'Looking for Something Specific?', 'If you want to know whether a particular application, or a library with particular functionality, is available in Python there are a number of possible sources of information.', '<p>If you want to know whether a particular application, or a library with particular functionality, is available in Python there are a number of possible sources of information. The Python web site provides a Python Package Index (also known as the Cheese Shop, a reference to the Monty Python script of that name). There is also a search page for a number of sources of Python-related information. Failing that, just Google for a phrase including the word \'\'python\'\' and you may well get the result you need. If all else fails, ask on the python newsgroup and there\'s a good chance someone will put you on the right track.</p><p>Python is an interpreted high-level general-purpose programming language. Python\'s design philosophy emphasizes code readability with its notable use of significant indentation. Its language constructs as well as its object-oriented approach aim to help programmers write clear, logical code for small and large-scale projects.[30]</p><p><br></p><p>Python is dynamically-typed and garbage-collected. It supports multiple programming paradigms, including structured (particularly, procedural), object-oriented and functional programming. Python is often described as a \"batteries included\" language due to its comprehensive standard library.[31]</p><p><br></p><p>Guido van Rossum began working on Python in the late 1980s, as a successor to the ABC programming language, and first released it in 1991 as Python 0.9.0.[32] Python 2.0 was released in 2000 and introduced new features, such as list comprehensions and a garbage collection system using reference counting. Python 3.0 was released in 2008 and was a major revision of the language that is not completely backward-compatible and much Python 2 code does not run unmodified on Python 3. Python 2 was discontinued with version 2.7.18 in 2020.[33]</p><p><br></p><p>Python consistently ranks as one of the most popular programming languages.</p>');

-- --------------------------------------------------------

--
-- Structure de la table `tickets`
--

CREATE TABLE `tickets` (
  `id` int UNSIGNED NOT NULL,
  `creator_id` int UNSIGNED NOT NULL,
  `webinar_id` int UNSIGNED DEFAULT NULL,
  `bundle_id` int UNSIGNED DEFAULT NULL,
  `start_date` int UNSIGNED DEFAULT NULL,
  `end_date` int UNSIGNED DEFAULT NULL,
  `discount` int NOT NULL,
  `capacity` int DEFAULT NULL,
  `order` int UNSIGNED DEFAULT NULL,
  `created_at` int NOT NULL,
  `updated_at` int DEFAULT NULL,
  `deleted_at` int DEFAULT NULL
) ENGINE=InnoDB DEFAULT CHARSET=utf8mb4 COLLATE=utf8mb4_unicode_ci ROW_FORMAT=DYNAMIC;

--
-- Déchargement des données de la table `tickets`
--

INSERT INTO `tickets` (`id`, `creator_id`, `webinar_id`, `bundle_id`, `start_date`, `end_date`, `discount`, `capacity`, `order`, `created_at`, `updated_at`, `deleted_at`) VALUES
(28, 1015, 1998, NULL, 1623699000, 1639513800, 50, 20, NULL, 1624965807, 1626077968, NULL),
(29, 1015, 1998, NULL, 1639600200, 1655235000, 20, 30, NULL, 1624965932, 1626077978, NULL),
(30, 929, 1999, NULL, 1622489400, 1623267000, 20, 100, NULL, 1625038262, NULL, NULL),
(31, 864, 2003, NULL, 1625081400, 1690831800, 25, 5, NULL, 1625299801, NULL, NULL),
(32, 1015, 2018, NULL, 1682208000, 1697587200, 5, 20, NULL, 1682269548, NULL, NULL),
(33, 1187, 2030, NULL, 1710892800, 1711497600, 25, 4, 1, 1710332063, 1710332426, NULL),
(34, 1187, 2030, NULL, 1711497600, 1712102400, 15, 6, 2, 1710332462, NULL, NULL),
(35, 1316, 2040, NULL, 1729728000, 1729728000, 10, 20, NULL, 1729781116, NULL, NULL);

-- --------------------------------------------------------

--
-- Structure de la table `ticket_translations`
--

CREATE TABLE `ticket_translations` (
  `id` bigint UNSIGNED NOT NULL,
  `ticket_id` int UNSIGNED NOT NULL,
  `locale` varchar(255) COLLATE utf8mb4_unicode_ci NOT NULL,
  `title` varchar(255) COLLATE utf8mb4_unicode_ci NOT NULL
) ENGINE=InnoDB DEFAULT CHARSET=utf8mb4 COLLATE=utf8mb4_unicode_ci;

--
-- Déchargement des données de la table `ticket_translations`
--

INSERT INTO `ticket_translations` (`id`, `ticket_id`, `locale`, `title`) VALUES
(1, 28, 'en', 'Golden Offer'),
(2, 29, 'en', 'Silver Offer'),
(3, 30, 'en', 'First Students Offer'),
(4, 31, 'en', 'First Price Plan'),
(5, 32, 'en', 'Super offer'),
(6, 33, 'ar', 'Special offer'),
(7, 34, 'ar', 'Special offer 2'),
(8, 35, 'ar', 'gn,htr,hj,yh');

-- --------------------------------------------------------

--
-- Structure de la table `ticket_users`
--

CREATE TABLE `ticket_users` (
  `id` int UNSIGNED NOT NULL,
  `ticket_id` int UNSIGNED NOT NULL,
  `user_id` int UNSIGNED NOT NULL,
  `created_at` int UNSIGNED NOT NULL
) ENGINE=InnoDB DEFAULT CHARSET=utf8mb4 COLLATE=utf8mb4_unicode_ci ROW_FORMAT=DYNAMIC;

--
-- Déchargement des données de la table `ticket_users`
--

INSERT INTO `ticket_users` (`id`, `ticket_id`, `user_id`, `created_at`) VALUES
(6, 28, 995, 1625996979),
(7, 28, 996, 1626060553),
(8, 28, 930, 1626060837),
(9, 31, 929, 1626241214),
(10, 31, 1017, 1639379395);

-- --------------------------------------------------------

--
-- Structure de la table `trend_categories`
--

CREATE TABLE `trend_categories` (
  `id` int UNSIGNED NOT NULL,
  `category_id` int UNSIGNED NOT NULL,
  `icon` varchar(255) COLLATE utf8mb4_unicode_ci NOT NULL,
  `color` varchar(32) COLLATE utf8mb4_unicode_ci NOT NULL,
  `created_at` int UNSIGNED NOT NULL
) ENGINE=InnoDB DEFAULT CHARSET=utf8mb4 COLLATE=utf8mb4_unicode_ci ROW_FORMAT=DYNAMIC;

--
-- Déchargement des données de la table `trend_categories`
--

INSERT INTO `trend_categories` (`id`, `category_id`, `icon`, `color`, `created_at`) VALUES
(1, 609, '/store/1/default_images/trend_categories_icons/briefcase.png', '#7367f0', 1605117336),
(2, 611, '/store/1/default_images/trend_categories_icons/bulb.png', '#ad82e0', 1605117336),
(3, 604, '/store/1/default_images/trend_categories_icons/family.png', '#ff7c59', 1605117336),
(4, 523, '/store/1/default_images/trend_categories_icons/muscle.png', '#28c76f', 1605117336),
(5, 602, '/store/1/default_images/trend_categories_icons/connection.png', '#ea5455', 1605117336),
(6, 520, '/store/1/default_images/trend_categories_icons/palette.png', '#45c0f9', 1605117336);

-- --------------------------------------------------------

--
-- Structure de la table `users`
--

CREATE TABLE `users` (
  `id` int UNSIGNED NOT NULL,
  `full_name` varchar(128) COLLATE utf8mb4_unicode_ci DEFAULT NULL,
  `role_name` varchar(64) COLLATE utf8mb4_unicode_ci NOT NULL,
  `role_id` int UNSIGNED NOT NULL,
  `organ_id` int DEFAULT NULL,
  `mobile` varchar(32) COLLATE utf8mb4_unicode_ci DEFAULT NULL,
  `email` varchar(255) COLLATE utf8mb4_unicode_ci DEFAULT NULL,
  `bio` varchar(128) COLLATE utf8mb4_unicode_ci DEFAULT NULL,
  `password` varchar(255) COLLATE utf8mb4_unicode_ci DEFAULT NULL,
  `google_id` varchar(255) COLLATE utf8mb4_unicode_ci DEFAULT NULL,
  `facebook_id` varchar(255) COLLATE utf8mb4_unicode_ci DEFAULT NULL,
  `remember_token` varchar(255) COLLATE utf8mb4_unicode_ci DEFAULT NULL,
  `verified` tinyint(1) NOT NULL DEFAULT '0',
  `financial_approval` tinyint(1) NOT NULL DEFAULT '0',
  `avatar` varchar(255) COLLATE utf8mb4_unicode_ci DEFAULT NULL,
  `avatar_settings` varchar(255) COLLATE utf8mb4_unicode_ci DEFAULT NULL,
  `cover_img` varchar(255) COLLATE utf8mb4_unicode_ci DEFAULT NULL,
  `headline` varchar(255) COLLATE utf8mb4_unicode_ci DEFAULT NULL,
  `about` text COLLATE utf8mb4_unicode_ci,
  `address` varchar(255) COLLATE utf8mb4_unicode_ci DEFAULT NULL,
  `country_id` int UNSIGNED DEFAULT NULL,
  `province_id` int UNSIGNED DEFAULT NULL,
  `city_id` int UNSIGNED DEFAULT NULL,
  `district_id` int UNSIGNED DEFAULT NULL,
  `location` point DEFAULT NULL,
  `level_of_training` bit(3) DEFAULT NULL,
  `meeting_type` enum('all','in_person','online') COLLATE utf8mb4_unicode_ci NOT NULL DEFAULT 'all',
  `status` enum('active','pending','inactive') COLLATE utf8mb4_unicode_ci NOT NULL DEFAULT 'active',
  `access_content` tinyint(1) NOT NULL DEFAULT '1',
  `language` varchar(255) COLLATE utf8mb4_unicode_ci DEFAULT NULL,
  `timezone` varchar(255) COLLATE utf8mb4_unicode_ci DEFAULT NULL,
  `newsletter` tinyint(1) NOT NULL DEFAULT '0',
  `public_message` tinyint(1) NOT NULL DEFAULT '0',
  `account_type` varchar(128) COLLATE utf8mb4_unicode_ci DEFAULT NULL,
  `iban` varchar(128) COLLATE utf8mb4_unicode_ci DEFAULT NULL,
  `account_id` varchar(128) COLLATE utf8mb4_unicode_ci DEFAULT NULL,
  `identity_scan` varchar(128) COLLATE utf8mb4_unicode_ci DEFAULT NULL,
  `certificate` varchar(128) COLLATE utf8mb4_unicode_ci DEFAULT NULL,
  `commission` int UNSIGNED DEFAULT NULL,
  `affiliate` tinyint(1) NOT NULL DEFAULT '1',
  `can_create_store` tinyint(1) NOT NULL DEFAULT '0' COMMENT 'Despite disabling the store feature in the settings, we can enable this feature for that user through the edit page of a user and turning on the store toggle.',
  `ban` tinyint(1) NOT NULL DEFAULT '0',
  `ban_start_at` int UNSIGNED DEFAULT NULL,
  `ban_end_at` int UNSIGNED DEFAULT NULL,
  `offline` tinyint(1) NOT NULL DEFAULT '0',
  `offline_message` text COLLATE utf8mb4_unicode_ci,
  `created_at` int NOT NULL,
  `guide_progress` json DEFAULT NULL,
  `updated_at` int DEFAULT NULL,
  `deleted_at` int DEFAULT NULL,
  `school_id` int UNSIGNED DEFAULT NULL,
  `section_id` int UNSIGNED DEFAULT NULL,
  `level_id` int UNSIGNED DEFAULT NULL,
  `option_id` int UNSIGNED DEFAULT NULL,
  `matier_id` int UNSIGNED DEFAULT NULL
) ENGINE=InnoDB DEFAULT CHARSET=utf8mb4 COLLATE=utf8mb4_unicode_ci ROW_FORMAT=DYNAMIC;

--
-- Déchargement des données de la table `users`
--

INSERT INTO `users` (`id`, `full_name`, `role_name`, `role_id`, `organ_id`, `mobile`, `email`, `bio`, `password`, `google_id`, `facebook_id`, `remember_token`, `verified`, `financial_approval`, `avatar`, `avatar_settings`, `cover_img`, `headline`, `about`, `address`, `country_id`, `province_id`, `city_id`, `district_id`, `location`, `level_of_training`, `meeting_type`, `status`, `access_content`, `language`, `timezone`, `newsletter`, `public_message`, `account_type`, `iban`, `account_id`, `identity_scan`, `certificate`, `commission`, `affiliate`, `can_create_store`, `ban`, `ban_start_at`, `ban_end_at`, `offline`, `offline_message`, `created_at`, `guide_progress`, `updated_at`, `deleted_at`, `school_id`, `section_id`, `level_id`, `option_id`, `matier_id`) VALUES
(1, 'Admin', 'admin', 2, NULL, '00000000', 'admin@demo.com', 'Senior software developer', '$2y$10$IY.6U62E4dfXvllLLrGaGeqYd1dJlgGAlGGzak/T5Kb/yFFBfmpsy', NULL, NULL, 'zX5D8rI8jOt1otmYiVYwG6h8KHRroCMUb7AqYyBrXEjXStbx6WOn0wIvtbIV', 1, 0, '/store/1/default_images/logo-new.jpg', NULL, NULL, NULL, NULL, NULL, NULL, NULL, NULL, NULL, NULL, NULL, 'all', 'active', 1, 'EN', 'America/New_York', 0, 0, NULL, NULL, NULL, NULL, NULL, NULL, 1, 0, 0, NULL, NULL, 0, NULL, 1597826952, NULL, 1597826952, NULL, 15, 15, 4, 2, NULL),
(1207, 'مدرسة 1', 'School', 9, NULL, NULL, 'School@gmail.com', NULL, '$2y$10$nSUg1Z2rltHGecudC6dEEeRoqfIhlHi8WaAFFQs57oyFtpkvvQufW', NULL, NULL, 'CWvuNnFA6PbMh6SkXucxMFVgT9m0stIYnL8vo8Y04rAtDfWyWfpTVlomMwSe', 1, 0, NULL, '{\"color\":\"000000\",\"background\":\"8d6e63\"}', NULL, NULL, NULL, NULL, NULL, NULL, NULL, NULL, NULL, NULL, 'all', 'active', 1, NULL, NULL, 0, 0, NULL, NULL, NULL, NULL, NULL, NULL, 0, 0, 0, NULL, NULL, 0, NULL, 1718730722, NULL, NULL, NULL, NULL, NULL, NULL, NULL, NULL),
(1258, 'aymen', 'organization', 3, NULL, '24694504', NULL, NULL, '$2y$10$mdN70DgUXLICq9kP63fsBOYKs1X/vNpTaVd69.UDt4G.LLsBoWYJS', NULL, NULL, NULL, 1, 0, NULL, '{\"color\":\"000000\",\"background\":\"ff3d00\"}', NULL, NULL, NULL, NULL, NULL, NULL, NULL, NULL, NULL, NULL, 'all', 'active', 1, NULL, NULL, 0, 0, NULL, NULL, NULL, NULL, NULL, NULL, 0, 0, 0, NULL, NULL, 0, NULL, 1719566353, NULL, NULL, NULL, NULL, NULL, NULL, NULL, NULL),
(1267, 'kayati maryem', 'organization', 3, NULL, '21476543', NULL, NULL, '$2y$10$jE4aMGVQfl.3lOESaSs0vuFSDU6wczjR9BB3bMk1qisSAAY48nqjO', NULL, NULL, NULL, 1, 0, NULL, '{\"color\":\"000000\",\"background\":\"00e5ff\"}', NULL, NULL, NULL, NULL, NULL, NULL, NULL, NULL, NULL, NULL, 'all', 'active', 1, NULL, NULL, 0, 0, NULL, NULL, NULL, NULL, NULL, NULL, 0, 0, 0, NULL, NULL, 0, NULL, 1719911479, NULL, NULL, NULL, NULL, NULL, NULL, NULL, NULL),
(1297, 'school 2', 'School', 9, NULL, '4324665433', 'School2@gmail.com', NULL, '$2y$10$KgEP/pCp/ZTORh6AnKtjWuUdMdmjZJv1JKnRPhDSAbYVDWQLTIrzu', NULL, NULL, NULL, 1, 0, NULL, '{\"color\":\"FFFFFF\",\"background\":\"0277bd\"}', NULL, NULL, NULL, NULL, NULL, NULL, NULL, NULL, NULL, NULL, 'all', 'active', 1, NULL, NULL, 0, 0, NULL, NULL, NULL, NULL, NULL, NULL, 0, 0, 0, NULL, NULL, 0, NULL, 1720087669, NULL, NULL, NULL, NULL, NULL, NULL, NULL, NULL),
(1316, 'تونس زهرة رحومة', 'teacher', 4, NULL, '29333416', 'rhoumayassine@outlook.com', 'معلمة تطبيق أولى متقاعدة', '$2y$10$hZSuh3GN06aFAqKKAuqqX.vEMenSETp2KCcFPJYQHavdl4EOP70jq', NULL, NULL, 'xAUO7ksjaAIxXERAIqNWjFglQLYnJ9RJXR6NzK7XFNEnaWuJoFVeC2qcuYPw', 0, 0, '/store/1316/avatar/67220da62021b.png', '{\"color\":\"FFFFFF\",\"background\":\"B71C1C\"}', NULL, NULL, 'تونس زهرة رحومة معلمة تطبيق أولى متقاعدة متحصلة على شهادة ختم الدروس الثانوية الترشيحية.درست كل مستويات التعليم الابتدائي من عربية و فرنسية و علوم خلال 36 سنة و درست ايضا بالتعليم الخاص 5 سنوات و بفضل الله مازلت ولا زلت شغوفة بالقسم و التلاميذ و التعليم', '', NULL, NULL, NULL, NULL, NULL, NULL, 'all', 'active', 1, 'AR', NULL, 0, 0, '', '123456789', '', '', '', NULL, 1, 0, 0, NULL, NULL, 0, NULL, 1724400748, NULL, NULL, NULL, NULL, NULL, NULL, NULL, 7),
(1318, 'نسرين خواجة', 'teacher', 4, NULL, '27681168', 'nesrinekhouaja77@gmail.com', NULL, '$2y$10$IQ8axoNUukiT1OQY4v.4JOE8/N7hhgCxFjn4JPzfPRu2kPNqqXFGm', NULL, NULL, 'zCrWUkzjYqyp5HEa0B4MyrcNQMWyei1hgfiYNWuz65Nr6RFgzgiUwd8NvoOi', 0, 0, '/store/1318/avatar/67220d82b2ae1.png', '{\"color\":\"000000\",\"background\":\"ffca28\"}', NULL, NULL, NULL, NULL, NULL, NULL, NULL, NULL, NULL, NULL, 'all', 'active', 1, 'AR', NULL, 1, 1, NULL, NULL, NULL, NULL, NULL, NULL, 1, 0, 0, NULL, NULL, 0, NULL, 1724424508, NULL, NULL, NULL, NULL, NULL, NULL, NULL, 7),
(1319, 'عبد الكريم بن عبد الله', 'organization', 3, NULL, '52948546', NULL, NULL, '$2y$10$6RQvkgcXoEcjPh0c.x6XkeRcix9IBYHRNz9oABCkJ9D1ZAwPkEOwW', NULL, NULL, NULL, 0, 0, NULL, '{\"color\":\"000000\",\"background\":\"ffd600\"}', NULL, NULL, NULL, NULL, NULL, NULL, NULL, NULL, NULL, NULL, 'all', 'active', 1, NULL, 'Africa/Tunis', 0, 0, NULL, NULL, NULL, NULL, NULL, NULL, 0, 0, 0, NULL, NULL, 0, NULL, 1724500937, NULL, NULL, NULL, NULL, NULL, NULL, NULL, NULL),
(1342, 'eya boukattaya', 'organization', 3, NULL, '56130875', NULL, NULL, '$2y$10$wi5pwL1ZYjsdjvaPzG59WufgVfROOoix7l36lXD4V/vukRL6dFi3K', NULL, NULL, NULL, 0, 0, NULL, '{\"color\":\"FFFFFF\",\"background\":\"388e3c\"}', NULL, NULL, NULL, NULL, NULL, NULL, NULL, NULL, NULL, NULL, 'all', 'active', 1, NULL, 'Africa/Tunis', 0, 0, NULL, NULL, NULL, NULL, NULL, NULL, 0, 0, 0, NULL, NULL, 0, NULL, 1724948774, NULL, NULL, NULL, NULL, NULL, NULL, NULL, NULL),
(1343, 'Oumayna kaissi', 'organization', 3, NULL, '24412639', NULL, NULL, '$2y$10$zhcYivI6RNUbA.us3PjPceNwlDBSq1/N.dotQhdBA4btHle.g5N72', NULL, NULL, '8h5ITvUnJV0wqtJmKzAM3yOcab8UfYZoEL7GbatGRypcuNBTHbNAPI4qStbt', 0, 0, NULL, '{\"color\":\"000000\",\"background\":\"80deea\"}', NULL, NULL, NULL, NULL, NULL, NULL, NULL, NULL, NULL, NULL, 'all', 'active', 1, NULL, 'Africa/Tunis', 0, 0, NULL, NULL, NULL, NULL, NULL, NULL, 0, 0, 0, NULL, NULL, 0, NULL, 1725030925, NULL, NULL, NULL, NULL, NULL, NULL, NULL, NULL),
(1344, 'Molka BOUZEIDA', 'organization', 3, NULL, '53160587', NULL, NULL, '$2y$10$xMg59F5jAWlJdRYswJfPdeeVvzngOlZRaTyqpS/rO0BIplXSJv9Y.', NULL, NULL, NULL, 0, 0, NULL, '{\"color\":\"FFFFFF\",\"background\":\"4527a0\"}', NULL, NULL, NULL, NULL, NULL, NULL, NULL, NULL, NULL, NULL, 'all', 'active', 1, NULL, 'Africa/Tunis', 0, 0, NULL, NULL, NULL, NULL, NULL, NULL, 0, 0, 0, NULL, NULL, 0, NULL, 1725096495, NULL, NULL, NULL, NULL, NULL, NULL, NULL, NULL),
(1346, 'عصام سحاري', 'organization', 3, NULL, '26123475', NULL, NULL, '$2y$10$e9tx5YRFOMt3Ww6dwaX5feuL9V5aA5lecDRR1LgD39xM8dILQB/KS', NULL, NULL, NULL, 0, 0, NULL, '{\"color\":\"000000\",\"background\":\"00bcd4\"}', NULL, NULL, NULL, NULL, NULL, NULL, NULL, NULL, NULL, NULL, 'all', 'active', 1, NULL, 'Africa/Tunis', 0, 0, NULL, NULL, NULL, NULL, NULL, NULL, 0, 0, 0, NULL, NULL, 0, NULL, 1725269340, NULL, NULL, NULL, NULL, NULL, NULL, NULL, NULL),
(1353, 'Balkis Belgacem', 'teacher', 4, NULL, '92561193', 'balkisbelgacem5@gmail.com', NULL, '$2y$10$nIpdjp54HClekD/I3eOTe.In3rgDm3W57Iu2L4Atz0vLBnl8VYttS', NULL, NULL, 'HlnQ4tfsSnoGXufzUEBmf6HHl9eHVctdtcSvVDWwiOreiXaZjViNqn1ow2bU', 0, 0, NULL, '{\"color\":\"000000\",\"background\":\"b9f6ca\"}', NULL, NULL, NULL, NULL, NULL, NULL, NULL, NULL, NULL, NULL, 'all', 'active', 1, NULL, 'Africa/Tunis', 0, 0, NULL, NULL, NULL, NULL, NULL, NULL, 1, 0, 0, NULL, NULL, 0, NULL, 1725356842, NULL, NULL, NULL, NULL, NULL, NULL, NULL, 7),
(1365, 'sarrazghal', 'organization', 3, NULL, '23244732', NULL, NULL, '$2y$10$x3DHhA3.kCQ6ntwFcKS0YuoudAuwYzEYBRbMq.7Y6PimRvzZoIlKq', NULL, NULL, NULL, 0, 0, NULL, '{\"color\":\"000000\",\"background\":\"b2ebf2\"}', NULL, NULL, NULL, NULL, NULL, NULL, NULL, NULL, NULL, NULL, 'all', 'active', 1, NULL, 'Africa/Tunis', 0, 0, NULL, NULL, NULL, NULL, NULL, NULL, 0, 0, 0, NULL, NULL, 0, NULL, 1725528882, NULL, NULL, NULL, NULL, NULL, NULL, NULL, NULL),
(1367, 'Tarek briki', 'teacher', 4, NULL, '28893045', 'briki.tarek80@gmail.com', NULL, '$2y$10$RnVTofCGV6rPUkx4frwKtuA.OQx2AD7FFcLZJFgQI3PHj.uIHI5.e', NULL, NULL, '3c4Hwr0pZz5VpJIt410U4aN5GFB1L1Gi0hTfUVLtQYvGjYbMy4HBlnYuaAki', 0, 0, NULL, '{\"color\":\"FFFFFF\",\"background\":\"ff6f00\"}', NULL, NULL, NULL, NULL, NULL, NULL, NULL, NULL, NULL, NULL, 'all', 'active', 1, NULL, 'Africa/Tunis', 0, 0, NULL, NULL, NULL, NULL, NULL, NULL, 1, 0, 0, NULL, NULL, 0, NULL, 1725558743, NULL, NULL, NULL, NULL, NULL, NULL, NULL, 7),
(1369, 'Sabrine salem', 'teacher', 4, NULL, '58649305', 'sabrinesalem827@gmail.com', NULL, '$2y$10$3VI1rUyAh1WflHzgh6bAu.gYMdtK.KMHExv3a4zrPJXAo6e9tYYr2', NULL, NULL, 'dgEuBGOafIOB2vLc1dRMOBT06fKnPP9EBPiizd2TACLPUXVepbZHK5OGfVk8', 0, 0, NULL, '{\"color\":\"000000\",\"background\":\"64dd17\"}', NULL, NULL, NULL, NULL, NULL, NULL, NULL, NULL, NULL, NULL, 'all', 'active', 1, NULL, 'Africa/Tunis', 0, 0, NULL, NULL, NULL, NULL, NULL, NULL, 1, 0, 0, NULL, NULL, 0, NULL, 1725702260, NULL, NULL, NULL, NULL, NULL, NULL, NULL, 7),
(1370, 'Youssef boukattaya', 'organization', 3, NULL, '20262885', NULL, NULL, '$2y$10$yXi8td1O6Ad0b.wGFjzEFuU9ZNd2X275yt7tg6hgVOZqw/F8mNzW.', NULL, NULL, NULL, 0, 0, NULL, '{\"color\":\"FFFFFF\",\"background\":\"283593\"}', NULL, NULL, NULL, NULL, NULL, NULL, NULL, NULL, NULL, NULL, 'all', 'active', 1, NULL, 'Africa/Tunis', 0, 0, NULL, NULL, NULL, NULL, NULL, NULL, 0, 0, 0, NULL, NULL, 0, NULL, 1725736685, NULL, NULL, NULL, NULL, NULL, NULL, NULL, NULL),
(1371, 'ايمان ابراهم', 'organization', 3, NULL, '28124136', NULL, NULL, '$2y$10$0oCOpwNIfuRNMteWU7G2aO7rXgTHSfRo0jwX9XYq/9SsOVAGvsMiq', NULL, NULL, NULL, 0, 0, NULL, '{\"color\":\"000000\",\"background\":\"80cbc4\"}', NULL, NULL, NULL, NULL, NULL, NULL, NULL, NULL, NULL, NULL, 'all', 'active', 1, NULL, 'Africa/Tunis', 0, 0, NULL, NULL, NULL, NULL, NULL, NULL, 0, 0, 0, NULL, NULL, 0, NULL, 1725942661, NULL, NULL, NULL, NULL, NULL, NULL, NULL, NULL),
(1373, 'فاطمة طواهرية', 'organization', 3, NULL, '96646111', NULL, NULL, '$2y$10$LkRx8N.s82BSMYde6COBueK.9dX2OyOE0xMVvU9mLLrhjthgsp2SO', NULL, NULL, 'HJY32p4zu8kdfsTfYhqY7Sn33NWVh2XxFCXXmRLFlNXEHOM4YrMbQch58UMQ', 0, 0, NULL, '{\"color\":\"000000\",\"background\":\"9e9e9e\"}', NULL, NULL, NULL, NULL, NULL, NULL, NULL, NULL, NULL, NULL, 'all', 'active', 1, NULL, 'Africa/Tunis', 0, 0, NULL, NULL, NULL, NULL, NULL, NULL, 0, 0, 0, NULL, NULL, 0, NULL, 1725944341, NULL, NULL, NULL, NULL, NULL, NULL, NULL, NULL),
(1376, 'الحامي حنان', 'organization', 3, NULL, '29234483', NULL, NULL, '$2y$10$naEkRgmKtcFUQRAec7tqAuX0s.3GYZ01GbawS.lweGPFaqiljNEJu', NULL, NULL, NULL, 0, 0, NULL, '{\"color\":\"000000\",\"background\":\"aeea00\"}', NULL, NULL, NULL, NULL, NULL, NULL, NULL, NULL, NULL, NULL, 'all', 'active', 1, NULL, 'Africa/Tunis', 0, 0, NULL, NULL, NULL, NULL, NULL, NULL, 0, 0, 0, NULL, NULL, 0, NULL, 1725948299, NULL, NULL, NULL, NULL, NULL, NULL, NULL, NULL),
(1379, 'Ahlem Debbech', 'organization', 3, NULL, '54900280', NULL, NULL, '$2y$10$ze1SCyiuC0gypuqpiYfenuTsDXocqXfOkrLZher6Vo5tOXiNJov8C', NULL, NULL, NULL, 0, 0, NULL, '{\"color\":\"000000\",\"background\":\"81d4fa\"}', NULL, NULL, NULL, NULL, NULL, NULL, NULL, NULL, NULL, NULL, 'all', 'active', 1, NULL, 'Africa/Tunis', 0, 0, NULL, NULL, NULL, NULL, NULL, NULL, 0, 0, 0, NULL, NULL, 0, NULL, 1725955155, NULL, NULL, NULL, NULL, NULL, NULL, NULL, NULL),
(1381, 'azaiez wissal', 'organization', 3, NULL, '53452771', NULL, NULL, '$2y$10$BdLjCz4xVvIKC.5n5aEyBeHpJCBrKz7l7KeCuV3eLu9E.OPKAevOC', NULL, NULL, NULL, 0, 0, NULL, '{\"color\":\"000000\",\"background\":\"b2ebf2\"}', NULL, NULL, NULL, NULL, NULL, NULL, NULL, NULL, NULL, NULL, 'all', 'active', 1, NULL, 'Africa/Tunis', 0, 0, NULL, NULL, NULL, NULL, NULL, NULL, 0, 0, 0, NULL, NULL, 0, NULL, 1725968293, NULL, NULL, NULL, NULL, NULL, NULL, NULL, NULL),
(1383, 'غانم شريطي', 'organization', 3, NULL, '29008779', NULL, NULL, '$2y$10$Dyml9J0AA2akWvZHVVVVf.y4dMLlGSaaWlhWMEoFlrshein4FqkWy', NULL, NULL, 'g5gcGnWDSlG1HyT46CcML8sAfzRndiLKg4KwI2zsyHVEo34bbao559v7MMut', 0, 0, NULL, '{\"color\":\"000000\",\"background\":\"e1bee7\"}', NULL, NULL, NULL, NULL, NULL, NULL, NULL, NULL, NULL, NULL, 'all', 'active', 1, NULL, 'Africa/Tunis', 0, 0, NULL, NULL, NULL, NULL, NULL, NULL, 0, 0, 0, NULL, NULL, 0, NULL, 1725974951, NULL, NULL, NULL, NULL, NULL, NULL, NULL, NULL),
(1394, 'ليلى عجرود', 'teacher', 4, NULL, '28667394', 'lailaajroud954@gmail.com', NULL, '$2y$10$4M3HV6vxKMGu9mIDeyBQqOt42HEhuicKUKoVDEnSxA2NYh2GNV.7y', NULL, NULL, 'M0Ut2H4qMHeI6e9kkFJApVhoj14C7VQ0aXshcgmaNbRpttRYujp6BjmnH3db', 0, 0, NULL, '{\"color\":\"000000\",\"background\":\"4caf50\"}', NULL, NULL, NULL, NULL, NULL, NULL, NULL, NULL, NULL, NULL, 'all', 'active', 1, 'AR', 'Africa/Tunis', 0, 0, NULL, NULL, NULL, NULL, NULL, NULL, 1, 0, 0, NULL, NULL, 0, NULL, 1726402612, NULL, NULL, NULL, NULL, NULL, NULL, NULL, 7),
(1396, 'سلوى بن علي قداشي', 'teacher', 4, NULL, '27995002', 'ayoub.kaddachi@polytechnicien.tn', NULL, '$2y$10$pACsTCpjbFXlPNG96zzsBe.nLZ0JRuvV8ykVb8Krmc6CyrX3.zHvq', NULL, NULL, '2V1VC2fwi1Mksj5PDW0WOUIuZHXI3An9gu6V4yl37pCSxCDAxOKFn4ykRjgJ', 0, 0, '/store/1396/avatar/67221e164e1cc.png', '{\"color\":\"000000\",\"background\":\"FF4081\"}', NULL, NULL, NULL, NULL, NULL, NULL, NULL, NULL, NULL, NULL, 'all', 'active', 1, 'AR', NULL, 0, 0, NULL, NULL, NULL, NULL, NULL, NULL, 1, 0, 0, NULL, NULL, 0, NULL, 1726506951, NULL, NULL, NULL, NULL, NULL, NULL, NULL, 7),
(1398, 'ولاء جلالي', 'organization', 3, NULL, '92863940', NULL, NULL, '$2y$10$2NtbsUKD.4oTeV6ic/ntEO3IC.K4dt/sXf5mszsh3cQm.Gy5.qfpy', NULL, NULL, NULL, 0, 0, NULL, '{\"color\":\"000000\",\"background\":\"80cbc4\"}', NULL, NULL, NULL, NULL, NULL, NULL, NULL, NULL, NULL, NULL, 'all', 'active', 1, NULL, 'Africa/Tunis', 0, 0, NULL, NULL, NULL, NULL, NULL, NULL, 0, 0, 0, NULL, NULL, 0, NULL, 1726673472, NULL, NULL, NULL, NULL, NULL, NULL, NULL, NULL),
(1406, 'Aymen hadja', 'organization', 3, NULL, '21571851', NULL, NULL, '$2y$10$i9GXYsoenHONIiRBzMOnxO39vDb/Uqzhl0C5MFdJNKs32Dj1N/4tm', NULL, NULL, 'VeP11p1SOZhexxXqOeKJtNm0KnxttpJn6lIhP7QRn4Z9qoZpDK1LSSe4IOpl', 0, 0, NULL, '{\"color\":\"000000\",\"background\":\"ffd740\"}', NULL, NULL, NULL, NULL, NULL, NULL, NULL, NULL, NULL, NULL, 'all', 'active', 1, NULL, 'Africa/Tunis', 0, 0, NULL, NULL, NULL, NULL, NULL, NULL, 0, 0, 0, NULL, NULL, 0, NULL, 1726861713, NULL, NULL, NULL, NULL, NULL, NULL, NULL, NULL),
(1411, 'الأستاذ بسّام', 'teacher', 4, NULL, '96557645', 'bassem1988@live.com', NULL, '$2y$10$QNNDCOIjUGCHenikEOYra.VjRiu.i1dTCDMskxl.HCOE1no1Agaa.', NULL, NULL, 'MrNwsTwVdlE2LZyy8qTLsKpQB5sq0vKvzBezxiFVAYHhX9PLsBIAimBZ7MbQ', 0, 0, '/store/1411/avatar/67221d24e8f7a.png', '{\"color\":\"000000\",\"background\":\"a7ffeb\"}', NULL, NULL, NULL, NULL, NULL, NULL, NULL, NULL, NULL, NULL, 'all', 'active', 1, 'AR', 'Africa/Tunis', 0, 0, NULL, NULL, NULL, NULL, NULL, NULL, 1, 0, 0, NULL, NULL, 0, NULL, 1726862778, NULL, NULL, NULL, NULL, NULL, NULL, NULL, 7),
(1421, 'Rayen mehrez', 'organization', 3, NULL, '92183047', NULL, NULL, '$2y$10$t3AAjduMKcIG8v8uBLL7xOnO.K3ZYi7xwBKd7QGDwXB6q8cOHnEvy', NULL, NULL, NULL, 0, 0, NULL, '{\"color\":\"000000\",\"background\":\"26a69a\"}', NULL, NULL, NULL, NULL, NULL, NULL, NULL, NULL, NULL, NULL, 'all', 'active', 1, NULL, 'Africa/Tunis', 0, 0, NULL, NULL, NULL, NULL, NULL, NULL, 0, 0, 0, NULL, NULL, 0, NULL, 1727176566, NULL, NULL, NULL, NULL, NULL, NULL, NULL, NULL),
(1426, 'Amira mned', 'teacher', 4, NULL, '56802574', 'mned.amira@gmail.com', 'أستاذة تعليم إبتدائي', '$2y$10$Lp0XOUIixJDr/0fgVn3jXe4z4gjWEK8rhsjZOVekcXlAY2D.dQPjO', NULL, NULL, 'cUHqbc3Y2KTLZGcnV3wygLDPM2S8V3ovyRGhcXSm6U2CGoEIv3nxP1XU0gm9', 0, 0, '/store/1426/avatar/67221d5c4c4b1.png', '{\"color\":\"000000\",\"background\":\"ab47bc\"}', NULL, NULL, 'أستاذة تعليم إبتدائي، 13 سنة خبرة في هذا الميدان، درّست جميع المستويات. \r\nعلى منصّة Abajim، اخترت أن أرافق تلاميذ السنوات الخامسة في مجال العلوم في مادتي الرّياضيات و الإيقاظ العلمي.\r\nمن خلال المنصّة وظّفت خبرتي في تقديم دروس سلسة و بطريقة ممتعة تجعل التّلميذ يواصل متابعة الدّروس و إن شاء اللّه تحصل الإفادة المرجوة. تابعوني.', NULL, NULL, NULL, NULL, NULL, NULL, NULL, 'all', 'active', 1, NULL, 'Africa/Tunis', 0, 0, NULL, NULL, NULL, NULL, NULL, NULL, 1, 0, 0, NULL, NULL, 0, NULL, 1727177589, NULL, NULL, NULL, NULL, NULL, NULL, NULL, 7),
(1428, 'lamged', 'organization', 3, NULL, '52609101', NULL, NULL, '$2y$10$aHPHnkJjq/qTkocfZhG8s.T0qYti/Q553kfhZBysc.Mn0dBDz0a4K', NULL, NULL, NULL, 0, 0, NULL, '{\"color\":\"000000\",\"background\":\"F48FB1\"}', NULL, NULL, NULL, NULL, NULL, NULL, NULL, NULL, NULL, NULL, 'all', 'active', 1, NULL, 'Africa/Tunis', 0, 0, NULL, NULL, NULL, NULL, NULL, NULL, 0, 0, 0, NULL, NULL, 0, NULL, 1727281974, NULL, NULL, NULL, NULL, NULL, NULL, NULL, NULL),
(1508, 'Oumayma Jouini', 'organization', 3, NULL, '92408764', NULL, NULL, '$2y$10$6PPROe0v6oSh0sqxKYhxouI7cBpWvX4m940xInCwNb/O0ufqCSlJ6', NULL, NULL, 'ubXyvZo4ru8hWOYUNTtYnvyUUKh4okTMpVS6TMWH3ZKtvQiAeOzRxCpZogol', 0, 0, '/store/1508/avatar/66fc60c774001.png', '{\"color\":\"FFFFFF\",\"background\":\"1976d2\"}', NULL, NULL, NULL, NULL, NULL, NULL, NULL, NULL, NULL, NULL, 'all', 'active', 1, 'AR', 'Africa/Tunis', 0, 0, NULL, NULL, NULL, NULL, NULL, NULL, 0, 0, 0, NULL, NULL, 0, NULL, 1727815074, '\"{\\\"dashboard\\\":[\\\"step1_child_completed\\\",\\\"step2_child_completed\\\"],\\\"manuel\\\":[\\\"step1_child_manuel_completed\\\",\\\"step2_child_manuel_completed\\\"]}\"', NULL, NULL, NULL, NULL, NULL, NULL, NULL),
(1509, 'Oumayma', 'enfant', 8, 1508, NULL, NULL, NULL, '$2y$10$unKFEZsTAte6NhI43OoDO.pjPlnQqrbIrqKtnWPajvZWlaMDa4.5.', NULL, NULL, NULL, 1, 0, '/girl2.jpeg', NULL, NULL, NULL, NULL, NULL, NULL, NULL, NULL, NULL, NULL, NULL, 'all', 'active', 1, 'AR', NULL, 0, 0, NULL, NULL, NULL, NULL, NULL, NULL, 1, 0, 0, NULL, NULL, 0, NULL, 1727815121, NULL, NULL, NULL, NULL, 4, 9, NULL, NULL),
(1510, 'ahla', 'enfant', 8, 1508, NULL, NULL, NULL, '$2y$10$K5f9MEZcykdILWVF/fU1SeXfibNcGJzQkPer0ZJcNzCdb0Ff5zqhu', NULL, NULL, NULL, 1, 0, '/girl1.jpeg', NULL, NULL, NULL, NULL, NULL, NULL, NULL, NULL, NULL, NULL, NULL, 'all', 'active', 1, 'AR', NULL, 0, 0, NULL, NULL, NULL, NULL, NULL, NULL, 1, 0, 0, NULL, NULL, 0, NULL, 1727815497, NULL, NULL, NULL, NULL, 2, 7, NULL, NULL),
(1511, 'oussema', 'enfant', 8, 1508, NULL, NULL, NULL, '$2y$10$mS9LWywwxwzPPpfpyX5rQeWAr9cgE8QfU584L4YSSYPkw8oY8sakm', NULL, NULL, NULL, 1, 0, '/boy1.jpeg', NULL, NULL, NULL, NULL, NULL, NULL, NULL, NULL, NULL, NULL, NULL, 'all', 'active', 1, 'AR', NULL, 0, 0, NULL, NULL, NULL, NULL, NULL, NULL, 1, 0, 0, NULL, NULL, 0, NULL, 1727815521, NULL, NULL, NULL, NULL, 6, 11, NULL, NULL),
(1512, 'asma', 'enfant', 8, 1508, NULL, NULL, NULL, '$2y$10$7OVITTYSzql4HV2ongI1suy2eU61mMzFRYX97lLerIYZJZJRYRS8i', NULL, NULL, NULL, 1, 0, '/store/1512/avatar/66fc60f5677f9.png', NULL, NULL, NULL, NULL, NULL, NULL, NULL, NULL, NULL, NULL, NULL, 'all', 'active', 1, 'AR', NULL, 0, 0, NULL, NULL, NULL, NULL, NULL, NULL, 1, 0, 0, NULL, NULL, 0, NULL, 1727815546, NULL, NULL, NULL, NULL, 3, 8, NULL, NULL),
(1514, 'khalil', 'organization', 3, NULL, '98773959', NULL, NULL, '$2y$10$iMA//blaXLjxbVjhH1Gh/OSOwej5qS.5T4K3/h0TDk2RCx0X0OsWm', NULL, NULL, NULL, 0, 0, NULL, '{\"color\":\"000000\",\"background\":\"ffea00\"}', NULL, NULL, NULL, NULL, NULL, NULL, NULL, NULL, NULL, NULL, 'all', 'active', 1, NULL, 'Africa/Tunis', 0, 0, NULL, NULL, NULL, NULL, NULL, NULL, 0, 0, 0, NULL, NULL, 0, NULL, 1727829584, NULL, NULL, NULL, NULL, NULL, NULL, NULL, NULL),
(1515, 'enfant', 'enfant', 8, 1514, NULL, NULL, NULL, '$2y$10$SXCaDSxD4VuV/UNP8J01R.IPRW2WfuoZjy5iqOENuwNdch5k/WICq', NULL, NULL, NULL, 1, 0, '/f14.png', NULL, NULL, NULL, NULL, NULL, NULL, NULL, NULL, NULL, NULL, NULL, 'all', 'active', 1, 'AR', NULL, 0, 0, NULL, NULL, NULL, NULL, NULL, NULL, 1, 0, 0, NULL, NULL, 0, NULL, 1727829609, NULL, NULL, NULL, NULL, 3, 8, NULL, NULL),
(1516, 'molka', 'enfant', 8, 1514, NULL, NULL, NULL, '$2y$10$nJAmbwSyPa/yDbAUpvtQTeJgdSloFJI4l/EC5p12KHbRaXo0AbgEi', NULL, NULL, NULL, 1, 0, '/girl4.jpeg', NULL, NULL, NULL, NULL, NULL, NULL, NULL, NULL, NULL, NULL, NULL, 'all', 'active', 1, 'AR', NULL, 0, 0, NULL, NULL, NULL, NULL, NULL, NULL, 1, 0, 0, NULL, NULL, 0, NULL, 1727829620, NULL, NULL, NULL, NULL, 5, 10, NULL, NULL),
(1517, 'Mahmoud', 'enfant', 8, 1514, NULL, NULL, NULL, '$2y$10$nfXbZ/JMtQ4ug3EUWeKm8eNoVKyMvHpK1aUSXbcAbZziP1Pgjql6W', NULL, NULL, NULL, 1, 0, '/f16.png', NULL, NULL, NULL, NULL, NULL, NULL, NULL, NULL, NULL, NULL, NULL, 'all', 'active', 1, 'AR', NULL, 0, 0, NULL, NULL, NULL, NULL, NULL, NULL, 1, 0, 0, NULL, NULL, 0, NULL, 1727829630, NULL, NULL, NULL, NULL, 4, 9, NULL, NULL),
(1518, 'saif', 'enfant', 8, 1514, NULL, NULL, NULL, '$2y$10$WHhG2f3BahSAFALEaAfMBeE4TqhSULlajiv5uGpSULhX0CSgd3/Jy', NULL, NULL, NULL, 1, 0, '/girl1.jpeg', NULL, NULL, NULL, NULL, NULL, NULL, NULL, NULL, NULL, NULL, NULL, 'all', 'active', 1, 'AR', NULL, 0, 0, NULL, NULL, NULL, NULL, NULL, NULL, 1, 0, 0, NULL, NULL, 0, NULL, 1727829641, NULL, NULL, NULL, NULL, 2, 7, NULL, NULL),
(1520, 'molka', 'enfant', 8, 1406, NULL, NULL, NULL, '$2y$10$94Ql3Bkc.qZwwBh5frewBuP.e92rT3ayIweUR0Mg7TfKfG95L.qXO', NULL, NULL, NULL, 1, 0, '/boy2.jpeg', NULL, NULL, NULL, NULL, NULL, NULL, NULL, NULL, NULL, NULL, NULL, 'all', 'active', 1, 'AR', NULL, 0, 0, NULL, NULL, NULL, NULL, NULL, NULL, 1, 0, 0, NULL, NULL, 0, NULL, 1727959482, NULL, NULL, NULL, NULL, 2, 7, NULL, NULL),
(1522, 'nessrine', 'enfant', 8, 1521, NULL, NULL, NULL, '$2y$10$.tfOGtp77u5NVJHL7HluU.y/ZWOHRbhLODxY5sS8pLJMgz0dpeVeC', NULL, NULL, NULL, 1, 0, '/girl2.jpeg', NULL, NULL, NULL, NULL, NULL, NULL, NULL, NULL, NULL, NULL, NULL, 'all', 'active', 1, 'AR', NULL, 0, 0, NULL, NULL, NULL, NULL, NULL, NULL, 1, 0, 0, NULL, NULL, 0, NULL, 1727960871, NULL, NULL, NULL, NULL, 2, 7, NULL, NULL),
(1525, 'Maroua', 'organization', 3, NULL, '29967357', NULL, NULL, '$2y$10$DZyN1.il3KJhQuPL/2QQxOKyK3PVNE8QsOowo3gDqSdixR5LLW5MS', NULL, NULL, 'tFIcNlcjVbNDEzuMSNZvfRaoAvGMMtDDIUv4MML2meG046Tv9Dc6EcMGc0bo', 0, 0, NULL, '{\"color\":\"FFFFFF\",\"background\":\"d84315\"}', NULL, NULL, NULL, NULL, NULL, NULL, NULL, NULL, NULL, NULL, 'all', 'active', 1, NULL, 'Africa/Tunis', 0, 0, NULL, NULL, NULL, NULL, NULL, NULL, 0, 0, 0, NULL, NULL, 0, NULL, 1727971420, NULL, NULL, NULL, NULL, NULL, NULL, NULL, NULL),
(1526, 'Aya', 'enfant', 8, 1525, NULL, NULL, NULL, '$2y$10$qIMhmXfJA9s.FXTddQfmlOwX4DV.hA.VoEvpK0XxJ5bmyGHjOxj1i', NULL, NULL, NULL, 1, 0, '/girl3.jpeg', NULL, NULL, NULL, NULL, NULL, NULL, NULL, NULL, NULL, NULL, NULL, 'all', 'active', 1, 'AR', NULL, 0, 0, NULL, NULL, NULL, NULL, NULL, NULL, 1, 0, 0, NULL, NULL, 0, NULL, 1727971454, NULL, NULL, NULL, NULL, 1, 6, NULL, NULL),
(1527, 'Eya', 'enfant', 8, 1525, NULL, NULL, NULL, '$2y$10$/4CSLlmFTAu1Jk00QdsH9e/jho10ag4KtvQ3OKTFKU9fl79jENY.6', NULL, NULL, NULL, 1, 0, '/girl2.jpeg', NULL, NULL, NULL, NULL, NULL, NULL, NULL, NULL, NULL, NULL, NULL, 'all', 'active', 1, 'AR', NULL, 0, 0, NULL, NULL, NULL, NULL, NULL, NULL, 1, 0, 0, NULL, NULL, 0, NULL, 1727971471, NULL, NULL, NULL, NULL, 1, 6, NULL, NULL),
(1528, 'Mehdi', 'enfant', 8, 1525, NULL, NULL, NULL, '$2y$10$IDHN2Pkj4l/RbwqD7X.QP./nNvdrq3XRZu/maVbzVf1Ig3nWK4we2', NULL, NULL, NULL, 1, 0, '/f16.png', NULL, NULL, NULL, NULL, NULL, NULL, NULL, NULL, NULL, NULL, NULL, 'all', 'active', 1, 'AR', NULL, 0, 0, NULL, NULL, NULL, NULL, NULL, NULL, 1, 0, 0, NULL, NULL, 0, NULL, 1727971488, NULL, NULL, NULL, NULL, 2, 7, NULL, NULL),
(1529, 'Anas', 'enfant', 8, 1525, NULL, NULL, NULL, '$2y$10$YhiNZ.TKMcyWkoYtGXpvzu4/FY6VJNhcuiFPLMOH20O/75MNBwO.W', NULL, NULL, NULL, 1, 0, '/boy1.jpeg', NULL, NULL, NULL, NULL, NULL, NULL, NULL, NULL, NULL, NULL, NULL, 'all', 'active', 1, 'AR', NULL, 0, 0, NULL, NULL, NULL, NULL, NULL, NULL, 1, 0, 0, NULL, NULL, 0, NULL, 1727971499, NULL, NULL, NULL, NULL, 6, 11, NULL, NULL),
(1530, 'Chaker Ouni', 'teacher', 4, NULL, '29569588', 'ounichaker57@gmail.com', NULL, '$2y$10$c0PMg3emruJ3ubhVP.wU/uzPs5PUUBsOGJUZ0IGzkjIjMJs4P4ZEy', NULL, NULL, 'VCNzqnPoaamnskhJhWJK7m0SFNeF0Fqo8YhNWm0ASbvYi7WG2wBHXcLkAATw', 0, 0, '/store/1530/avatar/673f1f1f782fb.png', '{\"color\":\"000000\",\"background\":\"fff9c4\"}', NULL, NULL, NULL, NULL, NULL, NULL, NULL, NULL, NULL, NULL, 'all', 'active', 1, NULL, NULL, 0, 0, NULL, NULL, NULL, NULL, NULL, NULL, 1, 0, 0, NULL, NULL, 0, NULL, 1727971655, NULL, NULL, NULL, NULL, NULL, NULL, NULL, 7),
(1533, 'Tyya', 'enfant', 8, 1531, NULL, NULL, NULL, '$2y$10$XuwXhaSoEkOfszP1Hgx34uNhSCV/7.rMGR2eZXuJYzqSxLZUUyGc.', NULL, NULL, NULL, 1, 0, '/girl4.jpeg', NULL, NULL, NULL, NULL, NULL, NULL, NULL, NULL, NULL, NULL, NULL, 'all', 'active', 1, 'AR', NULL, 0, 0, NULL, NULL, NULL, NULL, NULL, NULL, 1, 0, 0, NULL, NULL, 0, NULL, 1728000600, NULL, NULL, NULL, NULL, 4, 9, NULL, NULL),
(1534, 'Tyyui', 'enfant', 8, 1531, NULL, NULL, NULL, '$2y$10$PFNyxl7xe7pY/ijbMRhr7eh5bezPaH1yyedVwiFeBEt/vUS91KGN2', NULL, NULL, NULL, 1, 0, '/girl3.jpeg', NULL, NULL, NULL, NULL, NULL, NULL, NULL, NULL, NULL, NULL, NULL, 'all', 'active', 1, 'AR', NULL, 0, 0, NULL, NULL, NULL, NULL, NULL, NULL, 1, 0, 0, NULL, NULL, 0, NULL, 1728000620, NULL, NULL, NULL, NULL, 5, 10, NULL, NULL),
(1535, 'Mira', 'enfant', 8, 1531, NULL, NULL, NULL, '$2y$10$vY7rjqWeyoP9V7AG8mLVOe3ruEgcUTBDrZEP.OK9kbrA1uJC4sHti', NULL, NULL, NULL, 1, 0, '/f16.png', NULL, NULL, NULL, NULL, NULL, NULL, NULL, NULL, NULL, NULL, NULL, 'all', 'active', 1, 'AR', NULL, 0, 0, NULL, NULL, NULL, NULL, NULL, NULL, 1, 0, 0, NULL, NULL, 0, NULL, 1728000634, NULL, NULL, NULL, NULL, 4, 9, NULL, NULL),
(1536, 'yassin rhouma', 'organization', 3, NULL, '98639958', NULL, NULL, '$2y$10$5EYK/qHCswvQk288qMEa0e9rKwOd31KKgw6hB3e8dO7u9KOwR5E8C', NULL, NULL, 'H2wxbsD5KwfTyuhikmipsqzT5r7C0o0xEnceiRalN0XPTzXU11CFojfLBotk', 0, 0, NULL, '{\"color\":\"000000\",\"background\":\"d4e157\"}', NULL, NULL, NULL, NULL, NULL, NULL, NULL, NULL, NULL, NULL, 'all', 'active', 1, NULL, 'Africa/Tunis', 0, 0, NULL, NULL, NULL, NULL, NULL, NULL, 0, 0, 0, NULL, NULL, 0, NULL, 1728036467, '\"{\\\"dashboard\\\":[\\\"step2_completed\\\",\\\"step3_completed\\\",\\\"step1_child_completed\\\",\\\"step2_child_completed\\\"],\\\"manuel\\\":[\\\"step1_child_manuel_completed\\\",\\\"step2_child_manuel_completed\\\"]}\"', NULL, NULL, NULL, NULL, NULL, NULL, NULL),
(1537, 'yassin rhouma', 'enfant', 8, 1536, NULL, NULL, NULL, '$2y$10$JueGLqgYGHH5aCL4N9DpE.gDvVE9eJ2OJ.bZRuT1hE4bgHNwlqVyi', NULL, NULL, NULL, 1, 0, '/f16.png', NULL, NULL, NULL, NULL, NULL, NULL, NULL, NULL, NULL, NULL, NULL, 'all', 'active', 1, 'AR', NULL, 0, 0, NULL, NULL, NULL, NULL, NULL, NULL, 1, 0, 0, NULL, NULL, 0, NULL, 1728036485, NULL, NULL, NULL, NULL, 3, 8, NULL, NULL),
(1539, 'doudou', 'organization', 3, NULL, '25697568', NULL, NULL, '$2y$10$hNfzUvepAn4YnG91cWjDw.NYYFiUUh17AOJoUQkiQhzndjd0YLiUu', NULL, NULL, '9Oas1rgrbN5y6q5yvAE6hzbEutgtHoMyFm0BKjJMQOecKiOLuSt1zwzT331T', 0, 0, '/store/1539/avatar/66ffd2a016d44.png', '{\"color\":\"FFFFFF\",\"background\":\"311b92\"}', NULL, NULL, NULL, NULL, NULL, NULL, NULL, NULL, NULL, NULL, 'all', 'active', 1, NULL, 'Africa/Tunis', 0, 0, NULL, NULL, NULL, NULL, NULL, NULL, 0, 0, 0, NULL, NULL, 0, NULL, 1728041158, NULL, NULL, NULL, NULL, NULL, NULL, NULL, NULL),
(1540, 'DZS', 'enfant', 8, 1539, NULL, NULL, NULL, '$2y$10$7pkfIjnl.Ro//pWBqCOiNOhS7XPZHFDjiwVUn32bMx3WfIoKzFHGW', NULL, NULL, NULL, 1, 0, '/f14.png', NULL, NULL, NULL, NULL, NULL, NULL, NULL, NULL, NULL, NULL, NULL, 'all', 'active', 1, 'AR', NULL, 0, 0, NULL, NULL, NULL, NULL, NULL, NULL, 1, 0, 0, NULL, NULL, 0, NULL, 1728041168, NULL, NULL, NULL, NULL, 4, 9, NULL, NULL),
(1557, 'Anas', 'enfant', 8, 1556, NULL, NULL, NULL, '$2y$10$26wRwXTdjDllK4xCuRiQSOzk1xqQeUxpOFmMP0mYSyxJpUF6gKETO', NULL, NULL, NULL, 1, 0, '/boy2.jpeg', NULL, NULL, NULL, NULL, NULL, NULL, NULL, NULL, NULL, NULL, NULL, 'all', 'active', 1, 'AR', NULL, 0, 0, NULL, NULL, NULL, NULL, NULL, NULL, 1, 0, 0, NULL, NULL, 0, NULL, 1728054928, NULL, NULL, NULL, NULL, 1, 6, NULL, NULL),
(1560, 'Anas', 'enfant', 8, 1556, NULL, NULL, NULL, '$2y$10$R8qgWH9LEbKs6XM9hSLu/O/xsNP6hqGAYek63zOXIO9n82xEKFYQK', NULL, NULL, NULL, 1, 0, '/boy1.jpeg', NULL, NULL, NULL, NULL, NULL, NULL, NULL, NULL, NULL, NULL, NULL, 'all', 'active', 1, 'AR', NULL, 0, 0, NULL, NULL, NULL, NULL, NULL, NULL, 1, 0, 0, NULL, NULL, 0, NULL, 1728055532, NULL, NULL, NULL, NULL, 1, 6, NULL, NULL),
(1561, 'saleh', 'enfant', 8, 1556, NULL, NULL, NULL, '$2y$10$LOumThFoV9u17R54qdTCkutdwOntuXYFTlTasGfz0kCPPsYQ1183e', NULL, NULL, NULL, 1, 0, '/f14.png', NULL, NULL, NULL, NULL, NULL, NULL, NULL, NULL, NULL, NULL, NULL, 'all', 'active', 1, 'AR', NULL, 0, 0, NULL, NULL, NULL, NULL, NULL, NULL, 1, 0, 0, NULL, NULL, 0, NULL, 1728055539, NULL, NULL, NULL, NULL, 1, 6, NULL, NULL),
(1562, 'Anas', 'enfant', 8, 1556, NULL, NULL, NULL, '$2y$10$c59iFXLeh1UJyTP60CYTgOwwiUmwmHpjAaS/JxxDNe19nr/8P0dsO', NULL, NULL, NULL, 1, 0, '/girl3.jpeg', NULL, NULL, NULL, NULL, NULL, NULL, NULL, NULL, NULL, NULL, NULL, 'all', 'active', 1, 'AR', NULL, 0, 0, NULL, NULL, NULL, NULL, NULL, NULL, 1, 0, 0, NULL, NULL, 0, NULL, 1728055550, NULL, NULL, NULL, NULL, 6, 11, NULL, NULL),
(1588, 'tht', 'enfant', 8, 1572, NULL, NULL, NULL, '$2y$10$/ANJPo5CF75rlLsT506xi.XQ5rQjDBp1D0PS8olKYtcVf6nF3ntBG', NULL, NULL, NULL, 1, 0, '/girl4.jpeg', NULL, NULL, NULL, NULL, NULL, NULL, NULL, NULL, NULL, NULL, NULL, 'all', 'active', 1, 'AR', NULL, 0, 0, NULL, NULL, NULL, NULL, NULL, NULL, 1, 0, 0, NULL, NULL, 0, NULL, 1728057655, NULL, NULL, NULL, NULL, 2, 7, NULL, NULL),
(1590, 'Hdh', 'enfant', 8, 1531, NULL, NULL, NULL, '$2y$10$WrmnD666DYX0wo7q91yoBOEbXWoN3rhfGqYRciP.3K.xM.dAwvml6', NULL, NULL, NULL, 1, 0, '/boy2.jpeg', NULL, NULL, NULL, NULL, NULL, NULL, NULL, NULL, NULL, NULL, NULL, 'all', 'active', 1, 'AR', NULL, 0, 0, NULL, NULL, NULL, NULL, NULL, NULL, 1, 0, 0, NULL, NULL, 0, NULL, 1728058034, NULL, NULL, NULL, NULL, 2, 7, NULL, NULL),
(1620, 'Hgrcfde', 'enfant', 8, 1619, NULL, NULL, NULL, '$2y$10$Vx1Yo.I5EoLgW7Ude/PmWeM8SU2ETK1.l6QzcGYlNaHQ4xEgBRCTK', NULL, NULL, NULL, 1, 0, '/boy2.jpeg', NULL, NULL, NULL, NULL, NULL, NULL, NULL, NULL, NULL, NULL, NULL, 'all', 'active', 1, 'AR', NULL, 0, 0, NULL, NULL, NULL, NULL, NULL, NULL, 1, 0, 0, NULL, NULL, 0, NULL, 1728060775, NULL, NULL, NULL, NULL, 4, 9, NULL, NULL),
(1621, 'Vhvg dd', 'enfant', 8, 1619, NULL, NULL, NULL, '$2y$10$zFw4fIvcdC0gJq5GeqP4IeB.ExiqzLrHnbYEXNIom1zSx5f8JuIQe', NULL, NULL, NULL, 1, 0, '/girl4.jpeg', NULL, NULL, NULL, NULL, NULL, NULL, NULL, NULL, NULL, NULL, NULL, 'all', 'active', 1, 'AR', NULL, 0, 0, NULL, NULL, NULL, NULL, NULL, NULL, 1, 0, 0, NULL, NULL, 0, NULL, 1728060790, NULL, NULL, NULL, NULL, 3, 8, NULL, NULL),
(1623, 'Yhgbb', 'enfant', 8, 1619, NULL, NULL, NULL, '$2y$10$u5pnEqb/x3zRjsVLva8uQOusjB6q2uL3zfu4RZeFfvn2LOK09XOTi', NULL, NULL, NULL, 1, 0, '/girl3.jpeg', NULL, NULL, NULL, NULL, NULL, NULL, NULL, NULL, NULL, NULL, NULL, 'all', 'active', 1, 'AR', NULL, 0, 0, NULL, NULL, NULL, NULL, NULL, NULL, 1, 0, 0, NULL, NULL, 0, NULL, 1728060853, NULL, NULL, NULL, NULL, 4, 9, NULL, NULL),
(1626, 'Haya', 'enfant', 8, 1624, NULL, NULL, NULL, '$2y$10$pasYWwNbrfrH7a5dFsK0nOu9/mjjBX2CMaMjVXHgr1NqQ1XuYe4Ii', NULL, NULL, NULL, 1, 0, '/girl1.jpeg', NULL, NULL, NULL, NULL, NULL, NULL, NULL, NULL, NULL, NULL, NULL, 'all', 'active', 1, 'AR', NULL, 0, 0, NULL, NULL, NULL, NULL, NULL, NULL, 1, 0, 0, NULL, NULL, 0, NULL, 1728062052, NULL, NULL, NULL, NULL, 4, 9, NULL, NULL),
(1627, 'Hgrcfde', 'enfant', 8, 1624, NULL, NULL, NULL, '$2y$10$bLtiy9y5T.XvOpvW4AjaDuXv2H2txvNAE1MNXxOZM/nWJyLeqd77q', NULL, NULL, NULL, 1, 0, '/girl3.jpeg', NULL, NULL, NULL, NULL, NULL, NULL, NULL, NULL, NULL, NULL, NULL, 'all', 'active', 1, 'AR', NULL, 0, 0, NULL, NULL, NULL, NULL, NULL, NULL, 1, 0, 0, NULL, NULL, 0, NULL, 1728062065, NULL, NULL, NULL, NULL, 5, 10, NULL, NULL),
(1628, 'Yete', 'enfant', 8, 1624, NULL, NULL, NULL, '$2y$10$OyRhoZGMWoqvgYIP2pO.cenTBxo8kxnBXKiuhYd/Os3qGK5zf7n5W', NULL, NULL, NULL, 1, 0, '/girl4.jpeg', NULL, NULL, NULL, NULL, NULL, NULL, NULL, NULL, NULL, NULL, NULL, 'all', 'active', 1, 'AR', NULL, 0, 0, NULL, NULL, NULL, NULL, NULL, NULL, 1, 0, 0, NULL, NULL, 0, NULL, 1728062076, NULL, NULL, NULL, NULL, 5, 10, NULL, NULL),
(1638, 'ali', 'enfant', 8, 1386, NULL, NULL, NULL, '$2y$10$sAFvDTIiJEGgOkde.Nz89OAI9F4wqCX5vn6ouCOa9rQzNx48vVVWW', NULL, NULL, NULL, 1, 0, '/f14.png', NULL, NULL, NULL, NULL, NULL, NULL, NULL, NULL, NULL, NULL, NULL, 'all', 'active', 1, 'AR', NULL, 0, 0, NULL, NULL, NULL, NULL, NULL, NULL, 1, 0, 0, NULL, NULL, 0, NULL, 1728063686, NULL, NULL, NULL, NULL, 2, 7, NULL, NULL),
(1639, 'hey', 'enfant', 8, 1386, NULL, NULL, NULL, '$2y$10$25q7l.PSJOqGheEBk0YF1uADZtpKuAUGoUCN1vV3aFCR/5kyFVMv6', NULL, NULL, NULL, 1, 0, '/boy2.jpeg', NULL, NULL, NULL, NULL, NULL, NULL, NULL, NULL, NULL, NULL, NULL, 'all', 'active', 1, 'AR', NULL, 0, 0, NULL, NULL, NULL, NULL, NULL, NULL, 1, 0, 0, NULL, NULL, 0, NULL, 1728063704, NULL, NULL, NULL, NULL, 2, 7, NULL, NULL),
(1640, 'nessrine', 'enfant', 8, 1386, NULL, NULL, NULL, '$2y$10$m/zNS.dsjNjMyh5dWN.aXeWGCefP51shma/G/33AoLp/1LBFeZpeW', NULL, NULL, NULL, 1, 0, '/girl4.jpeg', NULL, NULL, NULL, NULL, NULL, NULL, NULL, NULL, NULL, NULL, NULL, 'all', 'active', 1, 'AR', NULL, 0, 0, NULL, NULL, NULL, NULL, NULL, NULL, 1, 0, 0, NULL, NULL, 0, NULL, 1728063806, NULL, NULL, NULL, NULL, 3, 8, NULL, NULL),
(1641, 'hey', 'enfant', 8, 1386, NULL, NULL, NULL, '$2y$10$QoUAzfuSg3dMI9tB2fyeoeUKV06FHajv8yvM/YF0yJU4O3/HUTdIG', NULL, NULL, NULL, 1, 0, '/boy1.jpeg', NULL, NULL, NULL, NULL, NULL, NULL, NULL, NULL, NULL, NULL, NULL, 'all', 'active', 1, 'AR', NULL, 0, 0, NULL, NULL, NULL, NULL, NULL, NULL, 1, 0, 0, NULL, NULL, 0, NULL, 1728063825, NULL, NULL, NULL, NULL, 3, 8, NULL, NULL),
(1642, 'khalil', 'organization', 3, NULL, '98546485', NULL, NULL, '$2y$10$vHEaGiFzOZzUKVtghMaQheRX9e0vgjV6orvjEsmTxrPN1gV7bgWQi', NULL, NULL, NULL, 0, 0, NULL, '{\"color\":\"000000\",\"background\":\"ff3d00\"}', NULL, NULL, NULL, NULL, NULL, NULL, NULL, NULL, NULL, NULL, 'all', 'active', 1, NULL, 'Africa/Tunis', 0, 0, NULL, NULL, NULL, NULL, NULL, NULL, 0, 0, 0, NULL, NULL, 0, NULL, 1728070942, NULL, NULL, NULL, NULL, NULL, NULL, NULL, NULL),
(1643, 'Oumayma Jouini', 'organization', 3, NULL, '23125321', NULL, NULL, '$2y$10$x.Z//duRTPPtxJO0dRbTDeSfvt/CO3D2DetRcozIdHp5OLUVJ3VJK', NULL, NULL, NULL, 0, 0, NULL, '{\"color\":\"FFFFFF\",\"background\":\"004d40\"}', NULL, NULL, NULL, NULL, NULL, NULL, NULL, NULL, NULL, NULL, 'all', 'active', 1, NULL, 'Africa/Tunis', 0, 0, NULL, NULL, NULL, NULL, NULL, NULL, 0, 0, 0, NULL, NULL, 0, NULL, 1728082449, NULL, NULL, NULL, NULL, NULL, NULL, NULL, NULL),
(1644, 'Oumayma', 'enfant', 8, 1643, NULL, NULL, NULL, '$2y$10$alA9iZkx93mmGzi8XcbM.eBPK0byPINGdmdLreKkYaW008qHnaYiG', NULL, NULL, NULL, 1, 0, '/girl4.jpeg', NULL, NULL, NULL, NULL, NULL, NULL, NULL, NULL, NULL, NULL, NULL, 'all', 'active', 1, 'AR', NULL, 0, 0, NULL, NULL, NULL, NULL, NULL, NULL, 1, 0, 0, NULL, NULL, 0, NULL, 1728082487, NULL, NULL, NULL, NULL, 3, 8, NULL, NULL),
(1645, 'Oumayma', 'enfant', 8, 1643, NULL, NULL, NULL, '$2y$10$FTDDgmHD.ox3N3ul9pQtz.4C2misPJj75yiyxJFWQbyKUDcJ8J7Fu', NULL, NULL, NULL, 1, 0, '/girl2.jpeg', NULL, NULL, NULL, NULL, NULL, NULL, NULL, NULL, NULL, NULL, NULL, 'all', 'active', 1, 'AR', NULL, 0, 0, NULL, NULL, NULL, NULL, NULL, NULL, 1, 0, 0, NULL, NULL, 0, NULL, 1728083214, NULL, NULL, NULL, NULL, 4, 9, NULL, NULL),
(1646, 'oussema', 'enfant', 8, 1643, NULL, NULL, NULL, '$2y$10$JfxtGvtTCmFTTWDo/sE6CueGo76HE4FrL7fJg0AV5imz4EChmuOpe', NULL, NULL, NULL, 1, 0, '/girl3.jpeg', NULL, NULL, NULL, NULL, NULL, NULL, NULL, NULL, NULL, NULL, NULL, 'all', 'active', 1, 'AR', NULL, 0, 0, NULL, NULL, NULL, NULL, NULL, NULL, 1, 0, 0, NULL, NULL, 0, NULL, 1728083232, NULL, NULL, NULL, NULL, 6, 11, NULL, NULL),
(1648, 'houssem', 'enfant', 8, 1647, NULL, NULL, NULL, '$2y$10$8GtYR0umWbqoCYbyge289u.ZSEnTdN4eDXIx.WOgiLEAp07Pfyyci', NULL, NULL, NULL, 1, 0, '/f14.png', NULL, NULL, NULL, NULL, NULL, NULL, NULL, NULL, NULL, NULL, NULL, 'all', 'active', 1, 'AR', NULL, 0, 0, NULL, NULL, NULL, NULL, NULL, NULL, 1, 0, 0, NULL, NULL, 0, NULL, 1728083725, NULL, NULL, NULL, NULL, 5, 10, NULL, NULL),
(1649, 'asma', 'enfant', 8, 1647, NULL, NULL, NULL, '$2y$10$2ABeOlp1QhKXzXmNXzRZ.eb/9ge8mWeypAg0cvFLwaFRmsRdrxx0m', NULL, NULL, NULL, 1, 0, '/girl4.jpeg', NULL, NULL, NULL, NULL, NULL, NULL, NULL, NULL, NULL, NULL, NULL, 'all', 'active', 1, 'AR', NULL, 0, 0, NULL, NULL, NULL, NULL, NULL, NULL, 1, 0, 0, NULL, NULL, 0, NULL, 1728083783, NULL, NULL, NULL, NULL, 3, 8, NULL, NULL),
(1650, 'ahmed', 'enfant', 8, 1647, NULL, NULL, NULL, '$2y$10$/cD.b7Z.PYr19Y4I2zmKrutfICcnFLcwnJ3wCUjwoUUXgmdMZ0lZi', NULL, NULL, NULL, 1, 0, '/boy2.jpeg', NULL, NULL, NULL, NULL, NULL, NULL, NULL, NULL, NULL, NULL, NULL, 'all', 'active', 1, 'AR', NULL, 0, 0, NULL, NULL, NULL, NULL, NULL, NULL, 1, 0, 0, NULL, NULL, 0, NULL, 1728084185, NULL, NULL, NULL, NULL, 6, 11, NULL, NULL),
(1651, 'kkkkkk', 'enfant', 8, 1647, NULL, NULL, NULL, '$2y$10$cI.vWM0nl2KKOrDrkCsSSelRIV2KsrYtkrmwW4eirZq9Q4UKT54AG', NULL, NULL, NULL, 1, 0, '/boy1.jpeg', NULL, NULL, NULL, NULL, NULL, NULL, NULL, NULL, NULL, NULL, NULL, 'all', 'active', 1, 'AR', NULL, 0, 0, NULL, NULL, NULL, NULL, NULL, NULL, 1, 0, 0, NULL, NULL, 0, NULL, 1728084204, NULL, NULL, NULL, NULL, 2, 7, NULL, NULL),
(1652, 'Eya Boukattaya', 'organization', 3, NULL, '56130885', NULL, NULL, '$2y$10$7OGsKGM8wHC2SXjzXD/4w.Uudhx1OoUrzjJHBWG5Vuw53MN7BnCpy', NULL, NULL, NULL, 0, 0, NULL, '{\"color\":\"000000\",\"background\":\"ffe57f\"}', NULL, NULL, NULL, NULL, NULL, NULL, NULL, NULL, NULL, NULL, 'all', 'active', 1, 'AR', NULL, 0, 0, NULL, NULL, NULL, NULL, NULL, NULL, 0, 0, 0, NULL, NULL, 0, NULL, 1728123176, NULL, NULL, NULL, NULL, NULL, NULL, NULL, NULL),
(1653, 'Eya Boukattaya', 'enfant', 8, 1652, NULL, NULL, NULL, '$2y$10$JUGVc.69.PXXxD2Fjk1ZGeOy5yydLPGBXJeChYtoWX4JPj1VZJsAe', NULL, NULL, NULL, 1, 0, '/girl1.jpeg', NULL, NULL, NULL, NULL, NULL, NULL, NULL, NULL, NULL, NULL, NULL, 'all', 'active', 1, 'AR', NULL, 0, 0, NULL, NULL, NULL, NULL, NULL, NULL, 1, 0, 0, NULL, NULL, 0, NULL, 1728123189, NULL, NULL, NULL, NULL, 6, 11, NULL, NULL),
(1654, 'Mohamed ali zaier', 'enfant', 8, 1652, NULL, NULL, NULL, '$2y$10$GuYBT217Q3cIoabQ5hKD.ec/Glp5yR70tCiX6B5fYxr2xk/PJteuq', NULL, NULL, NULL, 1, 0, '/f14.png', NULL, NULL, NULL, NULL, NULL, NULL, NULL, NULL, NULL, NULL, NULL, 'all', 'active', 1, 'AR', NULL, 0, 0, NULL, NULL, NULL, NULL, NULL, NULL, 1, 0, 0, NULL, NULL, 0, NULL, 1728123212, NULL, NULL, NULL, NULL, 3, 8, NULL, NULL),
(1655, 'Sabrine salem', 'enfant', 8, 1652, NULL, NULL, NULL, '$2y$10$isOESmP/lk2lB8/uidyUj.vDttpGzhD7E9yZ6HT5xn1LMW7mIbLY6', NULL, NULL, NULL, 1, 0, '/girl3.jpeg', NULL, NULL, NULL, NULL, NULL, NULL, NULL, NULL, NULL, NULL, NULL, 'all', 'active', 1, 'AR', NULL, 0, 0, NULL, NULL, NULL, NULL, NULL, NULL, 1, 0, 0, NULL, NULL, 0, NULL, 1728123233, NULL, NULL, NULL, NULL, 1, 6, NULL, NULL),
(1656, 'Nour laatiri', 'enfant', 8, 1652, NULL, NULL, NULL, '$2y$10$.AHWffRuSHxLlg/jSJAk3ejic1c0pnvs7aUGFiaNHkEzxpUvStJPi', NULL, NULL, NULL, 1, 0, '/girl4.jpeg', NULL, NULL, NULL, NULL, NULL, NULL, NULL, NULL, NULL, NULL, NULL, 'all', 'active', 1, 'AR', NULL, 0, 0, NULL, NULL, NULL, NULL, NULL, NULL, 1, 0, 0, NULL, NULL, 0, NULL, 1728123257, NULL, NULL, NULL, NULL, 2, 7, NULL, NULL),
(1658, 'nessrine', 'enfant', 8, 1657, NULL, NULL, NULL, '$2y$10$wM9sjvvHfcGmpqWp9fGpD.pgDXuwly3RngS9nz0RxMY9h2ZreNJ7u', NULL, NULL, NULL, 1, 0, '/girl1.jpeg', NULL, NULL, NULL, NULL, NULL, NULL, NULL, NULL, NULL, NULL, NULL, 'all', 'active', 1, 'AR', NULL, 0, 0, NULL, NULL, NULL, NULL, NULL, NULL, 1, 0, 0, NULL, NULL, 0, NULL, 1728123371, NULL, NULL, NULL, NULL, 2, 7, NULL, NULL),
(1665, 'Maha Mani', 'teacher', 4, NULL, '94000938', 'mani.maha23@gmail.com', NULL, '$2y$10$sOR5ctL9EjHlcjWmAekSVenFXEHm63Gliid9NML7VcFnl47OBdnSC', NULL, NULL, 'Ksmyn6hMqBHnfq02eP5A4ZSIYuKwFIRD6t522WPdqzMQ1GVWNzDttibEG4mx', 0, 0, '/store/1665/avatar/67221ced2ce9a.png', '{\"color\":\"000000\",\"background\":\"dd2c00\"}', NULL, NULL, NULL, NULL, NULL, NULL, NULL, NULL, NULL, NULL, 'all', 'active', 1, 'AR', NULL, 1, 1, NULL, NULL, NULL, NULL, NULL, NULL, 1, 0, 0, NULL, NULL, 0, NULL, 1728125697, NULL, NULL, NULL, NULL, NULL, NULL, NULL, 7),
(1666, 'أنيستي هاجر', 'teacher', 4, NULL, '29308418', 'bjilanihajer@gmail.com', NULL, '$2y$10$8WzWvRaRF8UWnrU1MXwce.XOj/OpY2cdBOdwwyXxgGaEmjApo6pt6', NULL, NULL, '9nRKifzR6zI9OUzhNz6fcGBgwBOMmu1pQpaOVuHolVzLTla2to6eIgROQJ4v', 0, 0, '/store/1666/avatar/6758247bc8f73.png', '{\"color\":\"FFFFFF\",\"background\":\"039be5\"}', NULL, NULL, NULL, NULL, NULL, NULL, NULL, NULL, NULL, NULL, 'all', 'active', 1, 'AR', NULL, 0, 0, NULL, NULL, NULL, NULL, NULL, NULL, 1, 0, 0, NULL, NULL, 0, NULL, 1728127089, NULL, NULL, NULL, NULL, NULL, NULL, NULL, 7),
(1667, 'sarra rhouma', 'organization', 3, NULL, '50729734', NULL, NULL, '$2y$10$kRHS0Ma9E/av1y1U1kxqOOTfx78VEiD3TEq1YeS86H44E4.1juY5C', NULL, NULL, 'J51y7V0I3VeYdw5GRkJKgLpody2QzNURwVAIo13LExkTUjoPD1hIJ5asloXl', 0, 0, NULL, '{\"color\":\"000000\",\"background\":\"ffeb3b\"}', NULL, NULL, NULL, NULL, NULL, NULL, NULL, NULL, NULL, NULL, 'all', 'active', 1, NULL, 'Africa/Tunis', 0, 0, NULL, NULL, NULL, NULL, NULL, NULL, 0, 0, 0, NULL, NULL, 0, NULL, 1728132253, '\"{\\\"dashboard\\\":[\\\"step1_completed\\\",\\\"step3_completed\\\",\\\"step2_completed\\\",\\\"step1_child_completed\\\",\\\"step2_child_completed\\\"],\\\"manuel\\\":[\\\"step1_child_manuel_completed\\\",\\\"step2_child_manuel_completed\\\"]}\"', NULL, NULL, NULL, NULL, NULL, NULL, NULL),
(1669, 'Rabeb Mellouli', 'teacher', 4, NULL, NULL, 'rabebmellouli0212@gmail.com', NULL, '$2y$10$IWi9hlPl4zJQ/KpCAhc5YuJ7OLpK5xoEkeGi6jWKlhMKNTZhcUzde', NULL, NULL, 'tA3LABkZh0G4vsOrN7q1jRppGZ13lSPtD6NuncUzDzJOBrDlePlmTurTuTSl', 1, 0, NULL, '{\"color\":\"FFFFFF\",\"background\":\"303f9f\"}', NULL, NULL, NULL, NULL, NULL, NULL, NULL, NULL, NULL, NULL, 'all', 'active', 1, NULL, NULL, 0, 0, NULL, NULL, NULL, NULL, NULL, NULL, 0, 0, 0, NULL, NULL, 0, NULL, 1728143991, NULL, NULL, NULL, NULL, NULL, NULL, NULL, 7),
(1670, 'Dhia Bouali', 'teacher', 4, NULL, '54175202', 'boualidhia.bd@gmail.com', NULL, '$2y$10$Fp4K/ug45pBOPtonKLdbmO5tJEm0O7WgLFN2/s119dMjIdBY4Dx8u', NULL, NULL, 'CqLhecfNsyHucGrK266lidAIdEbGBvk1GIAKEVZBsPzTGsy75Vc0BWWO2XiZ', 1, 0, NULL, '{\"color\":\"000000\",\"background\":\"2962ff\"}', NULL, NULL, NULL, NULL, NULL, NULL, NULL, NULL, NULL, NULL, 'all', 'active', 1, NULL, NULL, 0, 0, NULL, NULL, NULL, NULL, NULL, NULL, 0, 0, 0, NULL, NULL, 0, NULL, 1728146071, NULL, NULL, NULL, NULL, NULL, NULL, NULL, 7),
(1671, 'Sousou', 'enfant', 8, 1624, NULL, NULL, NULL, '$2y$10$OG80DhUhIFK6oGi7DzTVr.n8QI4Rf2KRD9WJ8J3edSVVJLkXOEBDW', NULL, NULL, NULL, 1, 0, '/boy2.jpeg', NULL, NULL, NULL, NULL, NULL, NULL, NULL, NULL, NULL, NULL, NULL, 'all', 'active', 1, 'AR', NULL, 0, 0, NULL, NULL, NULL, NULL, NULL, NULL, 1, 0, 0, NULL, NULL, 0, NULL, 1728152552, NULL, NULL, NULL, NULL, 3, 8, NULL, NULL),
(1677, 'xxyy', 'enfant', 8, 1676, NULL, NULL, NULL, '$2y$10$oSlbIlbtV9VCGPd1zZaI7Oc/1OV29/xmRbauy4fMomdKsHP1DHchC', NULL, NULL, NULL, 1, 0, '/f16.png', NULL, NULL, NULL, NULL, NULL, NULL, NULL, NULL, NULL, NULL, NULL, 'all', 'active', 1, 'AR', NULL, 0, 0, NULL, NULL, NULL, NULL, NULL, NULL, 1, 0, 0, NULL, NULL, 0, NULL, 1728296648, NULL, NULL, NULL, NULL, 1, 6, NULL, NULL),
(1678, 'Saleh belhedi', 'organization', 3, NULL, '53511310', NULL, NULL, '$2y$10$GhO9veX2Xw6P3lbZUCXCvee1BFN5JHQ37EQFAIhigWk8TmyHDQsKa', NULL, NULL, NULL, 0, 0, '/store/1678/avatar/6703bb34aee94.png', '{\"color\":\"000000\",\"background\":\"f0f4c3\"}', NULL, NULL, NULL, NULL, NULL, NULL, NULL, NULL, NULL, NULL, 'all', 'active', 1, NULL, 'Africa/Tunis', 0, 0, NULL, NULL, NULL, NULL, NULL, NULL, 0, 0, 0, NULL, NULL, 0, NULL, 1728296787, NULL, NULL, NULL, NULL, NULL, NULL, NULL, NULL),
(1679, 'mohamed aziz', 'enfant', 8, 1678, NULL, NULL, NULL, '$2y$10$S/VXH.i/ddANRW/Rf9ds3.s1fVJYMsF4U13.j7aIgnKWGEI4jdVKq', NULL, NULL, NULL, 1, 0, '/boy1.jpeg', NULL, NULL, NULL, NULL, NULL, NULL, NULL, NULL, NULL, NULL, NULL, 'all', 'active', 1, 'AR', NULL, 0, 0, NULL, NULL, NULL, NULL, NULL, NULL, 1, 0, 0, NULL, NULL, 0, NULL, 1728296813, NULL, NULL, NULL, NULL, 6, 11, NULL, NULL),
(1680, 'oswa ayedi', 'enfant', 8, 1678, NULL, NULL, NULL, '$2y$10$HyxvJl6vNjWjAmGDYIxUkeykVMjBBZ/pKHaQL18wJ0f3Lwy/weeQK', NULL, NULL, NULL, 1, 0, '/girl1.jpeg', NULL, NULL, NULL, NULL, NULL, NULL, NULL, NULL, NULL, NULL, NULL, 'all', 'active', 1, 'AR', NULL, 0, 0, NULL, NULL, NULL, NULL, NULL, NULL, 1, 0, 0, NULL, NULL, 0, NULL, 1728296836, NULL, NULL, NULL, NULL, 4, 9, NULL, NULL),
(1681, 'assil', 'enfant', 8, 1678, NULL, NULL, NULL, '$2y$10$pE91KNU2YKb44/T9ZT7Cx.E7bNuZkXTF8R.MRVvrLWBdMRIL3WaAS', NULL, NULL, NULL, 1, 0, '/f16.png', NULL, NULL, NULL, NULL, NULL, NULL, NULL, NULL, NULL, NULL, NULL, 'all', 'active', 1, 'AR', NULL, 0, 0, NULL, NULL, NULL, NULL, NULL, NULL, 1, 0, 0, NULL, NULL, 0, NULL, 1728297026, NULL, NULL, NULL, NULL, 4, 9, NULL, NULL),
(1683, 'eya', 'enfant', 8, 1682, NULL, NULL, NULL, '$2y$10$e9SDhULaRLjDmmsjCArgq.DyYGwj07QEMKmXWYg/8YfRgsFaDEUty', NULL, NULL, NULL, 1, 0, '/girl3.jpeg', NULL, NULL, NULL, NULL, NULL, NULL, NULL, NULL, NULL, NULL, NULL, 'all', 'active', 1, 'AR', NULL, 0, 0, NULL, NULL, NULL, NULL, NULL, NULL, 1, 0, 0, NULL, NULL, 0, NULL, 1728297969, NULL, NULL, NULL, NULL, 1, 6, NULL, NULL),
(1684, 'ameny elokb', 'organization', 3, NULL, '99584952', NULL, NULL, '$2y$10$/uSmpDgsmjARKoWp/yZ9wOUPW24ysxrmN9StABPIhZztSM9iAdV8u', NULL, NULL, NULL, 0, 0, NULL, '{\"color\":\"000000\",\"background\":\"fff9c4\"}', NULL, NULL, NULL, NULL, NULL, NULL, NULL, NULL, NULL, NULL, 'all', 'active', 1, NULL, NULL, 0, 0, NULL, NULL, NULL, NULL, NULL, NULL, 0, 0, 0, NULL, NULL, 0, NULL, 1728298920, NULL, NULL, NULL, NULL, NULL, NULL, NULL, NULL),
(1685, 'هارون', 'enfant', 8, 1684, NULL, NULL, NULL, '$2y$10$4OUX2lOdNcdiQ2flIq7HF.OwfvtXAvoUxPRdnZkQ38Zp46SMmEihy', NULL, NULL, NULL, 1, 0, '/f16.png', NULL, NULL, NULL, NULL, NULL, NULL, NULL, NULL, NULL, NULL, NULL, 'all', 'active', 1, 'AR', NULL, 0, 0, NULL, NULL, NULL, NULL, NULL, NULL, 1, 0, 0, NULL, NULL, 0, NULL, 1728298938, NULL, NULL, NULL, NULL, 3, 8, NULL, NULL),
(1691, 'zizoo', 'enfant', 8, 1690, NULL, NULL, NULL, '$2y$10$9Qr8CLPEUzJeDuTry1LhzeFmMsK4.jaCY49NcvwdCAHYrq6youLJ6', NULL, NULL, NULL, 1, 0, '/f14.png', NULL, NULL, NULL, NULL, NULL, NULL, NULL, NULL, NULL, NULL, NULL, 'all', 'active', 1, 'AR', NULL, 0, 0, NULL, NULL, NULL, NULL, NULL, NULL, 1, 0, 0, NULL, NULL, 0, NULL, 1728310762, NULL, NULL, NULL, NULL, 3, 8, NULL, NULL),
(1693, 'Mohamed', 'enfant', 8, 1692, NULL, NULL, NULL, '$2y$10$Cw8ey6g4loJW5MRiDoQcY.FCUUzV0CrVIlzYk3qW5g6OA3GRR6PPG', NULL, NULL, NULL, 1, 0, '/f14.png', NULL, NULL, NULL, NULL, NULL, NULL, NULL, NULL, NULL, NULL, NULL, 'all', 'active', 1, 'AR', NULL, 0, 0, NULL, NULL, NULL, NULL, NULL, NULL, 1, 0, 0, NULL, NULL, 0, NULL, 1728315020, NULL, NULL, NULL, NULL, 2, 7, NULL, NULL),
(1696, 'Mohamed', 'enfant', 8, 1695, NULL, NULL, NULL, '$2y$10$8dgZaHFnmMmVJRj3dx7vceRhNbjgNpOBS4tyBcu/GGs2U9ymcKNS6', NULL, NULL, NULL, 1, 0, '/boy2.jpeg', NULL, NULL, NULL, NULL, NULL, NULL, NULL, NULL, NULL, NULL, NULL, 'all', 'active', 1, 'AR', NULL, 0, 0, NULL, NULL, NULL, NULL, NULL, NULL, 1, 0, 0, NULL, NULL, 0, NULL, 1728315585, NULL, NULL, NULL, NULL, 2, 7, NULL, NULL),
(1697, 'dali', 'enfant', 8, 1695, NULL, NULL, NULL, '$2y$10$swLYqRGSnBb91kub2W8T8uCQiB5BJAarp41GxVKNQgPto8SnvvwRK', NULL, NULL, NULL, 1, 0, '/girl2.jpeg', NULL, NULL, NULL, NULL, NULL, NULL, NULL, NULL, NULL, NULL, NULL, 'all', 'active', 1, 'AR', NULL, 0, 0, NULL, NULL, NULL, NULL, NULL, NULL, 1, 0, 0, NULL, NULL, 0, NULL, 1728315655, NULL, NULL, NULL, NULL, 1, 6, NULL, NULL),
(1700, 'أحمد', 'enfant', 8, 1699, NULL, NULL, NULL, '$2y$10$8XuQeVVnxr9Yu3ccPWz0zuSE94/qByzwqa11VmQFkvr5J.V6a.ygm', NULL, NULL, NULL, 1, 0, '/boy1.jpeg', NULL, NULL, NULL, NULL, NULL, NULL, NULL, NULL, NULL, NULL, NULL, 'all', 'active', 1, 'AR', NULL, 0, 0, NULL, NULL, NULL, NULL, NULL, NULL, 1, 0, 0, NULL, NULL, 0, NULL, 1728316056, NULL, NULL, NULL, NULL, 1, 6, NULL, NULL),
(1703, 'أحمد', 'enfant', 8, 1699, NULL, NULL, NULL, '$2y$10$UGSE4koGHtako6cB2moMR.8Shfg63PmV986SB6fY.GmYCR2mbZGlq', NULL, NULL, NULL, 1, 0, '/boy2.jpeg', NULL, NULL, NULL, NULL, NULL, NULL, NULL, NULL, NULL, NULL, NULL, 'all', 'active', 1, 'AR', NULL, 0, 0, NULL, NULL, NULL, NULL, NULL, NULL, 1, 0, 0, NULL, NULL, 0, NULL, 1728319950, NULL, NULL, NULL, NULL, 4, 9, NULL, NULL),
(1705, 'gfeg', 'enfant', 8, 1704, NULL, NULL, NULL, '$2y$10$YPgMfsieUeGreOiEnq/A9eiwRfyvyQka1mVqganEwyBTQQq0OPdcu', NULL, NULL, NULL, 1, 0, '/girl3.jpeg', NULL, NULL, NULL, NULL, NULL, NULL, NULL, NULL, NULL, NULL, NULL, 'all', 'active', 1, 'AR', NULL, 0, 0, NULL, NULL, NULL, NULL, NULL, NULL, 1, 0, 0, NULL, NULL, 0, NULL, 1728320686, NULL, NULL, NULL, NULL, 1, 6, NULL, NULL),
(1708, 'egergr', 'enfant', 8, 1523, NULL, NULL, NULL, '$2y$10$J.X4wopVlkAdq0sDHmbnV.go1UEV/X8v8c6xdp03XwQmHUbfT3zb2', NULL, NULL, NULL, 1, 0, '/f14.png', NULL, NULL, NULL, NULL, NULL, NULL, NULL, NULL, NULL, NULL, NULL, 'all', 'active', 1, 'AR', NULL, 0, 0, NULL, NULL, NULL, NULL, NULL, NULL, 1, 0, 0, NULL, NULL, 0, NULL, 1728324274, NULL, NULL, NULL, NULL, 2, 7, NULL, NULL),
(1709, 'efe', 'enfant', 8, 1523, NULL, NULL, NULL, '$2y$10$jZX77Ujqg9qpk26HIge4wekgR9NeJGpMjI.fq2/E0nzCDeKgoa7JO', NULL, NULL, NULL, 1, 0, '/f16.png', NULL, NULL, NULL, NULL, NULL, NULL, NULL, NULL, NULL, NULL, NULL, 'all', 'active', 1, 'AR', NULL, 0, 0, NULL, NULL, NULL, NULL, NULL, NULL, 1, 0, 0, NULL, NULL, 0, NULL, 1728324300, NULL, NULL, NULL, NULL, 3, 8, NULL, NULL),
(1711, 'brahem', 'enfant', 8, 1710, NULL, NULL, NULL, '$2y$10$w0qSj8o7.E5DMLBkLFhJous0lEErozT239PCAJm7iaFrsFIPHegaK', NULL, NULL, NULL, 1, 0, '/girl1.jpeg', NULL, NULL, NULL, NULL, NULL, NULL, NULL, NULL, NULL, NULL, NULL, 'all', 'active', 1, 'AR', NULL, 0, 0, NULL, NULL, NULL, NULL, NULL, NULL, 1, 0, 0, NULL, NULL, 0, NULL, 1728325186, NULL, NULL, NULL, NULL, 3, 8, NULL, NULL),
(1712, 'brahem', 'enfant', 8, 1710, NULL, NULL, NULL, '$2y$10$sfQpwqkDwMuYJkJ8xJKt4.lbx9TAeuOGbIgDO61vS/NsJjefiUz8i', NULL, NULL, NULL, 1, 0, '/girl4.jpeg', NULL, NULL, NULL, NULL, NULL, NULL, NULL, NULL, NULL, NULL, NULL, 'all', 'active', 1, 'AR', NULL, 0, 0, NULL, NULL, NULL, NULL, NULL, NULL, 1, 0, 0, NULL, NULL, 0, NULL, 1728325194, NULL, NULL, NULL, NULL, 1, 6, NULL, NULL);
INSERT INTO `users` (`id`, `full_name`, `role_name`, `role_id`, `organ_id`, `mobile`, `email`, `bio`, `password`, `google_id`, `facebook_id`, `remember_token`, `verified`, `financial_approval`, `avatar`, `avatar_settings`, `cover_img`, `headline`, `about`, `address`, `country_id`, `province_id`, `city_id`, `district_id`, `location`, `level_of_training`, `meeting_type`, `status`, `access_content`, `language`, `timezone`, `newsletter`, `public_message`, `account_type`, `iban`, `account_id`, `identity_scan`, `certificate`, `commission`, `affiliate`, `can_create_store`, `ban`, `ban_start_at`, `ban_end_at`, `offline`, `offline_message`, `created_at`, `guide_progress`, `updated_at`, `deleted_at`, `school_id`, `section_id`, `level_id`, `option_id`, `matier_id`) VALUES
(1713, 'brahem', 'enfant', 8, 1710, NULL, NULL, NULL, '$2y$10$aggTPaHY5SKrfq6h4pCk9eeQK1b5.kCPSyimyuzdQNAbIRDfLGHUK', NULL, NULL, NULL, 1, 0, '/boy2.jpeg', NULL, NULL, NULL, NULL, NULL, NULL, NULL, NULL, NULL, NULL, NULL, 'all', 'active', 1, 'AR', NULL, 0, 0, NULL, NULL, NULL, NULL, NULL, NULL, 1, 0, 0, NULL, NULL, 0, NULL, 1728325215, NULL, NULL, NULL, NULL, 6, 11, NULL, NULL),
(1714, 'brahem', 'enfant', 8, 1710, NULL, NULL, NULL, '$2y$10$X1x.bwnCtEl/j107fa1CI.eylE.eWPFXsOZHTK9HDkPUFeqXMMHEa', NULL, NULL, NULL, 1, 0, '/f14.png', NULL, NULL, NULL, NULL, NULL, NULL, NULL, NULL, NULL, NULL, NULL, 'all', 'active', 1, 'AR', NULL, 0, 0, NULL, NULL, NULL, NULL, NULL, NULL, 1, 0, 0, NULL, NULL, 0, NULL, 1728325230, NULL, NULL, NULL, NULL, 3, 8, NULL, NULL),
(1716, 'ahmed', 'enfant', 8, 1715, NULL, NULL, NULL, '$2y$10$rUNHnNfm/iC6wUH6yMppPeciDq4TIcq3faOBDoyKhNXXEGMBJfaCm', NULL, NULL, NULL, 1, 0, '/f16.png', NULL, NULL, NULL, NULL, NULL, NULL, NULL, NULL, NULL, NULL, NULL, 'all', 'active', 1, 'AR', NULL, 0, 0, NULL, NULL, NULL, NULL, NULL, NULL, 1, 0, 0, NULL, NULL, 0, NULL, 1728325732, NULL, NULL, NULL, NULL, 1, 6, NULL, NULL),
(1717, 'salma', 'enfant', 8, 1715, NULL, NULL, NULL, '$2y$10$jh5icgGxVKAJmrhB38QmzOTjrg9VIUzzrkrSYSGa856nrZAzWzJyK', NULL, NULL, NULL, 1, 0, '/girl4.jpeg', NULL, NULL, NULL, NULL, NULL, NULL, NULL, NULL, NULL, NULL, NULL, 'all', 'active', 1, 'AR', NULL, 0, 0, NULL, NULL, NULL, NULL, NULL, NULL, 1, 0, 0, NULL, NULL, 0, NULL, 1728325744, NULL, NULL, NULL, NULL, 2, 7, NULL, NULL),
(1718, 'mira', 'enfant', 8, 1715, NULL, NULL, NULL, '$2y$10$wYy4/N5nor11XOMXFBtZKe3S1uSCcie0/8anxgfmYItvq4zW9FuZS', NULL, NULL, NULL, 1, 0, '/girl1.jpeg', NULL, NULL, NULL, NULL, NULL, NULL, NULL, NULL, NULL, NULL, NULL, 'all', 'active', 1, 'AR', NULL, 0, 0, NULL, NULL, NULL, NULL, NULL, NULL, 1, 0, 0, NULL, NULL, 0, NULL, 1728325758, NULL, NULL, NULL, NULL, 3, 8, NULL, NULL),
(1725, 'ahmed', 'enfant', 8, 1720, NULL, NULL, NULL, '$2y$10$b6hmz/Sx9IdSzkIc5GzlC.6h9nhuvGExDdypIK3IxutiqX2HDhqY2', NULL, NULL, NULL, 1, 0, '/f14.png', NULL, NULL, NULL, NULL, NULL, NULL, NULL, NULL, NULL, NULL, NULL, 'all', 'active', 1, 'AR', NULL, 0, 0, NULL, NULL, NULL, NULL, NULL, NULL, 1, 0, 0, NULL, NULL, 0, NULL, 1728326333, NULL, NULL, NULL, NULL, 1, 6, NULL, NULL),
(1726, 'salma', 'enfant', 8, 1720, NULL, NULL, NULL, '$2y$10$crgWzafCXLV6BMEq4o9lOOoGDJBADpyd8.r9KJhzNnmxtzQndk9fu', NULL, NULL, NULL, 1, 0, '/girl1.jpeg', NULL, NULL, NULL, NULL, NULL, NULL, NULL, NULL, NULL, NULL, NULL, 'all', 'active', 1, 'AR', NULL, 0, 0, NULL, NULL, NULL, NULL, NULL, NULL, 1, 0, 0, NULL, NULL, 0, NULL, 1728326349, NULL, NULL, NULL, NULL, 2, 7, NULL, NULL),
(1727, 'mourad', 'enfant', 8, 1720, NULL, NULL, NULL, '$2y$10$hbxL7IpS9fztVuRny0rp6ejRUseqWndeT.l8Cr3RWNM32zQUKHi6W', NULL, NULL, NULL, 1, 0, '/boy1.jpeg', NULL, NULL, NULL, NULL, NULL, NULL, NULL, NULL, NULL, NULL, NULL, 'all', 'active', 1, 'AR', NULL, 0, 0, NULL, NULL, NULL, NULL, NULL, NULL, 1, 0, 0, NULL, NULL, 0, NULL, 1728326372, NULL, NULL, NULL, NULL, 4, 9, NULL, NULL),
(1728, 'ghada', 'enfant', 8, 1720, NULL, NULL, NULL, '$2y$10$DLbVfv/.K3r.DuuFnpe27ei1Fqp3n0oYZdaCKDa00dW7oTkV3OmQG', NULL, NULL, NULL, 1, 0, '/girl3.jpeg', NULL, NULL, NULL, NULL, NULL, NULL, NULL, NULL, NULL, NULL, NULL, 'all', 'active', 1, 'AR', NULL, 0, 0, NULL, NULL, NULL, NULL, NULL, NULL, 1, 0, 0, NULL, NULL, 0, NULL, 1728326390, NULL, NULL, NULL, NULL, 6, 11, NULL, NULL),
(1729, 'hey', 'enfant', 8, 1523, NULL, NULL, NULL, '$2y$10$hgyBMKw36QY.cEJTxnyXFOOpZ//TLv/KtvpHdeqTHdy055Y35dbAS', NULL, NULL, NULL, 1, 0, '/girl1.jpeg', NULL, NULL, NULL, NULL, NULL, NULL, NULL, NULL, NULL, NULL, NULL, 'all', 'active', 1, 'AR', NULL, 0, 0, NULL, NULL, NULL, NULL, NULL, NULL, 1, 0, 0, NULL, NULL, 0, NULL, 1728381232, NULL, NULL, NULL, NULL, 1, 6, NULL, NULL),
(1732, 'nessrine', 'enfant', 8, 1731, NULL, NULL, NULL, '$2y$10$QnDqt4Xqdzebk3FxE..izOluKtola3VvVTmCwY1xBwP3cIODEDyHm', NULL, NULL, NULL, 1, 0, '/boy2.jpeg', NULL, NULL, NULL, NULL, NULL, NULL, NULL, NULL, NULL, NULL, NULL, 'all', 'active', 1, 'AR', NULL, 0, 0, NULL, NULL, NULL, NULL, NULL, NULL, 1, 0, 0, NULL, NULL, 0, NULL, 1728382300, NULL, NULL, NULL, NULL, 2, 7, NULL, NULL),
(1733, 'nessrine', 'enfant', 8, 1731, NULL, NULL, NULL, '$2y$10$kygvVF48MwsecUC.q.rr3OHckbKg8Tt/JXN5aRUm4u9Sqyl.CIpMq', NULL, NULL, NULL, 1, 0, '/girl2.jpeg', NULL, NULL, NULL, NULL, NULL, NULL, NULL, NULL, NULL, NULL, NULL, 'all', 'active', 1, 'AR', NULL, 0, 0, NULL, NULL, NULL, NULL, NULL, NULL, 1, 0, 0, NULL, NULL, 0, NULL, 1728382319, NULL, NULL, NULL, NULL, 1, 6, NULL, NULL),
(1735, 'ali', 'enfant', 8, 1734, NULL, NULL, NULL, '$2y$10$D3XFDrdkEWWuQ.mkguP1OO4XQPyp8VcY3OnpxJqh.3CnmfCBOjfUu', NULL, NULL, NULL, 1, 0, '/boy2.jpeg', NULL, NULL, NULL, NULL, NULL, NULL, NULL, NULL, NULL, NULL, NULL, 'all', 'active', 1, 'AR', NULL, 0, 0, NULL, NULL, NULL, NULL, NULL, NULL, 1, 0, 0, NULL, NULL, 0, NULL, 1728387198, NULL, NULL, NULL, NULL, 2, 7, NULL, NULL),
(1736, 'ali', 'enfant', 8, 1734, NULL, NULL, NULL, '$2y$10$tyL4kxaxCinywLf8IDQ9JeA.AN.NecZFgCTlKOcemp7Mpvk9VPkha', NULL, NULL, NULL, 1, 0, '/boy1.jpeg', NULL, NULL, NULL, NULL, NULL, NULL, NULL, NULL, NULL, NULL, NULL, 'all', 'active', 1, 'AR', NULL, 0, 0, NULL, NULL, NULL, NULL, NULL, NULL, 1, 0, 0, NULL, NULL, 0, NULL, 1728387386, NULL, NULL, NULL, NULL, 3, 8, NULL, NULL),
(1737, 'nessrine', 'enfant', 8, 1734, NULL, NULL, NULL, '$2y$10$CmEGY19cdnKaZ.zLlzgNqe03Bh.977jcqcZPB3HIRmtQTfYJ2rgSS', NULL, NULL, NULL, 1, 0, '/girl2.jpeg', NULL, NULL, NULL, NULL, NULL, NULL, NULL, NULL, NULL, NULL, NULL, 'all', 'active', 1, 'AR', NULL, 0, 0, NULL, NULL, NULL, NULL, NULL, NULL, 1, 0, 0, NULL, NULL, 0, NULL, 1728387395, NULL, NULL, NULL, NULL, 6, 11, NULL, NULL),
(1738, '1', 'enfant', 8, 1734, NULL, NULL, NULL, '$2y$10$4xRk85j3Nisz/Ao34gta7uA04HJ0nfBU71LDACnlUzoTJ6W7zUB.a', NULL, NULL, NULL, 1, 0, '/girl1.jpeg', NULL, NULL, NULL, NULL, NULL, NULL, NULL, NULL, NULL, NULL, NULL, 'all', 'active', 1, 'AR', NULL, 0, 0, NULL, NULL, NULL, NULL, NULL, NULL, 1, 0, 0, NULL, NULL, 0, NULL, 1728387405, NULL, NULL, NULL, NULL, 2, 7, NULL, NULL),
(1739, 'Child 2', 'user', 1, NULL, NULL, NULL, NULL, '$2y$10$svNZtCF4osVu5e6HuHTdb.WlIl8UVTn/pCXMgQmJzkrHmECSNaqvG', NULL, NULL, NULL, 1, 0, '/girl4.jpeg', NULL, NULL, NULL, NULL, NULL, NULL, NULL, NULL, NULL, NULL, NULL, 'all', 'active', 1, 'AR', NULL, 0, 0, NULL, NULL, NULL, NULL, NULL, NULL, 1, 0, 0, NULL, NULL, 0, NULL, 1728390156, NULL, NULL, NULL, NULL, 1, 6, NULL, NULL),
(1744, 'ali', 'enfant', 8, 1743, NULL, NULL, NULL, '$2y$10$S3D3wean1N89Q2nwYze20O5./ZPrn/P20FpRq5QMVKBZllCaJWJmm', NULL, NULL, NULL, 1, 0, '/girl1.jpeg', NULL, NULL, NULL, NULL, NULL, NULL, NULL, NULL, NULL, NULL, NULL, 'all', 'active', 1, 'AR', NULL, 0, 0, NULL, NULL, NULL, NULL, NULL, NULL, 1, 0, 0, NULL, NULL, 0, NULL, 1728392717, '{\"dashboard\": [\"step1_child_completed\", \"step1_child_manuel_completed\", \"step2_child_manuel_completed\", \"step3_child_manuel_completed\"]}', NULL, NULL, NULL, 1, 6, NULL, NULL),
(1748, 'med', 'enfant', 8, 1746, NULL, NULL, NULL, '$2y$10$yjAFvUZegwf/.YJH0pQsi.FT2mJqf63qsS.PG79fVdf.l.ve5Qp6C', NULL, NULL, NULL, 1, 0, '/boy1.jpeg', NULL, NULL, NULL, NULL, NULL, NULL, NULL, NULL, NULL, NULL, NULL, 'all', 'active', 1, 'AR', NULL, 0, 0, NULL, NULL, NULL, NULL, NULL, NULL, 1, 0, 0, NULL, NULL, 0, NULL, 1728398962, '{\"dashboard\": [\"step1_child_completed\", \"step2_child_completed\"]}', NULL, NULL, NULL, 1, 6, NULL, NULL),
(1753, 'nessrine', 'enfant', 8, 1752, NULL, NULL, NULL, '$2y$10$IAy6VlOVFCNiyyfQWcIuYubqXSsW6CaM5LtBHsywqeWWVgigkaVXy', NULL, NULL, NULL, 1, 0, '/f14.png', NULL, NULL, NULL, NULL, NULL, NULL, NULL, NULL, NULL, NULL, NULL, 'all', 'active', 1, 'AR', NULL, 0, 0, NULL, NULL, NULL, NULL, NULL, NULL, 1, 0, 0, NULL, NULL, 0, NULL, 1728409937, '{\"manuel\": [\"step1_child_manuel_completed\", \"step2_child_manuel_completed\", \"step3_child_manuel_completed\"], \"dashboard\": [\"step1_child_completed\"]}', NULL, NULL, NULL, 1, 6, NULL, NULL),
(1754, 'ali', 'enfant', 8, 1752, NULL, NULL, NULL, '$2y$10$gLZ1ULiASeKPl68FhHJp9eXP05geTY6Otd5oXk9XBdtJQEhYawTWu', NULL, NULL, NULL, 1, 0, '/boy2.jpeg', NULL, NULL, NULL, NULL, NULL, NULL, NULL, NULL, NULL, NULL, NULL, 'all', 'active', 1, 'AR', NULL, 0, 0, NULL, NULL, NULL, NULL, NULL, NULL, 1, 0, 0, NULL, NULL, 0, NULL, 1728409953, NULL, NULL, NULL, NULL, 1, 6, NULL, NULL),
(1756, 'nessrine', 'enfant', 8, 1755, NULL, NULL, NULL, '$2y$10$AoIEXNSHLQp2MqYLKjiyPe6vcdkEzYRfRiP7iqEyrLy2dJK0uJ7ju', NULL, NULL, NULL, 1, 0, '/boy2.jpeg', NULL, NULL, NULL, NULL, NULL, NULL, NULL, NULL, NULL, NULL, NULL, 'all', 'active', 1, 'AR', NULL, 0, 0, NULL, NULL, NULL, NULL, NULL, NULL, 1, 0, 0, NULL, NULL, 0, NULL, 1728410090, '{\"manuel\": [\"step1_child_manuel_completed\", \"step2_child_manuel_completed\"], \"dashboard\": [\"step1_child_completed\"]}', NULL, NULL, NULL, 2, 7, NULL, NULL),
(1758, 'ali', 'enfant', 8, 1757, NULL, NULL, NULL, '$2y$10$wpmPpWbLPGmuQUttQMP4Du54YXQdclfOn8zRLY.gn7RhlX5z1Eh3e', NULL, NULL, NULL, 1, 0, '/f16.png', NULL, NULL, NULL, NULL, NULL, NULL, NULL, NULL, NULL, NULL, NULL, 'all', 'active', 1, 'AR', NULL, 0, 0, NULL, NULL, NULL, NULL, NULL, NULL, 1, 0, 0, NULL, NULL, 0, NULL, 1728411347, '{\"manuel\": [\"step1_child_manuel_completed\", \"step2_child_manuel_completed\", \"step3_child_manuel_completed\"], \"dashboard\": [\"step1_child_completed\", \"step2_child_completed\"]}', NULL, NULL, NULL, 2, 7, NULL, NULL),
(1760, 'ali', 'enfant', 8, 1759, NULL, NULL, NULL, '$2y$10$9kcYhBJW1EYP.VIJ6QOgpuG85XQw3YbME2gvxhnhRhGVoEqfaUXNK', NULL, NULL, NULL, 1, 0, '/f16.png', NULL, NULL, NULL, NULL, NULL, NULL, NULL, NULL, NULL, NULL, NULL, 'all', 'active', 1, 'AR', NULL, 0, 0, NULL, NULL, NULL, NULL, NULL, NULL, 1, 0, 0, NULL, NULL, 0, NULL, 1728411885, '{\"manuel\": [\"step1_child_manuel_completed\", \"step2_child_manuel_completed\", \"step3_child_manuel_completed\"], \"dashboard\": [\"step1_child_completed\"]}', NULL, NULL, NULL, 1, 6, NULL, NULL),
(1762, 'ahmed', 'enfant', 8, 1761, NULL, NULL, NULL, '$2y$10$ggRMFT8MMWhNYhlP4Z8vmuRwA28CNLLOv5tuI4GXMOaV/dcczhdBS', NULL, NULL, NULL, 1, 0, '/boy2.jpeg', NULL, NULL, NULL, NULL, NULL, NULL, NULL, NULL, NULL, NULL, NULL, 'all', 'active', 1, 'AR', NULL, 0, 0, NULL, NULL, NULL, NULL, NULL, NULL, 1, 0, 0, NULL, NULL, 0, NULL, 1728415272, NULL, NULL, NULL, NULL, 3, 8, NULL, NULL),
(1764, 'salma', 'enfant', 8, 1761, NULL, NULL, NULL, '$2y$10$F3mV/jnjP0JVoSE688bRBeVEaSbTsgeZ6X8ZefvpddcZHI8ZoI5XK', NULL, NULL, NULL, 1, 0, '/girl3.jpeg', NULL, NULL, NULL, NULL, NULL, NULL, NULL, NULL, NULL, NULL, NULL, 'all', 'active', 1, 'AR', NULL, 0, 0, NULL, NULL, NULL, NULL, NULL, NULL, 1, 0, 0, NULL, NULL, 0, NULL, 1728415392, NULL, NULL, NULL, NULL, 2, 7, NULL, NULL),
(1765, 'eya', 'enfant', 8, 1761, NULL, NULL, NULL, '$2y$10$OqKv1sVjUa.JmZ59tH.nbeOuCHEgCAziXATrYEUSXbAK6KdWXXfju', NULL, NULL, NULL, 1, 0, '/girl1.jpeg', NULL, NULL, NULL, NULL, NULL, NULL, NULL, NULL, NULL, NULL, NULL, 'all', 'active', 1, 'AR', NULL, 0, 0, NULL, NULL, NULL, NULL, NULL, NULL, 1, 0, 0, NULL, NULL, 0, NULL, 1728415417, NULL, NULL, NULL, NULL, 6, 11, NULL, NULL),
(1767, 'alaa', 'enfant', 8, 1761, NULL, NULL, NULL, '$2y$10$H8/8VvuveAgdXlDS44mgv.C7tn.JVgZds2st8tCZvDEWe2rKsuIla', NULL, NULL, NULL, 1, 0, '/f16.png', NULL, NULL, NULL, NULL, NULL, NULL, NULL, NULL, NULL, NULL, NULL, 'all', 'active', 1, 'AR', NULL, 0, 0, NULL, NULL, NULL, NULL, NULL, NULL, 1, 0, 0, NULL, NULL, 0, NULL, 1728415468, NULL, NULL, NULL, NULL, 4, 9, NULL, NULL),
(1769, 'ahmed', 'enfant', 8, 1768, NULL, NULL, NULL, '$2y$10$oTWg.sOEnD6Mt1xHZZ5O0.4SXo93lFPchx6uamMMCPB6WuElgBaZm', NULL, NULL, NULL, 1, 0, '/boy2.jpeg', NULL, NULL, NULL, NULL, NULL, NULL, NULL, NULL, NULL, NULL, NULL, 'all', 'active', 1, 'AR', NULL, 0, 0, NULL, NULL, NULL, NULL, NULL, NULL, 1, 0, 0, NULL, NULL, 0, NULL, 1728415991, NULL, NULL, NULL, NULL, 1, 6, NULL, NULL),
(1770, 'malek', 'enfant', 8, 1768, NULL, NULL, NULL, '$2y$10$zaS0maxAJBwKGveysQldGu8zv79GsL3rfazOHNY7DBTgF8FhEPYWa', NULL, NULL, NULL, 1, 0, '/girl2.jpeg', NULL, NULL, NULL, NULL, NULL, NULL, NULL, NULL, NULL, NULL, NULL, 'all', 'active', 1, 'AR', NULL, 0, 0, NULL, NULL, NULL, NULL, NULL, NULL, 1, 0, 0, NULL, NULL, 0, NULL, 1728416008, NULL, NULL, NULL, NULL, 3, 8, NULL, NULL),
(1771, 'yasmine', 'enfant', 8, 1768, NULL, NULL, NULL, '$2y$10$KDfnfO9VHFXVJ0Zy7awQ9uKH2nNl/KlLlLgMi/Bg7nEXwf..vhg9C', NULL, NULL, NULL, 1, 0, '/girl1.jpeg', NULL, NULL, NULL, NULL, NULL, NULL, NULL, NULL, NULL, NULL, NULL, 'all', 'active', 1, 'AR', NULL, 0, 0, NULL, NULL, NULL, NULL, NULL, NULL, 1, 0, 0, NULL, NULL, 0, NULL, 1728416024, NULL, NULL, NULL, NULL, 4, 9, NULL, NULL),
(1773, 'children 02', 'enfant', 8, 1759, NULL, NULL, NULL, '$2y$10$ep1RSRZynkAbUzw5mZk3uulOwbdxALXnRzID7/oITiVWqYpTTm3Ae', NULL, NULL, NULL, 1, 0, '/boy2.jpeg', NULL, NULL, NULL, NULL, NULL, NULL, NULL, NULL, NULL, NULL, NULL, 'all', 'active', 1, 'AR', NULL, 0, 0, NULL, NULL, NULL, NULL, NULL, NULL, 1, 0, 0, NULL, NULL, 0, NULL, 1728465570, NULL, NULL, NULL, NULL, 3, 8, NULL, NULL),
(1774, 'childr 03', 'enfant', 8, 1759, NULL, NULL, NULL, '$2y$10$lTHCddzF7Hzgz3M1RC0WLeQR5i7AcYoDkJIA.ujt7F7HCr33RxeZq', NULL, NULL, NULL, 1, 0, '/boy1.jpeg', NULL, NULL, NULL, NULL, NULL, NULL, NULL, NULL, NULL, NULL, NULL, 'all', 'active', 1, 'AR', NULL, 0, 0, NULL, NULL, NULL, NULL, NULL, NULL, 1, 0, 0, NULL, NULL, 0, NULL, 1728465582, '{\"manuel\": [\"step1_child_manuel_completed\", \"step2_child_manuel_completed\", \"step3_child_manuel_completed\"]}', NULL, NULL, NULL, 6, 11, NULL, NULL),
(1775, 'child 4', 'enfant', 8, 1759, NULL, NULL, NULL, '$2y$10$endLnQzvR/KZitai0RckTun1I/f2IwuFWXRZ0WA.ne9ARybaWI5LC', NULL, NULL, NULL, 1, 0, '/girl4.jpeg', NULL, NULL, NULL, NULL, NULL, NULL, NULL, NULL, NULL, NULL, NULL, 'all', 'active', 1, 'AR', NULL, 0, 0, NULL, NULL, NULL, NULL, NULL, NULL, 1, 0, 0, NULL, NULL, 0, NULL, 1728465593, '{\"manuel\": [\"step1_child_manuel_completed\", \"step2_child_manuel_completed\", \"step3_child_manuel_completed\"]}', NULL, NULL, NULL, 1, 6, NULL, NULL),
(1777, 'ezedine', 'enfant', 8, 1776, NULL, NULL, NULL, '$2y$10$b1HVuLp/LrbZZ7tx75.0guMmDo6SbdK1X6V3i.Bc7YM38vgAjIb/6', NULL, NULL, NULL, 1, 0, '/boy2.jpeg', NULL, NULL, NULL, NULL, NULL, NULL, NULL, NULL, NULL, NULL, NULL, 'all', 'active', 1, 'AR', NULL, 0, 0, NULL, NULL, NULL, NULL, NULL, NULL, 1, 0, 0, NULL, NULL, 0, NULL, 1728476298, '{\"manuel\": [\"step1_child_manuel_completed\", \"step2_child_manuel_completed\"], \"dashboard\": [\"step1_child_completed\", \"step2_child_completed\"]}', NULL, NULL, NULL, 2, 7, NULL, NULL),
(1778, 'daif', 'enfant', 8, 1776, NULL, NULL, NULL, '$2y$10$4eKKmw3mbScuLjzLhmO/9eyX2J/fcr9.rZTaZh0I.HSkZPBlYK1DC', NULL, NULL, NULL, 1, 0, '/f16.png', NULL, NULL, NULL, NULL, NULL, NULL, NULL, NULL, NULL, NULL, NULL, 'all', 'active', 1, 'AR', NULL, 0, 0, NULL, NULL, NULL, NULL, NULL, NULL, 1, 0, 0, NULL, NULL, 0, NULL, 1728476312, NULL, NULL, NULL, NULL, 2, 7, NULL, NULL),
(1780, 'ezedine', 'enfant', 8, 1779, NULL, NULL, NULL, '$2y$10$IuqUguOBM1MBClH0/4.g1ukgPif5uZhAPFn2M6Y96gY0YwbBvn7Oa', NULL, NULL, NULL, 1, 0, '/f14.png', NULL, NULL, NULL, NULL, NULL, NULL, NULL, NULL, NULL, NULL, NULL, 'all', 'active', 1, 'AR', NULL, 0, 0, NULL, NULL, NULL, NULL, NULL, NULL, 1, 0, 0, NULL, NULL, 0, NULL, 1728477412, '{\"dashboard\": [\"step2_child_completed\", \"step1_child_completed\"]}', NULL, NULL, NULL, 2, 7, NULL, NULL),
(1781, '1', 'enfant', 8, 1779, NULL, NULL, NULL, '$2y$10$hsyrn0J653UxCwwZjW3UPemeCyFGgDmCI.YkNMf4qx1/Ni6v/.avm', NULL, NULL, NULL, 1, 0, '/girl1.jpeg', NULL, NULL, NULL, NULL, NULL, NULL, NULL, NULL, NULL, NULL, NULL, 'all', 'active', 1, 'AR', NULL, 0, 0, NULL, NULL, NULL, NULL, NULL, NULL, 1, 0, 0, NULL, NULL, 0, NULL, 1728477443, '{\"dashboard\": [\"step1_child_completed\"]}', NULL, NULL, NULL, 2, 7, NULL, NULL),
(1783, 'ezedine', 'enfant', 8, 1782, NULL, NULL, NULL, '$2y$10$Ms0L1kFdxHN4ja8vV5S9Se3vOS7MBnMnQB0LhgoyW36KWOtqu0tWW', NULL, NULL, NULL, 1, 0, '/girl4.jpeg', NULL, NULL, NULL, NULL, NULL, NULL, NULL, NULL, NULL, NULL, NULL, 'all', 'active', 1, 'AR', NULL, 0, 0, NULL, NULL, NULL, NULL, NULL, NULL, 1, 0, 0, NULL, NULL, 0, NULL, 1728477579, '{\"manuel\": [\"step1_child_manuel_completed\", \"step2_child_manuel_completed\"]}', NULL, NULL, NULL, 2, 7, NULL, NULL),
(1785, '1', 'enfant', 8, 1784, NULL, NULL, NULL, '$2y$10$Zd7ItZ4dOXvup64QfMMpyeJ4guDdj49rI1dSga3nke6Rut/mWR5y2', NULL, NULL, NULL, 1, 0, '/boy1.jpeg', NULL, NULL, NULL, NULL, NULL, NULL, NULL, NULL, NULL, NULL, NULL, 'all', 'active', 1, 'AR', NULL, 0, 0, NULL, NULL, NULL, NULL, NULL, NULL, 1, 0, 0, NULL, NULL, 0, NULL, 1728477964, '{\"dashboard\": [\"step2_child_completed\"]}', NULL, NULL, NULL, 2, 7, NULL, NULL),
(1786, 'ezedine', 'enfant', 8, 1784, NULL, NULL, NULL, '$2y$10$kI5sVZdAGnfip/Ksvpt//etQSaBB0d/VXxkvHLRtYRHLr/59lUZ6W', NULL, NULL, NULL, 1, 0, '/boy2.jpeg', NULL, NULL, NULL, NULL, NULL, NULL, NULL, NULL, NULL, NULL, NULL, 'all', 'active', 1, 'AR', NULL, 0, 0, NULL, NULL, NULL, NULL, NULL, NULL, 1, 0, 0, NULL, NULL, 0, NULL, 1728477992, '{\"dashboard\": [\"step1_child_completed\", \"step2_child_completed\"]}', NULL, NULL, NULL, 1, 6, NULL, NULL),
(1787, 'ezedine', 'enfant', 8, 1776, NULL, NULL, NULL, '$2y$10$jELLKoVbKcwPPIF1UvfRgOov/PgIhaXoMBIw9y3LgwggeJrNSCjsG', NULL, NULL, NULL, 1, 0, '/f16.png', NULL, NULL, NULL, NULL, NULL, NULL, NULL, NULL, NULL, NULL, NULL, 'all', 'active', 1, 'AR', NULL, 0, 0, NULL, NULL, NULL, NULL, NULL, NULL, 1, 0, 0, NULL, NULL, 0, NULL, 1728478247, '{\"manuel\": [\"step1_child_manuel_completed\", \"step2_child_manuel_completed\"]}', NULL, NULL, NULL, 5, 10, NULL, NULL),
(1789, 'حنان العمروني', 'organization', 3, NULL, '21740077', NULL, NULL, '$2y$10$.J2IzbS07nYEPhNs8BU/Sew9b3IsyaOz2Xqd88mEIZLvi8It/p1i.', NULL, NULL, NULL, 0, 0, NULL, '{\"color\":\"FFFFFF\",\"background\":\"e65100\"}', NULL, NULL, NULL, NULL, NULL, NULL, NULL, NULL, NULL, NULL, 'all', 'active', 1, NULL, 'Africa/Tunis', 0, 0, NULL, NULL, NULL, NULL, NULL, NULL, 0, 0, 0, NULL, NULL, 0, NULL, 1728478876, '{\"dashboard\": [\"step2_completed\", \"step3_completed\"]}', NULL, NULL, NULL, NULL, NULL, NULL, NULL),
(1790, 'ادم', 'enfant', 8, 1789, NULL, NULL, NULL, '$2y$10$yGpBBtCRtkWk6HI85yMsWuEWG.W73i.VKejxX2zfhAVdLsJy25WvG', NULL, NULL, NULL, 1, 0, '/f16.png', NULL, NULL, NULL, NULL, NULL, NULL, NULL, NULL, NULL, NULL, NULL, 'all', 'active', 1, 'AR', NULL, 0, 0, NULL, NULL, NULL, NULL, NULL, NULL, 1, 0, 0, NULL, NULL, 0, NULL, 1728478894, NULL, NULL, NULL, NULL, 5, 10, NULL, NULL),
(1792, 'ميار', 'enfant', 8, 1789, NULL, NULL, NULL, '$2y$10$qzBcr.GFwwMC7OFZiGZ5geddYmSJKaGwqNb9sDUXzgCurtcvj4CZ6', NULL, NULL, NULL, 1, 0, '/girl3.jpeg', NULL, NULL, NULL, NULL, NULL, NULL, NULL, NULL, NULL, NULL, NULL, 'all', 'active', 1, 'AR', NULL, 0, 0, NULL, NULL, NULL, NULL, NULL, NULL, 1, 0, 0, NULL, NULL, 0, NULL, 1728478932, '{\"manuel\": [\"step1_child_manuel_completed\", \"step2_child_manuel_completed\"], \"dashboard\": [\"step2_child_completed\", \"step1_child_completed\"]}', NULL, NULL, NULL, 1, 6, NULL, NULL),
(1793, '1', 'enfant', 8, 1791, NULL, NULL, NULL, '$2y$10$WDq7steqj6FbnaWZgAPEQOff9jKg1fEUhW.erIMs2kSr3hs5VwKtq', NULL, NULL, NULL, 1, 0, '/f16.png', NULL, NULL, NULL, NULL, NULL, NULL, NULL, NULL, NULL, NULL, NULL, 'all', 'active', 1, 'AR', NULL, 0, 0, NULL, NULL, NULL, NULL, NULL, NULL, 1, 0, 0, NULL, NULL, 0, NULL, 1728478953, '{\"manuel\": [\"step1_child_manuel_completed\", \"step2_child_manuel_completed\"], \"dashboard\": [\"step1_child_completed\", \"step2_child_completed\"]}', NULL, NULL, NULL, 1, 6, NULL, NULL),
(1794, '1', 'enfant', 8, 1791, NULL, NULL, NULL, '$2y$10$eaxweJcixA0tcxMRX5AvIu2FURWBZoBuNu/kpkdzpdfhfZ3UV5gim', NULL, NULL, NULL, 1, 0, '/boy1.jpeg', NULL, NULL, NULL, NULL, NULL, NULL, NULL, NULL, NULL, NULL, NULL, 'all', 'active', 1, 'AR', NULL, 0, 0, NULL, NULL, NULL, NULL, NULL, NULL, 1, 0, 0, NULL, NULL, 0, NULL, 1728479017, '{\"dashboard\": [\"step1_child_completed\", \"step2_child_completed\"]}', NULL, NULL, NULL, 2, 7, NULL, NULL),
(1796, 'ezedine', 'enfant', 8, 1795, NULL, NULL, NULL, '$2y$10$eqmwFowHCruDTKvV519QJujZJ1oqXklQDznOzzCggAf7N5jFdqtfC', NULL, NULL, NULL, 1, 0, '/boy2.jpeg', NULL, NULL, NULL, NULL, NULL, NULL, NULL, NULL, NULL, NULL, NULL, 'all', 'active', 1, 'AR', NULL, 0, 0, NULL, NULL, NULL, NULL, NULL, NULL, 1, 0, 0, NULL, NULL, 0, NULL, 1728479169, '{\"dashboard\": [\"step1_child_completed\"]}', NULL, NULL, NULL, 2, 7, NULL, NULL),
(1799, 'Leila', 'organization', 3, NULL, '95152486', NULL, NULL, '$2y$10$Yt/7THteYUM0FVZpEYBA0OmG.WghTcKWkkcwKJBZboDiTafxzpp9e', NULL, NULL, 'YiY9vMIV7rGs2zea57xKGNhqqS589QjMIkvrlIkDWaP4nmQNjIbqSRwIWrOs', 0, 0, NULL, '{\"color\":\"000000\",\"background\":\"c6ff00\"}', NULL, NULL, NULL, NULL, NULL, NULL, NULL, NULL, NULL, NULL, 'all', 'active', 1, 'AR', 'Africa/Tunis', 0, 0, NULL, NULL, NULL, NULL, NULL, NULL, 0, 0, 0, NULL, NULL, 0, NULL, 1728480845, '{\"dashboard\": [\"step1_completed\", \"step2_completed\", \"step3_completed\"]}', NULL, NULL, NULL, NULL, NULL, NULL, NULL),
(1800, 'Eline', 'enfant', 8, 1799, NULL, NULL, NULL, '$2y$10$ZGcAyv/k51d4wm3/93tGXOQEYxnkQdK51StGYclPX7OzIiISevz0S', NULL, NULL, NULL, 1, 0, '/girl4.jpeg', NULL, NULL, NULL, NULL, NULL, NULL, NULL, NULL, NULL, NULL, NULL, 'all', 'active', 1, 'AR', NULL, 0, 0, NULL, NULL, NULL, NULL, NULL, NULL, 1, 0, 0, NULL, NULL, 0, NULL, 1728480908, '{\"dashboard\": [\"step1_child_completed\"]}', NULL, NULL, NULL, 5, 10, NULL, NULL),
(1804, '1', 'enfant', 8, 1803, NULL, NULL, NULL, '$2y$10$Fo3luVfg3FeSX3vVyZ/9quJ70Jzbk/PRtRlZP9IFWadTMaed2.W9y', NULL, NULL, NULL, 1, 0, '/girl4.jpeg', NULL, NULL, NULL, NULL, NULL, NULL, NULL, NULL, NULL, NULL, NULL, 'all', 'active', 1, 'AR', NULL, 0, 0, NULL, NULL, NULL, NULL, NULL, NULL, 1, 0, 0, NULL, NULL, 0, NULL, 1728489145, '{\"manuel\": [\"step1_child_manuel_completed\", \"step2_child_manuel_completed\"], \"dashboard\": [\"step1_child_completed\", \"step2_child_completed\"]}', NULL, NULL, NULL, 2, 7, NULL, NULL),
(1806, 'ezedine', 'enfant', 8, 1805, NULL, NULL, NULL, '$2y$10$L0js4KMCiP68JmQg7eq0nOJG0q.slvcLDgOO75ZH0yMEYFM0hSMZ2', NULL, NULL, NULL, 1, 0, '/boy2.jpeg', NULL, NULL, NULL, NULL, NULL, NULL, NULL, NULL, NULL, NULL, NULL, 'all', 'active', 1, 'AR', NULL, 0, 0, NULL, NULL, NULL, NULL, NULL, NULL, 1, 0, 0, NULL, NULL, 0, NULL, 1728489282, '{\"manuel\": [\"step1_child_manuel_completed\", \"step2_child_manuel_completed\"], \"dashboard\": [\"step1_child_completed\"]}', NULL, NULL, NULL, 2, 7, NULL, NULL),
(1808, '1', 'enfant', 8, 1807, NULL, NULL, NULL, '$2y$10$7J.RBsDN51XDmtD1egw5xerJTpvrWBhkX81PX7VHkxZ1Fdh5HJcyq', NULL, NULL, NULL, 1, 0, '/boy2.jpeg', NULL, NULL, NULL, NULL, NULL, NULL, NULL, NULL, NULL, NULL, NULL, 'all', 'active', 1, 'AR', NULL, 0, 0, NULL, NULL, NULL, NULL, NULL, NULL, 1, 0, 0, NULL, NULL, 0, NULL, 1728489356, '{\"manuel\": [\"step1_child_manuel_completed\", \"step2_child_manuel_completed\"], \"dashboard\": [\"step1_child_completed\"]}', NULL, NULL, NULL, 1, 6, NULL, NULL),
(1809, 'ezedine', 'enfant', 8, 1807, NULL, NULL, NULL, '$2y$10$058z3R1wFW5AySnOD5jx3uKxyVb1PZsvXBbxL2y6haMw74U/eIYT2', NULL, NULL, NULL, 1, 0, '/f16.png', NULL, NULL, NULL, NULL, NULL, NULL, NULL, NULL, NULL, NULL, NULL, 'all', 'active', 1, 'AR', NULL, 0, 0, NULL, NULL, NULL, NULL, NULL, NULL, 1, 0, 0, NULL, NULL, 0, NULL, 1728489363, NULL, NULL, NULL, NULL, 1, 6, NULL, NULL),
(1812, 'Ibtihel', 'organization', 3, NULL, '58341105', NULL, NULL, '$2y$10$DDX.gfb8wNt37XHQLlI0guGaSOcbuZIPeqil5dpd/haLnv7L08wpW', NULL, NULL, NULL, 0, 0, NULL, '{\"color\":\"000000\",\"background\":\"ffab91\"}', NULL, NULL, NULL, NULL, NULL, NULL, NULL, NULL, NULL, NULL, 'all', 'active', 1, NULL, 'Africa/Tunis', 0, 0, NULL, NULL, NULL, NULL, NULL, NULL, 0, 0, 0, NULL, NULL, 0, NULL, 1728493438, '{\"dashboard\": [\"step1_completed\", \"step2_completed\", \"step3_completed\"]}', NULL, NULL, NULL, NULL, NULL, NULL, NULL),
(1813, 'Khaled', 'enfant', 8, 1812, NULL, NULL, NULL, '$2y$10$8nPHqpTzuLUCDkAz6pHAeeA8NDTsNipYGfm3E/aKyEfduX5V5VUeW', NULL, NULL, NULL, 1, 0, '/f16.png', NULL, NULL, NULL, NULL, NULL, NULL, NULL, NULL, NULL, NULL, NULL, 'all', 'active', 1, 'AR', NULL, 0, 0, NULL, NULL, NULL, NULL, NULL, NULL, 1, 0, 0, NULL, NULL, 0, NULL, 1728493466, '{\"manuel\": [\"step1_child_manuel_completed\", \"step2_child_manuel_completed\"], \"dashboard\": [\"step1_child_completed\", \"step2_child_completed\"]}', NULL, NULL, NULL, 1, 6, NULL, NULL),
(1815, 'malek', 'enfant', 8, 1812, NULL, NULL, NULL, '$2y$10$LCfjRg3G.uYj19GuOVC.2uo4kxxHUB6It/iUk.3PzQNL5jT7Nwd3.', NULL, NULL, NULL, 1, 0, '/boy1.jpeg', NULL, NULL, NULL, NULL, NULL, NULL, NULL, NULL, NULL, NULL, NULL, 'all', 'active', 1, 'AR', NULL, 0, 0, NULL, NULL, NULL, NULL, NULL, NULL, 1, 0, 0, NULL, NULL, 0, NULL, 1728493501, NULL, NULL, NULL, NULL, 2, 7, NULL, NULL),
(1816, 'yasmine', 'enfant', 8, 1812, NULL, NULL, NULL, '$2y$10$689oCHIc0GHktub.JJ/RGOnoFIrxs89c6d9lPyybzvjbAz2yFydUG', NULL, NULL, NULL, 1, 0, '/girl2.jpeg', NULL, NULL, NULL, NULL, NULL, NULL, NULL, NULL, NULL, NULL, NULL, 'all', 'active', 1, 'AR', NULL, 0, 0, NULL, NULL, NULL, NULL, NULL, NULL, 1, 0, 0, NULL, NULL, 0, NULL, 1728493509, '{\"manuel\": [\"step1_child_manuel_completed\", \"step2_child_manuel_completed\"]}', NULL, NULL, NULL, 6, 11, NULL, NULL),
(1817, 'OMEZZINE CHERMITI', 'organization', 3, NULL, '58323002', NULL, NULL, '$2y$10$FrDOFV5LmfdVQINZNik3ge1t1Rtdu9BIzSg10Thr9TdIxkCZoVK4a', NULL, NULL, '87JIsgVJnQcXBHDkAWYwULg4xQTGszViTb9pB2nj5g67On5c6ly3cDTlx7wN', 0, 0, NULL, '{\"color\":\"000000\",\"background\":\"ffa726\"}', NULL, NULL, NULL, NULL, NULL, NULL, NULL, NULL, NULL, NULL, 'all', 'active', 1, NULL, 'Africa/Tunis', 0, 0, NULL, NULL, NULL, NULL, NULL, NULL, 0, 0, 0, NULL, NULL, 0, NULL, 1728559193, '{\"dashboard\": [\"step1_completed\", \"step3_completed\"]}', NULL, NULL, NULL, NULL, NULL, NULL, NULL),
(1818, 'YOUSSEF', 'enfant', 8, 1817, NULL, NULL, NULL, '$2y$10$.piErvDs95eWlUi8MBsyT.0VxlB0SkAgEmQPncV28ilZvPh479f96', NULL, NULL, NULL, 1, 0, '/boy1.jpeg', NULL, NULL, NULL, NULL, NULL, NULL, NULL, NULL, NULL, NULL, NULL, 'all', 'active', 1, 'AR', NULL, 0, 0, NULL, NULL, NULL, NULL, NULL, NULL, 1, 0, 0, NULL, NULL, 0, NULL, 1728559216, NULL, NULL, NULL, NULL, 5, 10, NULL, NULL),
(1819, 'MANEL AYADI', 'organization', 3, NULL, '51380446', NULL, NULL, '$2y$10$0hCUVztw7eutFBvCJWFwu.4I6.lXfM95yh.WGJXpddpP8esSMBEpS', NULL, NULL, NULL, 0, 0, NULL, '{\"color\":\"FFFFFF\",\"background\":\"1565c0\"}', NULL, NULL, NULL, NULL, NULL, NULL, NULL, NULL, NULL, NULL, 'all', 'active', 1, NULL, 'Africa/Tunis', 0, 0, NULL, NULL, NULL, NULL, NULL, NULL, 0, 0, 0, NULL, NULL, 0, NULL, 1728570345, '{\"dashboard\": [\"step1_completed\", \"step2_completed\", \"step3_completed\"]}', NULL, NULL, NULL, NULL, NULL, NULL, NULL),
(1820, 'SARRA', 'enfant', 8, 1819, NULL, NULL, NULL, '$2y$10$zfaRLeuLH5xhZK5Wp86oG.gbRhEk6rCJZn253AkAmiYyY4CZco5pW', NULL, NULL, NULL, 1, 0, '/girl2.jpeg', NULL, NULL, NULL, NULL, NULL, NULL, NULL, NULL, NULL, NULL, NULL, 'all', 'active', 1, 'AR', NULL, 0, 0, NULL, NULL, NULL, NULL, NULL, NULL, 1, 0, 0, NULL, NULL, 0, NULL, 1728570365, NULL, NULL, NULL, NULL, 5, 10, NULL, NULL),
(1821, 'EYA', 'enfant', 8, 1819, NULL, NULL, NULL, '$2y$10$Wn7Z.zwL40pSEnUkWBG/oeEBhcBm8s8wWV/rA6il/d1dEKuJX.J/i', NULL, NULL, NULL, 1, 0, '/girl4.jpeg', NULL, NULL, NULL, NULL, NULL, NULL, NULL, NULL, NULL, NULL, NULL, 'all', 'active', 1, 'AR', NULL, 0, 0, NULL, NULL, NULL, NULL, NULL, NULL, 1, 0, 0, NULL, NULL, 0, NULL, 1728570377, NULL, NULL, NULL, NULL, 1, 6, NULL, NULL),
(1822, 'Mhedhbi Marwa', 'organization', 3, NULL, '29402752', NULL, NULL, '$2y$10$uSuKHX5frAxofAQBIR.y1uJ5QwqMl8xWQsgiRvGx/8eawmOMIdeP6', NULL, NULL, NULL, 0, 0, NULL, '{\"color\":\"000000\",\"background\":\"C51162\"}', NULL, NULL, NULL, NULL, NULL, NULL, NULL, NULL, NULL, NULL, 'all', 'active', 1, NULL, 'Africa/Tunis', 0, 0, NULL, NULL, NULL, NULL, NULL, NULL, 0, 0, 0, NULL, NULL, 0, NULL, 1728576687, '{\"dashboard\": [\"step1_completed\", \"step3_completed\", \"step2_completed\"]}', NULL, NULL, NULL, NULL, NULL, NULL, NULL),
(1823, 'روميساء', 'enfant', 8, 1822, NULL, NULL, NULL, '$2y$10$8jvpBeLpK.BKnv9Z51Dd6uGVC9SB2lL8CfRsSGJNXUo5V/CSJQqLC', NULL, NULL, NULL, 1, 0, '/girl3.jpeg', NULL, NULL, NULL, NULL, NULL, NULL, NULL, NULL, NULL, NULL, NULL, 'all', 'active', 1, 'AR', NULL, 0, 0, NULL, NULL, NULL, NULL, NULL, NULL, 1, 0, 0, NULL, NULL, 0, NULL, 1728576822, '{\"manuel\": [\"step1_child_manuel_completed\", \"step2_child_manuel_completed\"]}', NULL, NULL, NULL, 5, 10, NULL, NULL),
(1824, '1', 'enfant', 8, 1740, NULL, NULL, NULL, '$2y$10$DEsuN3KepHRU6o2JoMQ5JOrXXzv9qTmaK/gZz6udrnODdwTVaJKPO', NULL, NULL, NULL, 1, 0, '/girl4.jpeg', NULL, NULL, NULL, NULL, NULL, NULL, NULL, NULL, NULL, NULL, NULL, 'all', 'active', 1, 'AR', NULL, 0, 0, NULL, NULL, NULL, NULL, NULL, NULL, 1, 0, 0, NULL, NULL, 0, NULL, 1728576947, '{\"manuel\": [\"step1_child_manuel_completed\"]}', NULL, NULL, NULL, 3, 8, NULL, NULL),
(1826, 'anis', 'enfant', 8, 1740, NULL, NULL, NULL, '$2y$10$u2ydEXGi3YGjQ0.a61xN/eAceuK.AxZgSJFQwPY5ZloS6tn5op.2O', NULL, NULL, NULL, 1, 0, '/girl3.jpeg', NULL, NULL, NULL, NULL, NULL, NULL, NULL, NULL, NULL, NULL, NULL, 'all', 'active', 1, 'AR', NULL, 0, 0, NULL, NULL, NULL, NULL, NULL, NULL, 1, 0, 0, NULL, NULL, 0, NULL, 1728639144, '{\"manuel\": [\"step1_child_manuel_completed\", \"step2_child_manuel_completed\"], \"dashboard\": [\"step2_child_completed\", \"step1_child_completed\"]}', NULL, NULL, NULL, 1, 6, NULL, NULL),
(1827, 'ezedine', 'enfant', 8, 1740, NULL, NULL, NULL, '$2y$10$YA1Wlw9FKfRh1Aan9pdpDedOhnNjVpBYZJ5vMi.kfjjyLsYev9t7y', NULL, NULL, NULL, 1, 0, '/boy1.jpeg', NULL, NULL, NULL, NULL, NULL, NULL, NULL, NULL, NULL, NULL, NULL, 'all', 'active', 1, 'AR', NULL, 0, 0, NULL, NULL, NULL, NULL, NULL, NULL, 1, 0, 0, NULL, NULL, 0, NULL, 1728641745, '{\"manuel\": [\"step1_child_manuel_completed\", \"step2_child_manuel_completed\"], \"dashboard\": [\"step1_child_completed\", \"step2_child_completed\"]}', NULL, NULL, NULL, 6, 11, NULL, NULL),
(1828, 'name', 'enfant', 8, 1740, NULL, NULL, NULL, '$2y$10$yWzrUhJZO8v62JiaBv77/ex3Lq33ZvGYYEUJbsHZjj3ZjSUAe7Z0.', NULL, NULL, NULL, 1, 0, '/boy2.jpeg', NULL, NULL, NULL, NULL, NULL, NULL, NULL, NULL, NULL, NULL, NULL, 'all', 'active', 1, 'AR', NULL, 0, 0, NULL, NULL, NULL, NULL, NULL, NULL, 1, 0, 0, NULL, NULL, 0, NULL, 1728642180, NULL, NULL, NULL, NULL, 4, 9, NULL, NULL),
(1830, 'ezedine', 'enfant', 8, 1829, NULL, NULL, NULL, '$2y$10$F55EJGYOp/FGOxeb.owfS.VfupL7YAkVIl1zEPnnhRF7tRs2VV66a', NULL, NULL, NULL, 1, 0, '/f16.png', NULL, NULL, NULL, NULL, NULL, NULL, NULL, NULL, NULL, NULL, NULL, 'all', 'active', 1, 'AR', NULL, 0, 0, NULL, NULL, NULL, NULL, NULL, NULL, 1, 0, 0, NULL, NULL, 0, NULL, 1728642268, '{\"manuel\": [\"step1_child_manuel_completed\", \"step2_child_manuel_completed\"], \"dashboard\": [\"step1_child_completed\", \"step2_child_completed\"]}', NULL, NULL, NULL, 1, 6, NULL, NULL),
(1831, 'child 02', 'enfant', 8, 1829, NULL, NULL, NULL, '$2y$10$1TJDSxi321gn7KM8v8jZxO9VyvVQZpdzRsWM1a3Px8GOaezQozPwe', NULL, NULL, NULL, 1, 0, '/girl1.jpeg', NULL, NULL, NULL, NULL, NULL, NULL, NULL, NULL, NULL, NULL, NULL, 'all', 'active', 1, 'AR', NULL, 0, 0, NULL, NULL, NULL, NULL, NULL, NULL, 1, 0, 0, NULL, NULL, 0, NULL, 1728642299, '{\"manuel\": [\"step1_child_manuel_completed\", \"step2_child_manuel_completed\"]}', NULL, NULL, NULL, 3, 8, NULL, NULL),
(1832, 'Mahjoub Insaf', 'organization', 3, NULL, '92963212', NULL, NULL, '$2y$10$Xs3hlBUsyifUFJ32Z/pXru7oZaBq4gQJFCLKWcmVaU7.gGM3cChDq', NULL, NULL, NULL, 0, 0, NULL, '{\"color\":\"000000\",\"background\":\"80d8ff\"}', NULL, NULL, NULL, NULL, NULL, NULL, NULL, NULL, NULL, NULL, 'all', 'active', 1, NULL, 'Africa/Tunis', 0, 0, NULL, NULL, NULL, NULL, NULL, NULL, 0, 0, 0, NULL, NULL, 0, NULL, 1728646959, '{\"dashboard\": [\"step1_completed\", \"step2_completed\", \"step3_completed\"]}', NULL, NULL, NULL, NULL, NULL, NULL, NULL),
(1833, 'emna ayachi', 'enfant', 8, 1832, NULL, NULL, NULL, '$2y$10$Jd0PHGKtjutx7.7POgIpae6AMX788lHuRwlPmMHSlIkiK4DYJLrCK', NULL, NULL, NULL, 1, 0, '/girl3.jpeg', NULL, NULL, NULL, NULL, NULL, NULL, NULL, NULL, NULL, NULL, NULL, 'all', 'active', 1, 'AR', NULL, 0, 0, NULL, NULL, NULL, NULL, NULL, NULL, 1, 0, 0, NULL, NULL, 0, NULL, 1728646984, NULL, NULL, NULL, NULL, 5, 10, NULL, NULL),
(1834, 'مبروكة ماكني', 'organization', 3, NULL, '58791696', NULL, NULL, '$2y$10$.jaqClDlrly0CVnHDp5mXeyWAQ0Fo6sbmYYanxDfuzs0yewYyzSDq', NULL, NULL, NULL, 0, 0, NULL, '{\"color\":\"000000\",\"background\":\"1de9b6\"}', NULL, NULL, NULL, NULL, NULL, NULL, NULL, NULL, NULL, NULL, 'all', 'active', 1, NULL, 'Africa/Tunis', 0, 0, NULL, NULL, NULL, NULL, NULL, NULL, 0, 0, 0, NULL, NULL, 0, NULL, 1728650057, '{\"dashboard\": [\"step1_completed\"]}', NULL, NULL, NULL, NULL, NULL, NULL, NULL),
(1835, 'محمد أمين', 'enfant', 8, 1834, NULL, NULL, NULL, '$2y$10$Qv2rSp9hCuWFnDKL4lVv8eTVTOTqs5hmZhAf.Elx8QBiona6izBgq', NULL, NULL, NULL, 1, 0, '/f16.png', NULL, NULL, NULL, NULL, NULL, NULL, NULL, NULL, NULL, NULL, NULL, 'all', 'active', 1, 'AR', NULL, 0, 0, NULL, NULL, NULL, NULL, NULL, NULL, 1, 0, 0, NULL, NULL, 0, NULL, 1728650092, '{\"dashboard\": [\"step1_child_completed\", \"step2_child_completed\"]}', NULL, NULL, NULL, 3, 8, NULL, NULL),
(1836, 'child 3', 'enfant', 8, 1829, NULL, NULL, NULL, '$2y$10$Usso2QveKjoifnbvpzoaA./l9.8Motnj2rNLVJBSvi.bNPoGMh97m', NULL, NULL, NULL, 1, 0, '/f16.png', NULL, NULL, NULL, NULL, NULL, NULL, NULL, NULL, NULL, NULL, NULL, 'all', 'active', 1, 'AR', NULL, 0, 0, NULL, NULL, NULL, NULL, NULL, NULL, 1, 0, 0, NULL, NULL, 0, NULL, 1728654919, NULL, NULL, NULL, NULL, 4, 9, NULL, NULL),
(1837, 'child 4', 'enfant', 8, 1829, NULL, NULL, NULL, '$2y$10$xZHWQ4TYg5iivD/xZZT20u4xH7CebAtdvt63RcVNSVFvRFIWHWmcy', NULL, NULL, NULL, 1, 0, '/boy1.jpeg', NULL, NULL, NULL, NULL, NULL, NULL, NULL, NULL, NULL, NULL, NULL, 'all', 'active', 1, 'AR', NULL, 0, 0, NULL, NULL, NULL, NULL, NULL, NULL, 1, 0, 0, NULL, NULL, 0, NULL, 1728654933, '{\"dashboard\": [\"step1_child_completed\", \"step2_child_completed\"]}', NULL, NULL, NULL, 6, 11, NULL, NULL),
(1842, 'child 4', 'enfant', 8, 1838, NULL, NULL, NULL, '$2y$10$zqxMeb.3VNEUMnFGFk1.s.odp2Wdvc8ULzWPvGneyYV4ti2s1LpBS', NULL, NULL, NULL, 1, 0, '/boy2.jpeg', NULL, NULL, NULL, NULL, NULL, NULL, NULL, NULL, NULL, NULL, NULL, 'all', 'active', 1, 'AR', NULL, 0, 0, NULL, NULL, NULL, NULL, NULL, NULL, 1, 0, 0, NULL, NULL, 0, NULL, 1728663091, '{\"manuel\": [\"step1_child_manuel_completed\", \"step2_child_manuel_completed\"], \"dashboard\": [\"step1_child_completed\", \"step2_child_completed\"]}', NULL, NULL, NULL, 2, 7, NULL, NULL),
(1843, ',njyf', 'enfant', 8, 1838, NULL, NULL, NULL, '$2y$10$fYAWegROx44nPBYRj0lhVOEa5H/Tpusahdv/GFZ7zJE7f1qgHGLhC', NULL, NULL, NULL, 1, 0, '/girl1.jpeg', NULL, NULL, NULL, NULL, NULL, NULL, NULL, NULL, NULL, NULL, NULL, 'all', 'active', 1, 'AR', NULL, 0, 0, NULL, NULL, NULL, NULL, NULL, NULL, 1, 0, 0, NULL, NULL, 0, NULL, 1728667857, '{\"manuel\": [\"step1_child_manuel_completed\", \"step2_child_manuel_completed\"]}', NULL, NULL, NULL, 1, 6, NULL, NULL),
(1844, 'سمية المثلوثي', 'organization', 3, NULL, '26184050', NULL, NULL, '$2y$10$FmXi94fTg5FD4w3Xclqy0ez9/Tq1QZDwDLHRvclxr30GgukNJ8lLe', NULL, NULL, NULL, 0, 0, NULL, '{\"color\":\"000000\",\"background\":\"cfd8dc\"}', NULL, NULL, NULL, NULL, NULL, NULL, NULL, NULL, NULL, NULL, 'all', 'active', 1, NULL, 'Africa/Tunis', 0, 0, NULL, NULL, NULL, NULL, NULL, NULL, 0, 0, 0, NULL, NULL, 0, NULL, 1728673808, '{\"dashboard\": [\"step1_completed\", \"step2_completed\", \"step3_completed\"]}', NULL, NULL, NULL, NULL, NULL, NULL, NULL),
(1845, 'مريم', 'enfant', 8, 1844, NULL, NULL, NULL, '$2y$10$FN9JBWs7T4IIK87/Opyyf.5nbH.ICo.hVbwUYdGJ/yD30QOcxngi6', NULL, NULL, NULL, 1, 0, '/girl1.jpeg', NULL, NULL, NULL, NULL, NULL, NULL, NULL, NULL, NULL, NULL, NULL, 'all', 'active', 1, 'AR', NULL, 0, 0, NULL, NULL, NULL, NULL, NULL, NULL, 1, 0, 0, NULL, NULL, 0, NULL, 1728673829, '{\"manuel\": [\"step1_child_manuel_completed\"]}', NULL, NULL, NULL, 5, 10, NULL, NULL),
(1846, 'egerg', 'enfant', 8, 1838, NULL, NULL, NULL, '$2y$10$vjw7lFjt6eJc5gfuxRLEze5/a7Hz/gHha4BoHVvEgoQbaZZ7wB4pm', NULL, NULL, NULL, 1, 0, '/girl2.jpeg', NULL, NULL, NULL, NULL, NULL, NULL, NULL, NULL, NULL, NULL, NULL, 'all', 'active', 1, 'AR', NULL, 0, 0, NULL, NULL, NULL, NULL, NULL, NULL, 1, 0, 0, NULL, NULL, 0, NULL, 1728729711, '{\"manuel\": [\"step1_child_manuel_completed\", \"step2_child_manuel_completed\"], \"dashboard\": [\"step1_child_completed\", \"step2_child_completed\"]}', NULL, NULL, NULL, 3, 8, NULL, NULL),
(1847, 'ezedine', 'enfant', 8, 1838, NULL, NULL, NULL, '$2y$10$Kr.8xcHtM9f4MPK1w0ce8OVkzMZQSflJm/flx1IPdtdT7jFN7BQVa', NULL, NULL, NULL, 1, 0, '/boy1.jpeg', NULL, NULL, NULL, NULL, NULL, NULL, NULL, NULL, NULL, NULL, NULL, 'all', 'active', 1, 'AR', NULL, 0, 0, NULL, NULL, NULL, NULL, NULL, NULL, 1, 0, 0, NULL, NULL, 0, NULL, 1728730216, '{\"dashboard\": [\"step1_child_completed\", \"step2_child_completed\"]}', NULL, NULL, NULL, 2, 7, NULL, NULL),
(1853, '1', 'enfant', 8, 1848, NULL, NULL, NULL, '$2y$10$BnNpHVcD2SQx9ASS3ynZCOPzgSiVTVgwx7Uizwc1ku9G/NV.AMQg6', NULL, NULL, NULL, 1, 0, '/girl4.jpeg', NULL, NULL, NULL, NULL, NULL, NULL, NULL, NULL, NULL, NULL, NULL, 'all', 'active', 1, 'AR', NULL, 0, 0, NULL, NULL, NULL, NULL, NULL, NULL, 1, 0, 0, NULL, NULL, 0, NULL, 1728730472, '{\"manuel\": [\"step1_child_manuel_completed\", \"step2_child_manuel_completed\"], \"dashboard\": [\"step1_child_completed\", \"step2_child_completed\"]}', NULL, NULL, NULL, 1, 6, NULL, NULL),
(1854, '2', 'enfant', 8, 1848, NULL, NULL, NULL, '$2y$10$La6pOJRz/K/JGy3oyma7gOjblDejJhqtI.Kb2LLRzaQ68SuCEugGi', NULL, NULL, NULL, 1, 0, '/girl1.jpeg', NULL, NULL, NULL, NULL, NULL, NULL, NULL, NULL, NULL, NULL, NULL, 'all', 'active', 1, 'AR', NULL, 0, 0, NULL, NULL, NULL, NULL, NULL, NULL, 1, 0, 0, NULL, NULL, 0, NULL, 1728730516, NULL, NULL, NULL, NULL, 2, 7, NULL, NULL),
(1855, '3', 'enfant', 8, 1848, NULL, NULL, NULL, '$2y$10$/fRDD.9CFoduTc5b8Ms42ehxTxvXm.kg4iK4HegIbF9AJAT5SaTvW', NULL, NULL, NULL, 1, 0, '/f14.png', NULL, NULL, NULL, NULL, NULL, NULL, NULL, NULL, NULL, NULL, NULL, 'all', 'active', 1, 'AR', NULL, 0, 0, NULL, NULL, NULL, NULL, NULL, NULL, 1, 0, 0, NULL, NULL, 0, NULL, 1728730552, NULL, NULL, NULL, NULL, 3, 8, NULL, NULL),
(1856, '4', 'enfant', 8, 1848, NULL, NULL, NULL, '$2y$10$4ZAFY/62lWmLQ4/tV624/u/IRptFNfMtl7GzscJOMOPyKKOYk0jZS', NULL, NULL, NULL, 1, 0, '/boy1.jpeg', NULL, NULL, NULL, NULL, NULL, NULL, NULL, NULL, NULL, NULL, NULL, 'all', 'active', 1, 'AR', NULL, 0, 0, NULL, NULL, NULL, NULL, NULL, NULL, 1, 0, 0, NULL, NULL, 0, NULL, 1728730562, NULL, NULL, NULL, NULL, 1, 6, NULL, NULL),
(1858, 'فاطمة', 'organization', 3, NULL, '58341055', NULL, NULL, '$2y$10$NCKJYh55QYUw.E13perJAOZL4XBkzch5xdt2USVNTBNXuYnHIJYNe', NULL, NULL, 'sp0aQzSsLzOXvDv2VyoIbBt2q43r228JQ0tYxZykcNwcFBZI9aHZHpYXuNyP', 0, 0, NULL, '{\"color\":\"FFFFFF\",\"background\":\"ff8f00\"}', NULL, NULL, NULL, NULL, NULL, NULL, NULL, NULL, NULL, NULL, 'all', 'active', 1, NULL, 'Africa/Tunis', 0, 0, NULL, NULL, NULL, NULL, NULL, NULL, 0, 0, 0, NULL, NULL, 0, NULL, 1728778981, '{\"dashboard\": [\"step1_completed\", \"step3_completed\"]}', NULL, NULL, NULL, NULL, NULL, NULL, NULL),
(1859, 'مجد', 'enfant', 8, 1858, NULL, NULL, NULL, '$2y$10$8JHCG5SrYkPvEHn5FCa0/O2bzc52dig09cG/gdu6VIt18arTAKQMO', NULL, NULL, NULL, 1, 0, '/boy2.jpeg', NULL, NULL, NULL, NULL, NULL, NULL, NULL, NULL, NULL, NULL, NULL, 'all', 'active', 1, 'AR', NULL, 0, 0, NULL, NULL, NULL, NULL, NULL, NULL, 1, 0, 0, NULL, NULL, 0, NULL, 1728779003, '{\"manuel\": [\"step1_child_manuel_completed\", \"step2_child_manuel_completed\"], \"dashboard\": [\"step1_child_completed\", \"step2_child_completed\"]}', NULL, NULL, NULL, 5, 10, NULL, NULL),
(1862, 'Marwen', 'enfant', 8, 1860, NULL, NULL, NULL, '$2y$10$WM6FIndDXcFYB5.U3oKVAelDizBAF8bNYc91VRZvEosKdHnITZxj.', NULL, NULL, NULL, 1, 0, '/f16.png', NULL, NULL, NULL, NULL, NULL, NULL, NULL, NULL, NULL, NULL, NULL, 'all', 'active', 1, 'AR', NULL, 0, 0, NULL, NULL, NULL, NULL, NULL, NULL, 1, 0, 0, NULL, NULL, 0, NULL, 1728822519, '{\"manuel\": [\"step1_child_manuel_completed\", \"step2_child_manuel_completed\"]}', NULL, NULL, NULL, 1, 6, NULL, NULL),
(1863, 'Si sleh', 'enfant', 8, 1860, NULL, NULL, NULL, '$2y$10$gRW7PdZOLESfKg6Xbp92FeoPwYZD4n7iQkT7cZSjOIp0O7yZOKdiK', NULL, NULL, NULL, 1, 0, '/boy2.jpeg', NULL, NULL, NULL, NULL, NULL, NULL, NULL, NULL, NULL, NULL, NULL, 'all', 'active', 1, 'AR', NULL, 0, 0, NULL, NULL, NULL, NULL, NULL, NULL, 1, 0, 0, NULL, NULL, 0, NULL, 1728823239, '{\"manuel\": [\"step1_child_manuel_completed\"], \"dashboard\": [\"step1_child_completed\", \"step2_child_completed\"]}', NULL, NULL, NULL, 1, 6, NULL, NULL),
(1864, 'ben hammouda', 'organization', 3, NULL, '55337738', NULL, NULL, '$2y$10$QdmU2W2oUNJi/vIGTOKq9ujzoAPzyM9OTy6VlI1Lx8S7F9ocnaEHK', NULL, NULL, 'A2sPfzNmDR8IZMe872sYs3cfKeQkH7dLuvoNTv74qytqYMaqaVyAOq2p4WJ6', 0, 0, NULL, '{\"color\":\"000000\",\"background\":\"2962ff\"}', NULL, NULL, NULL, NULL, NULL, NULL, NULL, NULL, NULL, NULL, 'all', 'active', 1, NULL, 'Africa/Tunis', 0, 0, NULL, NULL, NULL, NULL, NULL, NULL, 0, 0, 0, NULL, NULL, 0, NULL, 1728824156, '{\"dashboard\": [\"step1_completed\", \"step2_completed\", \"step3_completed\"]}', NULL, NULL, NULL, NULL, NULL, NULL, NULL),
(1865, 'child1', 'enfant', 8, 1864, NULL, NULL, NULL, '$2y$10$6mvUao2exYcJ3j9n9/MmxO6tkk7zRCCk2Y1.PPdOKWfuganXgE1BS', NULL, NULL, NULL, 1, 0, '/f14.png', NULL, NULL, NULL, NULL, NULL, NULL, NULL, NULL, NULL, NULL, NULL, 'all', 'active', 1, 'AR', NULL, 0, 0, NULL, NULL, NULL, NULL, NULL, NULL, 1, 0, 0, NULL, NULL, 0, NULL, 1728824177, '{\"manuel\": [\"step1_child_manuel_completed\", \"step2_child_manuel_completed\"], \"dashboard\": [\"step1_child_completed\", \"step2_child_completed\"]}', NULL, NULL, NULL, 1, 6, NULL, NULL),
(1866, 'child 02', 'enfant', 8, 1864, NULL, NULL, NULL, '$2y$10$UY4vdK3BY/WB1caqrAKxte92Ef0AbukRbiZfLuD8cL2lGg1Kl/Usi', NULL, NULL, NULL, 1, 0, '/girl4.jpeg', NULL, NULL, NULL, NULL, NULL, NULL, NULL, NULL, NULL, NULL, NULL, 'all', 'active', 1, 'AR', NULL, 0, 0, NULL, NULL, NULL, NULL, NULL, NULL, 1, 0, 0, NULL, NULL, 0, NULL, 1728824195, '{\"manuel\": [\"step1_child_manuel_completed\", \"step2_child_manuel_completed\"], \"dashboard\": [\"step1_child_completed\", \"step2_child_completed\"]}', NULL, NULL, NULL, 3, 8, NULL, NULL),
(1867, 'child3', 'enfant', 8, 1864, NULL, NULL, NULL, '$2y$10$lzSLpAkNfN3yk0yQrwp64eywxPbzz/bPwHES8lyWI0wp2AXcF2JRu', NULL, NULL, NULL, 1, 0, '/girl1.jpeg', NULL, NULL, NULL, NULL, NULL, NULL, NULL, NULL, NULL, NULL, NULL, 'all', 'active', 1, 'AR', NULL, 0, 0, NULL, NULL, NULL, NULL, NULL, NULL, 1, 0, 0, NULL, NULL, 0, NULL, 1728824504, '{\"manuel\": [\"step1_child_manuel_completed\", \"step2_child_manuel_completed\"], \"dashboard\": [\"step1_child_completed\", \"step2_child_completed\"]}', NULL, NULL, NULL, 6, 11, NULL, NULL),
(1869, 'ezedine', 'enfant', 8, 1868, NULL, NULL, NULL, '$2y$10$tEGOmzgSoZImPCN3l3ulje7WJ0qoWTHfqfRaMFG15e9gcJTnuNxQG', NULL, NULL, NULL, 1, 0, '/boy1.jpeg', NULL, NULL, NULL, NULL, NULL, NULL, NULL, NULL, NULL, NULL, NULL, 'all', 'active', 1, 'AR', NULL, 0, 0, NULL, NULL, NULL, NULL, NULL, NULL, 1, 0, 0, NULL, NULL, 0, NULL, 1728892593, '{\"manuel\": [\"step1_child_manuel_completed\", \"step2_child_manuel_completed\"], \"dashboard\": [\"step1_child_completed\", \"step2_child_completed\"]}', NULL, NULL, NULL, 3, 8, NULL, NULL),
(1870, 'Anis', 'enfant', 8, 1868, NULL, NULL, NULL, '$2y$10$nQ/5xoYXAua4CUgBHcaNB.PXe0TmYrklwhiUHWwoeB4BZTLRhg2tK', NULL, NULL, NULL, 1, 0, '/f16.png', NULL, NULL, NULL, NULL, NULL, NULL, NULL, NULL, NULL, NULL, NULL, 'all', 'active', 1, 'AR', NULL, 0, 0, NULL, NULL, NULL, NULL, NULL, NULL, 1, 0, 0, NULL, NULL, 0, NULL, 1728892604, '{\"manuel\": [\"step1_child_manuel_completed\", \"step2_child_manuel_completed\"], \"dashboard\": [\"step1_child_completed\", \"step2_child_completed\"]}', NULL, NULL, NULL, 1, 6, NULL, NULL),
(1871, 'Oumeyma', 'enfant', 8, 1868, NULL, NULL, NULL, '$2y$10$RWDBiaa4ooip150Wa.VVw.NjPFpKZx.bLK18R6KWcl5D0CIfidxRa', NULL, NULL, NULL, 1, 0, '/girl2.jpeg', NULL, NULL, NULL, NULL, NULL, NULL, NULL, NULL, NULL, NULL, NULL, 'all', 'active', 1, 'AR', NULL, 0, 0, NULL, NULL, NULL, NULL, NULL, NULL, 1, 0, 0, NULL, NULL, 0, NULL, 1728892625, '{\"manuel\": [\"step1_child_manuel_completed\", \"step2_child_manuel_completed\"], \"dashboard\": [\"step1_child_completed\", \"step2_child_completed\"]}', NULL, NULL, NULL, 6, 11, NULL, NULL),
(1872, 'Malek', 'enfant', 8, 1868, NULL, NULL, NULL, '$2y$10$IPpXchHAqVb0rsq4UrMFqOpe5mdfsE71BD/3dq2dKTi3FRVwRy/CK', NULL, NULL, NULL, 1, 0, '/girl4.jpeg', NULL, NULL, NULL, NULL, NULL, NULL, NULL, NULL, NULL, NULL, NULL, 'all', 'active', 1, 'AR', NULL, 0, 0, NULL, NULL, NULL, NULL, NULL, NULL, 1, 0, 0, NULL, NULL, 0, NULL, 1728892637, '{\"manuel\": [\"step1_child_manuel_completed\", \"step2_child_manuel_completed\"], \"dashboard\": [\"step1_child_completed\", \"step2_child_completed\"]}', NULL, NULL, NULL, 4, 9, NULL, NULL),
(1874, 'gagagabtbtbnt', 'enfant', 8, 1873, NULL, NULL, NULL, '$2y$10$jpDJL4Lt9WLm1RIcUqwuxuxc/2RUwwSicQ3YHsvBMiOq42XgfMBX2', NULL, NULL, NULL, 1, 0, '/f16.png', NULL, NULL, NULL, NULL, NULL, NULL, NULL, NULL, NULL, NULL, NULL, 'all', 'active', 1, 'AR', NULL, 0, 0, NULL, NULL, NULL, NULL, NULL, NULL, 1, 0, 0, NULL, NULL, 0, NULL, 1728909062, NULL, NULL, NULL, NULL, 1, 6, NULL, NULL),
(1875, 'rhrht', 'enfant', 8, 1873, NULL, NULL, NULL, '$2y$10$/xpa94c.9fDlKctUv0GXNeGZZpFHTN8yvNM00ey1OHmrzJfP56lby', NULL, NULL, NULL, 1, 0, '/boy1.jpeg', NULL, NULL, NULL, NULL, NULL, NULL, NULL, NULL, NULL, NULL, NULL, 'all', 'active', 1, 'AR', NULL, 0, 0, NULL, NULL, NULL, NULL, NULL, NULL, 1, 0, 0, NULL, NULL, 0, NULL, 1728909076, '{\"manuel\": [\"step1_child_manuel_completed\", \"step2_child_manuel_completed\"]}', NULL, NULL, NULL, 6, 11, NULL, NULL),
(1880, 'Saleh Belhedi', 'teacher', 4, NULL, '53511310', 'belhedisaleh894@gmail.com', NULL, '$2y$10$r4qiTXdQDqsQwVJFJMCiT.WEDMp1gVcG4DW/leug2uLenyazpA0Bq', NULL, NULL, 'VNUN6IG7WQ67rTuHK1dAkZDlhFiJd8Y8HK737k2zWHWls60eFUT0Hp8Twwiw', 0, 0, '/store/1880/avatar/673f1f566bac0.png', '{\"color\":\"000000\",\"background\":\"80cbc4\"}', NULL, NULL, NULL, NULL, NULL, NULL, NULL, NULL, NULL, NULL, 'all', 'active', 1, NULL, 'Africa/Tunis', 0, 0, NULL, NULL, NULL, NULL, NULL, NULL, 1, 0, 0, NULL, NULL, 0, NULL, 1728915431, NULL, NULL, NULL, NULL, NULL, NULL, NULL, 7),
(1881, 'child 02', 'enfant', 8, 1878, NULL, NULL, NULL, '$2y$10$XCm1VQLUoIdq6ntOxehOY.7MKjvQGhbZThQ6BuvsG20PF9NhyCPFq', NULL, NULL, NULL, 1, 0, '/f16.png', NULL, NULL, NULL, NULL, NULL, NULL, NULL, NULL, NULL, NULL, NULL, 'all', 'active', 1, 'AR', NULL, 0, 0, NULL, NULL, NULL, NULL, NULL, NULL, 1, 0, 0, NULL, NULL, 0, NULL, 1728915879, '{\"manuel\": [\"step1_child_manuel_completed\", \"step2_child_manuel_completed\"], \"dashboard\": [\"step1_child_completed\", \"step2_child_completed\"]}', NULL, NULL, NULL, 4, 9, NULL, NULL),
(1883, 'tefl 1', 'enfant', 8, 1882, NULL, NULL, NULL, '$2y$10$T9oJSOlqxij70SyFC/9JA.e8PN3uIIlnivqEJK1FPszMLOw3zKzcS', NULL, NULL, NULL, 1, 0, '/f14.png', NULL, NULL, NULL, NULL, NULL, NULL, NULL, NULL, NULL, NULL, NULL, 'all', 'active', 1, 'AR', NULL, 0, 0, NULL, NULL, NULL, NULL, NULL, NULL, 1, 0, 0, NULL, NULL, 0, NULL, 1728916175, '{\"dashboard\": [\"step1_child_completed\", \"step2_child_completed\"]}', NULL, NULL, NULL, 6, 11, NULL, NULL),
(1884, 'tefl 02', 'enfant', 8, 1882, NULL, NULL, NULL, '$2y$10$uBLPJnup1VYH13btaOXT5.3ncIyZl1FP/.p0SkG9JlM40/uO5JAZ2', NULL, NULL, NULL, 1, 0, '/boy1.jpeg', NULL, NULL, NULL, NULL, NULL, NULL, NULL, NULL, NULL, NULL, NULL, 'all', 'active', 1, 'AR', NULL, 0, 0, NULL, NULL, NULL, NULL, NULL, NULL, 1, 0, 0, NULL, NULL, 0, NULL, 1728916204, '{\"manuel\": [\"step1_child_manuel_completed\", \"step2_child_manuel_completed\"], \"dashboard\": [\"step1_child_completed\", \"step2_child_completed\"]}', NULL, NULL, NULL, 5, 10, NULL, NULL),
(1886, 'fregr', 'enfant', 8, 1878, NULL, NULL, NULL, '$2y$10$9zpVx.l8QQXO2AMY2MbFS.i11sCqWYOtgOkoXL4EZ9l1Z7tr1B.Ju', NULL, NULL, NULL, 1, 0, '/f14.png', NULL, NULL, NULL, NULL, NULL, NULL, NULL, NULL, NULL, NULL, NULL, 'all', 'active', 1, 'AR', NULL, 0, 0, NULL, NULL, NULL, NULL, NULL, NULL, 1, 0, 0, NULL, NULL, 0, NULL, 1728930809, '{\"manuel\": [\"step1_child_manuel_completed\", \"step2_child_manuel_completed\"], \"dashboard\": [\"step1_child_completed\", \"step2_child_completed\"]}', NULL, NULL, NULL, 1, 6, NULL, NULL),
(1887, 'gegr', 'enfant', 8, 1878, NULL, NULL, NULL, '$2y$10$EPx9zEwliS.fGJfQy3hMY.Zwoz/UbaAIIkuppi7ez067AHcYex8E6', NULL, NULL, NULL, 1, 0, '/f16.png', NULL, NULL, NULL, NULL, NULL, NULL, NULL, NULL, NULL, NULL, NULL, 'all', 'active', 1, 'AR', NULL, 0, 0, NULL, NULL, NULL, NULL, NULL, NULL, 1, 0, 0, NULL, NULL, 0, NULL, 1728930816, '{\"manuel\": [\"step1_child_manuel_completed\", \"step2_child_manuel_completed\"], \"dashboard\": [\"step1_child_completed\", \"step2_child_completed\"]}', NULL, NULL, NULL, 6, 11, NULL, NULL);
INSERT INTO `users` (`id`, `full_name`, `role_name`, `role_id`, `organ_id`, `mobile`, `email`, `bio`, `password`, `google_id`, `facebook_id`, `remember_token`, `verified`, `financial_approval`, `avatar`, `avatar_settings`, `cover_img`, `headline`, `about`, `address`, `country_id`, `province_id`, `city_id`, `district_id`, `location`, `level_of_training`, `meeting_type`, `status`, `access_content`, `language`, `timezone`, `newsletter`, `public_message`, `account_type`, `iban`, `account_id`, `identity_scan`, `certificate`, `commission`, `affiliate`, `can_create_store`, `ban`, `ban_start_at`, `ban_end_at`, `offline`, `offline_message`, `created_at`, `guide_progress`, `updated_at`, `deleted_at`, `school_id`, `section_id`, `level_id`, `option_id`, `matier_id`) VALUES
(1888, 'Mr Adel', 'organization', 3, NULL, '29560257', NULL, NULL, '$2y$10$JmTZqYKy57qf/gZYCpYbnul0cTTwGJUvnQnqTphLoupAOcGCLCGd6', NULL, NULL, 'a35VzYPeQiEjGwCYqmQOoTsrF4K8SpqZW23m5awaPvl9xE4qSmW88S81jfxF', 0, 0, NULL, '{\"color\":\"FFFFFF\",\"background\":\"fbc02d\"}', NULL, NULL, NULL, NULL, NULL, NULL, NULL, NULL, NULL, NULL, 'all', 'active', 1, NULL, 'Africa/Tunis', 0, 0, NULL, NULL, NULL, NULL, NULL, NULL, 0, 0, 0, NULL, NULL, 0, NULL, 1728983971, '{\"dashboard\": [\"step1_completed\", \"step2_completed\", \"step3_completed\"]}', NULL, NULL, NULL, NULL, NULL, NULL, NULL),
(1889, 'Firas', 'enfant', 8, 1888, NULL, NULL, NULL, '$2y$10$ruZo7.hvPQvTsbOl7Vc93OorHBatCxUvIEWLGMODHr1XIbh3XiicC', NULL, NULL, NULL, 1, 0, '/f16.png', NULL, NULL, NULL, NULL, NULL, NULL, NULL, NULL, NULL, NULL, NULL, 'all', 'active', 1, 'AR', NULL, 0, 0, NULL, NULL, NULL, NULL, NULL, NULL, 1, 0, 0, NULL, NULL, 0, NULL, 1728984009, '{\"manuel\": [\"step1_child_manuel_completed\", \"step2_child_manuel_completed\"], \"dashboard\": [\"step1_child_completed\", \"step2_child_completed\"]}', NULL, NULL, NULL, 1, 6, NULL, NULL),
(1890, 'Haifa', 'enfant', 8, 1888, NULL, NULL, NULL, '$2y$10$26gSZ/VNMlndGXt4LZ4Jnudq1jJIY0PGd69N3nWKAbxuA8IEtnXFO', NULL, NULL, NULL, 1, 0, '/girl3.jpeg', NULL, NULL, NULL, NULL, NULL, NULL, NULL, NULL, NULL, NULL, NULL, 'all', 'active', 1, 'AR', NULL, 0, 0, NULL, NULL, NULL, NULL, NULL, NULL, 1, 0, 0, NULL, NULL, 0, NULL, 1728984055, NULL, NULL, NULL, NULL, 2, 7, NULL, NULL),
(1891, 'Mohamed', 'enfant', 8, 1888, NULL, NULL, NULL, '$2y$10$0ihVy.bFEGBS9wnA5xJAI.euf8s1HcoFwRKhlJ5g8f.bNnH87HrLK', NULL, NULL, NULL, 1, 0, '/boy2.jpeg', NULL, NULL, NULL, NULL, NULL, NULL, NULL, NULL, NULL, NULL, NULL, 'all', 'active', 1, 'AR', NULL, 0, 0, NULL, NULL, NULL, NULL, NULL, NULL, 1, 0, 0, NULL, NULL, 0, NULL, 1728984066, '{\"manuel\": [\"step1_child_manuel_completed\", \"step2_child_manuel_completed\"], \"dashboard\": [\"step1_child_completed\", \"step2_child_completed\"]}', NULL, NULL, NULL, 3, 8, NULL, NULL),
(1892, 'Zayneb', 'enfant', 8, 1888, NULL, NULL, NULL, '$2y$10$VxQfFx93cpuRH9bXMbJjB.KR5j0lGC49s.ruNsPU4Cs8N2XMRA6Nu', NULL, NULL, NULL, 1, 0, '/girl4.jpeg', NULL, NULL, NULL, NULL, NULL, NULL, NULL, NULL, NULL, NULL, NULL, 'all', 'active', 1, 'AR', NULL, 0, 0, NULL, NULL, NULL, NULL, NULL, NULL, 1, 0, 0, NULL, NULL, 0, NULL, 1728984081, '{\"manuel\": [\"step1_child_manuel_completed\", \"step2_child_manuel_completed\"], \"dashboard\": [\"step1_child_completed\", \"step2_child_completed\"]}', NULL, NULL, NULL, 6, 11, NULL, NULL),
(1893, 'Imen Mannai', 'organization', 3, NULL, '94328090', NULL, NULL, '$2y$10$vSwg8p92aFcZlto/sikHy.rx39kjSsBo7tRzfFtPTR4xc4Sc2kD9O', NULL, NULL, 'ta8h7nmzOwV0oL0PQRmyIGAQPAVJOTHwLrO0BUvEOIXOd1HclQeDb5qg2HKY', 0, 0, NULL, '{\"color\":\"000000\",\"background\":\"d500f9\"}', NULL, NULL, NULL, NULL, NULL, NULL, NULL, NULL, NULL, NULL, 'all', 'active', 1, NULL, 'Africa/Tunis', 0, 0, NULL, NULL, NULL, NULL, NULL, NULL, 0, 0, 0, NULL, NULL, 0, NULL, 1728984786, '{\"dashboard\": [\"step1_completed\", \"step2_completed\"]}', NULL, NULL, NULL, NULL, NULL, NULL, NULL),
(1894, 'امنة', 'enfant', 8, 1893, NULL, NULL, NULL, '$2y$10$7PPOYQcnE1jeIro43v0j.OB3RdoeYwsWTMOKUKGv/BfwW3JaQUWHG', NULL, NULL, NULL, 1, 0, '/girl2.jpeg', NULL, NULL, NULL, NULL, NULL, NULL, NULL, NULL, NULL, NULL, NULL, 'all', 'active', 1, 'AR', NULL, 0, 0, NULL, NULL, NULL, NULL, NULL, NULL, 1, 0, 0, NULL, NULL, 0, NULL, 1728984811, '{\"manuel\": [\"step1_child_manuel_completed\"]}', NULL, NULL, NULL, 2, 7, NULL, NULL),
(1895, 'ادم', 'enfant', 8, 1893, NULL, NULL, NULL, '$2y$10$PbXpk3.u0ltbPvu97PQ.YOmyQfoEdpjQllbdLSsaPgGWwoaMpMVr.', NULL, NULL, NULL, 1, 0, '/boy2.jpeg', NULL, NULL, NULL, NULL, NULL, NULL, NULL, NULL, NULL, NULL, NULL, 'all', 'active', 1, 'AR', NULL, 0, 0, NULL, NULL, NULL, NULL, NULL, NULL, 1, 0, 0, NULL, NULL, 0, NULL, 1728984835, NULL, NULL, NULL, NULL, 6, 11, NULL, NULL),
(1896, 'Adel Boubakri', 'teacher', 4, NULL, '29560251', 'adel76boubakri@gmail.com', NULL, '$2y$10$Erp8hDI.7dM8GCJwD.rWOeV2jt9X3.tpEKKS15fnkk3jxqArqci4C', NULL, NULL, '87uDw5f5EYAbV1HbkBUY3wMlDpXBUQjGAtO81KIPahcSiR5Pivb2I95XeH1o', 0, 0, NULL, '{\"color\":\"FFFFFF\",\"background\":\"ff8f00\"}', NULL, NULL, NULL, NULL, NULL, NULL, NULL, NULL, NULL, NULL, 'all', 'active', 1, NULL, 'Africa/Tunis', 0, 0, NULL, NULL, NULL, NULL, NULL, NULL, 1, 0, 0, NULL, NULL, 0, NULL, 1728985165, NULL, NULL, NULL, NULL, NULL, NULL, NULL, 7),
(1897, 'ezedine', 'enfant', 8, 1878, NULL, NULL, NULL, '$2y$10$FNi4YFJ4BxJGUtZXETOJx.Bz6dQ6gSRZTCCiNkfqljwXmpywTkWPS', NULL, NULL, NULL, 1, 0, '/f14.png', NULL, NULL, NULL, NULL, NULL, NULL, NULL, NULL, NULL, NULL, NULL, 'all', 'active', 1, 'AR', NULL, 0, 0, NULL, NULL, NULL, NULL, NULL, NULL, 1, 0, 0, NULL, NULL, 0, NULL, 1728987612, NULL, NULL, NULL, NULL, 1, 6, NULL, NULL),
(1898, 'اماني العقب', 'organization', 3, NULL, '98619854', NULL, NULL, '$2y$10$Qv1rJE4H8TwxQ0x0MTQOveZuplUw5W9.bcQXwDAob/dCOOyj9eKyu', NULL, NULL, NULL, 0, 0, NULL, '{\"color\":\"000000\",\"background\":\"64ffda\"}', NULL, NULL, NULL, NULL, NULL, NULL, NULL, NULL, NULL, NULL, 'all', 'active', 1, NULL, 'Africa/Tunis', 0, 0, NULL, NULL, NULL, NULL, NULL, NULL, 0, 0, 0, NULL, NULL, 0, NULL, 1728988422, '\"{\\\"dashboard\\\":[\\\"step1_completed\\\",\\\"step2_completed\\\",\\\"step3_completed\\\",\\\"step1_child_completed\\\",\\\"step2_child_completed\\\"],\\\"manuel\\\":[\\\"step1_child_manuel_completed\\\",\\\"step2_child_manuel_completed\\\"]}\"', NULL, NULL, NULL, NULL, NULL, NULL, NULL),
(1899, '2Rayen1', 'enfant', 8, 1898, NULL, NULL, NULL, '$2y$10$V7lrTWKkhU.aR9qGrG6Q/OyLQrP8MHOI0Ihnnhj4RNqSThHlS6Yzm', NULL, NULL, NULL, 1, 0, '/boy2.jpeg', NULL, NULL, NULL, NULL, NULL, NULL, NULL, NULL, NULL, NULL, NULL, 'all', 'active', 1, 'AR', NULL, 0, 0, NULL, NULL, NULL, NULL, NULL, NULL, 1, 0, 0, NULL, NULL, 0, NULL, 1728988758, NULL, NULL, NULL, NULL, 4, 9, NULL, NULL),
(1900, 'oumayma', 'enfant', 8, 1898, NULL, NULL, NULL, '$2y$10$Syi3VwC0Q/JK3rBpD5wAb.gUeJdbtO90de5dpy3gTOk9GVezfidEa', NULL, NULL, NULL, 1, 0, '/girl2.jpeg', NULL, NULL, NULL, NULL, NULL, NULL, NULL, NULL, NULL, NULL, NULL, 'all', 'active', 1, 'AR', NULL, 0, 0, NULL, NULL, NULL, NULL, NULL, NULL, 1, 0, 0, NULL, NULL, 0, NULL, 1728988773, NULL, NULL, NULL, NULL, 2, 7, NULL, NULL),
(1901, 'wided jarrar', 'teacher', 4, NULL, '22880004', 'widedjarrar@gmail.com', NULL, '$2y$10$PvdTRFK92n0uxVSnxt0ceuZcJytW69Jrzg99FwQdVKhgRcR0dcyWW', NULL, NULL, 'pSl2nzLJNaWKFikySGEVJ105BZb1BHPLxu4Dm0qyysecSa0zgUjYTYqM7ust', 0, 0, NULL, '{\"color\":\"000000\",\"background\":\"00e676\"}', NULL, NULL, NULL, NULL, NULL, NULL, NULL, NULL, NULL, NULL, 'all', 'active', 1, NULL, 'Africa/Tunis', 0, 0, NULL, NULL, NULL, NULL, NULL, NULL, 1, 0, 0, NULL, NULL, 0, NULL, 1728989890, NULL, NULL, NULL, NULL, NULL, NULL, NULL, 7),
(1905, 'child 02', 'enfant', 8, 1903, NULL, NULL, NULL, '$2y$10$qznfLygLkk3ZlSOoLR9WAu4PTu0Te4f/0qRhVOuWsU0Kp238Rrv1m', NULL, NULL, NULL, 1, 0, '/boy1.jpeg', NULL, NULL, NULL, NULL, NULL, NULL, NULL, NULL, NULL, NULL, NULL, 'all', 'active', 1, 'AR', NULL, 0, 0, NULL, NULL, NULL, NULL, NULL, NULL, 1, 0, 0, NULL, NULL, 0, NULL, 1728994702, NULL, NULL, NULL, NULL, 6, 11, NULL, NULL),
(1906, 'child 03', 'enfant', 8, 1903, NULL, NULL, NULL, '$2y$10$XRuuqDg.pP27cb2VnShsGOrMzC1sLa6Ak4II9byq7eSyi6EBoc6Su', NULL, NULL, NULL, 1, 0, '/f14.png', NULL, NULL, NULL, NULL, NULL, NULL, NULL, NULL, NULL, NULL, NULL, 'all', 'active', 1, 'AR', NULL, 0, 0, NULL, NULL, NULL, NULL, NULL, NULL, 1, 0, 0, NULL, NULL, 0, NULL, 1728994952, NULL, NULL, NULL, NULL, 1, 6, NULL, NULL),
(1907, 'ggrgr', 'enfant', 8, 1903, NULL, NULL, NULL, '$2y$10$hLi6v75CJKOMrxjheQcVJ.56hX/T7sMKE/lWVK8BwWNKa8T8GqydG', NULL, NULL, NULL, 1, 0, '/f16.png', NULL, NULL, NULL, NULL, NULL, NULL, NULL, NULL, NULL, NULL, NULL, 'all', 'active', 1, 'AR', NULL, 0, 0, NULL, NULL, NULL, NULL, NULL, NULL, 1, 0, 0, NULL, NULL, 0, NULL, 1728994961, NULL, NULL, NULL, NULL, 2, 7, NULL, NULL),
(1908, 'test1', 'enfant', 8, 1122, NULL, NULL, NULL, '$2y$10$n79qmeWQLrTrf.uGzC/DJ.r4HcuUmvFUHVmWQyqa4pEnl8r6LP/oq', NULL, NULL, NULL, 1, 0, '/boy2.jpeg', NULL, NULL, NULL, NULL, NULL, NULL, NULL, NULL, NULL, NULL, NULL, 'all', 'active', 1, 'AR', NULL, 0, 0, NULL, NULL, NULL, NULL, NULL, NULL, 1, 0, 0, NULL, NULL, 0, NULL, 1728998148, NULL, NULL, NULL, NULL, 1, 6, NULL, NULL),
(1909, 'test2', 'enfant', 8, 1122, NULL, NULL, NULL, '$2y$10$gMAhxnLfgF8SKMIA3iRKHeouo5vNRpdGfWRt.8ci08bRw0Q.Dkld6', NULL, NULL, NULL, 1, 0, '/girl2.jpeg', NULL, NULL, NULL, NULL, NULL, NULL, NULL, NULL, NULL, NULL, NULL, 'all', 'active', 1, 'AR', NULL, 0, 0, NULL, NULL, NULL, NULL, NULL, NULL, 1, 0, 0, NULL, NULL, 0, NULL, 1728998157, NULL, NULL, NULL, NULL, 3, 8, NULL, NULL),
(1910, 'test3', 'enfant', 8, 1122, NULL, NULL, NULL, '$2y$10$fBg/1E.FKKMVtSxgtM/7Ju9RROgquqhTbhhd8B3xO07RHnzUvPwFS', NULL, NULL, NULL, 1, 0, '/f14.png', NULL, NULL, NULL, NULL, NULL, NULL, NULL, NULL, NULL, NULL, NULL, 'all', 'active', 1, 'AR', NULL, 0, 0, NULL, NULL, NULL, NULL, NULL, NULL, 1, 0, 0, NULL, NULL, 0, NULL, 1728998166, NULL, NULL, NULL, NULL, 2, 7, NULL, NULL),
(1924, 'bsili walid', 'organization', 3, NULL, '27032330', NULL, NULL, '$2y$10$0eT.ImC8K.w7n0lLCZ5toeVTLl1K6HVtejUhklsOeHPlYA5AFcTn6', NULL, NULL, NULL, 0, 0, NULL, '{\"color\":\"000000\",\"background\":\"d500f9\"}', NULL, NULL, NULL, NULL, NULL, NULL, NULL, NULL, NULL, NULL, 'all', 'active', 1, NULL, 'Africa/Tunis', 0, 0, NULL, NULL, NULL, NULL, NULL, NULL, 0, 0, 0, NULL, NULL, 0, NULL, 1729068327, '\"{\\\"dashboard\\\":[\\\"step1_completed\\\",\\\"step3_completed\\\",\\\"step1_child_completed\\\",\\\"step2_child_completed\\\"],\\\"manuel\\\":[\\\"step1_child_manuel_completed\\\",\\\"step2_child_manuel_completed\\\"]}\"', NULL, NULL, NULL, NULL, NULL, NULL, NULL),
(1925, 'taki', 'enfant', 8, 1924, NULL, NULL, NULL, '$2y$10$IGe4vtboNIh4OOdRWs282.Z0Possfy47zmZbU11ECxU2K/OSI3eM6', NULL, NULL, NULL, 1, 0, '/boy1.jpeg', NULL, NULL, NULL, NULL, NULL, NULL, NULL, NULL, NULL, NULL, NULL, 'all', 'active', 1, 'AR', NULL, 0, 0, NULL, NULL, NULL, NULL, NULL, NULL, 1, 0, 0, NULL, NULL, 0, NULL, 1729068387, NULL, NULL, NULL, NULL, 5, 10, NULL, NULL),
(1937, 'Maroua', 'enfant', 8, 1935, NULL, NULL, NULL, '$2y$10$IxsxgZzi6QyleoUb/0vbGuCbc6l88hc/.ZY94DwyTiqjw5v7AFkkC', NULL, NULL, NULL, 1, 0, '/f16.png', NULL, NULL, NULL, NULL, NULL, NULL, NULL, NULL, NULL, NULL, NULL, 'all', 'active', 1, 'AR', NULL, 0, 0, NULL, NULL, NULL, NULL, NULL, NULL, 1, 0, 0, NULL, NULL, 0, NULL, 1729161598, NULL, NULL, NULL, NULL, 2, 7, NULL, NULL),
(1944, 'Asma', 'enfant', 8, 1934, NULL, NULL, NULL, '$2y$10$GaksktXlbh3.SNecV6Bv1uzCV40d5ppUBfEK6ENKv3zQAQ9292AHe', NULL, NULL, NULL, 1, 0, '/girl1.jpeg', NULL, NULL, NULL, NULL, NULL, NULL, NULL, NULL, NULL, NULL, NULL, 'all', 'active', 1, 'AR', NULL, 0, 0, NULL, NULL, NULL, NULL, NULL, NULL, 1, 0, 0, NULL, NULL, 0, NULL, 1729168913, NULL, NULL, NULL, NULL, 3, 8, NULL, NULL),
(1945, 'SALMA1', 'enfant', 8, 1934, NULL, NULL, NULL, '$2y$10$F8QZ9nY9unBh0XDNkNg9dOgin2sY3356Fb2NbHpTHb.mbF3tQYU1i', NULL, NULL, NULL, 1, 0, '/girl2.jpeg', NULL, NULL, NULL, NULL, NULL, NULL, NULL, NULL, NULL, NULL, NULL, 'all', 'active', 1, 'AR', NULL, 0, 0, NULL, NULL, NULL, NULL, NULL, NULL, 1, 0, 0, NULL, NULL, 0, NULL, 1729170125, NULL, NULL, NULL, NULL, 3, 8, NULL, NULL),
(1946, 'Mohamed Ben romdhane', 'organization', 3, NULL, '25879652', NULL, NULL, '$2y$10$obbeDvXKbcc0DxjjTpgiKOnVZZKVJxHLEedrsUCUK.u/t4YqRmH72', NULL, NULL, 'vAk5kKhN0PZVnBXbkkd6YojXyrrhNpNEREtm43AAmVWrosXAn3kCGkx2SAaj', 0, 0, NULL, '{\"color\":\"000000\",\"background\":\"ffeb3b\"}', NULL, NULL, NULL, NULL, NULL, NULL, NULL, NULL, NULL, NULL, 'all', 'active', 1, NULL, 'Africa/Tunis', 0, 0, NULL, NULL, NULL, NULL, NULL, NULL, 0, 0, 0, NULL, NULL, 0, NULL, 1729175228, NULL, NULL, NULL, NULL, NULL, NULL, NULL, NULL),
(1949, 'Maroua Sellami', 'organization', 3, NULL, '25474631', NULL, NULL, '$2y$10$BO6YKLBEU5F5n9PZaRE32.kWew3Q8kQnLJSiR0EmATPUJ.0Qegjm2', NULL, NULL, NULL, 0, 0, NULL, '{\"color\":\"000000\",\"background\":\"81c784\"}', NULL, NULL, NULL, NULL, NULL, NULL, NULL, NULL, NULL, NULL, 'all', 'active', 1, NULL, 'Africa/Tunis', 0, 0, NULL, NULL, NULL, NULL, NULL, NULL, 0, 0, 0, NULL, NULL, 0, NULL, 1729241297, NULL, NULL, NULL, NULL, NULL, NULL, NULL, NULL),
(1954, 'test_ameny', 'teacher', 4, NULL, '50779969', 'amenyelokb@gmail.com', NULL, '$2y$10$eu2j8MWDscWfNChqKJDrM.YXe/9WoWEu.79/7Inm8ZaUYx9JMxDiy', NULL, NULL, 'fj2WJ755FdPZ2sIxDeI4G8jGj7pim3Y82Amd84ZKD6dxcJvKYOZR9B6tQ3VJ', 0, 0, NULL, '{\"color\":\"FFFFFF\",\"background\":\"388e3c\"}', NULL, NULL, NULL, NULL, NULL, NULL, NULL, NULL, NULL, NULL, 'all', 'active', 1, 'AR', NULL, 0, 0, NULL, NULL, NULL, NULL, NULL, NULL, 1, 0, 0, NULL, NULL, 0, NULL, 1729268043, NULL, NULL, NULL, NULL, NULL, NULL, NULL, 7),
(1969, 'سارة اللموشي', 'organization', 3, NULL, '29261942', NULL, NULL, '$2y$10$1en3vhag40vwvx9rlaIA1OHU/YHYBtm2Hma2oTBRhrEWGnU6QzLlO', NULL, NULL, NULL, 0, 0, NULL, '{\"color\":\"000000\",\"background\":\"6200ea\"}', NULL, NULL, NULL, NULL, NULL, NULL, NULL, NULL, NULL, NULL, 'all', 'active', 1, NULL, 'Africa/Tunis', 0, 0, NULL, NULL, NULL, NULL, NULL, NULL, 0, 0, 0, NULL, NULL, 0, NULL, 1729425677, '\"{\\\"dashboard\\\":[\\\"step1_completed\\\"]}\"', NULL, NULL, NULL, NULL, NULL, NULL, NULL),
(1971, 'amal', 'enfant', 8, 1945, NULL, NULL, NULL, '$2y$10$rY.FHz15FGgIq33VBj6Nf.MoITJH.6e5if/qwseS2tMJqwN3UY9PC', NULL, NULL, NULL, 1, 0, '/girl1.jpeg', NULL, NULL, NULL, NULL, NULL, NULL, NULL, NULL, NULL, NULL, NULL, 'all', 'active', 1, 'AR', NULL, 0, 0, NULL, NULL, NULL, NULL, NULL, NULL, 1, 0, 0, NULL, NULL, 0, NULL, 1729498943, NULL, NULL, NULL, NULL, 2, 7, NULL, NULL),
(1973, 'amal', 'enfant', 8, 1934, NULL, NULL, NULL, '$2y$10$QJLsiQ0CkXLd2tL9pQLm8u2arlmpPhefri5qP5Se2pDs4x.BEMHi.', NULL, NULL, NULL, 1, 0, '/girl4.jpeg', NULL, NULL, NULL, NULL, NULL, NULL, NULL, NULL, NULL, NULL, NULL, 'all', 'active', 1, 'AR', NULL, 0, 0, NULL, NULL, NULL, NULL, NULL, NULL, 1, 0, 0, NULL, NULL, 0, NULL, 1729498995, NULL, NULL, NULL, NULL, 4, 9, NULL, NULL),
(1976, 'Maroua', 'organization', 3, NULL, '21622215', NULL, NULL, '$2y$10$KXodJcKTIqt0jsg.uDd6Pu02DOAv4TxuVh3VGjuG5G60XZK5z3auK', NULL, NULL, 'pp6F5BpyaEhma9RFeULh4u7ArEuruu59fJSJVH3eE5dSk68uuDTq2BUq91AO', 0, 0, NULL, '{\"color\":\"000000\",\"background\":\"90a4ae\"}', NULL, NULL, NULL, NULL, NULL, NULL, NULL, NULL, NULL, NULL, 'all', 'active', 1, NULL, NULL, 0, 0, NULL, NULL, NULL, NULL, NULL, NULL, 0, 0, 0, NULL, NULL, 0, NULL, 1729510047, '\"{\\\"dashboard\\\":[\\\"step1_completed\\\",\\\"step3_completed\\\",\\\"step1_child_completed\\\",\\\"step2_completed\\\"]}\"', NULL, NULL, NULL, NULL, NULL, NULL, NULL),
(1977, 'Saarah', 'enfant', 8, 1659, NULL, NULL, NULL, '$2y$10$ubcd5Ct5/Mc6SHjj9zvx4OftLDkLPKe1jKnjOsa/y1J3y19Gdu3OK', NULL, NULL, NULL, 1, 0, '/girl4.jpeg', NULL, NULL, NULL, NULL, NULL, NULL, NULL, NULL, NULL, NULL, NULL, 'all', 'active', 1, 'AR', NULL, 0, 0, NULL, NULL, NULL, NULL, NULL, NULL, 1, 0, 0, NULL, NULL, 0, NULL, 1729513620, NULL, NULL, NULL, NULL, 3, 8, NULL, NULL),
(1982, 'Marwa Sellami', 'organization', 3, NULL, '21525252', NULL, NULL, '$2y$10$eHGTnc3bali92Yr.O0sg7OKEczE73bDlQm7xQ0VLvCpwANtWhRG0q', NULL, NULL, NULL, 0, 0, NULL, '{\"color\":\"000000\",\"background\":\"ff9100\"}', NULL, NULL, NULL, NULL, NULL, NULL, NULL, NULL, NULL, NULL, 'all', 'active', 1, NULL, 'Africa/Tunis', 0, 0, NULL, NULL, NULL, NULL, NULL, NULL, 0, 0, 0, NULL, NULL, 0, NULL, 1729584182, NULL, NULL, NULL, NULL, NULL, NULL, NULL, NULL),
(1988, 'Mounira Chbil', 'organization', 3, NULL, '20527472', NULL, NULL, '$2y$10$or4Oekx42cHepzixH/AD9eL0c8inpaknzLs/lbt8N4WOmu4OeZHhe', NULL, NULL, NULL, 0, 0, NULL, '{\"color\":\"000000\",\"background\":\"e0e0e0\"}', NULL, NULL, NULL, NULL, NULL, NULL, NULL, NULL, NULL, NULL, 'all', 'active', 1, NULL, NULL, 0, 0, NULL, NULL, NULL, NULL, NULL, NULL, 0, 0, 0, NULL, NULL, 0, NULL, 1729623192, '\"{\\\"dashboard\\\":[\\\"step1_completed\\\",\\\"step2_completed\\\",\\\"step3_completed\\\",\\\"step1_child_completed\\\",\\\"step2_child_completed\\\"],\\\"manuel\\\":[\\\"step1_child_manuel_completed\\\",\\\"step2_child_manuel_completed\\\"]}\"', NULL, NULL, NULL, NULL, NULL, NULL, NULL),
(1989, 'Hedi', 'enfant', 8, 1988, NULL, NULL, NULL, '$2y$10$SD8yIwSOh9s6UXvSbkv37u5CsJAlRFAVApXESPRsish0LdELsFSkm', NULL, NULL, NULL, 1, 0, '/boy2.jpeg', NULL, NULL, NULL, NULL, NULL, NULL, NULL, NULL, NULL, NULL, NULL, 'all', 'active', 1, 'AR', NULL, 0, 0, NULL, NULL, NULL, NULL, NULL, NULL, 1, 0, 0, NULL, NULL, 0, NULL, 1729623244, NULL, NULL, NULL, NULL, 6, 11, NULL, NULL),
(1990, 'Kenza', 'enfant', 8, 1988, NULL, NULL, NULL, '$2y$10$IL5nRd27Gkw/l0wR6QFkRu8rI6lEoXc7ufoTZ5qFNniCvEPBZZAbG', NULL, NULL, NULL, 1, 0, '/girl3.jpeg', NULL, NULL, NULL, NULL, NULL, NULL, NULL, NULL, NULL, NULL, NULL, 'all', 'active', 1, 'AR', NULL, 0, 0, NULL, NULL, NULL, NULL, NULL, NULL, 1, 0, 0, NULL, NULL, 0, NULL, 1729623258, NULL, NULL, NULL, NULL, 2, 7, NULL, NULL),
(1991, 'Mouna', 'enfant', 8, 1988, NULL, NULL, NULL, '$2y$10$3NYFieP6aVfGKXVmuG/iPuCw44uyrl3M7GT6UO/N86KkNPTMVcja6', NULL, NULL, NULL, 1, 0, '/girl1.jpeg', NULL, NULL, NULL, NULL, NULL, NULL, NULL, NULL, NULL, NULL, NULL, 'all', 'active', 1, 'AR', NULL, 0, 0, NULL, NULL, NULL, NULL, NULL, NULL, 1, 0, 0, NULL, NULL, 0, NULL, 1729623446, NULL, NULL, NULL, NULL, 1, 6, NULL, NULL),
(1992, 'اكرام العلوي', 'teacher', 4, NULL, '51881962', 'kikou7772@gmail.com', NULL, '$2y$10$Coyaf/QArD3AAA.cdTMNiuL/S00ytitOIBGSHojXMOhzk35R9syK2', NULL, NULL, 'ZJd1yIL5E4pmq7CTOvQUBeZiz3DM5VVjlOMAfz3nod8JX0BFqPUVWzrZJuOp', 0, 0, NULL, '{\"color\":\"000000\",\"background\":\"b0bec5\"}', NULL, NULL, NULL, NULL, NULL, NULL, NULL, NULL, NULL, NULL, 'all', 'active', 1, NULL, 'Africa/Tunis', 0, 0, NULL, NULL, NULL, NULL, NULL, NULL, 1, 0, 0, NULL, NULL, 0, NULL, 1729623603, NULL, NULL, NULL, NULL, NULL, NULL, NULL, 7),
(1994, 'أماني شكري', 'teacher', 4, NULL, '93514524', 'amanichokri2@gmail.com', NULL, '$2y$10$Nqvopx5Z1KFxzRD7cmc7ceFBYpbOiCSBsTgx7OfNlopcYkvx4Xnca', NULL, NULL, 'pT7PCGuov0nsVSzAkV6RTO0qBzxeZzouYFJFdzeLdPJPeiv7wdBnbhkwnuwI', 0, 0, NULL, '{\"color\":\"000000\",\"background\":\"fff59d\"}', NULL, NULL, NULL, NULL, NULL, NULL, NULL, NULL, NULL, NULL, 'all', 'active', 1, 'AR', 'Africa/Tunis', 0, 0, NULL, NULL, NULL, NULL, NULL, NULL, 1, 0, 0, NULL, NULL, 0, NULL, 1729689266, NULL, NULL, NULL, NULL, NULL, NULL, NULL, 7),
(1996, 'amal', 'enfant', 8, 1995, NULL, NULL, NULL, '$2y$10$GqwXePfEArb2Ktu5bS49AeJS9p4ONfIGcK8Yv6P4oa8C23rkQ65VS', NULL, NULL, NULL, 1, 0, '/girl4.jpeg', NULL, NULL, NULL, NULL, NULL, NULL, NULL, NULL, NULL, NULL, NULL, 'all', 'active', 1, 'AR', NULL, 0, 0, NULL, NULL, NULL, NULL, NULL, NULL, 1, 0, 0, NULL, NULL, 0, NULL, 1729769136, NULL, NULL, NULL, NULL, 3, 8, NULL, NULL),
(1997, 'Wael', 'enfant', 8, 1995, NULL, NULL, NULL, '$2y$10$yLk.i8kxjjs8ItPTwDSLF.TrgZE9xqUIM1g83tsTnYe08lxfKT6I.', NULL, NULL, NULL, 1, 0, '/boy1.jpeg', NULL, NULL, NULL, NULL, NULL, NULL, NULL, NULL, NULL, NULL, NULL, 'all', 'active', 1, 'AR', NULL, 0, 0, NULL, NULL, NULL, NULL, NULL, NULL, 1, 0, 0, NULL, NULL, 0, NULL, 1729769146, NULL, NULL, NULL, NULL, 1, 6, NULL, NULL),
(1999, 'farah', 'enfant', 8, 1995, NULL, NULL, NULL, '$2y$10$6wMxtY6oZjkV6vCOuiHTkuxa2fLlspLB35K7mYvEg8Zs2xA2cG5/u', NULL, NULL, NULL, 1, 0, '/girl2.jpeg', NULL, NULL, NULL, NULL, NULL, NULL, NULL, NULL, NULL, NULL, NULL, 'all', 'active', 1, 'AR', NULL, 0, 0, NULL, NULL, NULL, NULL, NULL, NULL, 1, 0, 0, NULL, NULL, 0, NULL, 1729770477, NULL, NULL, NULL, NULL, 2, 7, NULL, NULL),
(2000, 'mimi', 'enfant', 8, 1995, NULL, NULL, NULL, '$2y$10$/srfMuhIJbAaZvmG/6nphOSdabnZ.YpLpnj1h9zne0pxmaX3Oly6.', NULL, NULL, NULL, 1, 0, '/girl3.jpeg', NULL, NULL, NULL, NULL, NULL, NULL, NULL, NULL, NULL, NULL, NULL, 'all', 'active', 1, 'AR', NULL, 0, 0, NULL, NULL, NULL, NULL, NULL, NULL, 1, 0, 0, NULL, NULL, 0, NULL, 1729770490, NULL, NULL, NULL, NULL, 3, 8, NULL, NULL),
(2001, 'Thouraya', 'organization', 3, NULL, '28060881', NULL, NULL, '$2y$10$U9Tw9nAIgUiFIyurksNUd.PmwGEQ5Mfw4p7YKbJp4.QH46wP26JkO', NULL, NULL, '2TwzOXZT3yof0ZtFWeplheBH7t5pixWoGZXHELAKq7ui8jZI8BlVaTn8PUxc', 0, 0, NULL, '{\"color\":\"FFFFFF\",\"background\":\"7b1fa2\"}', NULL, NULL, NULL, NULL, NULL, NULL, NULL, NULL, NULL, NULL, 'all', 'active', 1, NULL, 'Africa/Tunis', 0, 0, NULL, NULL, NULL, NULL, NULL, NULL, 0, 0, 0, NULL, NULL, 0, NULL, 1729773871, '\"{\\\"dashboard\\\":[\\\"step1_completed\\\",\\\"step2_completed\\\",\\\"step3_completed\\\",\\\"step1_child_completed\\\",\\\"step2_child_completed\\\"],\\\"manuel\\\":[\\\"step1_child_manuel_completed\\\",\\\"step2_child_manuel_completed\\\"]}\"', NULL, NULL, NULL, NULL, NULL, NULL, NULL),
(2002, 'Badr', 'enfant', 8, 2001, NULL, NULL, NULL, '$2y$10$/tPxfz8wBpy5dQX2q/73Ie6.acruZw3xmKTkgb0V9/5ujSNfWdkBS', NULL, NULL, NULL, 1, 0, '/boy2.jpeg', NULL, NULL, NULL, NULL, NULL, NULL, NULL, NULL, NULL, NULL, NULL, 'all', 'active', 1, 'AR', NULL, 0, 0, NULL, NULL, NULL, NULL, NULL, NULL, 1, 0, 0, NULL, NULL, 0, NULL, 1729773888, NULL, NULL, NULL, NULL, 2, 7, NULL, NULL),
(2003, 'Hariun', 'enfant', 8, 2001, NULL, NULL, NULL, '$2y$10$gmo0BAvG5yE5tMbpwLUHkuh0sOr3.Jp/7wMMkLxJHnLb/Y9wZdXk.', NULL, NULL, NULL, 1, 0, '/f14.png', NULL, NULL, NULL, NULL, NULL, NULL, NULL, NULL, NULL, NULL, NULL, 'all', 'active', 1, 'AR', NULL, 0, 0, NULL, NULL, NULL, NULL, NULL, NULL, 1, 0, 0, NULL, NULL, 0, NULL, 1729773902, NULL, NULL, NULL, NULL, 5, 10, NULL, NULL),
(2004, 'Ezzeddin', 'organization', 3, NULL, '29090215', NULL, NULL, '$2y$10$e9a9m0vv7UB7WMDUhQy9YepRsufZ9Jdo0MdNMrJdt7jy45K.EDfVy', NULL, NULL, 'a4Ri3Mnjs8gl4Ao5a49W44zYun9mrgtBOV8pohIbuBimMeotu5XPfen7iorY', 0, 0, NULL, '{\"color\":\"000000\",\"background\":\"ccff90\"}', NULL, NULL, NULL, NULL, NULL, NULL, NULL, NULL, NULL, NULL, 'all', 'active', 1, NULL, 'Africa/Tunis', 0, 0, NULL, NULL, NULL, NULL, NULL, NULL, 0, 0, 0, NULL, NULL, 0, NULL, 1729774184, '\"{\\\"dashboard\\\":[\\\"step1_completed\\\",\\\"step2_completed\\\",\\\"step3_completed\\\",\\\"step1_child_completed\\\",\\\"step2_child_completed\\\"],\\\"manuel\\\":[\\\"step1_child_manuel_completed\\\",\\\"step2_child_manuel_completed\\\"]}\"', NULL, NULL, NULL, NULL, NULL, NULL, NULL),
(2005, 'Emran', 'enfant', 8, 2004, NULL, NULL, NULL, '$2y$10$sabmQYA3.8cJGkJ3AyEgReQsdbf.8K6qBmp2muOtJGDIdDXFl5PWi', NULL, NULL, NULL, 1, 0, '/boy2.jpeg', NULL, NULL, NULL, NULL, NULL, NULL, NULL, NULL, NULL, NULL, NULL, 'all', 'active', 1, 'AR', NULL, 0, 0, NULL, NULL, NULL, NULL, NULL, NULL, 1, 0, 0, NULL, NULL, 0, NULL, 1729774201, NULL, NULL, NULL, NULL, 2, 7, NULL, NULL),
(2006, 'Razan', 'enfant', 8, 2004, NULL, NULL, NULL, '$2y$10$uWc91OBfdR3SC78WSfh9yOUfYTHLNjeT8feBNw4ZUqbj8R9zCaxQq', NULL, NULL, NULL, 1, 0, '/girl4.jpeg', NULL, NULL, NULL, NULL, NULL, NULL, NULL, NULL, NULL, NULL, NULL, 'all', 'active', 1, 'AR', NULL, 0, 0, NULL, NULL, NULL, NULL, NULL, NULL, 1, 0, 0, NULL, NULL, 0, NULL, 1729774216, NULL, NULL, NULL, NULL, 1, 6, NULL, NULL),
(2007, 'Marwa Sellami', 'teacher', 4, NULL, '251414251235', 'sellamisellami2020@gmail.com', NULL, '$2y$10$NyBStSdWuGR4vPuvQNOxIOcy3SuCX6gMN23W3YynKA3.bC36HIDLC', NULL, NULL, 'NZvYgXn0e9hqqBIJEtN88q7bIBcBAjsocRuZ0x3dhtBkitT1PzR1g6ztlVlZ', 0, 0, NULL, '{\"color\":\"000000\",\"background\":\"fbe9e7\"}', NULL, NULL, NULL, NULL, NULL, NULL, NULL, NULL, NULL, NULL, 'all', 'active', 1, 'FR', NULL, 0, 0, NULL, NULL, NULL, NULL, NULL, NULL, 1, 0, 0, NULL, NULL, 0, NULL, 1729775431, NULL, NULL, NULL, NULL, NULL, NULL, NULL, NULL),
(2008, 'Norhen', 'enfant', 8, 1860, NULL, NULL, NULL, '$2y$10$22hRm1EEFG1Xhx3E5f0ON.bF8gXb8GeqK99kREV7CclsxouW0fGJa', NULL, NULL, NULL, 1, 0, '/girl4.jpeg', NULL, NULL, NULL, NULL, NULL, NULL, NULL, NULL, NULL, NULL, NULL, 'all', 'active', 1, 'AR', NULL, 0, 0, NULL, NULL, NULL, NULL, NULL, NULL, 1, 0, 0, NULL, NULL, 0, NULL, 1729777285, NULL, NULL, NULL, NULL, 3, 8, NULL, NULL),
(2009, 'Ameni', 'organization', 3, NULL, '53295969', NULL, NULL, '$2y$10$H0a1srRBbuO1jylu8SQSJuLlmrAk0T3HO1VJwoLeVzDNdRP4Zht.C', NULL, NULL, NULL, 0, 0, NULL, '{\"color\":\"000000\",\"background\":\"ffccbc\"}', NULL, NULL, NULL, NULL, NULL, NULL, NULL, NULL, NULL, NULL, 'all', 'active', 1, NULL, 'Africa/Tunis', 0, 0, NULL, NULL, NULL, NULL, NULL, NULL, 0, 0, 0, NULL, NULL, 0, NULL, 1729853768, '\"{\\\"dashboard\\\":[\\\"step1_completed\\\",\\\"step2_completed\\\",\\\"step3_completed\\\",\\\"step1_child_completed\\\",\\\"step2_child_completed\\\"],\\\"manuel\\\":[\\\"step1_child_manuel_completed\\\",\\\"step2_child_manuel_completed\\\"]}\"', NULL, NULL, NULL, NULL, NULL, NULL, NULL),
(2010, 'Ahmed abid', 'enfant', 8, 2009, NULL, NULL, NULL, '$2y$10$XR0itOYpL387zeyMuLuCheiQ02W5DZkkA9Bnr7UDEPSZWwcxOZ0rq', NULL, NULL, NULL, 1, 0, '/boy1.jpeg', NULL, NULL, NULL, NULL, NULL, NULL, NULL, NULL, NULL, NULL, NULL, 'all', 'active', 1, 'AR', NULL, 0, 0, NULL, NULL, NULL, NULL, NULL, NULL, 1, 0, 0, NULL, NULL, 0, NULL, 1729853792, NULL, NULL, NULL, NULL, 1, 6, NULL, NULL),
(2012, 'آمال امبارك', 'teacher', 4, NULL, '98723563', 'amel.mbteacher@gmail.com', 'معلّمة لغة عربيّة', '$2y$10$T7Fo1SIrxexYMvDqtcigM.UOwnQxCADman4FGIJNuma6lp.P9R3uy', NULL, NULL, '1X7jbROJXHHuSUEfhcy1sYt7ZwvIUuefGotTdfK5ecHmUQGgg4SeJ1QOdXcb', 0, 0, '/store/2012/avatar/6738ee3493997.png', '{\"color\":\"000000\",\"background\":\"ff7043\"}', '/store/2012/تعبير-عن-العلم-نور-والجهل-ظلام (1).jpg', NULL, 'متحصلة على الشهادة الوطنية في علوم التربية من معهد التّربية بتونس,  أدرّس اللّغة العربيّة  🇹🇳❤️ بكل حبّ وشغف وأحاول التطوير في مهنتي وغرس القيم وحب التّعلم لدى الناشئة ✅', 'سيدي ثابت 2032 أريانة', NULL, NULL, NULL, NULL, NULL, NULL, 'all', 'active', 1, 'AR', NULL, 1, 1, '', '123456789', '08034012064001243469', '/store/2012/IMG_20241117_081400.jpg', '/store/2012/IMG_20241117_081327.jpg', NULL, 1, 0, 0, NULL, NULL, 0, NULL, 1729967523, NULL, NULL, NULL, NULL, NULL, NULL, NULL, 7),
(2013, 'ayoub', 'enfant', 8, 1704, NULL, NULL, NULL, '$2y$10$ouefpc85p47nadpt6w7aNu5WbsGsF1UtLlGyCPYfbRjoG.yDp6eAK', NULL, NULL, NULL, 1, 0, '/f16.png', NULL, NULL, NULL, NULL, NULL, NULL, NULL, NULL, NULL, NULL, NULL, 'all', 'active', 1, 'AR', NULL, 0, 0, NULL, NULL, NULL, NULL, NULL, NULL, 1, 0, 0, NULL, NULL, 0, NULL, 1730103134, NULL, NULL, NULL, NULL, 6, 11, NULL, NULL),
(2015, 'Ayoub', 'enfant', 8, 2014, NULL, NULL, NULL, '$2y$10$rHAv.MeOjUTUsriG3ghebO.cO7TVX5GULWIcuw4jkB3bjECiqm0x2', NULL, NULL, NULL, 1, 0, '/f14.png', NULL, NULL, NULL, NULL, NULL, NULL, NULL, NULL, NULL, NULL, NULL, 'all', 'active', 1, 'AR', NULL, 0, 0, NULL, NULL, NULL, NULL, NULL, NULL, 1, 0, 0, NULL, NULL, 0, NULL, 1730103462, NULL, NULL, NULL, NULL, 6, 11, NULL, NULL),
(2016, 'Arij', 'enfant', 8, 2014, NULL, NULL, NULL, '$2y$10$/LwDOmnguqAEwH9bfvc/WO3aqnt.KBEJ7k2R3iGg9xL0f1qRVhp7m', NULL, NULL, NULL, 1, 0, '/girl1.jpeg', NULL, NULL, NULL, NULL, NULL, NULL, NULL, NULL, NULL, NULL, NULL, 'all', 'active', 1, 'AR', NULL, 0, 0, NULL, NULL, NULL, NULL, NULL, NULL, 1, 0, 0, NULL, NULL, 0, NULL, 1730103496, NULL, NULL, NULL, NULL, 3, 8, NULL, NULL),
(2017, 'Adem', 'enfant', 8, 2014, NULL, NULL, NULL, '$2y$10$ex0KEC3pO7MYlmGyJBWYuen1/qMFrD0jWNhvDHhDBwv3RXcG/aVAS', NULL, NULL, NULL, 1, 0, '/boy1.jpeg', NULL, NULL, NULL, NULL, NULL, NULL, NULL, NULL, NULL, NULL, NULL, 'all', 'active', 1, 'AR', NULL, 0, 0, NULL, NULL, NULL, NULL, NULL, NULL, 1, 0, 0, NULL, NULL, 0, NULL, 1730103508, NULL, NULL, NULL, NULL, 1, 6, NULL, NULL),
(2018, 'Rawen', 'enfant', 8, 2014, NULL, NULL, NULL, '$2y$10$6.2Gypfy7Ag1zifxeKu.yOVS6nRaZe2qS3czjgZRPeQlxdqYIiuYG', NULL, NULL, NULL, 1, 0, '/girl3.jpeg', NULL, NULL, NULL, NULL, NULL, NULL, NULL, NULL, NULL, NULL, NULL, 'all', 'active', 1, 'AR', NULL, 0, 0, NULL, NULL, NULL, NULL, NULL, NULL, 1, 0, 0, NULL, NULL, 0, NULL, 1730103533, NULL, NULL, NULL, NULL, 5, 10, NULL, NULL),
(2019, 'amal', 'enfant', 8, 1659, NULL, NULL, NULL, '$2y$10$xB//DSFuqdURQ/TYljo..e/HV722.Hz76VgynIgihlXOB5EISmnpa', NULL, NULL, NULL, 1, 0, '/girl4.jpeg', NULL, NULL, NULL, NULL, NULL, NULL, NULL, NULL, NULL, NULL, NULL, 'all', 'active', 1, 'AR', NULL, 0, 0, NULL, NULL, NULL, NULL, NULL, NULL, 1, 0, 0, NULL, NULL, 0, NULL, 1730112715, NULL, NULL, NULL, NULL, 4, 9, NULL, NULL),
(2020, 'Rihaeb fhima', 'teacher', 4, NULL, '28807318', 'rihaeb.fhima@gmail.com', NULL, '$2y$10$yiqastcD9lc5RuAtdBssY.URka2OCru3ibtNlxw6ImxWKeswWMnti', NULL, NULL, '8695q6QX7uiHIlh8uo6C9ORU3YmB8yaqAxdfIfa4yKvmVnZtccxaX08c0ecx', 0, 0, NULL, '{\"color\":\"000000\",\"background\":\"FFEBEE\"}', NULL, NULL, NULL, NULL, NULL, NULL, NULL, NULL, NULL, NULL, 'all', 'active', 1, NULL, 'Africa/Tunis', 0, 0, NULL, NULL, NULL, NULL, NULL, NULL, 1, 0, 0, NULL, NULL, 0, NULL, 1730113198, NULL, NULL, NULL, NULL, NULL, NULL, NULL, 7),
(2024, 'نسرين عياد', 'organization', 3, NULL, '99340789', NULL, NULL, '$2y$10$VmRI6fTTy3oQ7nwi7epEDu8RaZk5EpW2Lorn5fEsG266M79P/1Oce', NULL, NULL, NULL, 0, 0, NULL, '{\"color\":\"000000\",\"background\":\"EC407A\"}', NULL, NULL, NULL, NULL, NULL, NULL, NULL, NULL, NULL, NULL, 'all', 'active', 1, NULL, 'Africa/Tunis', 0, 0, NULL, NULL, NULL, NULL, NULL, NULL, 0, 0, 0, NULL, NULL, 0, NULL, 1730147832, '\"{\\\"dashboard\\\":[\\\"step1_completed\\\",\\\"step3_completed\\\"]}\"', NULL, NULL, NULL, NULL, NULL, NULL, NULL),
(2025, 'ياسين', 'enfant', 8, 2024, NULL, NULL, NULL, '$2y$10$ilcqk0sZlO5gO3Ka3QtJXOam7mKf64QhLOlG8RerDUWDT6csRwIUe', NULL, NULL, NULL, 1, 0, '/boy2.jpeg', NULL, NULL, NULL, NULL, NULL, NULL, NULL, NULL, NULL, NULL, NULL, 'all', 'active', 1, 'AR', NULL, 0, 0, NULL, NULL, NULL, NULL, NULL, NULL, 1, 0, 0, NULL, NULL, 0, NULL, 1730147854, NULL, NULL, NULL, NULL, 5, 10, NULL, NULL),
(2026, 'Afef Jebali', 'teacher', 4, NULL, '54927266', 'afefdella@gmail.com', NULL, '$2y$10$ZOULWyjXlQL/uC1X2Cu3FOnhFhA4ZvWOrq9OhNIN5Q4FKgxPlyQra', NULL, NULL, 'rPhWy0eIEplA2BeG0zno1z7c3H2wPyWUzWimPkxIUny1dQRuraOVB93SHfoY', 0, 0, NULL, '{\"color\":\"000000\",\"background\":\"8c9eff\"}', NULL, NULL, NULL, NULL, NULL, NULL, NULL, NULL, NULL, NULL, 'all', 'active', 1, NULL, 'Africa/Tunis', 0, 0, NULL, NULL, NULL, NULL, NULL, NULL, 1, 0, 0, NULL, NULL, 0, NULL, 1730149122, NULL, NULL, NULL, NULL, NULL, NULL, NULL, 7),
(2027, 'متى النفاتي', 'organization', 3, NULL, '55610981', NULL, NULL, '$2y$10$5yeQM1REY8pP.ePlI6lt.OIRb2OHBBX2W8Vs71KU2.W3kuQSq5VGu', NULL, NULL, 'G1WCSIdmHQ2yp3uK0iJ1QawmdXVyLJ7SZ2XKBxWPPJjkKMj6HyHE6GYmqhx6', 0, 0, NULL, '{\"color\":\"000000\",\"background\":\"E57373\"}', NULL, NULL, NULL, NULL, NULL, NULL, NULL, NULL, NULL, NULL, 'all', 'active', 1, NULL, 'Africa/Tunis', 0, 0, NULL, NULL, NULL, NULL, NULL, NULL, 0, 0, 0, NULL, NULL, 0, NULL, 1730191178, '\"{\\\"dashboard\\\":[\\\"step1_completed\\\",\\\"step2_completed\\\",\\\"step2_child_completed\\\",\\\"step3_completed\\\",\\\"step1_child_completed\\\"],\\\"manuel\\\":[\\\"step1_child_manuel_completed\\\",\\\"step2_child_manuel_completed\\\"]}\"', NULL, NULL, NULL, NULL, NULL, NULL, NULL),
(2028, 'ريتاج', 'enfant', 8, 2027, NULL, NULL, NULL, '$2y$10$gMrHy2Qu5fxcmygE1Cu6..tRCjer7.69ZhXWxviMhLU7Pd0QSm2/.', NULL, NULL, NULL, 1, 0, '/girl1.jpeg', NULL, NULL, NULL, NULL, NULL, NULL, NULL, NULL, NULL, NULL, NULL, 'all', 'active', 1, 'AR', NULL, 0, 0, NULL, NULL, NULL, NULL, NULL, NULL, 1, 0, 0, NULL, NULL, 0, NULL, 1730191217, NULL, NULL, NULL, NULL, 5, 10, NULL, NULL),
(2029, 'رنيم', 'enfant', 8, 2027, NULL, NULL, NULL, '$2y$10$iIcaZjAlbD8dhv/VCKBSne3WkzlEl4g5jNJlYuIfBhwP5wkWuvioS', NULL, NULL, NULL, 1, 0, '/girl2.jpeg', NULL, NULL, NULL, NULL, NULL, NULL, NULL, NULL, NULL, NULL, NULL, 'all', 'active', 1, 'AR', NULL, 0, 0, NULL, NULL, NULL, NULL, NULL, NULL, 1, 0, 0, NULL, NULL, 0, NULL, 1730191241, NULL, NULL, NULL, NULL, 3, 8, NULL, NULL),
(2031, 'khouloud', 'organization', 3, NULL, '56041004', NULL, NULL, '$2y$10$wj97Wh0wqxP.RR8n4jwAU./H1wZ3RgBSSJbOkGuvfeTsjkdh25mgK', NULL, NULL, 'j3zCBcVnOwXp34YSWol0HKIlYw5ELAZgUy266lWBz5sV8DkOLkDvo69NZ0Nt', 0, 0, NULL, '{\"color\":\"000000\",\"background\":\"607d8b\"}', NULL, NULL, NULL, NULL, NULL, NULL, NULL, NULL, NULL, NULL, 'all', 'active', 1, NULL, 'Africa/Tunis', 0, 0, NULL, NULL, NULL, NULL, NULL, NULL, 0, 0, 0, NULL, NULL, 0, NULL, 1730198558, '\"{\\\"dashboard\\\":[\\\"step1_completed\\\",\\\"step2_completed\\\",\\\"step3_completed\\\",\\\"step1_child_completed\\\",\\\"step2_child_completed\\\"],\\\"manuel\\\":[\\\"step1_child_manuel_completed\\\"]}\"', NULL, NULL, NULL, NULL, NULL, NULL, NULL),
(2032, 'ahmed', 'enfant', 8, 2031, NULL, NULL, NULL, '$2y$10$EdpEq6EqjTllUzDVTThUION8zomRSSlZEQetd9TJ5IcgxWGPcRqqO', NULL, NULL, NULL, 1, 0, '/boy2.jpeg', NULL, NULL, NULL, NULL, NULL, NULL, NULL, NULL, NULL, NULL, NULL, 'all', 'active', 1, 'AR', NULL, 0, 0, NULL, NULL, NULL, NULL, NULL, NULL, 1, 0, 0, NULL, NULL, 0, NULL, 1730198605, NULL, NULL, NULL, NULL, 2, 7, NULL, NULL),
(2033, 'mariem', 'enfant', 8, 2031, NULL, NULL, NULL, '$2y$10$x7eA4xN825AY7BaNa5pLieVar9vnsrD8T16uUYUtLYG7UYyCqNLy.', NULL, NULL, NULL, 1, 0, '/girl1.jpeg', NULL, NULL, NULL, NULL, NULL, NULL, NULL, NULL, NULL, NULL, NULL, 'all', 'active', 1, 'AR', NULL, 0, 0, NULL, NULL, NULL, NULL, NULL, NULL, 1, 0, 0, NULL, NULL, 0, NULL, 1730198622, NULL, NULL, NULL, NULL, 1, 6, NULL, NULL),
(2035, 'khouloud', 'organization', 3, NULL, '56285473', NULL, NULL, '$2y$10$N8CwFz9g6oqE10cr9CRCp.1b8PuKUXUqGAAAFX1oXg.tkfvXQ.fDm', NULL, NULL, NULL, 0, 0, NULL, '{\"color\":\"000000\",\"background\":\"FF1744\"}', NULL, NULL, NULL, NULL, NULL, NULL, NULL, NULL, NULL, NULL, 'all', 'active', 1, NULL, 'Africa/Tunis', 0, 0, NULL, NULL, NULL, NULL, NULL, NULL, 0, 0, 0, NULL, NULL, 0, NULL, 1730201037, '\"{\\\"dashboard\\\":[\\\"step1_completed\\\",\\\"step2_completed\\\",\\\"step3_completed\\\",\\\"step1_child_completed\\\",\\\"step2_child_completed\\\"]}\"', NULL, NULL, NULL, NULL, NULL, NULL, NULL),
(2036, 'ahmed', 'enfant', 8, 2035, NULL, NULL, NULL, '$2y$10$YYLqbZHmwdnJ5.ZTPKRk8.9f07KDu8DOeBt2jv1m2V63e5VsvVU26', NULL, NULL, NULL, 1, 0, '/boy1.jpeg', NULL, NULL, NULL, NULL, NULL, NULL, NULL, NULL, NULL, NULL, NULL, 'all', 'active', 1, 'AR', NULL, 0, 0, NULL, NULL, NULL, NULL, NULL, NULL, 1, 0, 0, NULL, NULL, 0, NULL, 1730201051, NULL, NULL, NULL, NULL, 1, 6, NULL, NULL),
(2037, 'mariem', 'enfant', 8, 2035, NULL, NULL, NULL, '$2y$10$tM6Q2MyzqRvdcXwmGqeGQuUZGIAz7zcsdaaKkBP2nHu4DrqEnzk5G', NULL, NULL, NULL, 1, 0, '/girl2.jpeg', NULL, NULL, NULL, NULL, NULL, NULL, NULL, NULL, NULL, NULL, NULL, 'all', 'active', 1, 'AR', NULL, 0, 0, NULL, NULL, NULL, NULL, NULL, NULL, 1, 0, 0, NULL, NULL, 0, NULL, 1730201069, NULL, NULL, NULL, NULL, 2, 7, NULL, NULL),
(2038, 'khouloud', 'organization', 3, NULL, '95632874', NULL, NULL, '$2y$10$G9LyLqr633rQsMRD.82qa./Q8lmbWYzI.Rn4B/ZrsJYvlBHROjlEi', NULL, NULL, NULL, 0, 0, NULL, '{\"color\":\"000000\",\"background\":\"40c4ff\"}', NULL, NULL, NULL, NULL, NULL, NULL, NULL, NULL, NULL, NULL, 'all', 'active', 1, NULL, 'Africa/Tunis', 0, 0, NULL, NULL, NULL, NULL, NULL, NULL, 0, 0, 0, NULL, NULL, 0, NULL, 1730206932, '\"{\\\"dashboard\\\":[\\\"step1_completed\\\",\\\"step2_completed\\\",\\\"step3_completed\\\"]}\"', NULL, NULL, NULL, NULL, NULL, NULL, NULL),
(2039, 'ahmed', 'enfant', 8, 2038, NULL, NULL, NULL, '$2y$10$k/mY49X0DPKe8KGe5FkoF.nsIpgAv/FE0vOF2rMHVUWi.Xw0j3A9S', NULL, NULL, NULL, 1, 0, '/f14.png', NULL, NULL, NULL, NULL, NULL, NULL, NULL, NULL, NULL, NULL, NULL, 'all', 'active', 1, 'AR', NULL, 0, 0, NULL, NULL, NULL, NULL, NULL, NULL, 1, 0, 0, NULL, NULL, 0, NULL, 1730207045, NULL, NULL, NULL, NULL, 1, 6, NULL, NULL),
(2040, 'malek', 'enfant', 8, 2038, NULL, NULL, NULL, '$2y$10$vUBeuiwdi4o3RaBa8CCaDui5kqJ0.5O4ZRuUD9VuQRorSvzfV0cmy', NULL, NULL, NULL, 1, 0, '/girl3.jpeg', NULL, NULL, NULL, NULL, NULL, NULL, NULL, NULL, NULL, NULL, NULL, 'all', 'active', 1, 'AR', NULL, 0, 0, NULL, NULL, NULL, NULL, NULL, NULL, 1, 0, 0, NULL, NULL, 0, NULL, 1730207059, NULL, NULL, NULL, NULL, 2, 7, NULL, NULL),
(2041, 'mohamed', 'enfant', 8, 2038, NULL, NULL, NULL, '$2y$10$VidChm5vO6lp/8T30pmfnu1vPMD43mHxLhxYiXhBCRUHekrS9L5ce', NULL, NULL, NULL, 1, 0, '/f16.png', NULL, NULL, NULL, NULL, NULL, NULL, NULL, NULL, NULL, NULL, NULL, 'all', 'active', 1, 'AR', NULL, 0, 0, NULL, NULL, NULL, NULL, NULL, NULL, 1, 0, 0, NULL, NULL, 0, NULL, 1730207075, NULL, NULL, NULL, NULL, 3, 8, NULL, NULL),
(2042, 'Yassine', 'enfant', 8, 1667, NULL, NULL, NULL, '$2y$10$7gkZiMoSQCMDIOJOaaNPMeOHlhKWBTf8BG/JHpqwcRNjyWIzJjAY.', NULL, NULL, NULL, 1, 0, '/boy2.jpeg', NULL, NULL, NULL, NULL, NULL, NULL, NULL, NULL, NULL, NULL, NULL, 'all', 'active', 1, 'AR', NULL, 0, 0, NULL, NULL, NULL, NULL, NULL, NULL, 1, 0, 0, NULL, NULL, 0, NULL, 1730209451, NULL, NULL, NULL, NULL, 1, 6, NULL, NULL),
(2043, 'khouloud', 'organization', 3, NULL, '21479637', NULL, NULL, '$2y$10$sLb2FnJ.i2YjXAoaFUO0v.orwJ.T8wCyZB69R9sMHw8HwC3z61RQi', NULL, NULL, NULL, 0, 0, NULL, '{\"color\":\"000000\",\"background\":\"b2ff59\"}', NULL, NULL, NULL, NULL, NULL, NULL, NULL, NULL, NULL, NULL, 'all', 'active', 1, NULL, 'Africa/Tunis', 0, 0, NULL, NULL, NULL, NULL, NULL, NULL, 0, 0, 0, NULL, NULL, 0, NULL, 1730211645, '\"{\\\"dashboard\\\":[\\\"step1_completed\\\",\\\"step2_completed\\\",\\\"step1_child_completed\\\"]}\"', NULL, NULL, NULL, NULL, NULL, NULL, NULL),
(2044, 'ahmed', 'enfant', 8, 2043, NULL, NULL, NULL, '$2y$10$tqz2nwfHrbYgyoF4sUM9N.5OqInN/DuGQHmPfLUx50VomZ.JOBT2O', NULL, NULL, NULL, 1, 0, '/boy2.jpeg', NULL, NULL, NULL, NULL, NULL, NULL, NULL, NULL, NULL, NULL, NULL, 'all', 'active', 1, 'AR', NULL, 0, 0, NULL, NULL, NULL, NULL, NULL, NULL, 1, 0, 0, NULL, NULL, 0, NULL, 1730211658, NULL, NULL, NULL, NULL, 1, 6, NULL, NULL),
(2046, 'mouhamed', 'enfant', 8, 2043, NULL, NULL, NULL, '$2y$10$YKafbqkDVpa3k1J5PyE0sOW0yzMZCCQ8bnpXmk9w2OZPhllcoX3Ji', NULL, NULL, NULL, 1, 0, '/boy1.jpeg', NULL, NULL, NULL, NULL, NULL, NULL, NULL, NULL, NULL, NULL, NULL, 'all', 'active', 1, 'AR', NULL, 0, 0, NULL, NULL, NULL, NULL, NULL, NULL, 1, 0, 0, NULL, NULL, 0, NULL, 1730211681, NULL, NULL, NULL, NULL, 2, 7, NULL, NULL),
(2047, 'هشام زمالي', 'organization', 3, NULL, '98206079', NULL, NULL, '$2y$10$5kUbnt3JWZNHNTrnwhkAr.jRy8BBxeW64qATvnDLkVqnaVK2svpyK', NULL, NULL, NULL, 0, 0, NULL, '{\"color\":\"000000\",\"background\":\"f0f4c3\"}', NULL, NULL, NULL, NULL, NULL, NULL, NULL, NULL, NULL, NULL, 'all', 'active', 1, NULL, 'Africa/Tunis', 0, 0, NULL, NULL, NULL, NULL, NULL, NULL, 0, 0, 0, NULL, NULL, 0, NULL, 1730212281, '\"{\\\"dashboard\\\":[\\\"step1_completed\\\",\\\"step2_completed\\\",\\\"step3_completed\\\"],\\\"manuel\\\":[\\\"step1_child_manuel_completed\\\",\\\"step2_child_manuel_completed\\\"]}\"', NULL, NULL, NULL, NULL, NULL, NULL, NULL),
(2048, 'تيسير', 'enfant', 8, 2047, NULL, NULL, NULL, '$2y$10$xeb3993ZQXPhCvb/7Tpswu4VGgDwiUG7OPb0SSY9nEvJGgldKr/AO', NULL, NULL, NULL, 1, 0, '/girl4.jpeg', NULL, NULL, NULL, NULL, NULL, NULL, NULL, NULL, NULL, NULL, NULL, 'all', 'active', 1, 'AR', NULL, 0, 0, NULL, NULL, NULL, NULL, NULL, NULL, 1, 0, 0, NULL, NULL, 0, NULL, 1730212319, NULL, NULL, NULL, NULL, 5, 10, NULL, NULL),
(2049, 'حمزة', 'enfant', 8, 2047, NULL, NULL, NULL, '$2y$10$ydINp3tGvojapecY9gqjROGYtipr7zYHDhMfDZaFHTcXOMwGk2b7G', NULL, NULL, NULL, 1, 0, '/boy1.jpeg', NULL, NULL, NULL, NULL, NULL, NULL, NULL, NULL, NULL, NULL, NULL, 'all', 'active', 1, 'AR', NULL, 0, 0, NULL, NULL, NULL, NULL, NULL, NULL, 1, 0, 0, NULL, NULL, 0, NULL, 1730212335, NULL, NULL, NULL, NULL, 3, 8, NULL, NULL),
(2050, 'khouloud', 'organization', 3, NULL, '25789634', NULL, NULL, '$2y$10$2xhdG2VGa4hFufisPqCMme6p8/YMFElgcEjFtS25oNMBiB41jjk8S', NULL, NULL, NULL, 0, 0, NULL, '{\"color\":\"000000\",\"background\":\"64b5f6\"}', NULL, NULL, NULL, NULL, NULL, NULL, NULL, NULL, NULL, NULL, 'all', 'active', 1, NULL, 'Africa/Tunis', 0, 0, NULL, NULL, NULL, NULL, NULL, NULL, 0, 0, 0, NULL, NULL, 0, NULL, 1730213088, '\"{\\\"dashboard\\\":[\\\"step1_completed\\\",\\\"step2_completed\\\",\\\"step2_child_completed\\\",\\\"step1_child_completed\\\"]}\"', NULL, NULL, NULL, NULL, NULL, NULL, NULL),
(2051, 'ahmed', 'enfant', 8, 2050, NULL, NULL, NULL, '$2y$10$qMTI8uxfZzvnrCwSWOjoxuwImhS6U1sV7.XzrYG4FDX07K4e36m0e', NULL, NULL, NULL, 1, 0, '/f14.png', NULL, NULL, NULL, NULL, NULL, NULL, NULL, NULL, NULL, NULL, NULL, 'all', 'active', 1, 'AR', NULL, 0, 0, NULL, NULL, NULL, NULL, NULL, NULL, 1, 0, 0, NULL, NULL, 0, NULL, 1730213100, NULL, NULL, NULL, NULL, 1, 6, NULL, NULL),
(2052, 'maram', 'enfant', 8, 2050, NULL, NULL, NULL, '$2y$10$3QZQXeYHWQcf1wc9A3ECvuo0K2wg9Dbo75QmMGtFG3jE83IE8ZaiK', NULL, NULL, NULL, 1, 0, '/girl2.jpeg', NULL, NULL, NULL, NULL, NULL, NULL, NULL, NULL, NULL, NULL, NULL, 'all', 'active', 1, 'AR', NULL, 0, 0, NULL, NULL, NULL, NULL, NULL, NULL, 1, 0, 0, NULL, NULL, 0, NULL, 1730213114, NULL, NULL, NULL, NULL, 2, 7, NULL, NULL),
(2053, 'malek', 'enfant', 8, 2050, NULL, NULL, NULL, '$2y$10$RZ4DReXJyHv0oyQPd9k9f.NP5Hzc2rdpc99aKEIrdXbXXaRMBJvpi', NULL, NULL, NULL, 1, 0, '/girl3.jpeg', NULL, NULL, NULL, NULL, NULL, NULL, NULL, NULL, NULL, NULL, NULL, 'all', 'active', 1, 'AR', NULL, 0, 0, NULL, NULL, NULL, NULL, NULL, NULL, 1, 0, 0, NULL, NULL, 0, NULL, 1730213129, NULL, NULL, NULL, NULL, 3, 8, NULL, NULL),
(2054, 'Asma', 'enfant', 8, 1659, NULL, NULL, NULL, '$2y$10$SNAVpM8odzmgmx.sUNOrAOx5XKgoNgOdJXGljPWFMZbeO1/7mPrVC', NULL, NULL, NULL, 1, 0, '/girl1.jpeg', NULL, NULL, NULL, NULL, NULL, NULL, NULL, NULL, NULL, NULL, NULL, 'all', 'active', 1, 'AR', NULL, 0, 0, NULL, NULL, NULL, NULL, NULL, NULL, 1, 0, 0, NULL, NULL, 0, NULL, 1730213703, NULL, NULL, NULL, NULL, 1, 6, NULL, NULL),
(2055, 'khouloud', 'organization', 3, NULL, '25874639', NULL, NULL, '$2y$10$5E9eTzxKudyhLyuht/1C/OV2rPrXfFuvMQhyuu/jd.RCoNjH/aH.q', NULL, NULL, NULL, 0, 0, NULL, '{\"color\":\"FFFFFF\",\"background\":\"D32F2F\"}', NULL, NULL, NULL, NULL, NULL, NULL, NULL, NULL, NULL, NULL, 'all', 'active', 1, NULL, 'Africa/Tunis', 0, 0, NULL, NULL, NULL, NULL, NULL, NULL, 0, 0, 0, NULL, NULL, 0, NULL, 1730222808, '\"{\\\"dashboard\\\":[\\\"step1_completed\\\",\\\"step2_completed\\\"]}\"', NULL, NULL, NULL, NULL, NULL, NULL, NULL),
(2056, 'ahmed', 'enfant', 8, 2055, NULL, NULL, NULL, '$2y$10$NrbC5U/6tUc.bZK1k/KQ6uNe4DX7ln982kVkI6IlX9EcRbkSF/WBC', NULL, NULL, NULL, 1, 0, '/boy2.jpeg', NULL, NULL, NULL, NULL, NULL, NULL, NULL, NULL, NULL, NULL, NULL, 'all', 'active', 1, 'AR', NULL, 0, 0, NULL, NULL, NULL, NULL, NULL, NULL, 1, 0, 0, NULL, NULL, 0, NULL, 1730222822, NULL, NULL, NULL, NULL, 1, 6, NULL, NULL),
(2057, 'maram', 'enfant', 8, 2055, NULL, NULL, NULL, '$2y$10$DdC2PYlXcSitdHXZs9LjRuzR8dvMUetXMrkrE.bf2LFlfUEIBO6EK', NULL, NULL, NULL, 1, 0, '/girl3.jpeg', NULL, NULL, NULL, NULL, NULL, NULL, NULL, NULL, NULL, NULL, NULL, 'all', 'active', 1, 'AR', NULL, 0, 0, NULL, NULL, NULL, NULL, NULL, NULL, 1, 0, 0, NULL, NULL, 0, NULL, 1730222835, NULL, NULL, NULL, NULL, 2, 7, NULL, NULL),
(2058, 'Jawher', 'enfant', 8, 1860, NULL, NULL, NULL, '$2y$10$3KANBDbiFW/sjzk0bT1.7O4eKUMEOL49jSr4csa2nLT82L/lzg/4i', NULL, NULL, NULL, 1, 0, '/f16.png', NULL, NULL, NULL, NULL, NULL, NULL, NULL, NULL, NULL, NULL, NULL, 'all', 'active', 1, 'AR', NULL, 0, 0, NULL, NULL, NULL, NULL, NULL, NULL, 1, 0, 0, NULL, NULL, 0, NULL, 1730225840, NULL, NULL, NULL, NULL, 6, 11, NULL, NULL),
(2061, 'Ala', 'organization', 3, NULL, '96084002', NULL, NULL, '$2y$10$m/2Y2h7y/EBmG8MGsA5B3eRLBOJjT0WRcNCy/D2eWMkBRmo65DY/W', NULL, NULL, 'sy4Ohhc1cLqhfhZjyi9Y0NaVmWWlpqRfJqPixwy5KrL33XtnBXIek3RYGrjJ', 0, 0, NULL, '{\"color\":\"000000\",\"background\":\"0091ea\"}', NULL, NULL, NULL, NULL, NULL, NULL, NULL, NULL, NULL, NULL, 'all', 'active', 1, NULL, 'Africa/Tunis', 0, 0, NULL, NULL, NULL, NULL, NULL, NULL, 0, 0, 0, NULL, NULL, 0, NULL, 1730288209, '\"{\\\"dashboard\\\":[\\\"step1_completed\\\",\\\"step2_completed\\\",\\\"step3_completed\\\",\\\"step1_child_completed\\\",\\\"step2_child_completed\\\"],\\\"manuel\\\":[\\\"step1_child_manuel_completed\\\",\\\"step2_child_manuel_completed\\\"]}\"', NULL, NULL, NULL, NULL, NULL, NULL, NULL),
(2062, 'Yassin', 'enfant', 8, 2061, NULL, NULL, NULL, '$2y$10$SHrsGEOl2tmpBsDgrDa0c.RzrCQJFISEOwGj9KQ5063yUrzR5ftFO', NULL, NULL, NULL, 1, 0, '/boy2.jpeg', NULL, NULL, NULL, NULL, NULL, NULL, NULL, NULL, NULL, NULL, NULL, 'all', 'active', 1, 'AR', NULL, 0, 0, NULL, NULL, NULL, NULL, NULL, NULL, 1, 0, 0, NULL, NULL, 0, NULL, 1730288220, NULL, NULL, NULL, NULL, 4, 9, NULL, NULL),
(2065, 'مروان بلال', 'organization', 3, NULL, '20439238', NULL, NULL, '$2y$10$0MCKuvTo8vMUlX.1xTusOuNLNK.O1gEhL0xMLJj/4PY1fw8J/Cc0.', NULL, NULL, NULL, 0, 0, NULL, '{\"color\":\"000000\",\"background\":\"ffa726\"}', NULL, NULL, NULL, NULL, NULL, NULL, NULL, NULL, NULL, NULL, 'all', 'active', 1, NULL, 'Africa/Tunis', 0, 0, NULL, NULL, NULL, NULL, NULL, NULL, 0, 0, 0, NULL, NULL, 0, NULL, 1730296154, '\"{\\\"dashboard\\\":[\\\"step1_completed\\\"],\\\"manuel\\\":[\\\"step1_child_manuel_completed\\\",\\\"step2_child_manuel_completed\\\"]}\"', NULL, NULL, NULL, NULL, NULL, NULL, NULL),
(2066, 'كنزة', 'enfant', 8, 2065, NULL, NULL, NULL, '$2y$10$RhAXcLKdBf16PdZakBceg.cCgey6kHyeO56N8eSf0Jvc/.02x5UhS', NULL, NULL, NULL, 1, 0, '/girl2.jpeg', NULL, NULL, NULL, NULL, NULL, NULL, NULL, NULL, NULL, NULL, NULL, 'all', 'active', 1, 'AR', NULL, 0, 0, NULL, NULL, NULL, NULL, NULL, NULL, 1, 0, 0, NULL, NULL, 0, NULL, 1730296185, NULL, NULL, NULL, NULL, 6, 11, NULL, NULL),
(2067, 'aya', 'organization', 3, NULL, '57766555', NULL, NULL, '$2y$10$GZ6O02S9pJxD3vAJAlCM..m33rDlw9phPKKi8sYctemmvwqwXkNGO', NULL, NULL, NULL, 0, 0, NULL, '{\"color\":\"000000\",\"background\":\"ffc400\"}', NULL, NULL, NULL, NULL, NULL, NULL, NULL, NULL, NULL, NULL, 'all', 'active', 1, NULL, 'Africa/Tunis', 0, 0, NULL, NULL, NULL, NULL, NULL, NULL, 0, 0, 0, NULL, NULL, 0, NULL, 1730297072, '\"{\\\"dashboard\\\":[\\\"step1_completed\\\",\\\"step2_completed\\\",\\\"step3_completed\\\",\\\"step1_child_completed\\\",\\\"step2_child_completed\\\"],\\\"manuel\\\":[\\\"step1_child_manuel_completed\\\",\\\"step2_child_manuel_completed\\\"]}\"', NULL, NULL, NULL, NULL, NULL, NULL, NULL),
(2068, 'gff', 'enfant', 8, 2067, NULL, NULL, NULL, '$2y$10$BtjEFcIIx7w6BwBMpP1Ghe/q9BmjfkMp46oXigIiuvp02ILyJj0qS', NULL, NULL, NULL, 1, 0, '/f16.png', NULL, NULL, NULL, NULL, NULL, NULL, NULL, NULL, NULL, NULL, NULL, 'all', 'active', 1, 'AR', NULL, 0, 0, NULL, NULL, NULL, NULL, NULL, NULL, 1, 0, 0, NULL, NULL, 0, NULL, 1730297090, NULL, NULL, NULL, NULL, 3, 8, NULL, NULL),
(2069, 'liuja', 'organization', 3, NULL, '22334433', NULL, NULL, '$2y$10$dUXx8FUs77ts5quW9.op3OZqAhhwamuTKgOj75QKM8ydsrgJ47Nri', NULL, NULL, NULL, 0, 0, NULL, '{\"color\":\"000000\",\"background\":\"b2ff59\"}', NULL, NULL, NULL, NULL, NULL, NULL, NULL, NULL, NULL, NULL, 'all', 'active', 1, NULL, 'Africa/Tunis', 0, 0, NULL, NULL, NULL, NULL, NULL, NULL, 0, 0, 0, NULL, NULL, 0, NULL, 1730300174, '\"{\\\"dashboard\\\":[\\\"step1_completed\\\",\\\"step2_completed\\\",\\\"step3_completed\\\"]}\"', NULL, NULL, NULL, NULL, NULL, NULL, NULL),
(2070, 'ksdkj', 'enfant', 8, 2069, NULL, NULL, NULL, '$2y$10$CluUQcpRSkCJeKpa1izqde9Ax.RleK1FeOLt8ZlIijt737XH5LN7O', NULL, NULL, NULL, 1, 0, '/f16.png', NULL, NULL, NULL, NULL, NULL, NULL, NULL, NULL, NULL, NULL, NULL, 'all', 'active', 1, 'AR', NULL, 0, 0, NULL, NULL, NULL, NULL, NULL, NULL, 1, 0, 0, NULL, NULL, 0, NULL, 1730300212, NULL, NULL, NULL, NULL, 2, 7, NULL, NULL),
(2071, 'Parent', 'organization', 3, NULL, '98639950', NULL, NULL, '$2y$10$LvWguZbImI9NO7Iy/OPCUOua78mYmki0Q8KR5/mD6qWYB.cL3XaHS', NULL, NULL, 'hyMnfkRBmvqLCn7c2lFqZUUGG4TZKOHhk9qm2SfrxJoC9mYLmPk8XsU29a5H', 0, 0, NULL, '{\"color\":\"000000\",\"background\":\"c5cae9\"}', NULL, NULL, NULL, NULL, NULL, NULL, NULL, NULL, NULL, NULL, 'all', 'active', 1, 'AR', 'Africa/Tunis', 0, 0, NULL, NULL, NULL, NULL, NULL, NULL, 0, 0, 0, NULL, NULL, 0, NULL, 1730301027, '\"{\\\"dashboard\\\":[\\\"step1_completed\\\",\\\"step2_completed\\\",\\\"step3_completed\\\",\\\"step1_child_completed\\\",\\\"step2_child_completed\\\"],\\\"manuel\\\":[\\\"step1_child_manuel_completed\\\",\\\"step2_child_manuel_completed\\\"]}\"', NULL, NULL, NULL, NULL, NULL, NULL, NULL),
(2073, 'الطفل الثالث', 'enfant', 8, 2071, NULL, NULL, NULL, '$2y$10$QMI4SnUukRqHgz4gKKP.Ue3aAJxL6X4wZDVuvC59S1dZzSLDx792u', NULL, NULL, NULL, 1, 0, '/girl1.jpeg', NULL, NULL, NULL, NULL, NULL, NULL, NULL, NULL, NULL, NULL, NULL, 'all', 'active', 1, 'AR', NULL, 0, 0, NULL, NULL, NULL, NULL, NULL, NULL, 1, 0, 0, NULL, NULL, 0, NULL, 1730301052, NULL, NULL, NULL, NULL, 3, 8, NULL, NULL),
(2076, 'Foued', 'organization', 3, NULL, '29493005', NULL, NULL, '$2y$10$.Wqps1bBgTLrxvAyt4o93uFwlCHCcaVSuwiE6mC0RUQR9cfnekakq', NULL, NULL, NULL, 0, 0, NULL, '{\"color\":\"FFFFFF\",\"background\":\"2e7d32\"}', NULL, NULL, NULL, NULL, NULL, NULL, NULL, NULL, NULL, NULL, 'all', 'active', 1, NULL, 'Africa/Tunis', 0, 0, NULL, NULL, NULL, NULL, NULL, NULL, 0, 0, 0, NULL, NULL, 0, NULL, 1730311990, '\"{\\\"dashboard\\\":[\\\"step1_completed\\\",\\\"step2_completed\\\"],\\\"manuel\\\":[\\\"step1_child_manuel_completed\\\",\\\"step2_child_manuel_completed\\\"]}\"', NULL, NULL, NULL, NULL, NULL, NULL, NULL),
(2077, 'محمد آدم', 'enfant', 8, 2076, NULL, NULL, NULL, '$2y$10$MSwIhsKAMp7eIJhg9ViTK.0qSTNPoC2QII2trYLwdztQlC0g/jeom', NULL, NULL, NULL, 1, 0, '/boy2.jpeg', NULL, NULL, NULL, NULL, NULL, NULL, NULL, NULL, NULL, NULL, NULL, 'all', 'active', 1, 'AR', NULL, 0, 0, NULL, NULL, NULL, NULL, NULL, NULL, 1, 0, 0, NULL, NULL, 0, NULL, 1730312038, NULL, NULL, NULL, NULL, 5, 10, NULL, NULL);
INSERT INTO `users` (`id`, `full_name`, `role_name`, `role_id`, `organ_id`, `mobile`, `email`, `bio`, `password`, `google_id`, `facebook_id`, `remember_token`, `verified`, `financial_approval`, `avatar`, `avatar_settings`, `cover_img`, `headline`, `about`, `address`, `country_id`, `province_id`, `city_id`, `district_id`, `location`, `level_of_training`, `meeting_type`, `status`, `access_content`, `language`, `timezone`, `newsletter`, `public_message`, `account_type`, `iban`, `account_id`, `identity_scan`, `certificate`, `commission`, `affiliate`, `can_create_store`, `ban`, `ban_start_at`, `ban_end_at`, `offline`, `offline_message`, `created_at`, `guide_progress`, `updated_at`, `deleted_at`, `school_id`, `section_id`, `level_id`, `option_id`, `matier_id`) VALUES
(2078, 'محمد اوس', 'enfant', 8, 2076, NULL, NULL, NULL, '$2y$10$0QWVsH0xo0z0nwi71DKpROguiNAgV.csG7IymLho/LLEy31te9I1q', NULL, NULL, NULL, 1, 0, '/boy1.jpeg', NULL, NULL, NULL, NULL, NULL, NULL, NULL, NULL, NULL, NULL, NULL, 'all', 'active', 1, 'AR', NULL, 0, 0, NULL, NULL, NULL, NULL, NULL, NULL, 1, 0, 0, NULL, NULL, 0, NULL, 1730312080, NULL, NULL, NULL, NULL, 2, 7, NULL, NULL),
(2079, 'أمين الهلالي', 'teacher', 4, NULL, '92267273', 'helaliamine37@gmail.com', NULL, '$2y$10$929lN.MP.d7mEV7goBb27O2zM7Mg4/8q/NtEHm.TOt8GU2DVLrLV2', NULL, NULL, NULL, 0, 0, NULL, '{\"color\":\"000000\",\"background\":\"e8eaf6\"}', NULL, NULL, NULL, NULL, NULL, NULL, NULL, NULL, NULL, NULL, 'all', 'active', 1, NULL, 'Africa/Tunis', 0, 0, NULL, NULL, NULL, NULL, NULL, NULL, 1, 0, 0, NULL, NULL, 0, NULL, 1730317767, NULL, NULL, NULL, NULL, NULL, NULL, NULL, 7),
(2080, 'رندة الغربي', 'organization', 3, NULL, '22773746', NULL, NULL, '$2y$10$11bf2qEFzgaLL93rXY/JeuOye7Wus5ficoJGiw6vIdrpLehAHOdOq', NULL, NULL, NULL, 0, 0, NULL, '{\"color\":\"000000\",\"background\":\"b9f6ca\"}', NULL, NULL, NULL, NULL, NULL, NULL, NULL, NULL, NULL, NULL, 'all', 'active', 1, NULL, 'Africa/Tunis', 0, 0, NULL, NULL, NULL, NULL, NULL, NULL, 0, 0, 0, NULL, NULL, 0, NULL, 1730325051, '\"{\\\"dashboard\\\":[\\\"step1_completed\\\",\\\"step2_completed\\\",\\\"step1_child_completed\\\",\\\"step2_child_completed\\\",\\\"step3_completed\\\"],\\\"manuel\\\":[\\\"step1_child_manuel_completed\\\",\\\"step2_child_manuel_completed\\\"]}\"', NULL, NULL, NULL, NULL, NULL, NULL, NULL),
(2081, 'ادم', 'enfant', 8, 2080, NULL, NULL, NULL, '$2y$10$D0fDixK92J0OrJhv.A5CGe2X/fSHtjg6Dv3C0v0WVa9izFRHYPRNG', NULL, NULL, NULL, 1, 0, '/boy2.jpeg', NULL, NULL, NULL, NULL, NULL, NULL, NULL, NULL, NULL, NULL, NULL, 'all', 'active', 1, 'AR', NULL, 0, 0, NULL, NULL, NULL, NULL, NULL, NULL, 1, 0, 0, NULL, NULL, 0, NULL, 1730325088, NULL, NULL, NULL, NULL, 4, 9, NULL, NULL),
(2082, 'حمزة', 'enfant', 8, 2080, NULL, NULL, NULL, '$2y$10$69uNoe6ApUvlkKHXUn9uauN/1KUasZmMqZy7mEGhGZN0vPKTLRSLe', NULL, NULL, NULL, 1, 0, '/f14.png', NULL, NULL, NULL, NULL, NULL, NULL, NULL, NULL, NULL, NULL, NULL, 'all', 'active', 1, 'AR', NULL, 0, 0, NULL, NULL, NULL, NULL, NULL, NULL, 1, 0, 0, NULL, NULL, 0, NULL, 1730325113, NULL, NULL, NULL, NULL, 3, 8, NULL, NULL),
(2083, 'fathi nasr', 'organization', 3, NULL, '43009485', NULL, NULL, '$2y$10$h4//Q2wtTRkGxHsK99HFdOYQRpPsXxUBy660GjLpcJYtNw6Cr3Vx6', NULL, NULL, NULL, 0, 0, NULL, '{\"color\":\"000000\",\"background\":\"ff9100\"}', NULL, NULL, NULL, NULL, NULL, NULL, NULL, NULL, NULL, NULL, 'all', 'active', 1, NULL, 'Africa/Tunis', 0, 0, NULL, NULL, NULL, NULL, NULL, NULL, 0, 0, 0, NULL, NULL, 0, NULL, 1730368040, '\"{\\\"dashboard\\\":[\\\"step3_completed\\\",\\\"step1_child_completed\\\",\\\"step2_child_completed\\\"]}\"', NULL, NULL, NULL, NULL, NULL, NULL, NULL),
(2084, 'mayar', 'enfant', 8, 2083, NULL, NULL, NULL, '$2y$10$d9q6Q/x5m6443lPpkRHbYubAhTptW/.pGX0bf0cJqoCvwnzuK8kz6', NULL, NULL, NULL, 1, 0, '/girl1.jpeg', NULL, NULL, NULL, NULL, NULL, NULL, NULL, NULL, NULL, NULL, NULL, 'all', 'active', 1, 'AR', NULL, 0, 0, NULL, NULL, NULL, NULL, NULL, NULL, 1, 0, 0, NULL, NULL, 0, NULL, 1730368069, NULL, NULL, NULL, NULL, 1, 6, NULL, NULL),
(2085, 'khouloud', 'organization', 3, NULL, '21458745', NULL, NULL, '$2y$10$c3CGT.z2QtY8I0j4gupjM..IUIgcuRzh/HyYOeen6Lna0PPV.dv0a', NULL, NULL, NULL, 0, 0, NULL, '{\"color\":\"FFFFFF\",\"background\":\"0277bd\"}', NULL, NULL, NULL, NULL, NULL, NULL, NULL, NULL, NULL, NULL, 'all', 'active', 1, NULL, 'Africa/Tunis', 0, 0, NULL, NULL, NULL, NULL, NULL, NULL, 0, 0, 0, NULL, NULL, 0, NULL, 1730377382, '\"{\\\"dashboard\\\":[\\\"step1_completed\\\",\\\"step3_completed\\\"]}\"', NULL, NULL, NULL, NULL, NULL, NULL, NULL),
(2086, 'malek', 'enfant', 8, 2085, NULL, NULL, NULL, '$2y$10$DcafF/gQX39lP3agsO5px.OmqNkGYyLLdPvsEyLKTPKgf/w3BxZy.', NULL, NULL, NULL, 1, 0, '/girl1.jpeg', NULL, NULL, NULL, NULL, NULL, NULL, NULL, NULL, NULL, NULL, NULL, 'all', 'active', 1, 'AR', NULL, 0, 0, NULL, NULL, NULL, NULL, NULL, NULL, 1, 0, 0, NULL, NULL, 0, NULL, 1730377404, NULL, NULL, NULL, NULL, 1, 6, NULL, NULL),
(2089, 'ماجدة الطرابلسي', 'organization', 3, NULL, '23711031', NULL, NULL, '$2y$10$BGSxN2m7.78ilpG2aEFyc.O8b8Zj3tKc3hC6Aixjp1HjEY8/oP9le', NULL, NULL, NULL, 0, 0, NULL, '{\"color\":\"000000\",\"background\":\"29b6f6\"}', NULL, NULL, NULL, NULL, NULL, NULL, NULL, NULL, NULL, NULL, 'all', 'active', 1, NULL, 'Africa/Tunis', 0, 0, NULL, NULL, NULL, NULL, NULL, NULL, 0, 0, 0, NULL, NULL, 0, NULL, 1730457831, '\"{\\\"dashboard\\\":[\\\"step1_completed\\\",\\\"step3_completed\\\",\\\"step1_child_completed\\\"],\\\"manuel\\\":[\\\"step1_child_manuel_completed\\\",\\\"step2_child_manuel_completed\\\"]}\"', NULL, NULL, NULL, NULL, NULL, NULL, NULL),
(2090, 'ملك بسي', 'enfant', 8, 2089, NULL, NULL, NULL, '$2y$10$Jn6U0CgE7v5msVsfpS4XmOi2oxat6YXFH//fiV6UgM2FIAzTQkhp2', NULL, NULL, NULL, 1, 0, '/girl1.jpeg', NULL, NULL, NULL, NULL, NULL, NULL, NULL, NULL, NULL, NULL, NULL, 'all', 'active', 1, 'AR', NULL, 0, 0, NULL, NULL, NULL, NULL, NULL, NULL, 1, 0, 0, NULL, NULL, 0, NULL, 1730457857, NULL, NULL, NULL, NULL, 5, 10, NULL, NULL),
(2091, 'Abajim Abajim', 'teacher', 4, NULL, '98639958', 'rhoumayass@gmail.com', NULL, '$2y$10$iCRgZvFs5jsQUB10l8PndOBMRJ9OOLpSuOfUPwW6GPNT4lIEL4Z1u', NULL, NULL, NULL, 0, 0, NULL, '{\"color\":\"FFFFFF\",\"background\":\"00897b\"}', NULL, NULL, NULL, NULL, NULL, NULL, NULL, NULL, NULL, NULL, 'all', 'active', 1, NULL, 'Africa/Tunis', 0, 0, NULL, NULL, NULL, NULL, NULL, NULL, 1, 0, 0, NULL, NULL, 0, NULL, 1730468330, NULL, NULL, NULL, NULL, NULL, NULL, NULL, 7),
(2092, 'Ahmed Oueslati', 'organization', 3, NULL, '96074105', NULL, NULL, '$2y$10$Ug3oPLK6RfPWdimYfybebeTaLd0lQ02XhK1biua6ZpwStD23NXaMO', NULL, NULL, NULL, 0, 0, NULL, '{\"color\":\"FFFFFF\",\"background\":\"0288d1\"}', NULL, NULL, NULL, NULL, NULL, NULL, NULL, NULL, NULL, NULL, 'all', 'active', 1, NULL, 'Africa/Tunis', 0, 0, NULL, NULL, NULL, NULL, NULL, NULL, 0, 0, 0, NULL, NULL, 0, NULL, 1730477643, '\"{\\\"dashboard\\\":[\\\"step1_completed\\\",\\\"step3_completed\\\",\\\"step1_child_completed\\\"],\\\"manuel\\\":[\\\"step1_child_manuel_completed\\\"]}\"', NULL, NULL, NULL, NULL, NULL, NULL, NULL),
(2093, 'Massara', 'enfant', 8, 2092, NULL, NULL, NULL, '$2y$10$hkq7Vcgw.4LZ.e.aFBdRGuct4ucuzmeFJf.Ziu3zMKsVGFJpI2NcW', NULL, NULL, NULL, 1, 0, '/girl2.jpeg', NULL, NULL, NULL, NULL, NULL, NULL, NULL, NULL, NULL, NULL, NULL, 'all', 'active', 1, 'AR', NULL, 0, 0, NULL, NULL, NULL, NULL, NULL, NULL, 1, 0, 0, NULL, NULL, 0, NULL, 1730477665, NULL, NULL, NULL, NULL, 1, 6, NULL, NULL),
(2094, 'salim', 'organization', 3, NULL, '58344464', NULL, NULL, '$2y$10$akQA8kEJNfkHlbwNmr.KgORdqBxjAT/qiwrtPDYWamaMUBYn6pypO', NULL, NULL, NULL, 0, 0, NULL, '{\"color\":\"000000\",\"background\":\"ff9e80\"}', NULL, NULL, NULL, NULL, NULL, NULL, NULL, NULL, NULL, NULL, 'all', 'active', 1, NULL, 'Africa/Tunis', 0, 0, NULL, NULL, NULL, NULL, NULL, NULL, 0, 0, 0, NULL, NULL, 0, NULL, 1730491716, '\"{\\\"dashboard\\\":[\\\"step1_completed\\\",\\\"step3_completed\\\",\\\"step1_child_completed\\\"]}\"', NULL, NULL, NULL, NULL, NULL, NULL, NULL),
(2095, 'mohamed', 'enfant', 8, 2094, NULL, NULL, NULL, '$2y$10$3BryhDIP4gbhq25Ct6ZXru57u8OCPZAYntachrOmWJ0XcZnP/qp1q', NULL, NULL, NULL, 1, 0, '/f16.png', NULL, NULL, NULL, NULL, NULL, NULL, NULL, NULL, NULL, NULL, NULL, 'all', 'active', 1, 'AR', NULL, 0, 0, NULL, NULL, NULL, NULL, NULL, NULL, 1, 0, 0, NULL, NULL, 0, NULL, 1730491740, NULL, NULL, NULL, NULL, 1, 6, NULL, NULL),
(2096, 'saif', 'enfant', 8, 1667, NULL, NULL, NULL, '$2y$10$TDyg6MBottbTF1zUWNaeRuSy4ZflJPBKPIWE2IdRy4pJ/LxVARFJu', NULL, NULL, NULL, 1, 0, '/boy1.jpeg', NULL, NULL, NULL, NULL, NULL, NULL, NULL, NULL, NULL, NULL, NULL, 'all', 'active', 1, 'AR', NULL, 0, 0, NULL, NULL, NULL, NULL, NULL, NULL, 1, 0, 0, NULL, NULL, 0, NULL, 1730496426, NULL, NULL, NULL, NULL, 3, 8, NULL, NULL),
(2097, 'Imen', 'organization', 3, NULL, '25267210', NULL, NULL, '$2y$10$pyqiZiIOn0spiRbVJd.9JuIF97WlWypsJ/IxLPsLonaLfMXvpo6qm', NULL, NULL, NULL, 0, 0, NULL, '{\"color\":\"000000\",\"background\":\"efebe9\"}', NULL, NULL, NULL, NULL, NULL, NULL, NULL, NULL, NULL, NULL, 'all', 'active', 1, NULL, 'Africa/Tunis', 0, 0, NULL, NULL, NULL, NULL, NULL, NULL, 0, 0, 0, NULL, NULL, 0, NULL, 1730528799, '\"{\\\"dashboard\\\":[\\\"step1_completed\\\",\\\"step3_completed\\\",\\\"step2_completed\\\",\\\"step1_child_completed\\\",\\\"step2_child_completed\\\"],\\\"manuel\\\":[\\\"step1_child_manuel_completed\\\",\\\"step2_child_manuel_completed\\\"]}\"', NULL, NULL, NULL, NULL, NULL, NULL, NULL),
(2098, 'جيداء', 'enfant', 8, 2097, NULL, NULL, NULL, '$2y$10$Cph0TzuZwdUmjFLGXGFSC.lCRN6e0TCvND.D.UAGNB4eJX3/tz5GC', NULL, NULL, NULL, 1, 0, '/girl2.jpeg', NULL, NULL, NULL, NULL, NULL, NULL, NULL, NULL, NULL, NULL, NULL, 'all', 'active', 1, 'AR', NULL, 0, 0, NULL, NULL, NULL, NULL, NULL, NULL, 1, 0, 0, NULL, NULL, 0, NULL, 1730529080, NULL, NULL, NULL, NULL, 3, 8, NULL, NULL),
(2099, 'Sahar cheikh', 'organization', 3, NULL, '24511281', NULL, NULL, '$2y$10$tTaxUCshQJOFw5EGZ1R4gu428iDKKf6dJzWudL5Sk1qMj8scUhZyi', NULL, NULL, 'dxtgdkScmvppoTgSkANlgK2sIKXnNWEtle8llc0gc9tOmCGiJZUcBrfMlyV4', 0, 0, NULL, '{\"color\":\"000000\",\"background\":\"80deea\"}', NULL, NULL, NULL, NULL, NULL, NULL, NULL, NULL, NULL, NULL, 'all', 'active', 1, NULL, 'Africa/Tunis', 0, 0, NULL, NULL, NULL, NULL, NULL, NULL, 0, 0, 0, NULL, NULL, 0, NULL, 1730531104, '\"{\\\"dashboard\\\":[\\\"step1_completed\\\",\\\"step2_completed\\\",\\\"step1_child_completed\\\",\\\"step2_child_completed\\\",\\\"step3_completed\\\"],\\\"manuel\\\":[\\\"step1_child_manuel_completed\\\",\\\"step2_child_manuel_completed\\\"]}\"', NULL, NULL, NULL, NULL, NULL, NULL, NULL),
(2100, 'قمر', 'enfant', 8, 2099, NULL, NULL, NULL, '$2y$10$AOw36XskjGQvLD8fPIBWyu0XYtjZw3VtU8EGkUr79LIkZ7VzEC6gi', NULL, NULL, NULL, 1, 0, '/girl1.jpeg', NULL, NULL, NULL, NULL, NULL, NULL, NULL, NULL, NULL, NULL, NULL, 'all', 'active', 1, 'AR', NULL, 0, 0, NULL, NULL, NULL, NULL, NULL, NULL, 1, 0, 0, NULL, NULL, 0, NULL, 1730531121, NULL, NULL, NULL, NULL, 3, 8, NULL, NULL),
(2101, 'الما', 'enfant', 8, 2099, NULL, NULL, NULL, '$2y$10$whSBq2.zlXzM8StbOo09qegOnRfQb5593VUEAfKW9BREmqwT8JGba', NULL, NULL, NULL, 1, 0, '/girl4.jpeg', NULL, NULL, NULL, NULL, NULL, NULL, NULL, NULL, NULL, NULL, NULL, 'all', 'active', 1, 'AR', NULL, 0, 0, NULL, NULL, NULL, NULL, NULL, NULL, 1, 0, 0, NULL, NULL, 0, NULL, 1730531139, NULL, NULL, NULL, NULL, 1, 6, NULL, NULL),
(2102, 'عبد الله عون', 'organization', 3, NULL, '22948514', NULL, NULL, '$2y$10$ZDlXvaX2NEm1Hue/1Rx3Lexqdu9VcJft1nPu8hKEFcGKAGntVnNRC', NULL, NULL, 'z1Hz5R4Kx0bgJ8VOYbhDDjn5sDHeyMxpiO1vlxCsQh6cIqYBKZaonGCTpVLE', 0, 0, NULL, '{\"color\":\"000000\",\"background\":\"d4e157\"}', NULL, NULL, NULL, NULL, NULL, NULL, NULL, NULL, NULL, NULL, 'all', 'active', 1, NULL, 'Africa/Tunis', 0, 0, NULL, NULL, NULL, NULL, NULL, NULL, 0, 0, 0, NULL, NULL, 0, NULL, 1730537333, '\"{\\\"dashboard\\\":[\\\"step1_completed\\\",\\\"step2_completed\\\",\\\"step3_completed\\\",\\\"step1_child_completed\\\",\\\"step2_child_completed\\\"],\\\"manuel\\\":[\\\"step1_child_manuel_completed\\\"]}\"', NULL, NULL, NULL, NULL, NULL, NULL, NULL),
(2103, 'نجود', 'enfant', 8, 2102, NULL, NULL, NULL, '$2y$10$knZqa9CSDxgWCwjJsiBiV.Ypi5D6WRlT/PhEG/a55Hlc2Q.eV/Bcu', NULL, NULL, NULL, 1, 0, '/girl1.jpeg', NULL, NULL, NULL, NULL, NULL, NULL, NULL, NULL, NULL, NULL, NULL, 'all', 'active', 1, 'AR', NULL, 0, 0, NULL, NULL, NULL, NULL, NULL, NULL, 1, 0, 0, NULL, NULL, 0, NULL, 1730537371, NULL, NULL, NULL, NULL, 5, 10, NULL, NULL),
(2104, 'نحد', 'enfant', 8, 2102, NULL, NULL, NULL, '$2y$10$B/19m0LmW5LzThjc50zB6.j7/0l7RNq43XRnRKsqiCQbyPkTs81lq', NULL, NULL, NULL, 1, 0, '/boy2.jpeg', NULL, NULL, NULL, NULL, NULL, NULL, NULL, NULL, NULL, NULL, NULL, 'all', 'active', 1, 'AR', NULL, 0, 0, NULL, NULL, NULL, NULL, NULL, NULL, 1, 0, 0, NULL, NULL, 0, NULL, 1730537404, NULL, NULL, NULL, NULL, 3, 8, NULL, NULL),
(2105, 'نوران', 'enfant', 8, 2102, NULL, NULL, NULL, '$2y$10$4PY1YGFlf9Rx/M8IQq2iE.FBEm3wqeD.r2W43oMJtgqubEccCl7Cy', NULL, NULL, NULL, 1, 0, '/girl2.jpeg', NULL, NULL, NULL, NULL, NULL, NULL, NULL, NULL, NULL, NULL, NULL, 'all', 'active', 1, 'AR', NULL, 0, 0, NULL, NULL, NULL, NULL, NULL, NULL, 1, 0, 0, NULL, NULL, 0, NULL, 1730537418, NULL, NULL, NULL, NULL, 1, 6, NULL, NULL),
(2106, 'Imen harbaoui', 'organization', 3, NULL, '23214242', NULL, NULL, '$2y$10$MJd3SIpwLc3Gagaf/9M9w.M6h9TXo9cakD4h2v3JN/z6PdRHBa3p6', NULL, NULL, NULL, 0, 0, NULL, '{\"color\":\"FFFFFF\",\"background\":\"C62828\"}', NULL, NULL, NULL, NULL, NULL, NULL, NULL, NULL, NULL, NULL, 'all', 'active', 1, NULL, 'Africa/Tunis', 0, 0, NULL, NULL, NULL, NULL, NULL, NULL, 0, 0, 0, NULL, NULL, 0, NULL, 1730548746, '\"{\\\"dashboard\\\":[\\\"step1_completed\\\",\\\"step3_completed\\\",\\\"step1_child_completed\\\"],\\\"manuel\\\":[\\\"step1_child_manuel_completed\\\",\\\"step2_child_manuel_completed\\\"]}\"', NULL, NULL, NULL, NULL, NULL, NULL, NULL),
(2107, 'Yahya', 'enfant', 8, 2106, NULL, NULL, NULL, '$2y$10$ckzEUYNZEjxxSQ/Uh4IJq.mk7rSNADPCe.YXXTTx3WUWG8LMmPNZy', NULL, NULL, NULL, 1, 0, '/boy1.jpeg', NULL, NULL, NULL, NULL, NULL, NULL, NULL, NULL, NULL, NULL, NULL, 'all', 'active', 1, 'AR', NULL, 0, 0, NULL, NULL, NULL, NULL, NULL, NULL, 1, 0, 0, NULL, NULL, 0, NULL, 1730548771, NULL, NULL, NULL, NULL, 3, 8, NULL, NULL),
(2108, 'doula henda', 'organization', 3, NULL, '21591061', NULL, NULL, '$2y$10$.Si6heySZk16unsDpmZ40uLmvfgyxw1N6mknGkUxic.t.rl3X7.ka', NULL, NULL, NULL, 0, 0, NULL, '{\"color\":\"000000\",\"background\":\"ff9100\"}', NULL, NULL, NULL, NULL, NULL, NULL, NULL, NULL, NULL, NULL, 'all', 'active', 1, NULL, 'Africa/Tunis', 0, 0, NULL, NULL, NULL, NULL, NULL, NULL, 0, 0, 0, NULL, NULL, 0, NULL, 1730551348, '\"{\\\"dashboard\\\":[\\\"step1_completed\\\",\\\"step2_completed\\\",\\\"step3_completed\\\"],\\\"manuel\\\":[\\\"step1_child_manuel_completed\\\"]}\"', NULL, NULL, NULL, NULL, NULL, NULL, NULL),
(2109, 'Sarah', 'enfant', 8, 2108, NULL, NULL, NULL, '$2y$10$MH4SL2X1vlW8HGi3kTID9OCw8wb8fofgg1dcuYM262g3uIWWejAAC', NULL, NULL, NULL, 1, 0, '/girl2.jpeg', NULL, NULL, NULL, NULL, NULL, NULL, NULL, NULL, NULL, NULL, NULL, 'all', 'active', 1, 'AR', NULL, 0, 0, NULL, NULL, NULL, NULL, NULL, NULL, 1, 0, 0, NULL, NULL, 0, NULL, 1730551376, NULL, NULL, NULL, NULL, 3, 8, NULL, NULL),
(2110, 'Mohamed', 'organization', 3, NULL, '54320760', NULL, NULL, '$2y$10$2L2rXbfAsCllDFRhwXL5Se.Nsj2rf6BoKNTuDaKgzy4fbJ7eIS02K', NULL, NULL, NULL, 0, 0, NULL, '{\"color\":\"000000\",\"background\":\"76ff03\"}', NULL, NULL, NULL, NULL, NULL, NULL, NULL, NULL, NULL, NULL, 'all', 'active', 1, NULL, 'Africa/Tunis', 0, 0, NULL, NULL, NULL, NULL, NULL, NULL, 0, 0, 0, NULL, NULL, 0, NULL, 1730551568, '\"{\\\"dashboard\\\":[\\\"step1_completed\\\",\\\"step2_completed\\\",\\\"step3_completed\\\",\\\"step1_child_completed\\\",\\\"step2_child_completed\\\"],\\\"manuel\\\":[\\\"step1_child_manuel_completed\\\",\\\"step2_child_manuel_completed\\\"]}\"', NULL, NULL, NULL, NULL, NULL, NULL, NULL),
(2111, 'Ouways', 'enfant', 8, 2110, NULL, NULL, NULL, '$2y$10$IaM85C39hpwFCx2PesYdi.lqa9NQgvGvJ/EKv8ZlwlM7yov8Si8pa', NULL, NULL, NULL, 1, 0, '/boy2.jpeg', NULL, NULL, NULL, NULL, NULL, NULL, NULL, NULL, NULL, NULL, NULL, 'all', 'active', 1, 'AR', NULL, 0, 0, NULL, NULL, NULL, NULL, NULL, NULL, 1, 0, 0, NULL, NULL, 0, NULL, 1730551628, NULL, NULL, NULL, NULL, 1, 6, NULL, NULL),
(2112, 'Mourad', 'enfant', 8, 2110, NULL, NULL, NULL, '$2y$10$6gTo4b/1oiz4OhjDx4kVqekkdy/43XjbBdOgCDk3O2DBU1kOnib/m', NULL, NULL, NULL, 1, 0, '/f16.png', NULL, NULL, NULL, NULL, NULL, NULL, NULL, NULL, NULL, NULL, NULL, 'all', 'active', 1, 'AR', NULL, 0, 0, NULL, NULL, NULL, NULL, NULL, NULL, 1, 0, 0, NULL, NULL, 0, NULL, 1730551648, NULL, NULL, NULL, NULL, 3, 8, NULL, NULL),
(2113, 'Arij', 'enfant', 8, 2110, NULL, NULL, NULL, '$2y$10$Dw72QSyP593D9WaEFxvdYuUA/RSmU4IbS59jVjxFG.X3PoRrltnK2', NULL, NULL, NULL, 1, 0, '/girl3.jpeg', NULL, NULL, NULL, NULL, NULL, NULL, NULL, NULL, NULL, NULL, NULL, 'all', 'active', 1, 'AR', NULL, 0, 0, NULL, NULL, NULL, NULL, NULL, NULL, 1, 0, 0, NULL, NULL, 0, NULL, 1730551661, NULL, NULL, NULL, NULL, 6, 11, NULL, NULL),
(2114, 'yezyfyhl barka', 'enfant', 8, 2110, NULL, NULL, NULL, '$2y$10$oqOmv7oVg/LdcsQxrjh.5evi7t.yTwffEIFkoxJDj0s5p4DNd1Wpu', NULL, NULL, NULL, 1, 0, '/girl1.jpeg', NULL, NULL, NULL, NULL, NULL, NULL, NULL, NULL, NULL, NULL, NULL, 'all', 'active', 1, 'AR', NULL, 0, 0, NULL, NULL, NULL, NULL, NULL, NULL, 1, 0, 0, NULL, NULL, 0, NULL, 1730551676, NULL, NULL, NULL, NULL, 2, 7, NULL, NULL),
(2115, 'Farah Krir', 'teacher', 4, NULL, '53431394', 'farahkrir5@gmail.com', 'mo3alma behya', '$2y$10$s6aY2mujV.pM8/e7R2DrsurT5KRH8PHisKp/CTseWOGkUNIWgMb6e', NULL, NULL, '1LMMPgUmZTDYgwrwjSIP7HEVAaCy1fZlymxvRYkYYM7o4jF9pOgfr4SaqZke', 0, 0, '/store/2115/avatar/673f1fbcc700c.png', '{\"color\":\"000000\",\"background\":\"ff9800\"}', NULL, NULL, 'mo3alma chebba', NULL, NULL, NULL, NULL, NULL, NULL, NULL, 'all', 'active', 1, 'EN', 'Africa/Tunis', 0, 0, NULL, NULL, NULL, NULL, NULL, NULL, 1, 0, 0, NULL, NULL, 0, NULL, 1730552641, NULL, NULL, NULL, NULL, NULL, NULL, NULL, 7),
(2116, 'Olfa ga', 'organization', 3, NULL, '41733927', NULL, NULL, '$2y$10$mPBWu9MQAHFRmQX1lXLlZe5WKU7Oh9Wnx8d6otpLkT2sGKMOZn.Nq', NULL, NULL, 'HaJezZu9o5Yf0YUKUJPqVW6lXEfJHA9LZyRfdMCDyZR7LuVOoo2GD9lu1Sga', 0, 0, NULL, '{\"color\":\"000000\",\"background\":\"80cbc4\"}', NULL, NULL, NULL, NULL, NULL, NULL, NULL, NULL, NULL, NULL, 'all', 'active', 1, NULL, 'Africa/Tunis', 0, 0, NULL, NULL, NULL, NULL, NULL, NULL, 0, 0, 0, NULL, NULL, 0, NULL, 1730558264, '\"{\\\"dashboard\\\":[\\\"step1_completed\\\",\\\"step2_completed\\\",\\\"step3_completed\\\",\\\"step1_child_completed\\\"],\\\"manuel\\\":[\\\"step1_child_manuel_completed\\\"]}\"', NULL, NULL, NULL, NULL, NULL, NULL, NULL),
(2117, 'Essil', 'enfant', 8, 2116, NULL, NULL, NULL, '$2y$10$OaJz9G/NRVewIvrtybeSNORotoiYJffmsrqFB4foHNa0ryZoBJoYy', NULL, NULL, NULL, 1, 0, '/girl3.jpeg', NULL, NULL, NULL, NULL, NULL, NULL, NULL, NULL, NULL, NULL, NULL, 'all', 'active', 1, 'AR', NULL, 0, 0, NULL, NULL, NULL, NULL, NULL, NULL, 1, 0, 0, NULL, NULL, 0, NULL, 1730558288, NULL, NULL, NULL, NULL, 3, 8, NULL, NULL),
(2118, 'Samia najjar', 'organization', 3, NULL, '12345677', NULL, NULL, '$2y$10$ALM1h8C9cuZsFIAEVQyDKucUlEXOyP250i2MUHjlh7kKzX5BptZAu', NULL, NULL, NULL, 0, 0, NULL, '{\"color\":\"000000\",\"background\":\"ff7043\"}', NULL, NULL, NULL, NULL, NULL, NULL, NULL, NULL, NULL, NULL, 'all', 'active', 1, NULL, 'Africa/Tunis', 0, 0, NULL, NULL, NULL, NULL, NULL, NULL, 0, 0, 0, NULL, NULL, 0, NULL, 1730563635, '\"{\\\"dashboard\\\":[\\\"step1_completed\\\",\\\"step3_completed\\\",\\\"step1_child_completed\\\"],\\\"manuel\\\":[\\\"step1_child_manuel_completed\\\",\\\"step2_child_manuel_completed\\\"]}\"', NULL, NULL, NULL, NULL, NULL, NULL, NULL),
(2119, 'saif', 'enfant', 8, 2118, NULL, NULL, NULL, '$2y$10$ebWYEKhSC2v4TWB3QFQtjeGWkXjLLb139JcrIulsih1b/pIcr.0r2', NULL, NULL, NULL, 1, 0, '/f14.png', NULL, NULL, NULL, NULL, NULL, NULL, NULL, NULL, NULL, NULL, NULL, 'all', 'active', 1, 'AR', NULL, 0, 0, NULL, NULL, NULL, NULL, NULL, NULL, 1, 0, 0, NULL, NULL, 0, NULL, 1730563650, NULL, NULL, NULL, NULL, 3, 8, NULL, NULL),
(2120, 'Abir Aloui', 'organization', 3, NULL, '21250423', NULL, NULL, '$2y$10$xDUltBzSP8WLLtVjLhigZO5skZsIciV1SSb2oqvvY2UYS.rovrflO', NULL, NULL, 'CTdV6yH70HnRNYeDqtQo6ZMx5kn6W6PloGUfaZiO0dkH07bT5MmR84bm9rL2', 0, 0, NULL, '{\"color\":\"000000\",\"background\":\"b0bec5\"}', NULL, NULL, NULL, NULL, NULL, NULL, NULL, NULL, NULL, NULL, 'all', 'active', 1, NULL, 'Africa/Tunis', 0, 0, NULL, NULL, NULL, NULL, NULL, NULL, 0, 0, 0, NULL, NULL, 0, NULL, 1730565679, '\"{\\\"dashboard\\\":[\\\"step1_completed\\\",\\\"step2_completed\\\",\\\"step3_completed\\\",\\\"step1_child_completed\\\",\\\"step2_child_completed\\\"],\\\"manuel\\\":[\\\"step1_child_manuel_completed\\\"]}\"', NULL, NULL, NULL, NULL, NULL, NULL, NULL),
(2121, 'رودنية', 'enfant', 8, 2120, NULL, NULL, NULL, '$2y$10$./XtlYco38rP5UoezCNLOuCNPOeepFkpYdwckPyHJ5oHNdbEvExkO', NULL, NULL, NULL, 1, 0, '/girl1.jpeg', NULL, NULL, NULL, NULL, NULL, NULL, NULL, NULL, NULL, NULL, NULL, 'all', 'active', 1, 'AR', NULL, 0, 0, NULL, NULL, NULL, NULL, NULL, NULL, 1, 0, 0, NULL, NULL, 0, NULL, 1730565700, NULL, NULL, NULL, NULL, 3, 8, NULL, NULL),
(2122, 'Semia najjar', 'organization', 3, NULL, '28241445', NULL, NULL, '$2y$10$U9wZyDdO/5ZE3URdzKABr.12aXcAmE9IakeTpqHJuXGXjnUPy3Xhe', NULL, NULL, '0Om32C8SlTxesu2dnsILHOyUCs1ewodcBLs3gbXRBRnHBBJbQZ4CBK2cCJDu', 0, 0, NULL, '{\"color\":\"000000\",\"background\":\"F50057\"}', NULL, NULL, NULL, NULL, NULL, NULL, NULL, NULL, NULL, NULL, 'all', 'active', 1, NULL, 'Africa/Tunis', 0, 0, NULL, NULL, NULL, NULL, NULL, NULL, 0, 0, 0, NULL, NULL, 0, NULL, 1730566058, '\"{\\\"dashboard\\\":[\\\"step1_completed\\\",\\\"step2_completed\\\",\\\"step3_completed\\\",\\\"step1_child_completed\\\",\\\"step2_child_completed\\\"],\\\"manuel\\\":[\\\"step1_child_manuel_completed\\\",\\\"step2_child_manuel_completed\\\"]}\"', NULL, NULL, NULL, NULL, NULL, NULL, NULL),
(2124, 'Assil lahbib', 'enfant', 8, 2122, NULL, NULL, NULL, '$2y$10$Y3Mm9mYGa5M2.temcskKmuNcHUgiECo.hTf0P3lsA50bFIy/JUjma', NULL, NULL, NULL, 1, 0, '/girl1.jpeg', NULL, NULL, NULL, NULL, NULL, NULL, NULL, NULL, NULL, NULL, NULL, 'all', 'active', 1, 'AR', NULL, 0, 0, NULL, NULL, NULL, NULL, NULL, NULL, 1, 0, 0, NULL, NULL, 0, NULL, 1730566170, NULL, NULL, NULL, NULL, 3, 8, NULL, NULL),
(2125, 'Manana lahbib', 'organization', 3, NULL, '23763527', NULL, NULL, '$2y$10$RkOpOeHCyJ4X49vJ32BZPO91nC4uj2cScLjsfH7rAJD3.jmzpxTwS', NULL, NULL, '3puaYeo8BVZICdehqcD4rhUBXcaJT6Zjvafyau3VmX7mLfIdr7kvzsloddvq', 0, 0, NULL, '{\"color\":\"000000\",\"background\":\"ffd740\"}', NULL, NULL, NULL, NULL, NULL, NULL, NULL, NULL, NULL, NULL, 'all', 'active', 1, NULL, 'Africa/Tunis', 0, 0, NULL, NULL, NULL, NULL, NULL, NULL, 0, 0, 0, NULL, NULL, 0, NULL, 1730568932, '\"{\\\"dashboard\\\":[\\\"step1_completed\\\",\\\"step2_completed\\\",\\\"step3_completed\\\",\\\"step1_child_completed\\\"],\\\"manuel\\\":[\\\"step1_child_manuel_completed\\\"]}\"', NULL, NULL, NULL, NULL, NULL, NULL, NULL),
(2126, 'Mohamed zaghouani', 'enfant', 8, 2125, NULL, NULL, NULL, '$2y$10$DOHHl.qk/9AAssov/xIyxe1pHXSG58SOq8MZh5z1rl8i7dOTZ0O9q', NULL, NULL, NULL, 1, 0, '/f14.png', NULL, NULL, NULL, NULL, NULL, NULL, NULL, NULL, NULL, NULL, NULL, 'all', 'active', 1, 'AR', NULL, 0, 0, NULL, NULL, NULL, NULL, NULL, NULL, 1, 0, 0, NULL, NULL, 0, NULL, 1730570874, NULL, NULL, NULL, NULL, 3, 8, NULL, NULL),
(2127, 'عبدالله العاقل', 'organization', 3, NULL, '21159873', NULL, NULL, '$2y$10$5DrYFujkUUXHDT7g7D3EX.ZkwsiYxCtb73/C0T9Nz6221PGEGJdWS', NULL, NULL, 'aUqntqZXXSAnVUEeKKUurLhTLifV0YGPM5UCDyJCUpBDi1CjhLSHM8JQEris', 0, 0, NULL, '{\"color\":\"000000\",\"background\":\"f1f8e9\"}', NULL, NULL, NULL, NULL, NULL, NULL, NULL, NULL, NULL, NULL, 'all', 'active', 1, NULL, 'Africa/Tunis', 0, 0, NULL, NULL, NULL, NULL, NULL, NULL, 0, 0, 0, NULL, NULL, 0, NULL, 1730581191, '\"{\\\"dashboard\\\":[\\\"step1_completed\\\",\\\"step3_completed\\\",\\\"step1_child_completed\\\",\\\"step2_child_completed\\\",\\\"step2_completed\\\"],\\\"manuel\\\":[\\\"step1_child_manuel_completed\\\",\\\"step2_child_manuel_completed\\\"]}\"', NULL, NULL, NULL, NULL, NULL, NULL, NULL),
(2128, 'حمزة', 'enfant', 8, 2127, NULL, NULL, NULL, '$2y$10$AJ3qS1mHvttRnd4wfl0Uf.29Rqhq.XtGsgdigmurUToWZVeZzkCUy', NULL, NULL, NULL, 1, 0, '/boy2.jpeg', NULL, NULL, NULL, NULL, NULL, NULL, NULL, NULL, NULL, NULL, NULL, 'all', 'active', 1, 'AR', NULL, 0, 0, NULL, NULL, NULL, NULL, NULL, NULL, 1, 0, 0, NULL, NULL, 0, NULL, 1730581222, NULL, NULL, NULL, NULL, 3, 8, NULL, NULL),
(2129, 'امل بن ضو', 'organization', 3, NULL, '55318661', NULL, NULL, '$2y$10$tTNuAIu1M.bPt3M89TuR7OdFgDB8iudvmvTCm3xe5oZyL4b7IsMGa', NULL, NULL, 'AZmLw5HPmfLMuQfV7qwzA1iEwMP7gyvLeXFFkR1z7RUHN6bD3JfN0I8zi5Et', 0, 0, NULL, '{\"color\":\"000000\",\"background\":\"fff176\"}', NULL, NULL, NULL, NULL, NULL, NULL, NULL, NULL, NULL, NULL, 'all', 'active', 1, 'AR', 'Africa/Tunis', 0, 0, NULL, NULL, NULL, NULL, NULL, NULL, 0, 0, 0, NULL, NULL, 0, NULL, 1730586925, '\"{\\\"dashboard\\\":[\\\"step1_completed\\\",\\\"step2_completed\\\",\\\"step3_completed\\\",\\\"step1_child_completed\\\",\\\"step2_child_completed\\\"],\\\"manuel\\\":[\\\"step1_child_manuel_completed\\\",\\\"step2_child_manuel_completed\\\"]}\"', NULL, NULL, NULL, NULL, NULL, NULL, NULL),
(2130, 'ميار مشفر', 'enfant', 8, 2129, NULL, NULL, NULL, '$2y$10$2D/80LOJDCqQ1PcWPJXSoOH1jhtJ9rtMO4QAx/bDlQrYQBj7GRJdO', NULL, NULL, NULL, 1, 0, '/girl1.jpeg', NULL, NULL, NULL, NULL, NULL, NULL, NULL, NULL, NULL, NULL, NULL, 'all', 'active', 1, 'AR', NULL, 0, 0, NULL, NULL, NULL, NULL, NULL, NULL, 1, 0, 0, NULL, NULL, 0, NULL, 1730586971, NULL, NULL, NULL, NULL, 4, 9, NULL, NULL),
(2131, 'محمد أمين رسلان مشفر', 'enfant', 8, 2129, NULL, NULL, NULL, '$2y$10$SoMb7G6fZd9GVIiTWUZlW.sYdJhxGBKVOYRJjoQk0lW5QtAA4W4eC', NULL, NULL, NULL, 1, 0, '/boy2.jpeg', NULL, NULL, NULL, NULL, NULL, NULL, NULL, NULL, NULL, NULL, NULL, 'all', 'active', 1, 'AR', NULL, 0, 0, NULL, NULL, NULL, NULL, NULL, NULL, 1, 0, 0, NULL, NULL, 0, NULL, 1730587066, NULL, NULL, NULL, NULL, 1, 6, NULL, NULL),
(2132, 'khalil brahem', 'organization', 3, NULL, '95175382', NULL, NULL, '$2y$10$dIJYbUHNTb5u8ITAUpAcLuyh9kgMmK5NGWXIE1ZFfO2Xx09F2ihKu', NULL, NULL, NULL, 0, 0, NULL, '{\"color\":\"000000\",\"background\":\"ea80fc\"}', NULL, NULL, NULL, NULL, NULL, NULL, NULL, NULL, NULL, NULL, 'all', 'active', 1, NULL, 'Africa/Tunis', 0, 0, NULL, NULL, NULL, NULL, NULL, NULL, 0, 0, 0, NULL, NULL, 0, NULL, 1730590137, NULL, NULL, NULL, NULL, NULL, NULL, NULL, NULL),
(2133, 'صلاح الدين عبد النبي', 'organization', 3, NULL, '98452102', NULL, NULL, '$2y$10$x9kuZVLatjPy1MutFZ2Eae7EdQ7sSzHxXZT5RVYL5R3gZvAbCd4wK', NULL, NULL, 'pbXfrzwgpxXuhJbI2xyBLd4WdDBjf4fNa17zV6irDTLkHcHuOx1aXPkSV5FS', 0, 0, NULL, '{\"color\":\"FFFFFF\",\"background\":\"455a64\"}', NULL, NULL, NULL, NULL, NULL, NULL, NULL, NULL, NULL, NULL, 'all', 'active', 1, NULL, NULL, 1, 1, NULL, NULL, NULL, NULL, NULL, NULL, 0, 0, 0, NULL, NULL, 0, NULL, 1730607632, '\"{\\\"dashboard\\\":[\\\"step1_completed\\\",\\\"step3_completed\\\"],\\\"manuel\\\":[\\\"step1_child_manuel_completed\\\",\\\"step2_child_manuel_completed\\\"]}\"', NULL, NULL, NULL, NULL, NULL, NULL, NULL),
(2134, 'سليمان شلبي', 'organization', 3, NULL, '53249594', NULL, NULL, '$2y$10$yIAi10CZJGkZ6cQnoEUFLu0nO1ACajXCDZTFJlqgAUmEzjmB6jc36', NULL, NULL, NULL, 0, 0, NULL, '{\"color\":\"000000\",\"background\":\"ffab40\"}', NULL, NULL, NULL, NULL, NULL, NULL, NULL, NULL, NULL, NULL, 'all', 'active', 1, NULL, 'Africa/Tunis', 0, 0, NULL, NULL, NULL, NULL, NULL, NULL, 0, 0, 0, NULL, NULL, 0, NULL, 1730621282, '\"{\\\"dashboard\\\":[\\\"step1_completed\\\",\\\"step3_completed\\\",\\\"step2_completed\\\",\\\"step1_child_completed\\\",\\\"step2_child_completed\\\"],\\\"manuel\\\":[\\\"step1_child_manuel_completed\\\",\\\"step2_child_manuel_completed\\\"]}\"', NULL, NULL, NULL, NULL, NULL, NULL, NULL),
(2135, 'نورس', 'enfant', 8, 2134, NULL, NULL, NULL, '$2y$10$wNxUM6rXHvZqTAQzlJEVDOecK.sMO9D13hAyslYDx0d2aRI2625jK', NULL, NULL, NULL, 1, 0, '/girl3.jpeg', NULL, NULL, NULL, NULL, NULL, NULL, NULL, NULL, NULL, NULL, NULL, 'all', 'active', 1, 'AR', NULL, 0, 0, NULL, NULL, NULL, NULL, NULL, NULL, 1, 0, 0, NULL, NULL, 0, NULL, 1730621352, NULL, NULL, NULL, NULL, 6, 11, NULL, NULL),
(2136, 'Hela hmidi', 'organization', 3, NULL, '52145902', NULL, NULL, '$2y$10$CaRspVwzuosHqhnvBUQWw.TxRoP8j.jUkYlAGx8xd.g5MhuPar.ta', NULL, NULL, NULL, 0, 0, NULL, '{\"color\":\"000000\",\"background\":\"eceff1\"}', NULL, NULL, NULL, NULL, NULL, NULL, NULL, NULL, NULL, NULL, 'all', 'active', 1, NULL, 'Africa/Tunis', 0, 0, NULL, NULL, NULL, NULL, NULL, NULL, 0, 0, 0, NULL, NULL, 0, NULL, 1730633763, '\"{\\\"dashboard\\\":[\\\"step1_completed\\\",\\\"step3_completed\\\",\\\"step1_child_completed\\\"]}\"', NULL, NULL, NULL, NULL, NULL, NULL, NULL),
(2137, 'Med ali', 'enfant', 8, 2136, NULL, NULL, NULL, '$2y$10$lNDfwYutTAxSMwFvyMyrJ.z7HeTaFdQ5ADKjXfUgmHGYVPPAxXdKO', NULL, NULL, NULL, 1, 0, '/boy2.jpeg', NULL, NULL, NULL, NULL, NULL, NULL, NULL, NULL, NULL, NULL, NULL, 'all', 'active', 1, 'AR', NULL, 0, 0, NULL, NULL, NULL, NULL, NULL, NULL, 1, 0, 0, NULL, NULL, 0, NULL, 1730633788, NULL, NULL, NULL, NULL, 1, 6, NULL, NULL),
(2138, 'Amal ouled fraj', 'organization', 3, NULL, '26103149', NULL, NULL, '$2y$10$XR.1Iqw/i62erRIsNHztDOF8F1sB/G2WJnbvGwUk6xV/fMAWRykV2', NULL, NULL, NULL, 0, 0, NULL, '{\"color\":\"FFFFFF\",\"background\":\"5e35b1\"}', NULL, NULL, NULL, NULL, NULL, NULL, NULL, NULL, NULL, NULL, 'all', 'active', 1, NULL, 'Africa/Tunis', 0, 0, NULL, NULL, NULL, NULL, NULL, NULL, 0, 0, 0, NULL, NULL, 0, NULL, 1730637349, '\"{\\\"dashboard\\\":[\\\"step1_completed\\\",\\\"step3_completed\\\"]}\"', NULL, NULL, NULL, NULL, NULL, NULL, NULL),
(2139, 'Mariem ebrahim', 'enfant', 8, 2138, NULL, NULL, NULL, '$2y$10$HS.xfc/s1k3xaPcBTc6t6.p8u8Sqi/DElroKIFK/Nr0/QfzmFmAre', NULL, NULL, NULL, 1, 0, '/girl3.jpeg', NULL, NULL, NULL, NULL, NULL, NULL, NULL, NULL, NULL, NULL, NULL, 'all', 'active', 1, 'AR', NULL, 0, 0, NULL, NULL, NULL, NULL, NULL, NULL, 1, 0, 0, NULL, NULL, 0, NULL, 1730637364, NULL, NULL, NULL, NULL, 2, 7, NULL, NULL),
(2140, 'Hajer ben amor', 'organization', 3, NULL, '28458723', NULL, NULL, '$2y$10$tJ4mai4qgZISzfKhzApS1OQkAqdb5f7ys4xXonZv4yt/Hc6YjLtnC', NULL, NULL, NULL, 0, 0, NULL, '{\"color\":\"000000\",\"background\":\"ede7f6\"}', NULL, NULL, NULL, NULL, NULL, NULL, NULL, NULL, NULL, NULL, 'all', 'active', 1, NULL, 'Africa/Tunis', 0, 0, NULL, NULL, NULL, NULL, NULL, NULL, 0, 0, 0, NULL, NULL, 0, NULL, 1730639426, '\"{\\\"dashboard\\\":[\\\"step1_completed\\\",\\\"step3_completed\\\",\\\"step1_child_completed\\\"]}\"', NULL, NULL, NULL, NULL, NULL, NULL, NULL),
(2141, 'Kousay', 'enfant', 8, 2140, NULL, NULL, NULL, '$2y$10$O9C6V9cw4F0ut.Xnqms8su8/7eEh.G16LdVwAHiuEOXVI0TkkSIR2', NULL, NULL, NULL, 1, 0, '/boy2.jpeg', NULL, NULL, NULL, NULL, NULL, NULL, NULL, NULL, NULL, NULL, NULL, 'all', 'active', 1, 'AR', NULL, 0, 0, NULL, NULL, NULL, NULL, NULL, NULL, 1, 0, 0, NULL, NULL, 0, NULL, 1730639462, NULL, NULL, NULL, NULL, 1, 6, NULL, NULL),
(2142, 'الطفل الثاني', 'enfant', 8, 2071, NULL, NULL, NULL, '$2y$10$nyQjT6jNX.sJ3a.2bRLMSucMTDTpY3.R0VNvQu8Y8yXGQaRgIqFGa', NULL, NULL, NULL, 1, 0, '/boy2.jpeg', NULL, NULL, NULL, NULL, NULL, NULL, NULL, NULL, NULL, NULL, NULL, 'all', 'active', 1, 'AR', NULL, 0, 0, NULL, NULL, NULL, NULL, NULL, NULL, 1, 0, 0, NULL, NULL, 0, NULL, 1730711374, NULL, NULL, NULL, NULL, 6, 11, NULL, NULL),
(2143, 'wael', 'enfant', 8, 1659, NULL, NULL, NULL, '$2y$10$cUR6A6p9cygJdaBxV/Op3OFLapIDk5FLlYlq8deo3lHlSEj6M9TDK', NULL, NULL, NULL, 1, 0, '/f14.png', NULL, NULL, NULL, NULL, NULL, NULL, NULL, NULL, NULL, NULL, NULL, 'all', 'active', 1, 'AR', NULL, 0, 0, NULL, NULL, NULL, NULL, NULL, NULL, 1, 0, 0, NULL, NULL, 0, NULL, 1730713312, NULL, NULL, NULL, NULL, 2, 7, NULL, NULL),
(2145, 'Krimi amal', 'teacher', 4, NULL, '27798824', 'krimiamal53@gmail.com', NULL, '$2y$10$mY3ADleCfoXyq9415no6u.iLSrIvzSWIDH/FSumEiR2vM/FcQo3f2', NULL, NULL, NULL, 0, 0, NULL, '{\"color\":\"000000\",\"background\":\"FCE4EC\"}', NULL, NULL, NULL, NULL, NULL, NULL, NULL, NULL, NULL, NULL, 'all', 'active', 1, NULL, 'Africa/Tunis', 0, 0, NULL, NULL, NULL, NULL, NULL, NULL, 1, 0, 0, NULL, NULL, 0, NULL, 1730735117, NULL, NULL, NULL, NULL, NULL, NULL, NULL, 7),
(2148, 'ايناس الغربي', 'organization', 3, NULL, '23407870', NULL, NULL, '$2y$10$vLnLfUMzG87UzN9w8ysARuuZXh4WZ0xdv7D9nRn.bL0SsaKcR31i2', NULL, NULL, 'xFVQi4UyMI2JsXFclMJnejrP6GNifFCKMaTFu71suDe7ywPhvqSy0ea6bJ2e', 0, 0, NULL, '{\"color\":\"000000\",\"background\":\"7986cb\"}', NULL, NULL, NULL, NULL, NULL, NULL, NULL, NULL, NULL, NULL, 'all', 'active', 1, NULL, 'Africa/Tunis', 0, 0, NULL, NULL, NULL, NULL, NULL, NULL, 0, 0, 0, NULL, NULL, 0, NULL, 1730902243, '\"{\\\"dashboard\\\":[\\\"step1_completed\\\",\\\"step2_completed\\\",\\\"step3_completed\\\",\\\"step2_child_completed\\\",\\\"step1_child_completed\\\"],\\\"manuel\\\":[\\\"step1_child_manuel_completed\\\",\\\"step2_child_manuel_completed\\\"]}\"', NULL, NULL, NULL, NULL, NULL, NULL, NULL),
(2149, 'مامية', 'enfant', 8, 2148, NULL, NULL, NULL, '$2y$10$Ovqk4F4m/DCgZ2G3W4dWsuw3IoNfGl79x1yFK0x56Ust7AH69/ZGu', NULL, NULL, NULL, 1, 0, '/girl4.jpeg', NULL, NULL, NULL, NULL, NULL, NULL, NULL, NULL, NULL, NULL, NULL, 'all', 'active', 1, 'AR', NULL, 0, 0, NULL, NULL, NULL, NULL, NULL, NULL, 1, 0, 0, NULL, NULL, 0, NULL, 1730902273, NULL, NULL, NULL, NULL, 5, 10, NULL, NULL),
(2150, 'Maroua jar', 'organization', 3, NULL, '21131507', NULL, NULL, '$2y$10$HNeAomQE4j9ycIlwIRAqV.avDcPqiXdKxetbet//fq0W.de6PJZj6', NULL, NULL, NULL, 0, 0, NULL, '{\"color\":\"000000\",\"background\":\"00e676\"}', NULL, NULL, NULL, NULL, NULL, NULL, NULL, NULL, NULL, NULL, 'all', 'active', 1, NULL, 'Africa/Tunis', 0, 0, NULL, NULL, NULL, NULL, NULL, NULL, 0, 0, 0, NULL, NULL, 0, NULL, 1730915744, '\"{\\\"dashboard\\\":[\\\"step1_completed\\\",\\\"step2_completed\\\",\\\"step1_child_completed\\\",\\\"step2_child_completed\\\"],\\\"manuel\\\":[\\\"step1_child_manuel_completed\\\",\\\"step2_child_manuel_completed\\\"]}\"', NULL, NULL, NULL, NULL, NULL, NULL, NULL),
(2151, 'Aseel', 'enfant', 8, 2150, NULL, NULL, NULL, '$2y$10$39fn7KXtfl9ze6rmh8ABFO7D9duZ25cDR.iYmFwFpFIfkNVOGBRkW', NULL, NULL, NULL, 1, 0, '/girl2.jpeg', NULL, NULL, NULL, NULL, NULL, NULL, NULL, NULL, NULL, NULL, NULL, 'all', 'active', 1, 'AR', NULL, 0, 0, NULL, NULL, NULL, NULL, NULL, NULL, 1, 0, 0, NULL, NULL, 0, NULL, 1730915793, NULL, NULL, NULL, NULL, 1, 6, NULL, NULL),
(2152, 'Elina', 'enfant', 8, 2150, NULL, NULL, NULL, '$2y$10$st0vfB9oDehmLcyGd5.Ebu6AxkYl4lrs0lt55R3Nbqi04pXW6z4DG', NULL, NULL, NULL, 1, 0, '/girl1.jpeg', NULL, NULL, NULL, NULL, NULL, NULL, NULL, NULL, NULL, NULL, NULL, 'all', 'active', 1, 'AR', NULL, 0, 0, NULL, NULL, NULL, NULL, NULL, NULL, 1, 0, 0, NULL, NULL, 0, NULL, 1730915820, NULL, NULL, NULL, NULL, 1, 6, NULL, NULL),
(2153, 'Elyana', 'enfant', 8, 2150, NULL, NULL, NULL, '$2y$10$WfQdtd06D3Lcw0yGjLTZDuQ4Eegf7YKEBvoE8Rzmd.EeSuEuS4GSa', NULL, NULL, NULL, 1, 0, '/girl4.jpeg', NULL, NULL, NULL, NULL, NULL, NULL, NULL, NULL, NULL, NULL, NULL, 'all', 'active', 1, 'AR', NULL, 0, 0, NULL, NULL, NULL, NULL, NULL, NULL, 1, 0, 0, NULL, NULL, 0, NULL, 1730915846, NULL, NULL, NULL, NULL, 1, 6, NULL, NULL),
(2154, 'Yassine', 'enfant', 8, 2150, NULL, NULL, NULL, '$2y$10$eCGk5NJYgg5ME2RyBxLRQ.RZ7ojzLQKNCJ857biXzU03KMs5Su7lC', NULL, NULL, NULL, 1, 0, '/f14.png', NULL, NULL, NULL, NULL, NULL, NULL, NULL, NULL, NULL, NULL, NULL, 'all', 'active', 1, 'AR', NULL, 0, 0, NULL, NULL, NULL, NULL, NULL, NULL, 1, 0, 0, NULL, NULL, 0, NULL, 1730915871, NULL, NULL, NULL, NULL, 1, 6, NULL, NULL),
(2155, 'يسرا بحري', 'organization', 3, NULL, '95891382', NULL, NULL, '$2y$10$CZawQv/QO1EDzac2nFAoYeHVmll/M7zogXMH6Y8JDaGpUN6YwHiA.', NULL, NULL, NULL, 0, 0, NULL, '{\"color\":\"000000\",\"background\":\"ffff8d\"}', NULL, NULL, NULL, NULL, NULL, NULL, NULL, NULL, NULL, NULL, 'all', 'active', 1, NULL, 'Africa/Tunis', 0, 0, NULL, NULL, NULL, NULL, NULL, NULL, 0, 0, 0, NULL, NULL, 0, NULL, 1730919947, '\"{\\\"dashboard\\\":[\\\"step1_completed\\\",\\\"step2_completed\\\"],\\\"manuel\\\":[\\\"step1_child_manuel_completed\\\"]}\"', NULL, NULL, NULL, NULL, NULL, NULL, NULL),
(2156, 'Chehinez hannechi', 'organization', 3, NULL, '23036733', NULL, NULL, '$2y$10$v6jN/IL0eGBRwk4gwwOXMuC1Q7F0CXqLvdl40cA3SRtyLdu8Cbyr2', NULL, NULL, NULL, 0, 0, NULL, '{\"color\":\"000000\",\"background\":\"00bcd4\"}', NULL, NULL, NULL, NULL, NULL, NULL, NULL, NULL, NULL, NULL, 'all', 'active', 1, NULL, 'Africa/Tunis', 0, 0, NULL, NULL, NULL, NULL, NULL, NULL, 0, 0, 0, NULL, NULL, 0, NULL, 1730919954, '\"{\\\"dashboard\\\":[\\\"step1_completed\\\",\\\"step2_completed\\\",\\\"step3_completed\\\",\\\"step1_child_completed\\\",\\\"step2_child_completed\\\"],\\\"manuel\\\":[\\\"step1_child_manuel_completed\\\"]}\"', NULL, NULL, NULL, NULL, NULL, NULL, NULL),
(2157, 'يوسف علوي', 'enfant', 8, 2155, NULL, NULL, NULL, '$2y$10$th/DgvxcTq0pTHZYBtzP6.0vxx48XSMkp6Ryrn5njUb6kzr8YzbZG', NULL, NULL, NULL, 1, 0, '/boy1.jpeg', NULL, NULL, NULL, NULL, NULL, NULL, NULL, NULL, NULL, NULL, NULL, 'all', 'active', 1, 'AR', NULL, 0, 0, NULL, NULL, NULL, NULL, NULL, NULL, 1, 0, 0, NULL, NULL, 0, NULL, 1730919962, NULL, NULL, NULL, NULL, 3, 8, NULL, NULL),
(2158, 'Fatma', 'enfant', 8, 2156, NULL, NULL, NULL, '$2y$10$d4kMEV5MxPU/V3gDGQhE5utgQHaxGxsJnHTcXFytMZVdwl9c11Yyq', NULL, NULL, NULL, 1, 0, '/girl2.jpeg', NULL, NULL, NULL, NULL, NULL, NULL, NULL, NULL, NULL, NULL, NULL, 'all', 'active', 1, 'AR', NULL, 0, 0, NULL, NULL, NULL, NULL, NULL, NULL, 1, 0, 0, NULL, NULL, 0, NULL, 1730919976, NULL, NULL, NULL, NULL, 3, 8, NULL, NULL),
(2159, 'ايوب علوي', 'enfant', 8, 2155, NULL, NULL, NULL, '$2y$10$Xl6PbOgPJdx/KEtZweeNyOX12W.p0qyH0VQ5CYfPDlh6mGMzwnQr6', NULL, NULL, NULL, 1, 0, '/boy2.jpeg', NULL, NULL, NULL, NULL, NULL, NULL, NULL, NULL, NULL, NULL, NULL, 'all', 'active', 1, 'AR', NULL, 0, 0, NULL, NULL, NULL, NULL, NULL, NULL, 1, 0, 0, NULL, NULL, 0, NULL, 1730919981, NULL, NULL, NULL, NULL, 1, 6, NULL, NULL),
(2160, 'Mouhamed', 'enfant', 8, 2156, NULL, NULL, NULL, '$2y$10$eOmOzQtmXzRQ4aW8LO3IKOFPWBqcWdgoNCkWFnW70zsemmTahqGF2', NULL, NULL, NULL, 1, 0, '/f16.png', NULL, NULL, NULL, NULL, NULL, NULL, NULL, NULL, NULL, NULL, NULL, 'all', 'active', 1, 'AR', NULL, 0, 0, NULL, NULL, NULL, NULL, NULL, NULL, 1, 0, 0, NULL, NULL, 0, NULL, 1730919994, NULL, NULL, NULL, NULL, 2, 7, NULL, NULL),
(2161, 'مروى بالغيث', 'organization', 3, NULL, '27259161', NULL, NULL, '$2y$10$k0/TgwXDdHBTobLvzWJFketqnhBfqs/nB4oHAitASOfrOmT7ce0i2', NULL, NULL, NULL, 0, 0, NULL, '{\"color\":\"FFFFFF\",\"background\":\"4e342e\"}', NULL, NULL, NULL, NULL, NULL, NULL, NULL, NULL, NULL, NULL, 'all', 'active', 1, NULL, 'Africa/Tunis', 0, 0, NULL, NULL, NULL, NULL, NULL, NULL, 0, 0, 0, NULL, NULL, 0, NULL, 1730921763, '\"{\\\"dashboard\\\":[\\\"step1_completed\\\",\\\"step2_completed\\\",\\\"step3_completed\\\",\\\"step1_child_completed\\\"]}\"', NULL, NULL, NULL, NULL, NULL, NULL, NULL),
(2162, 'Yahya', 'enfant', 8, 2161, NULL, NULL, NULL, '$2y$10$ZkjJtWdeaFlUG56M2uBpP.4VwsyKRR2PCGWrVi3iFu9XTCgYzJBeO', NULL, NULL, NULL, 1, 0, '/f16.png', NULL, NULL, NULL, NULL, NULL, NULL, NULL, NULL, NULL, NULL, NULL, 'all', 'active', 1, 'AR', NULL, 0, 0, NULL, NULL, NULL, NULL, NULL, NULL, 1, 0, 0, NULL, NULL, 0, NULL, 1730921781, NULL, NULL, NULL, NULL, 3, 8, NULL, NULL),
(2163, 'Amel', 'organization', 3, NULL, '28199982', NULL, NULL, '$2y$10$eieZNdYSye3K9URVyuPV.eQmdD7gYk6lOIxLpUAt7qSGwJCWyMdEy', NULL, NULL, NULL, 0, 0, NULL, '{\"color\":\"000000\",\"background\":\"ffc107\"}', NULL, NULL, NULL, NULL, NULL, NULL, NULL, NULL, NULL, NULL, 'all', 'active', 1, NULL, 'Africa/Tunis', 0, 0, NULL, NULL, NULL, NULL, NULL, NULL, 0, 0, 0, NULL, NULL, 0, NULL, 1730921834, '\"{\\\"dashboard\\\":[\\\"step1_completed\\\",\\\"step2_completed\\\",\\\"step3_completed\\\",\\\"step1_child_completed\\\"],\\\"manuel\\\":[\\\"step1_child_manuel_completed\\\",\\\"step2_child_manuel_completed\\\"]}\"', NULL, NULL, NULL, NULL, NULL, NULL, NULL),
(2164, 'آدم', 'enfant', 8, 2163, NULL, NULL, NULL, '$2y$10$lORl4jtkZCCPaoW4CWEiW.bYqCWNv5Shqk2ASko.CbMe.14i5w6fu', NULL, NULL, NULL, 1, 0, '/boy2.jpeg', NULL, NULL, NULL, NULL, NULL, NULL, NULL, NULL, NULL, NULL, NULL, 'all', 'active', 1, 'AR', NULL, 0, 0, NULL, NULL, NULL, NULL, NULL, NULL, 1, 0, 0, NULL, NULL, 0, NULL, 1730921868, NULL, NULL, NULL, NULL, 3, 8, NULL, NULL),
(2165, 'مليكه بوغانمي', 'organization', 3, NULL, '97126542', NULL, NULL, '$2y$10$bRehBU9cvF.FQEze7pgZueZEi4SynCy8KopJ6DFAtIhFc56OKcGvm', NULL, NULL, NULL, 0, 0, '/store/2165/avatar/672bd20137673.png', '{\"color\":\"000000\",\"background\":\"26c6da\"}', NULL, NULL, NULL, NULL, NULL, NULL, NULL, NULL, NULL, NULL, 'all', 'active', 1, 'AR', 'Africa/Tunis', 0, 0, NULL, NULL, NULL, NULL, NULL, NULL, 0, 0, 0, NULL, NULL, 0, NULL, 1730924911, '\"{\\\"dashboard\\\":[\\\"step1_completed\\\",\\\"step3_completed\\\",\\\"step1_child_completed\\\"],\\\"manuel\\\":[\\\"step1_child_manuel_completed\\\"]}\"', NULL, NULL, NULL, NULL, NULL, NULL, NULL),
(2166, 'ادم', 'enfant', 8, 2165, NULL, NULL, NULL, '$2y$10$M9v3Fk1yFsFsUrOVDb8J0.i7RqiN4C5Rc66puM.AUfVWIvl5NDNl6', NULL, NULL, NULL, 1, 0, '/boy1.jpeg', NULL, NULL, NULL, NULL, NULL, NULL, NULL, NULL, NULL, NULL, NULL, 'all', 'active', 1, 'AR', NULL, 0, 0, NULL, NULL, NULL, NULL, NULL, NULL, 1, 0, 0, NULL, NULL, 0, NULL, 1730924934, NULL, NULL, NULL, NULL, 3, 8, NULL, NULL),
(2167, 'يسرى النيفر', 'organization', 3, NULL, '95555310', NULL, NULL, '$2y$10$UHiQuzX4FLt8LQHEilSdOePJJB2LVWPAHg8OL6oZ2QWmdC1ehqniq', NULL, NULL, 'fIIafhveFa6uJIzrdqRSZkeJiaeSUZyKVY6n566ofdwhy6qbrRfXkQuRUbgS', 0, 0, NULL, '{\"color\":\"000000\",\"background\":\"e0f2f1\"}', NULL, NULL, NULL, NULL, NULL, NULL, NULL, NULL, NULL, NULL, 'all', 'active', 1, 'AR', 'Africa/Tunis', 0, 0, NULL, NULL, NULL, NULL, NULL, NULL, 0, 0, 0, NULL, NULL, 0, NULL, 1730927638, '\"{\\\"dashboard\\\":[\\\"step1_completed\\\",\\\"step2_completed\\\",\\\"step1_child_completed\\\",\\\"step2_child_completed\\\",\\\"step3_completed\\\"],\\\"manuel\\\":[\\\"step1_child_manuel_completed\\\"]}\"', NULL, NULL, NULL, NULL, NULL, NULL, NULL),
(2168, 'أيسن', 'enfant', 8, 2167, NULL, NULL, NULL, '$2y$10$OR8z7M2uMMc2Hc0vD762S.jSKtH76yNVlsRHVPc2.LmShDH1aV56m', NULL, NULL, NULL, 1, 0, '/boy1.jpeg', NULL, NULL, NULL, NULL, NULL, NULL, NULL, NULL, NULL, NULL, NULL, 'all', 'active', 1, 'AR', NULL, 0, 0, NULL, NULL, NULL, NULL, NULL, NULL, 1, 0, 0, NULL, NULL, 0, NULL, 1730927663, NULL, NULL, NULL, NULL, 3, 8, NULL, NULL),
(2169, 'أسيل', 'enfant', 8, 2167, NULL, NULL, NULL, '$2y$10$.8EX4H2OtcLIoNfATCIyAefnXAO3GYI2r6.ThQZ7ys9rnTLKELGFG', NULL, NULL, NULL, 1, 0, '/girl2.jpeg', NULL, NULL, NULL, NULL, NULL, NULL, NULL, NULL, NULL, NULL, NULL, 'all', 'active', 1, 'AR', NULL, 0, 0, NULL, NULL, NULL, NULL, NULL, NULL, 1, 0, 0, NULL, NULL, 0, NULL, 1730927688, NULL, NULL, NULL, NULL, 1, 6, NULL, NULL),
(2170, 'هالة عبيدي', 'organization', 3, NULL, '22591181', NULL, NULL, '$2y$10$vj3z1.zipMfLw.SbLqdoauhLmrKl45k6CqQA3pKq/gCCRwgibKp0K', NULL, NULL, NULL, 0, 0, NULL, '{\"color\":\"000000\",\"background\":\"e8eaf6\"}', NULL, NULL, NULL, NULL, NULL, NULL, NULL, NULL, NULL, NULL, 'all', 'active', 1, NULL, 'Africa/Tunis', 0, 0, NULL, NULL, NULL, NULL, NULL, NULL, 0, 0, 0, NULL, NULL, 0, NULL, 1730960655, '\"{\\\"dashboard\\\":[\\\"step1_completed\\\",\\\"step3_completed\\\",\\\"step2_completed\\\"],\\\"manuel\\\":[\\\"step1_child_manuel_completed\\\"]}\"', NULL, NULL, NULL, NULL, NULL, NULL, NULL),
(2171, 'احمد', 'enfant', 8, 2170, NULL, NULL, NULL, '$2y$10$a3io9VPQ1HisdFBZukYk/uVNWvZwq1uVWA2.eExk179IjMTwP8Ac6', NULL, NULL, NULL, 1, 0, '/f14.png', NULL, NULL, NULL, NULL, NULL, NULL, NULL, NULL, NULL, NULL, NULL, 'all', 'active', 1, 'AR', NULL, 0, 0, NULL, NULL, NULL, NULL, NULL, NULL, 1, 0, 0, NULL, NULL, 0, NULL, 1730960681, NULL, NULL, NULL, NULL, 3, 8, NULL, NULL),
(2172, 'Samira Youssfi', 'organization', 3, NULL, '96586212', NULL, NULL, '$2y$10$hbqvhftU5j8GjgefLgIELO4Di21xj1RJWtuErkAtdxsrq.F9MEzeu', NULL, NULL, NULL, 0, 0, NULL, '{\"color\":\"000000\",\"background\":\"ff6e40\"}', NULL, NULL, NULL, NULL, NULL, NULL, NULL, NULL, NULL, NULL, 'all', 'active', 1, NULL, 'Africa/Tunis', 0, 0, NULL, NULL, NULL, NULL, NULL, NULL, 0, 0, 0, NULL, NULL, 0, NULL, 1730960737, '\"{\\\"dashboard\\\":[\\\"step1_completed\\\"]}\"', NULL, NULL, NULL, NULL, NULL, NULL, NULL),
(2173, 'ابراهيم', 'enfant', 8, 2172, NULL, NULL, NULL, '$2y$10$n.Kyi7UOC82bVgl8BAZKk.5ziAb0.9q3kIODyqEsj8OmUyJaCi/26', NULL, NULL, NULL, 1, 0, '/f14.png', NULL, NULL, NULL, NULL, NULL, NULL, NULL, NULL, NULL, NULL, NULL, 'all', 'active', 1, 'AR', NULL, 0, 0, NULL, NULL, NULL, NULL, NULL, NULL, 1, 0, 0, NULL, NULL, 0, NULL, 1730960764, NULL, NULL, NULL, NULL, 3, 8, NULL, NULL),
(2174, 'عبير الولهازي', 'organization', 3, NULL, '41756189', NULL, NULL, '$2y$10$Y3SsMQoogSxhBAadvmDr7OScZgoBTopi3z/OK53XE9oAE4CkmjwrG', NULL, NULL, NULL, 0, 0, NULL, '{\"color\":\"000000\",\"background\":\"eeff41\"}', NULL, NULL, NULL, NULL, NULL, NULL, NULL, NULL, NULL, NULL, 'all', 'active', 1, NULL, 'Africa/Tunis', 0, 0, NULL, NULL, NULL, NULL, NULL, NULL, 0, 0, 0, NULL, NULL, 0, NULL, 1730967307, '\"{\\\"dashboard\\\":[\\\"step1_completed\\\",\\\"step2_completed\\\",\\\"step3_completed\\\"],\\\"manuel\\\":[\\\"step1_child_manuel_completed\\\"]}\"', NULL, NULL, NULL, NULL, NULL, NULL, NULL),
(2175, 'آمنة الولهازي', 'enfant', 8, 2174, NULL, NULL, NULL, '$2y$10$aWi2QyaXdQ6/ZyctHdnQZ.47sF9npjFxQ1jw0IpeWV6Z6z9aKe.H6', NULL, NULL, NULL, 1, 0, '/girl3.jpeg', NULL, NULL, NULL, NULL, NULL, NULL, NULL, NULL, NULL, NULL, NULL, 'all', 'active', 1, 'AR', NULL, 0, 0, NULL, NULL, NULL, NULL, NULL, NULL, 1, 0, 0, NULL, NULL, 0, NULL, 1730967354, NULL, NULL, NULL, NULL, 3, 8, NULL, NULL),
(2176, 'آلاء الولهازي', 'enfant', 8, 2174, NULL, NULL, NULL, '$2y$10$5Q.0VRBjIOOjPtRZYQvSO.rDvoPTUhHfiYp4ArX4JHffHSR2rI1AK', NULL, NULL, NULL, 1, 0, '/girl1.jpeg', NULL, NULL, NULL, NULL, NULL, NULL, NULL, NULL, NULL, NULL, NULL, 'all', 'active', 1, 'AR', NULL, 0, 0, NULL, NULL, NULL, NULL, NULL, NULL, 1, 0, 0, NULL, NULL, 0, NULL, 1730967397, NULL, NULL, NULL, NULL, 1, 6, NULL, NULL),
(2177, 'Saidani Hajer', 'organization', 3, NULL, '24074350', NULL, NULL, '$2y$10$hfKChTSiaCVKjlUjn92CiegRe/eIJFJOjEk6Csa0Z8O2CvtCKY8SG', NULL, NULL, NULL, 0, 0, NULL, '{\"color\":\"FFFFFF\",\"background\":\"1e88e5\"}', NULL, NULL, NULL, NULL, NULL, NULL, NULL, NULL, NULL, NULL, 'all', 'active', 1, NULL, 'Africa/Tunis', 0, 0, NULL, NULL, NULL, NULL, NULL, NULL, 0, 0, 0, NULL, NULL, 0, NULL, 1730968243, '\"{\\\"dashboard\\\":[\\\"step1_completed\\\",\\\"step2_completed\\\",\\\"step3_completed\\\",\\\"step1_child_completed\\\"]}\"', NULL, NULL, NULL, NULL, NULL, NULL, NULL),
(2178, 'Amen', 'enfant', 8, 2177, NULL, NULL, NULL, '$2y$10$t2OIibm1LsMAb.GCxq0j8ueUstJM7nEve2zgcUc8wWEOKr4G9nn4.', NULL, NULL, NULL, 1, 0, '/f14.png', NULL, NULL, NULL, NULL, NULL, NULL, NULL, NULL, NULL, NULL, NULL, 'all', 'active', 1, 'AR', NULL, 0, 0, NULL, NULL, NULL, NULL, NULL, NULL, 1, 0, 0, NULL, NULL, 0, NULL, 1730968317, NULL, NULL, NULL, NULL, 2, 7, NULL, NULL),
(2179, 'Eslem', 'enfant', 8, 2177, NULL, NULL, NULL, '$2y$10$uETerFL/bAKrzJ2Ej7vKd.LyT0pvIv1GFEcu54wYkwKnv.3uHemNi', NULL, NULL, NULL, 1, 0, '/girl1.jpeg', NULL, NULL, NULL, NULL, NULL, NULL, NULL, NULL, NULL, NULL, NULL, 'all', 'active', 1, 'AR', NULL, 0, 0, NULL, NULL, NULL, NULL, NULL, NULL, 1, 0, 0, NULL, NULL, 0, NULL, 1730968341, NULL, NULL, NULL, NULL, 5, 10, NULL, NULL),
(2180, 'Rahma ghali', 'organization', 3, NULL, '54757991', NULL, NULL, '$2y$10$NMox7f572bhU4nvVATX8D.596CslERZZBN1sscjCifw42vxNIF/7a', NULL, NULL, NULL, 0, 0, NULL, '{\"color\":\"000000\",\"background\":\"3d5afe\"}', NULL, NULL, NULL, NULL, NULL, NULL, NULL, NULL, NULL, NULL, 'all', 'active', 1, NULL, 'Africa/Tunis', 0, 0, NULL, NULL, NULL, NULL, NULL, NULL, 0, 0, 0, NULL, NULL, 0, NULL, 1730972664, '\"{\\\"dashboard\\\":[\\\"step1_completed\\\",\\\"step2_completed\\\",\\\"step3_completed\\\",\\\"step1_child_completed\\\",\\\"step2_child_completed\\\"],\\\"manuel\\\":[\\\"step1_child_manuel_completed\\\",\\\"step2_child_manuel_completed\\\"]}\"', NULL, NULL, NULL, NULL, NULL, NULL, NULL),
(2181, 'souleima jaeim', 'enfant', 8, 2180, NULL, NULL, NULL, '$2y$10$bTZzvuevwa7Vc5katq5bseCYn4EUP3sINyD64C8Q5XkZ2ZcoPUwHC', NULL, NULL, NULL, 1, 0, '/girl4.jpeg', NULL, NULL, NULL, NULL, NULL, NULL, NULL, NULL, NULL, NULL, NULL, 'all', 'active', 1, 'AR', NULL, 0, 0, NULL, NULL, NULL, NULL, NULL, NULL, 1, 0, 0, NULL, NULL, 0, NULL, 1730972699, NULL, NULL, NULL, NULL, 6, 11, NULL, NULL),
(2182, 'Aicha', 'organization', 3, NULL, '24256621', NULL, NULL, '$2y$10$sKBQjyBdw2h9FyfCMsL4bu941rvpmfZyTmAwyPTLJbdPUav.7kePG', NULL, NULL, NULL, 0, 0, NULL, '{\"color\":\"000000\",\"background\":\"bdbdbd\"}', NULL, NULL, NULL, NULL, NULL, NULL, NULL, NULL, NULL, NULL, 'all', 'active', 1, NULL, 'Africa/Tunis', 0, 0, NULL, NULL, NULL, NULL, NULL, NULL, 0, 0, 0, NULL, NULL, 0, NULL, 1730992054, '\"{\\\"dashboard\\\":[\\\"step1_completed\\\",\\\"step3_completed\\\"]}\"', NULL, NULL, NULL, NULL, NULL, NULL, NULL),
(2183, 'Joud', 'enfant', 8, 2182, NULL, NULL, NULL, '$2y$10$67quFndJz.Gg12/1RnNnSOXmhUVqZrIroUPQLmY8y2fvrsoCttFb6', NULL, NULL, NULL, 1, 0, '/boy1.jpeg', NULL, NULL, NULL, NULL, NULL, NULL, NULL, NULL, NULL, NULL, NULL, 'all', 'active', 1, 'AR', NULL, 0, 0, NULL, NULL, NULL, NULL, NULL, NULL, 1, 0, 0, NULL, NULL, 0, NULL, 1730992074, NULL, NULL, NULL, NULL, 1, 6, NULL, NULL),
(2184, 'Gouti Amani', 'organization', 3, NULL, '56794550', NULL, NULL, '$2y$10$sSXCW2fZumANnF/bGB0HqeCiyjmBTNmjSnMXR3Kq/RNpoAtE4xuxy', NULL, NULL, 'Fp3W2DeCiXE9kIzYBubd0httBMjQzkSvsKcJ84cTvYLYERmqjeL95hHzd67A', 0, 0, NULL, '{\"color\":\"000000\",\"background\":\"c5e1a5\"}', NULL, NULL, NULL, NULL, NULL, NULL, NULL, NULL, NULL, NULL, 'all', 'active', 1, NULL, 'Africa/Tunis', 0, 0, NULL, NULL, NULL, NULL, NULL, NULL, 0, 0, 0, NULL, NULL, 0, NULL, 1730998199, '\"{\\\"dashboard\\\":[\\\"step1_completed\\\",\\\"step2_completed\\\",\\\"step3_completed\\\",\\\"step1_child_completed\\\",\\\"step2_child_completed\\\"],\\\"manuel\\\":[\\\"step1_child_manuel_completed\\\"]}\"', NULL, NULL, NULL, NULL, NULL, NULL, NULL);
INSERT INTO `users` (`id`, `full_name`, `role_name`, `role_id`, `organ_id`, `mobile`, `email`, `bio`, `password`, `google_id`, `facebook_id`, `remember_token`, `verified`, `financial_approval`, `avatar`, `avatar_settings`, `cover_img`, `headline`, `about`, `address`, `country_id`, `province_id`, `city_id`, `district_id`, `location`, `level_of_training`, `meeting_type`, `status`, `access_content`, `language`, `timezone`, `newsletter`, `public_message`, `account_type`, `iban`, `account_id`, `identity_scan`, `certificate`, `commission`, `affiliate`, `can_create_store`, `ban`, `ban_start_at`, `ban_end_at`, `offline`, `offline_message`, `created_at`, `guide_progress`, `updated_at`, `deleted_at`, `school_id`, `section_id`, `level_id`, `option_id`, `matier_id`) VALUES
(2185, 'مريم', 'enfant', 8, 2184, NULL, NULL, NULL, '$2y$10$vjZoJx5hM7q2YzAfQ13jduVGcBkN1pEpTLUbc0ZfCax/cDV4wNeV.', NULL, NULL, NULL, 1, 0, '/girl3.jpeg', NULL, NULL, NULL, NULL, NULL, NULL, NULL, NULL, NULL, NULL, NULL, 'all', 'active', 1, 'AR', NULL, 0, 0, NULL, NULL, NULL, NULL, NULL, NULL, 1, 0, 0, NULL, NULL, 0, NULL, 1730998221, NULL, NULL, NULL, NULL, 1, 6, NULL, NULL),
(2186, 'امحمد شمامة', 'organization', 3, NULL, '98977042', NULL, NULL, '$2y$10$E1l/JplR8SB8Bi16fS7GSO8zdRfmWJ.7wVc9otnIhgm6z8uo/vteS', NULL, NULL, NULL, 0, 0, NULL, '{\"color\":\"FFFFFF\",\"background\":\"00796b\"}', NULL, NULL, NULL, NULL, NULL, NULL, NULL, NULL, NULL, NULL, 'all', 'active', 1, NULL, 'Africa/Tunis', 0, 0, NULL, NULL, NULL, NULL, NULL, NULL, 0, 0, 0, NULL, NULL, 0, NULL, 1730998703, '\"{\\\"dashboard\\\":[\\\"step2_completed\\\",\\\"step3_completed\\\"],\\\"manuel\\\":[\\\"step1_child_manuel_completed\\\",\\\"step2_child_manuel_completed\\\"]}\"', NULL, NULL, NULL, NULL, NULL, NULL, NULL),
(2187, 'عمر', 'enfant', 8, 2186, NULL, NULL, NULL, '$2y$10$U20HYUORQVC54M43r0TKw.xPTpEyb5cOmHRrkZczfH35pHLDxtcXq', NULL, NULL, NULL, 1, 0, '/boy1.jpeg', NULL, NULL, NULL, NULL, NULL, NULL, NULL, NULL, NULL, NULL, NULL, 'all', 'active', 1, 'AR', NULL, 0, 0, NULL, NULL, NULL, NULL, NULL, NULL, 1, 0, 0, NULL, NULL, 0, NULL, 1730998734, NULL, NULL, NULL, NULL, 6, 11, NULL, NULL),
(2188, 'نسيم ميساوي', 'organization', 3, NULL, '25771567', NULL, NULL, '$2y$10$TES.UJXe.x4Weib53mK2VeZpnplv2ONSxNgSRXpNWFTbDa1IAvxUm', NULL, NULL, NULL, 0, 0, NULL, '{\"color\":\"000000\",\"background\":\"7986cb\"}', NULL, NULL, NULL, NULL, NULL, NULL, NULL, NULL, NULL, NULL, 'all', 'active', 1, NULL, 'Africa/Tunis', 0, 0, NULL, NULL, NULL, NULL, NULL, NULL, 0, 0, 0, NULL, NULL, 0, NULL, 1731002745, '\"{\\\"dashboard\\\":[\\\"step1_completed\\\",\\\"step2_completed\\\",\\\"step3_completed\\\",\\\"step1_child_completed\\\",\\\"step2_child_completed\\\"],\\\"manuel\\\":[\\\"step1_child_manuel_completed\\\"]}\"', NULL, NULL, NULL, NULL, NULL, NULL, NULL),
(2189, 'ميرال', 'enfant', 8, 2188, NULL, NULL, NULL, '$2y$10$iP.flM3aBRIgQmsGPHe9wOls3EKezDbQVMdK/u3As5uo1F.ZKCyIm', NULL, NULL, NULL, 1, 0, '/girl2.jpeg', NULL, NULL, NULL, NULL, NULL, NULL, NULL, NULL, NULL, NULL, NULL, 'all', 'active', 1, 'AR', NULL, 0, 0, NULL, NULL, NULL, NULL, NULL, NULL, 1, 0, 0, NULL, NULL, 0, NULL, 1731002773, NULL, NULL, NULL, NULL, 1, 6, NULL, NULL),
(2190, 'ميرال', 'enfant', 8, 2188, NULL, NULL, NULL, '$2y$10$6/cVqmbydfPkwRgTyxEXG.qtsZ2AEGlA1erfkYFZRzO3N4BB8RNe.', NULL, NULL, NULL, 1, 0, '/girl4.jpeg', NULL, NULL, NULL, NULL, NULL, NULL, NULL, NULL, NULL, NULL, NULL, 'all', 'active', 1, 'AR', NULL, 0, 0, NULL, NULL, NULL, NULL, NULL, NULL, 1, 0, 0, NULL, NULL, 0, NULL, 1731002794, NULL, NULL, NULL, NULL, 1, 6, NULL, NULL),
(2191, 'salma', 'organization', 3, NULL, '56766665', NULL, NULL, '$2y$10$Vyze3qMLAkfmOpHZqpJpMOETsBii8biFpt/RYBQwuQT9yVN5cn7gS', NULL, NULL, NULL, 0, 0, NULL, '{\"color\":\"FFFFFF\",\"background\":\"455a64\"}', NULL, NULL, NULL, NULL, NULL, NULL, NULL, NULL, NULL, NULL, 'all', 'active', 1, NULL, 'Africa/Tunis', 0, 0, NULL, NULL, NULL, NULL, NULL, NULL, 0, 0, 0, NULL, NULL, 0, NULL, 1731005007, '\"{\\\"dashboard\\\":[\\\"step1_completed\\\",\\\"step3_completed\\\"],\\\"manuel\\\":[\\\"step1_child_manuel_completed\\\"]}\"', NULL, NULL, NULL, NULL, NULL, NULL, NULL),
(2192, 'الين', 'enfant', 8, 2191, NULL, NULL, NULL, '$2y$10$wzjQn7f7CtEL0Ep0d2O17uUreIu1pNW8W/EBVsRri5kTkQMJ1sGMu', NULL, NULL, NULL, 1, 0, '/girl2.jpeg', NULL, NULL, NULL, NULL, NULL, NULL, NULL, NULL, NULL, NULL, NULL, 'all', 'active', 1, 'AR', NULL, 0, 0, NULL, NULL, NULL, NULL, NULL, NULL, 1, 0, 0, NULL, NULL, 0, NULL, 1731005024, NULL, NULL, NULL, NULL, 5, 10, NULL, NULL),
(2193, 'Raja kachti', 'organization', 3, NULL, '56616170', NULL, NULL, '$2y$10$Kfn3jre4P4QScOyXTmYjreH4uZ.pY2l5jFkZ10Q7/GYiki6jbMkOa', NULL, NULL, NULL, 0, 0, NULL, '{\"color\":\"FFFFFF\",\"background\":\"ff6f00\"}', NULL, NULL, NULL, NULL, NULL, NULL, NULL, NULL, NULL, NULL, 'all', 'active', 1, NULL, 'Africa/Tunis', 0, 0, NULL, NULL, NULL, NULL, NULL, NULL, 0, 0, 0, NULL, NULL, 0, NULL, 1731012807, '\"{\\\"dashboard\\\":[\\\"step1_completed\\\",\\\"step2_completed\\\",\\\"step1_child_completed\\\"],\\\"manuel\\\":[\\\"step1_child_manuel_completed\\\"]}\"', NULL, NULL, NULL, NULL, NULL, NULL, NULL),
(2194, 'Chiheb', 'enfant', 8, 2193, NULL, NULL, NULL, '$2y$10$4nxaf7zCSGED7W/H6SRaSuQ5kTTNwGeREOqRdGzrig4cEHazQQAtK', NULL, NULL, NULL, 1, 0, '/f16.png', NULL, NULL, NULL, NULL, NULL, NULL, NULL, NULL, NULL, NULL, NULL, 'all', 'active', 1, 'AR', NULL, 0, 0, NULL, NULL, NULL, NULL, NULL, NULL, 1, 0, 0, NULL, NULL, 0, NULL, 1731012832, NULL, NULL, NULL, NULL, 1, 6, NULL, NULL),
(2195, 'Taheni Romdhani', 'organization', 3, NULL, '53119583', NULL, NULL, '$2y$10$i1/e5bspLvqh3DI6PJR4Ke704gwckbSwaJohn7IckNT3hI3mYxCHy', NULL, NULL, NULL, 0, 0, NULL, '{\"color\":\"FFFFFF\",\"background\":\"37474f\"}', NULL, NULL, NULL, NULL, NULL, NULL, NULL, NULL, NULL, NULL, 'all', 'active', 1, NULL, 'Africa/Tunis', 0, 0, NULL, NULL, NULL, NULL, NULL, NULL, 0, 0, 0, NULL, NULL, 0, NULL, 1731015223, '\"{\\\"dashboard\\\":[\\\"step1_completed\\\",\\\"step2_completed\\\"]}\"', NULL, NULL, NULL, NULL, NULL, NULL, NULL),
(2196, 'ريحانة', 'enfant', 8, 2195, NULL, NULL, NULL, '$2y$10$3HN1LG8pYs6uws4Mtaapu.tE3D51lJny21e44fW98D9ZQt4ZAcjJK', NULL, NULL, NULL, 1, 0, '/girl3.jpeg', NULL, NULL, NULL, NULL, NULL, NULL, NULL, NULL, NULL, NULL, NULL, 'all', 'active', 1, 'AR', NULL, 0, 0, NULL, NULL, NULL, NULL, NULL, NULL, 1, 0, 0, NULL, NULL, 0, NULL, 1731015267, NULL, NULL, NULL, NULL, 5, 10, NULL, NULL),
(2197, 'خديجة', 'enfant', 8, 2195, NULL, NULL, NULL, '$2y$10$Y9FnpE9SJScv35mgDr/CrujbuvI3tRKyotew8fp4PqsEzQXh6yWye', NULL, NULL, NULL, 1, 0, '/girl4.jpeg', NULL, NULL, NULL, NULL, NULL, NULL, NULL, NULL, NULL, NULL, NULL, 'all', 'active', 1, 'AR', NULL, 0, 0, NULL, NULL, NULL, NULL, NULL, NULL, 1, 0, 0, NULL, NULL, 0, NULL, 1731015290, NULL, NULL, NULL, NULL, 2, 7, NULL, NULL),
(2199, 'فاطمة محمود', 'organization', 3, NULL, '29890024', NULL, NULL, '$2y$10$022hu7rV9.lNrKIOYf2mauJXVRGcWyqqGbhUcSacCpGmORcCZrzSe', NULL, NULL, NULL, 0, 0, NULL, '{\"color\":\"000000\",\"background\":\"fff3e0\"}', NULL, NULL, NULL, NULL, NULL, NULL, NULL, NULL, NULL, NULL, 'all', 'active', 1, NULL, 'Africa/Tunis', 0, 0, NULL, NULL, NULL, NULL, NULL, NULL, 0, 0, 0, NULL, NULL, 0, NULL, 1731048335, '\"{\\\"dashboard\\\":[\\\"step1_completed\\\",\\\"step2_completed\\\",\\\"step3_completed\\\",\\\"step1_child_completed\\\",\\\"step2_child_completed\\\"],\\\"manuel\\\":[\\\"step1_child_manuel_completed\\\",\\\"step2_child_manuel_completed\\\"]}\"', NULL, NULL, NULL, NULL, NULL, NULL, NULL),
(2200, 'قصي', 'enfant', 8, 2199, NULL, NULL, NULL, '$2y$10$D2wNVrUucXLuk4fM97d9yeM3jcQvnSP7KPjT..F/1gynaVeandzB.', NULL, NULL, NULL, 1, 0, '/boy2.jpeg', NULL, NULL, NULL, NULL, NULL, NULL, NULL, NULL, NULL, NULL, NULL, 'all', 'active', 1, 'AR', NULL, 0, 0, NULL, NULL, NULL, NULL, NULL, NULL, 1, 0, 0, NULL, NULL, 0, NULL, 1731048374, NULL, NULL, NULL, NULL, 4, 9, NULL, NULL),
(2201, 'اكرام البغدادي', 'organization', 3, NULL, '99737057', NULL, NULL, '$2y$10$AYbUKuvwEfUHBYpyIHSnyebIoHcLHlZI/cnboWzKV5T44esVvPcRi', NULL, NULL, NULL, 0, 0, NULL, '{\"color\":\"000000\",\"background\":\"FFCDD2\"}', NULL, NULL, NULL, NULL, NULL, NULL, NULL, NULL, NULL, NULL, 'all', 'active', 1, NULL, 'Africa/Tunis', 0, 0, NULL, NULL, NULL, NULL, NULL, NULL, 0, 0, 0, NULL, NULL, 0, NULL, 1731056523, '\"{\\\"dashboard\\\":[\\\"step1_completed\\\",\\\"step2_completed\\\",\\\"step3_completed\\\",\\\"step1_child_completed\\\",\\\"step2_child_completed\\\"],\\\"manuel\\\":[\\\"step1_child_manuel_completed\\\"]}\"', NULL, NULL, NULL, NULL, NULL, NULL, NULL),
(2202, 'بيرم', 'enfant', 8, 2201, NULL, NULL, NULL, '$2y$10$XMuLC8S/8T/VFwZNgJt7uOu8OfNyd26Pvm5TgYwkf7cjROztPiwxG', NULL, NULL, NULL, 1, 0, '/f14.png', NULL, NULL, NULL, NULL, NULL, NULL, NULL, NULL, NULL, NULL, NULL, 'all', 'active', 1, 'AR', NULL, 0, 0, NULL, NULL, NULL, NULL, NULL, NULL, 1, 0, 0, NULL, NULL, 0, NULL, 1731056546, NULL, NULL, NULL, NULL, 1, 6, NULL, NULL),
(2204, 'نجم الدين بكاري', 'organization', 3, NULL, '27853849', NULL, NULL, '$2y$10$LCciD5jHHTAW8eHUeMfJZuWppjz2TsbZWJbLph3t7ByraSvmjfFLa', NULL, NULL, NULL, 0, 0, NULL, '{\"color\":\"FFFFFF\",\"background\":\"f4511e\"}', NULL, NULL, NULL, NULL, NULL, NULL, NULL, NULL, NULL, NULL, 'all', 'active', 1, NULL, 'Africa/Tunis', 0, 0, NULL, NULL, NULL, NULL, NULL, NULL, 0, 0, 0, NULL, NULL, 0, NULL, 1731088317, '\"{\\\"dashboard\\\":[\\\"step1_completed\\\",\\\"step3_completed\\\",\\\"step1_child_completed\\\",\\\"step2_child_completed\\\",\\\"step2_completed\\\"],\\\"manuel\\\":[\\\"step1_child_manuel_completed\\\",\\\"step2_child_manuel_completed\\\"]}\"', NULL, NULL, NULL, NULL, NULL, NULL, NULL),
(2205, 'وائل', 'enfant', 8, 2204, NULL, NULL, NULL, '$2y$10$SpED0peebMQr0VWRzfQQReaQtRpaAhDfLE1lAe.xzItBk2vp2HdoS', NULL, NULL, NULL, 1, 0, '/f16.png', NULL, NULL, NULL, NULL, NULL, NULL, NULL, NULL, NULL, NULL, NULL, 'all', 'active', 1, 'AR', NULL, 0, 0, NULL, NULL, NULL, NULL, NULL, NULL, 1, 0, 0, NULL, NULL, 0, NULL, 1731088398, NULL, NULL, NULL, NULL, 4, 9, NULL, NULL),
(2206, 'المختار بن يحي', 'organization', 3, NULL, '28192576', NULL, NULL, '$2y$10$hYl3L1gWL951g2Ne0YF97.oFesl3XkqdSqOcQGobTQjRzLl.UYIau', NULL, NULL, NULL, 0, 0, NULL, '{\"color\":\"000000\",\"background\":\"7986cb\"}', NULL, NULL, NULL, NULL, NULL, NULL, NULL, NULL, NULL, NULL, 'all', 'active', 1, NULL, 'Africa/Tunis', 0, 0, NULL, NULL, NULL, NULL, NULL, NULL, 0, 0, 0, NULL, NULL, 0, NULL, 1731092246, '\"{\\\"dashboard\\\":[\\\"step1_completed\\\",\\\"step2_completed\\\",\\\"step3_completed\\\",\\\"step1_child_completed\\\"]}\"', NULL, NULL, NULL, NULL, NULL, NULL, NULL),
(2207, 'بنيحي', 'enfant', 8, 2206, NULL, NULL, NULL, '$2y$10$iXF10UG2hlJFTqHWYTCDE.s9phk/jcosyMRglcGP9Bmi4DOHzxYmu', NULL, NULL, NULL, 1, 0, '/f14.png', NULL, NULL, NULL, NULL, NULL, NULL, NULL, NULL, NULL, NULL, NULL, 'all', 'active', 1, 'AR', NULL, 0, 0, NULL, NULL, NULL, NULL, NULL, NULL, 1, 0, 0, NULL, NULL, 0, NULL, 1731092272, NULL, NULL, NULL, NULL, 5, 10, NULL, NULL),
(2208, 'Mariem', 'enfant', 8, 1976, NULL, NULL, NULL, '$2y$10$UTNmalt5AxnNSs6XB4u8JOTq/kvqPm9RBzQDLbkeN.J77rwfvO/ay', NULL, NULL, NULL, 1, 0, '/girl2.jpeg', NULL, NULL, NULL, NULL, NULL, NULL, NULL, NULL, NULL, NULL, NULL, 'all', 'active', 1, 'AR', NULL, 0, 0, NULL, NULL, NULL, NULL, NULL, NULL, 1, 0, 0, NULL, NULL, 0, NULL, 1731104100, NULL, NULL, NULL, NULL, 4, 9, NULL, NULL),
(2209, 'Mahran toumi', 'organization', 3, NULL, '24766549', NULL, NULL, '$2y$10$xKa13Y36eopusjdYBPZ68OBr6Dwbha6GApvs6najLwayYHUM.OI2G', NULL, NULL, 'NfByMmoIulL8uZhob6IeHPTZlV6H22vOp1NCLncee0O8UKHeBTEujbQ4Zcjc', 0, 0, NULL, '{\"color\":\"FFFFFF\",\"background\":\"e65100\"}', NULL, NULL, NULL, NULL, NULL, NULL, NULL, NULL, NULL, NULL, 'all', 'active', 1, NULL, 'Africa/Tunis', 0, 0, NULL, NULL, NULL, NULL, NULL, NULL, 0, 0, 0, NULL, NULL, 0, NULL, 1731116909, '\"{\\\"dashboard\\\":[\\\"step1_completed\\\",\\\"step2_completed\\\",\\\"step1_child_completed\\\",\\\"step2_child_completed\\\",\\\"step3_completed\\\"]}\"', NULL, NULL, NULL, NULL, NULL, NULL, NULL),
(2210, 'Adem', 'enfant', 8, 2209, NULL, NULL, NULL, '$2y$10$K0xf6UhsS1.46H2DKLy2f.4aCvM2ZkosQu2PcLeCPi1tJP7Gb/.se', NULL, NULL, NULL, 1, 0, '/f14.png', NULL, NULL, NULL, NULL, NULL, NULL, NULL, NULL, NULL, NULL, NULL, 'all', 'active', 1, 'AR', NULL, 0, 0, NULL, NULL, NULL, NULL, NULL, NULL, 1, 0, 0, NULL, NULL, 0, NULL, 1731116934, NULL, NULL, NULL, NULL, 6, 11, NULL, NULL),
(2211, 'Elias', 'enfant', 8, 2209, NULL, NULL, NULL, '$2y$10$XJUBLYpdOENKbpec8f6CseimyFZdT6fw5I84TUy9QudMowoKcL2zG', NULL, NULL, NULL, 1, 0, '/f16.png', NULL, NULL, NULL, NULL, NULL, NULL, NULL, NULL, NULL, NULL, NULL, 'all', 'active', 1, 'AR', NULL, 0, 0, NULL, NULL, NULL, NULL, NULL, NULL, 1, 0, 0, NULL, NULL, 0, NULL, 1731116953, NULL, NULL, NULL, NULL, 5, 10, NULL, NULL),
(2213, 'سحر باشًطبجي', 'organization', 3, NULL, '20701466', NULL, NULL, '$2y$10$74bpUphQnaRr/L95atlyFea8NYwyDzX8.pyrRzruUKWAnzdzStKFK', NULL, NULL, NULL, 0, 0, NULL, '{\"color\":\"FFFFFF\",\"background\":\"d84315\"}', NULL, NULL, NULL, NULL, NULL, NULL, NULL, NULL, NULL, NULL, 'all', 'active', 1, NULL, 'Africa/Tunis', 0, 0, NULL, NULL, NULL, NULL, NULL, NULL, 0, 0, 0, NULL, NULL, 0, NULL, 1731127449, '\"{\\\"dashboard\\\":[\\\"step1_completed\\\",\\\"step2_completed\\\"]}\"', NULL, NULL, NULL, NULL, NULL, NULL, NULL),
(2214, 'الين', 'enfant', 8, 2213, NULL, NULL, NULL, '$2y$10$Re2UDV4X920.Rft/aa/D2ecrz5qeKXepAJywsw/SbXx8/WpyLrVXW', NULL, NULL, NULL, 1, 0, '/girl1.jpeg', NULL, NULL, NULL, NULL, NULL, NULL, NULL, NULL, NULL, NULL, NULL, 'all', 'active', 1, 'AR', NULL, 0, 0, NULL, NULL, NULL, NULL, NULL, NULL, 1, 0, 0, NULL, NULL, 0, NULL, 1731127494, NULL, NULL, NULL, NULL, 3, 8, NULL, NULL),
(2215, 'Salma OUERZAZI', 'organization', 3, NULL, '54094454', NULL, NULL, '$2y$10$JYrzBNEbICWtfJroKULnqOj0hTGQEpv8Dg7wDN6u7MId.NcghRg32', NULL, NULL, 'ETdYHulwHEcn3AlCGscOIm1b5M5XKMzaEg3BkWVBrei7qLOfJAOG2x8Kdf28', 0, 0, NULL, '{\"color\":\"000000\",\"background\":\"FF80AB\"}', NULL, NULL, NULL, NULL, NULL, NULL, NULL, NULL, NULL, NULL, 'all', 'active', 1, NULL, 'Africa/Tunis', 0, 0, NULL, NULL, NULL, NULL, NULL, NULL, 0, 0, 0, NULL, NULL, 0, NULL, 1731143091, '\"{\\\"dashboard\\\":[\\\"step1_completed\\\",\\\"step2_completed\\\",\\\"step3_completed\\\",\\\"step1_child_completed\\\",\\\"step2_child_completed\\\"],\\\"manuel\\\":[\\\"step1_child_manuel_completed\\\",\\\"step2_child_manuel_completed\\\"]}\"', NULL, NULL, NULL, NULL, NULL, NULL, NULL),
(2216, 'Maissa', 'enfant', 8, 2215, NULL, NULL, NULL, '$2y$10$s.TE4f/bcWqkwia3vxCXF.5aUGcBhjH8wBPGZlvYhkgZDDree6wUi', NULL, NULL, NULL, 1, 0, '/girl1.jpeg', NULL, NULL, NULL, NULL, NULL, NULL, NULL, NULL, NULL, NULL, NULL, 'all', 'active', 1, 'AR', NULL, 0, 0, NULL, NULL, NULL, NULL, NULL, NULL, 1, 0, 0, NULL, NULL, 0, NULL, 1731143111, NULL, NULL, NULL, NULL, 5, 10, NULL, NULL),
(2217, 'محمد', 'enfant', 8, 2215, NULL, NULL, NULL, '$2y$10$irU8U92dVb35H1qlDQHU1OyPhS1A1lrI14yOTQZ3OFZzgwiqK7OHu', NULL, NULL, NULL, 1, 0, '/girl3.jpeg', NULL, NULL, NULL, NULL, NULL, NULL, NULL, NULL, NULL, NULL, NULL, 'all', 'active', 1, 'AR', NULL, 0, 0, NULL, NULL, NULL, NULL, NULL, NULL, 1, 0, 0, NULL, NULL, 0, NULL, 1731143566, NULL, NULL, NULL, NULL, 6, 11, NULL, NULL),
(2218, 'صبري الكيلاني', 'organization', 3, NULL, '55905814', NULL, NULL, '$2y$10$TyYAVPgIP4W33j2LJsjAA.DItZ3y8LYf62xphpLK19ljGnL4CG98i', NULL, NULL, NULL, 0, 0, NULL, '{\"color\":\"000000\",\"background\":\"b9f6ca\"}', NULL, NULL, NULL, NULL, NULL, NULL, NULL, NULL, NULL, NULL, 'all', 'active', 1, NULL, 'Africa/Tunis', 0, 0, NULL, NULL, NULL, NULL, NULL, NULL, 0, 0, 0, NULL, NULL, 0, NULL, 1731146369, '\"{\\\"dashboard\\\":[\\\"step1_completed\\\",\\\"step2_completed\\\",\\\"step3_completed\\\",\\\"step1_child_completed\\\"]}\"', NULL, NULL, NULL, NULL, NULL, NULL, NULL),
(2219, 'زينب', 'enfant', 8, 2218, NULL, NULL, NULL, '$2y$10$H77rUse37t9Ba1R9i8B59OgQ.tFM89uiraRMc76UUpvrtWpKFnCPO', NULL, NULL, NULL, 1, 0, '/girl4.jpeg', NULL, NULL, NULL, NULL, NULL, NULL, NULL, NULL, NULL, NULL, NULL, 'all', 'active', 1, 'AR', NULL, 0, 0, NULL, NULL, NULL, NULL, NULL, NULL, 1, 0, 0, NULL, NULL, 0, NULL, 1731146407, NULL, NULL, NULL, NULL, 4, 9, NULL, NULL),
(2220, 'رزان', 'enfant', 8, 2218, NULL, NULL, NULL, '$2y$10$jLi873cPjkCvM/TuT83vTuswI5zlhyA.OeCV9L3icpLSp4b6u4Ku6', NULL, NULL, NULL, 1, 0, '/girl1.jpeg', NULL, NULL, NULL, NULL, NULL, NULL, NULL, NULL, NULL, NULL, NULL, 'all', 'active', 1, 'AR', NULL, 0, 0, NULL, NULL, NULL, NULL, NULL, NULL, 1, 0, 0, NULL, NULL, 0, NULL, 1731146431, NULL, NULL, NULL, NULL, 4, 9, NULL, NULL),
(2221, 'May', 'enfant', 8, 2215, NULL, NULL, NULL, '$2y$10$Dsl7j.cpFNLaAH8eDDsAC.04EerqNeoXO9xkKwoxk.EcuX1rLNt9S', NULL, NULL, NULL, 1, 0, '/girl3.jpeg', NULL, NULL, NULL, NULL, NULL, NULL, NULL, NULL, NULL, NULL, NULL, 'all', 'active', 1, 'AR', NULL, 0, 0, NULL, NULL, NULL, NULL, NULL, NULL, 1, 0, 0, NULL, NULL, 0, NULL, 1731147930, NULL, NULL, NULL, NULL, 3, 8, NULL, NULL),
(2223, 'ameny', 'organization', 3, NULL, '55998776', NULL, NULL, '$2y$10$BR0Q2zKtRfcw0A/QoCqlG.PNaUlABUIHY0BwZuX8vUsr1d06SrjnG', NULL, NULL, NULL, 0, 0, NULL, '{\"color\":\"000000\",\"background\":\"ffccbc\"}', NULL, NULL, NULL, NULL, NULL, NULL, NULL, NULL, NULL, NULL, 'all', 'active', 1, NULL, 'Africa/Tunis', 0, 0, NULL, NULL, NULL, NULL, NULL, NULL, 0, 0, 0, NULL, NULL, 0, NULL, 1731153864, '\"{\\\"dashboard\\\":[\\\"step1_completed\\\",\\\"step2_completed\\\",\\\"step3_completed\\\",\\\"step1_child_completed\\\",\\\"step2_child_completed\\\"],\\\"manuel\\\":[\\\"step1_child_manuel_completed\\\",\\\"step2_child_manuel_completed\\\"]}\"', NULL, NULL, NULL, NULL, NULL, NULL, NULL),
(2224, 'yasmine', 'enfant', 8, 2223, NULL, NULL, NULL, '$2y$10$qna2eeRSA6VfFnd4EF0b5e71y/kU/279fgAXmYeYePnSr/nfGck82', NULL, NULL, NULL, 1, 0, '/girl1.jpeg', NULL, NULL, NULL, NULL, NULL, NULL, NULL, NULL, NULL, NULL, NULL, 'all', 'active', 1, 'AR', NULL, 0, 0, NULL, NULL, NULL, NULL, NULL, NULL, 1, 0, 0, NULL, NULL, 0, NULL, 1731153885, NULL, NULL, NULL, NULL, 2, 7, NULL, NULL),
(2225, 'Ameni Nasr', 'organization', 3, NULL, '57122809', NULL, NULL, '$2y$10$7f5P9bpVPAmtE3CrMQEOcOC5AyP5/OaQrkoAESBVFEISZeuCkYsDK', NULL, NULL, NULL, 0, 0, NULL, '{\"color\":\"FFFFFF\",\"background\":\"afb42b\"}', NULL, NULL, NULL, NULL, NULL, NULL, NULL, NULL, NULL, NULL, 'all', 'active', 1, NULL, 'Africa/Tunis', 0, 0, NULL, NULL, NULL, NULL, NULL, NULL, 0, 0, 0, NULL, NULL, 0, NULL, 1731161562, '\"{\\\"dashboard\\\":[\\\"step1_completed\\\",\\\"step2_completed\\\",\\\"step3_completed\\\",\\\"step1_child_completed\\\",\\\"step2_child_completed\\\"],\\\"manuel\\\":[\\\"step1_child_manuel_completed\\\",\\\"step2_child_manuel_completed\\\"]}\"', NULL, NULL, NULL, NULL, NULL, NULL, NULL),
(2226, 'Mohamed ali', 'enfant', 8, 2225, NULL, NULL, NULL, '$2y$10$RMfXuzHbo3hMA10ztxM0lePXLBFnsRgg.EBPyoX4aLbOUsstQgFgu', NULL, NULL, NULL, 1, 0, '/boy1.jpeg', NULL, NULL, NULL, NULL, NULL, NULL, NULL, NULL, NULL, NULL, NULL, 'all', 'active', 1, 'AR', NULL, 0, 0, NULL, NULL, NULL, NULL, NULL, NULL, 1, 0, 0, NULL, NULL, 0, NULL, 1731161595, NULL, NULL, NULL, NULL, 3, 8, NULL, NULL),
(2228, 'رياض مازوزي', 'organization', 3, NULL, '93031483', NULL, NULL, '$2y$10$HcFAQqIS5H0/VRgrXUCG2OIcrcB.RyZ31cW862p0mjr3FGb8tFUlW', NULL, NULL, NULL, 0, 0, NULL, '{\"color\":\"FFFFFF\",\"background\":\"512da8\"}', NULL, NULL, NULL, NULL, NULL, NULL, NULL, NULL, NULL, NULL, 'all', 'active', 1, NULL, 'Africa/Tunis', 0, 0, NULL, NULL, NULL, NULL, NULL, NULL, 0, 0, 0, NULL, NULL, 0, NULL, 1731279638, '\"{\\\"dashboard\\\":[\\\"step1_completed\\\",\\\"step2_completed\\\",\\\"step1_child_completed\\\"]}\"', NULL, NULL, NULL, NULL, NULL, NULL, NULL),
(2229, 'tasnim', 'enfant', 8, 2228, NULL, NULL, NULL, '$2y$10$ylsT4VqLsdzsN9CbSbf7cOuk/Ro8hkK5aH4eTS.RDaVXZpJzo/EM.', NULL, NULL, NULL, 1, 0, '/girl4.jpeg', NULL, NULL, NULL, NULL, NULL, NULL, NULL, NULL, NULL, NULL, NULL, 'all', 'active', 1, 'AR', NULL, 0, 0, NULL, NULL, NULL, NULL, NULL, NULL, 1, 0, 0, NULL, NULL, 0, NULL, 1731279681, NULL, NULL, NULL, NULL, 4, 9, NULL, NULL),
(2230, 'anas', 'enfant', 8, 2228, NULL, NULL, NULL, '$2y$10$iz.eJ.TK8Gygq4qd//67K.dP8SYHvw5mjNPBKDzDhQ.CgY8a.yblu', NULL, NULL, NULL, 1, 0, '/f16.png', NULL, NULL, NULL, NULL, NULL, NULL, NULL, NULL, NULL, NULL, NULL, 'all', 'active', 1, 'AR', NULL, 0, 0, NULL, NULL, NULL, NULL, NULL, NULL, 1, 0, 0, NULL, NULL, 0, NULL, 1731279702, NULL, NULL, NULL, NULL, 1, 6, NULL, NULL),
(2231, 'نجاح نوير', 'organization', 3, NULL, '28855478', NULL, NULL, '$2y$10$TxshJfLM6c00uEjcTmoFYOEGQuzerAU.x3oVK4nPDR7bu9l1ArCsu', NULL, NULL, NULL, 0, 0, NULL, '{\"color\":\"000000\",\"background\":\"efebe9\"}', NULL, NULL, NULL, NULL, NULL, NULL, NULL, NULL, NULL, NULL, 'all', 'active', 1, NULL, 'Africa/Tunis', 0, 0, NULL, NULL, NULL, NULL, NULL, NULL, 0, 0, 0, NULL, NULL, 0, NULL, 1731301350, '\"{\\\"dashboard\\\":[\\\"step1_completed\\\",\\\"step3_completed\\\"],\\\"manuel\\\":[\\\"step1_child_manuel_completed\\\",\\\"step2_child_manuel_completed\\\"]}\"', NULL, NULL, NULL, NULL, NULL, NULL, NULL),
(2232, 'يسرى', 'enfant', 8, 2231, NULL, NULL, NULL, '$2y$10$9Dt6gCWw6kODRHBGjGFZVODh4yEkTftno464BFd3VEzDrRkmgfYou', NULL, NULL, NULL, 1, 0, '/girl2.jpeg', NULL, NULL, NULL, NULL, NULL, NULL, NULL, NULL, NULL, NULL, NULL, 'all', 'active', 1, 'AR', NULL, 0, 0, NULL, NULL, NULL, NULL, NULL, NULL, 1, 0, 0, NULL, NULL, 0, NULL, 1731301372, NULL, NULL, NULL, NULL, 2, 7, NULL, NULL),
(2233, 'marwamaryem27@gmail.com', 'organization', 3, NULL, '55542153', NULL, NULL, '$2y$10$LyBror6M4KbnmXMdN0Ai6uAQMLWQWAzIYgV9OHkJe95EIo8HhNhNa', NULL, NULL, NULL, 0, 0, NULL, '{\"color\":\"000000\",\"background\":\"ffff8d\"}', NULL, NULL, NULL, NULL, NULL, NULL, NULL, NULL, NULL, NULL, 'all', 'active', 1, NULL, 'Africa/Tunis', 0, 0, NULL, NULL, NULL, NULL, NULL, NULL, 0, 0, 0, NULL, NULL, 0, NULL, 1731302638, '\"{\\\"dashboard\\\":[\\\"step1_completed\\\",\\\"step2_completed\\\",\\\"step3_completed\\\",\\\"step1_child_completed\\\",\\\"step2_child_completed\\\"],\\\"manuel\\\":[\\\"step1_child_manuel_completed\\\"]}\"', NULL, NULL, NULL, NULL, NULL, NULL, NULL),
(2234, 'مريم', 'enfant', 8, 2233, NULL, NULL, NULL, '$2y$10$aFxKdOXIbmbj2ewUpXgW4O548tSGNOPrYCF/2B4dV6F6Nz/L6InWO', NULL, NULL, NULL, 1, 0, '/girl1.jpeg', NULL, NULL, NULL, NULL, NULL, NULL, NULL, NULL, NULL, NULL, NULL, 'all', 'active', 1, 'AR', NULL, 0, 0, NULL, NULL, NULL, NULL, NULL, NULL, 1, 0, 0, NULL, NULL, 0, NULL, 1731302662, NULL, NULL, NULL, NULL, 2, 7, NULL, NULL),
(2236, 'خديجة', 'organization', 3, NULL, '55973993', NULL, NULL, '$2y$10$0mFTkgCZLgCI8JKvxuEUBuGUdW3V/5.PA8lo2UbpqPhEQPjzMZ24u', NULL, NULL, NULL, 0, 0, NULL, '{\"color\":\"000000\",\"background\":\"ff6e40\"}', NULL, NULL, NULL, NULL, NULL, NULL, NULL, NULL, NULL, NULL, 'all', 'active', 1, NULL, 'Africa/Tunis', 0, 0, NULL, NULL, NULL, NULL, NULL, NULL, 0, 0, 0, NULL, NULL, 0, NULL, 1731312793, '\"{\\\"dashboard\\\":[\\\"step1_completed\\\",\\\"step2_completed\\\"]}\"', NULL, NULL, NULL, NULL, NULL, NULL, NULL),
(2237, 'منصور', 'enfant', 8, 2236, NULL, NULL, NULL, '$2y$10$f5Bj7teEF7Ia4rn4ogElS.O0.mJwY9rqwknHeYbrDNv63wZy4jSZ2', NULL, NULL, NULL, 1, 0, '/boy2.jpeg', NULL, NULL, NULL, NULL, NULL, NULL, NULL, NULL, NULL, NULL, NULL, 'all', 'active', 1, 'AR', NULL, 0, 0, NULL, NULL, NULL, NULL, NULL, NULL, 1, 0, 0, NULL, NULL, 0, NULL, 1731312830, NULL, NULL, NULL, NULL, 3, 8, NULL, NULL),
(2238, 'يحي', 'enfant', 8, 2236, NULL, NULL, NULL, '$2y$10$wIGdwDT7REDH/pK8d0p9OOVf4TRD5mAAb4fFWOXj.EDstXUzYDn3K', NULL, NULL, NULL, 1, 0, '/boy1.jpeg', NULL, NULL, NULL, NULL, NULL, NULL, NULL, NULL, NULL, NULL, NULL, 'all', 'active', 1, 'AR', NULL, 0, 0, NULL, NULL, NULL, NULL, NULL, NULL, 1, 0, 0, NULL, NULL, 0, NULL, 1731312883, NULL, NULL, NULL, NULL, 1, 6, NULL, NULL),
(2239, 'فاطمة', 'organization', 3, NULL, '52422096', NULL, NULL, '$2y$10$HjLwr3Dqib5v27TkjesMEOB/6777dOmD/N0C6s3.TnFJOPMRbEGka', NULL, NULL, 'lFvtYCMkjub9lR3w8XNZdGjfR52zJaVvwa5NUQQbCIsaRNl2cFk8FVG5bmZH', 0, 0, NULL, '{\"color\":\"000000\",\"background\":\"ffcc80\"}', NULL, NULL, NULL, NULL, NULL, NULL, NULL, NULL, NULL, NULL, 'all', 'active', 1, NULL, 'Africa/Tunis', 0, 0, NULL, NULL, NULL, NULL, NULL, NULL, 0, 0, 0, NULL, NULL, 0, NULL, 1731313435, '\"{\\\"dashboard\\\":[\\\"step1_completed\\\",\\\"step2_completed\\\",\\\"step3_completed\\\"],\\\"manuel\\\":[\\\"step1_child_manuel_completed\\\"]}\"', NULL, NULL, NULL, NULL, NULL, NULL, NULL),
(2240, 'أسيل', 'enfant', 8, 2239, NULL, NULL, NULL, '$2y$10$GiO9M6Zno/Q1nU6aXuEYS.HRCxdrzcX/Jo47GnscHOQht/AnGD0Y2', NULL, NULL, NULL, 1, 0, '/girl3.jpeg', NULL, NULL, NULL, NULL, NULL, NULL, NULL, NULL, NULL, NULL, NULL, 'all', 'active', 1, 'AR', NULL, 0, 0, NULL, NULL, NULL, NULL, NULL, NULL, 1, 0, 0, NULL, NULL, 0, NULL, 1731313465, NULL, NULL, NULL, NULL, 1, 6, NULL, NULL),
(2241, 'معتز', 'enfant', 8, 2239, NULL, NULL, NULL, '$2y$10$aV/g5.M3au2.baopHlgIeO7zi63lWyf7w7Ln/hfZzVVhYbDLcjwwe', NULL, NULL, NULL, 1, 0, '/f14.png', NULL, NULL, NULL, NULL, NULL, NULL, NULL, NULL, NULL, NULL, NULL, 'all', 'active', 1, 'AR', NULL, 0, 0, NULL, NULL, NULL, NULL, NULL, NULL, 1, 0, 0, NULL, NULL, 0, NULL, 1731313513, NULL, NULL, NULL, NULL, 3, 8, NULL, NULL),
(2242, 'سارة', 'organization', 3, NULL, '58052930', NULL, NULL, '$2y$10$vHtMa9X9mcTxEwrJaAQ71.jYgeox9WKRSJ/s2yLWAtpMk0ExS3UUG', NULL, NULL, 'Pn1mUgRXd9xRwtpSGmgvUH15B6Kj70RRFDBNqoAIWy4bbr3XjKpzCpJ5jUQm', 0, 0, NULL, '{\"color\":\"FFFFFF\",\"background\":\"3949ab\"}', NULL, NULL, NULL, NULL, NULL, NULL, NULL, NULL, NULL, NULL, 'all', 'active', 1, NULL, 'Africa/Tunis', 0, 0, NULL, NULL, NULL, NULL, NULL, NULL, 0, 0, 0, NULL, NULL, 0, NULL, 1731314164, '\"{\\\"dashboard\\\":[\\\"step1_completed\\\",\\\"step3_completed\\\",\\\"step1_child_completed\\\",\\\"step2_completed\\\"]}\"', NULL, NULL, NULL, NULL, NULL, NULL, NULL),
(2243, 'Aziz', 'enfant', 8, 2242, NULL, NULL, NULL, '$2y$10$WhVyM01DlikQuPYJfDbhKe7w6Kl/BAQrcdgG0cdt/mXeV9acjBmNK', NULL, NULL, NULL, 1, 0, '/f16.png', NULL, NULL, NULL, NULL, NULL, NULL, NULL, NULL, NULL, NULL, NULL, 'all', 'active', 1, 'AR', NULL, 0, 0, NULL, NULL, NULL, NULL, NULL, NULL, 1, 0, 0, NULL, NULL, 0, NULL, 1731314197, NULL, NULL, NULL, NULL, 3, 8, NULL, NULL),
(2244, 'amal', 'enfant', 8, 1976, NULL, NULL, NULL, '$2y$10$.C3iClFQMFknJ3Y45lQxoeOXORRogfqUjq6tK6ryENtVUuOBVrhQK', NULL, NULL, NULL, 1, 0, '/girl4.jpeg', NULL, NULL, NULL, NULL, NULL, NULL, NULL, NULL, NULL, NULL, NULL, 'all', 'active', 1, 'AR', NULL, 0, 0, NULL, NULL, NULL, NULL, NULL, NULL, 1, 0, 0, NULL, NULL, 0, NULL, 1731318495, NULL, NULL, NULL, NULL, 5, 10, NULL, NULL),
(2245, 'ڨمرة بن عمر', 'organization', 3, NULL, '54464249', NULL, NULL, '$2y$10$au8Pac6M6BuIMQNpxdokP.X0adiEt0YyxJ2j.A.5WF8zwp/zUViii', NULL, NULL, NULL, 0, 0, NULL, '{\"color\":\"FFFFFF\",\"background\":\"6d4c41\"}', NULL, NULL, NULL, NULL, NULL, NULL, NULL, NULL, NULL, NULL, 'all', 'active', 1, NULL, 'Africa/Tunis', 0, 0, NULL, NULL, NULL, NULL, NULL, NULL, 0, 0, 0, NULL, NULL, 0, NULL, 1731319493, '\"{\\\"dashboard\\\":[\\\"step1_completed\\\",\\\"step2_completed\\\",\\\"step3_completed\\\",\\\"step1_child_completed\\\",\\\"step2_child_completed\\\"],\\\"manuel\\\":[\\\"step1_child_manuel_completed\\\",\\\"step2_child_manuel_completed\\\"]}\"', NULL, NULL, NULL, NULL, NULL, NULL, NULL),
(2246, 'لجين عبيد', 'enfant', 8, 2245, NULL, NULL, NULL, '$2y$10$LVl1ViDlbeYtSpxd50bbe.FlWCE3LdoJ/Exl.YWW0w.6cXkBullDG', NULL, NULL, NULL, 1, 0, '/girl2.jpeg', NULL, NULL, NULL, NULL, NULL, NULL, NULL, NULL, NULL, NULL, NULL, 'all', 'active', 1, 'AR', NULL, 0, 0, NULL, NULL, NULL, NULL, NULL, NULL, 1, 0, 0, NULL, NULL, 0, NULL, 1731319525, NULL, NULL, NULL, NULL, 4, 9, NULL, NULL),
(2247, 'معز', 'enfant', 8, 2245, NULL, NULL, NULL, '$2y$10$CCj3H3LPinevYI8GHw9LE.MhWlV/wqYkghRs73jf2DkZTuRvShZGG', NULL, NULL, NULL, 1, 0, '/f16.png', NULL, NULL, NULL, NULL, NULL, NULL, NULL, NULL, NULL, NULL, NULL, 'all', 'active', 1, 'AR', NULL, 0, 0, NULL, NULL, NULL, NULL, NULL, NULL, 1, 0, 0, NULL, NULL, 0, NULL, 1731319834, NULL, NULL, NULL, NULL, 1, 6, NULL, NULL),
(2248, 'Omar', 'organization', 3, NULL, '55669911', NULL, NULL, '$2y$10$QPFhgonE3iYP5UKmgN7.C.M7HNUTnGMBP.m1T3/h0ITTj96GAlznu', NULL, NULL, NULL, 0, 0, NULL, '{\"color\":\"000000\",\"background\":\"ffab91\"}', NULL, NULL, NULL, NULL, NULL, NULL, NULL, NULL, NULL, NULL, 'all', 'active', 1, NULL, 'Africa/Tunis', 0, 0, NULL, NULL, NULL, NULL, NULL, NULL, 0, 0, 0, NULL, NULL, 0, NULL, 1731327237, '\"{\\\"dashboard\\\":[\\\"step1_completed\\\",\\\"step3_completed\\\"],\\\"manuel\\\":[\\\"step1_child_manuel_completed\\\",\\\"step2_child_manuel_completed\\\"]}\"', NULL, NULL, NULL, NULL, NULL, NULL, NULL),
(2249, 'enfant 1', 'enfant', 8, 2248, NULL, NULL, NULL, '$2y$10$HgQIOhSHP9Hnl/tzGQ.7d.0mmtCgfK4gHDYdnfP2ZZ4G5BMYGpvlS', NULL, NULL, NULL, 1, 0, '/f14.png', NULL, NULL, NULL, NULL, NULL, NULL, NULL, NULL, NULL, NULL, NULL, 'all', 'active', 1, 'AR', NULL, 0, 0, NULL, NULL, NULL, NULL, NULL, NULL, 1, 0, 0, NULL, NULL, 0, NULL, 1731327266, NULL, NULL, NULL, NULL, 3, 8, NULL, NULL),
(2250, 'dgrhf', 'enfant', 8, 2248, NULL, NULL, NULL, '$2y$10$qhiQ64A.S.OxNm1y56OvmOrdkPpqZQfTTD5hWQALVVPYGjDjgFSXq', NULL, NULL, NULL, 1, 0, '/boy1.jpeg', NULL, NULL, NULL, NULL, NULL, NULL, NULL, NULL, NULL, NULL, NULL, 'all', 'active', 1, 'AR', NULL, 0, 0, NULL, NULL, NULL, NULL, NULL, NULL, 1, 0, 0, NULL, NULL, 0, NULL, 1731327384, NULL, NULL, NULL, NULL, 1, 6, NULL, NULL),
(2251, 'نيروز', 'organization', 3, NULL, '23794715', NULL, NULL, '$2y$10$4iuOvK7qbwagJ2Ki6aZgouFretWBlkS.gZLDMZvPVyIzKqHNRWtBS', NULL, NULL, NULL, 0, 0, NULL, '{\"color\":\"000000\",\"background\":\"f3e5f5\"}', NULL, NULL, NULL, NULL, NULL, NULL, NULL, NULL, NULL, NULL, 'all', 'active', 1, NULL, 'Africa/Tunis', 0, 0, NULL, NULL, NULL, NULL, NULL, NULL, 0, 0, 0, NULL, NULL, 0, NULL, 1731332649, '\"{\\\"dashboard\\\":[\\\"step1_completed\\\",\\\"step2_completed\\\"]}\"', NULL, NULL, NULL, NULL, NULL, NULL, NULL),
(2252, 'لين', 'enfant', 8, 2251, NULL, NULL, NULL, '$2y$10$DrYsn0Rzfa2X2PfZ5cVNLeayaJcR9qZOsWadNjgcT2mD0ZG4UR3za', NULL, NULL, NULL, 1, 0, '/girl1.jpeg', NULL, NULL, NULL, NULL, NULL, NULL, NULL, NULL, NULL, NULL, NULL, 'all', 'active', 1, 'AR', NULL, 0, 0, NULL, NULL, NULL, NULL, NULL, NULL, 1, 0, 0, NULL, NULL, 0, NULL, 1731332670, NULL, NULL, NULL, NULL, 3, 8, NULL, NULL),
(2253, 'ياسين', 'enfant', 8, 2251, NULL, NULL, NULL, '$2y$10$h2iFbidw8Ft2ek1EDKE0duvoK5Sd6I.ErUBiz9Q7U5BW2IsV8/0pS', NULL, NULL, NULL, 1, 0, '/f14.png', NULL, NULL, NULL, NULL, NULL, NULL, NULL, NULL, NULL, NULL, NULL, 'all', 'active', 1, 'AR', NULL, 0, 0, NULL, NULL, NULL, NULL, NULL, NULL, 1, 0, 0, NULL, NULL, 0, NULL, 1731332696, NULL, NULL, NULL, NULL, 2, 7, NULL, NULL),
(2254, 'ibticem haddad', 'organization', 3, NULL, '52940961', NULL, NULL, '$2y$10$KX7KDjj236hBjzvVQQAuSuR5OYkK6coHoId1nKlvGfhd9UPcsLDnC', NULL, NULL, 'abtoRnaobpjX7NIx6PbfXK2AhQOwy32C2GgHacXdNFOxJ8bmCcIwK0FLsPTo', 0, 0, NULL, '{\"color\":\"FFFFFF\",\"background\":\"4527a0\"}', NULL, NULL, NULL, NULL, NULL, NULL, NULL, NULL, NULL, NULL, 'all', 'active', 1, NULL, 'Africa/Tunis', 0, 0, NULL, NULL, NULL, NULL, NULL, NULL, 0, 0, 0, NULL, NULL, 0, NULL, 1731333542, '\"{\\\"dashboard\\\":[\\\"step1_completed\\\",\\\"step2_completed\\\",\\\"step3_completed\\\",\\\"step1_child_completed\\\",\\\"step2_child_completed\\\"],\\\"manuel\\\":[\\\"step1_child_manuel_completed\\\",\\\"step2_child_manuel_completed\\\"]}\"', NULL, NULL, NULL, NULL, NULL, NULL, NULL),
(2255, 'hachem', 'enfant', 8, 2254, NULL, NULL, NULL, '$2y$10$Z9UJxWkmZ6QUwu5AUi.ZE.JkxIsApYdrEZxXij1NH922PK8U7mUnS', NULL, NULL, NULL, 1, 0, '/boy1.jpeg', NULL, NULL, NULL, NULL, NULL, NULL, NULL, NULL, NULL, NULL, NULL, 'all', 'active', 1, 'AR', NULL, 0, 0, NULL, NULL, NULL, NULL, NULL, NULL, 1, 0, 0, NULL, NULL, 0, NULL, 1731333597, NULL, NULL, NULL, NULL, 6, 11, NULL, NULL),
(2256, 'mohamed', 'enfant', 8, 2254, NULL, NULL, NULL, '$2y$10$AvU5DFC.TyvLCtbdNqfRX.wfQfR7glHZThJTzHQdKlkEuG/yJOvCC', NULL, NULL, NULL, 1, 0, '/boy2.jpeg', NULL, NULL, NULL, NULL, NULL, NULL, NULL, NULL, NULL, NULL, NULL, 'all', 'active', 1, 'AR', NULL, 0, 0, NULL, NULL, NULL, NULL, NULL, NULL, 1, 0, 0, NULL, NULL, 0, NULL, 1731333627, NULL, NULL, NULL, NULL, 5, 10, NULL, NULL),
(2257, 'taha', 'enfant', 8, 2254, NULL, NULL, NULL, '$2y$10$P8SLUvKHI3z/0S4FCHTYu.gT2.905TIvhkiRkJcZEI9ZGn.KxVK1a', NULL, NULL, NULL, 1, 0, '/f14.png', NULL, NULL, NULL, NULL, NULL, NULL, NULL, NULL, NULL, NULL, NULL, 'all', 'active', 1, 'AR', NULL, 0, 0, NULL, NULL, NULL, NULL, NULL, NULL, 1, 0, 0, NULL, NULL, 0, NULL, 1731333643, NULL, NULL, NULL, NULL, 3, 8, NULL, NULL),
(2259, 'enfant', 'enfant', 8, 2254, NULL, NULL, NULL, '$2y$10$ebpXgefaKP8Pke5.6yLq1OQxhM6Wp2LCgCukSRhZ7BLGVqa27usHG', NULL, NULL, NULL, 1, 0, '/f16.png', NULL, NULL, NULL, NULL, NULL, NULL, NULL, NULL, NULL, NULL, NULL, 'all', 'active', 1, 'AR', NULL, 0, 0, NULL, NULL, NULL, NULL, NULL, NULL, 1, 0, 0, NULL, NULL, 0, NULL, 1731334897, NULL, NULL, NULL, NULL, 2, 7, NULL, NULL),
(2260, 'مروى بالغيث', 'organization', 3, NULL, '22680706', NULL, NULL, '$2y$10$NQU8skN9dg340kJ03NntM.heFuoZSrG/vIHCh3mvfgdlsjxOC5Hqa', NULL, NULL, NULL, 0, 0, NULL, '{\"color\":\"000000\",\"background\":\"EF9A9A\"}', NULL, NULL, NULL, NULL, NULL, NULL, NULL, NULL, NULL, NULL, 'all', 'active', 1, NULL, 'Africa/Tunis', 0, 0, NULL, NULL, NULL, NULL, NULL, NULL, 0, 0, 0, NULL, NULL, 0, NULL, 1731352437, '\"{\\\"dashboard\\\":[\\\"step1_completed\\\",\\\"step3_completed\\\"]}\"', NULL, NULL, NULL, NULL, NULL, NULL, NULL),
(2261, 'Yahya', 'enfant', 8, 2260, NULL, NULL, NULL, '$2y$10$nj7kVVCoJ7UTkXIKzTKJfOH1qJ6YhnGEcx6U.BuG/KM7x5sS7xBvC', NULL, NULL, NULL, 1, 0, '/boy2.jpeg', NULL, NULL, NULL, NULL, NULL, NULL, NULL, NULL, NULL, NULL, NULL, 'all', 'active', 1, 'AR', NULL, 0, 0, NULL, NULL, NULL, NULL, NULL, NULL, 1, 0, 0, NULL, NULL, 0, NULL, 1731352452, NULL, NULL, NULL, NULL, 3, 8, NULL, NULL),
(2262, 'khlififedia8@gmail.com', 'organization', 3, NULL, '55958492', NULL, NULL, '$2y$10$iP9Q0edgZRNt0d1zt51/gubUREOF5Secw0J0SL2hCkq0aaBLqoNIG', NULL, NULL, NULL, 0, 0, NULL, '{\"color\":\"FFFFFF\",\"background\":\"7b1fa2\"}', NULL, NULL, NULL, NULL, NULL, NULL, NULL, NULL, NULL, NULL, 'all', 'active', 1, NULL, 'Africa/Tunis', 0, 0, NULL, NULL, NULL, NULL, NULL, NULL, 0, 0, 0, NULL, NULL, 0, NULL, 1731353167, '\"{\\\"dashboard\\\":[\\\"step1_completed\\\",\\\"step2_completed\\\",\\\"step3_completed\\\"]}\"', NULL, NULL, NULL, NULL, NULL, NULL, NULL),
(2263, 'محمد لمين بوراس', 'enfant', 8, 2262, NULL, NULL, NULL, '$2y$10$CKAKg66i4143/1q3YvvNOuW0vCdbzDEArSvXPpYvx6Rd7cIHCDMoe', NULL, NULL, NULL, 1, 0, '/girl3.jpeg', NULL, NULL, NULL, NULL, NULL, NULL, NULL, NULL, NULL, NULL, NULL, 'all', 'active', 1, 'AR', NULL, 0, 0, NULL, NULL, NULL, NULL, NULL, NULL, 1, 0, 0, NULL, NULL, 0, NULL, 1731353199, NULL, NULL, NULL, NULL, 5, 10, NULL, NULL),
(2264, 'فاتن خليفي', 'organization', 3, NULL, '50251075', NULL, NULL, '$2y$10$XkyrBB0v77aIEdAJWeIO5ezB3uICwAWK4GUHei96idVcGpGG/Lv/G', NULL, NULL, NULL, 0, 0, NULL, '{\"color\":\"FFFFFF\",\"background\":\"689f38\"}', NULL, NULL, NULL, NULL, NULL, NULL, NULL, NULL, NULL, NULL, 'all', 'active', 1, NULL, 'Africa/Tunis', 0, 0, NULL, NULL, NULL, NULL, NULL, NULL, 0, 0, 0, NULL, NULL, 0, NULL, 1731354370, '\"{\\\"dashboard\\\":[\\\"step1_completed\\\",\\\"step3_completed\\\",\\\"step1_child_completed\\\",\\\"step2_child_completed\\\"]}\"', NULL, NULL, NULL, NULL, NULL, NULL, NULL),
(2265, 'محمد', 'enfant', 8, 2264, NULL, NULL, NULL, '$2y$10$qJyRXALz5BDanNIU/rJUh.3EijidJ2.CvIxKcL.d0eOPZRRXtXPOG', NULL, NULL, NULL, 1, 0, '/f14.png', NULL, NULL, NULL, NULL, NULL, NULL, NULL, NULL, NULL, NULL, NULL, 'all', 'active', 1, 'AR', NULL, 0, 0, NULL, NULL, NULL, NULL, NULL, NULL, 1, 0, 0, NULL, NULL, 0, NULL, 1731354389, NULL, NULL, NULL, NULL, 5, 10, NULL, NULL),
(2266, 'يسرى خلوفي', 'teacher', 4, NULL, '29500679', 'khalloufiyosra94@gmail.com', NULL, '$2y$10$D4hyGaBXq.13J3tO3f2zjuqfjE2J8m.CNnSXfkqbwcoYImIsQJfRG', NULL, NULL, NULL, 0, 0, NULL, '{\"color\":\"000000\",\"background\":\"3f51b5\"}', NULL, NULL, NULL, NULL, NULL, NULL, NULL, NULL, NULL, NULL, 'all', 'active', 1, NULL, 'Africa/Tunis', 0, 0, NULL, NULL, NULL, NULL, NULL, NULL, 1, 0, 0, NULL, NULL, 0, NULL, 1731354541, NULL, NULL, NULL, NULL, NULL, NULL, NULL, 7),
(2267, 'Oussama Ben Slama', 'organization', 3, NULL, '27563334', NULL, NULL, '$2y$10$I2EI66j2/.GF4YkfrnVRvuYChE2xvGkecg01Uvg/Zk2ty31/urBMi', NULL, NULL, NULL, 0, 0, NULL, '{\"color\":\"000000\",\"background\":\"9e9e9e\"}', NULL, NULL, NULL, NULL, NULL, NULL, NULL, NULL, NULL, NULL, 'all', 'active', 1, NULL, 'Africa/Tunis', 0, 0, NULL, NULL, NULL, NULL, NULL, NULL, 0, 0, 0, NULL, NULL, 0, NULL, 1731364759, '\"{\\\"dashboard\\\":[\\\"step1_completed\\\"]}\"', NULL, NULL, NULL, NULL, NULL, NULL, NULL),
(2268, 'اسماء عرباوي', 'organization', 3, NULL, '93264191', NULL, NULL, '$2y$10$laC1yrMbOChRxAaqEQz.WubMS0D9OgvCWeaqi2PQa.q0u0AophpOy', NULL, NULL, NULL, 0, 0, NULL, '{\"color\":\"FFFFFF\",\"background\":\"e65100\"}', NULL, NULL, NULL, NULL, NULL, NULL, NULL, NULL, NULL, NULL, 'all', 'active', 1, NULL, 'Africa/Tunis', 0, 0, NULL, NULL, NULL, NULL, NULL, NULL, 0, 0, 0, NULL, NULL, 0, NULL, 1731391634, '\"{\\\"dashboard\\\":[\\\"step1_completed\\\",\\\"step2_completed\\\",\\\"step3_completed\\\",\\\"step1_child_completed\\\",\\\"step2_child_completed\\\"],\\\"manuel\\\":[\\\"step1_child_manuel_completed\\\",\\\"step2_child_manuel_completed\\\"]}\"', NULL, NULL, NULL, NULL, NULL, NULL, NULL),
(2269, 'أحمد المختار', 'enfant', 8, 2268, NULL, NULL, NULL, '$2y$10$EdJZ8/M/TQa2A7H.zFGFlOOegM2T7ezjDjRCU4kwU3GQ1NzNp8BAu', NULL, NULL, NULL, 1, 0, '/f14.png', NULL, NULL, NULL, NULL, NULL, NULL, NULL, NULL, NULL, NULL, NULL, 'all', 'active', 1, 'AR', NULL, 0, 0, NULL, NULL, NULL, NULL, NULL, NULL, 1, 0, 0, NULL, NULL, 0, NULL, 1731391657, NULL, NULL, NULL, NULL, 4, 9, NULL, NULL),
(2270, 'Sabrine messaoudi', 'organization', 3, NULL, '58252996', NULL, NULL, '$2y$10$6pDHYTpAbzIkzvqZF4VgsuFG7vt7D57GIkTh6TEWsMutM.RggBRT6', NULL, NULL, 'feZ2H27pzaeiuCnI8Opr9GVjN8zk6irDNZzr9km3vdtHWmnXVtkY4Vq0lbZx', 0, 0, NULL, '{\"color\":\"000000\",\"background\":\"ffe082\"}', NULL, NULL, NULL, NULL, NULL, NULL, NULL, NULL, NULL, NULL, 'all', 'active', 1, NULL, 'Africa/Tunis', 0, 0, NULL, NULL, NULL, NULL, NULL, NULL, 0, 0, 0, NULL, NULL, 0, NULL, 1731399926, '\"{\\\"dashboard\\\":[\\\"step1_completed\\\",\\\"step2_completed\\\",\\\"step3_completed\\\",\\\"step1_child_completed\\\",\\\"step2_child_completed\\\"],\\\"manuel\\\":[\\\"step1_child_manuel_completed\\\",\\\"step2_child_manuel_completed\\\"]}\"', NULL, NULL, NULL, NULL, NULL, NULL, NULL),
(2271, 'تسنيم', 'enfant', 8, 2270, NULL, NULL, NULL, '$2y$10$iLOgXSF5tAkl5F1pzAaATOz8HzLTubDkcOJCNa2Ytc4RKRLhQr5ea', NULL, NULL, NULL, 1, 0, '/girl2.jpeg', NULL, NULL, NULL, NULL, NULL, NULL, NULL, NULL, NULL, NULL, NULL, 'all', 'active', 1, 'AR', NULL, 0, 0, NULL, NULL, NULL, NULL, NULL, NULL, 1, 0, 0, NULL, NULL, 0, NULL, 1731399953, NULL, NULL, NULL, NULL, 3, 8, NULL, NULL),
(2272, 'رنيم', 'enfant', 8, 2270, NULL, NULL, NULL, '$2y$10$oFXqchBEHLgwP8wWnOCPKuwSxo0iHZM4/r7D0KcXPlaSCUJdF3zYi', NULL, NULL, NULL, 1, 0, '/girl3.jpeg', NULL, NULL, NULL, NULL, NULL, NULL, NULL, NULL, NULL, NULL, NULL, 'all', 'active', 1, 'AR', NULL, 0, 0, NULL, NULL, NULL, NULL, NULL, NULL, 1, 0, 0, NULL, NULL, 0, NULL, 1731399972, NULL, NULL, NULL, NULL, 1, 6, NULL, NULL),
(2273, 'mouna benarfa', 'organization', 3, NULL, '90257113', NULL, NULL, '$2y$10$ttU56G6hpKNgROvcLyBMye7lBYRCG7/dHSCgOw9qf9JWDnjOSTBV2', NULL, NULL, NULL, 0, 0, NULL, '{\"color\":\"000000\",\"background\":\"03a9f4\"}', NULL, NULL, NULL, NULL, NULL, NULL, NULL, NULL, NULL, NULL, 'all', 'active', 1, NULL, 'Africa/Tunis', 0, 0, NULL, NULL, NULL, NULL, NULL, NULL, 0, 0, 0, NULL, NULL, 0, NULL, 1731425805, '\"{\\\"dashboard\\\":[\\\"step1_completed\\\",\\\"step2_completed\\\",\\\"step3_completed\\\"]}\"', NULL, NULL, NULL, NULL, NULL, NULL, NULL),
(2274, 'جود', 'enfant', 8, 2273, NULL, NULL, NULL, '$2y$10$/GRttMT0FUf93RxjJYfKGuiaELGnkqBycS.DlKdgPSMw19//JY6Vm', NULL, NULL, NULL, 1, 0, '/girl2.jpeg', NULL, NULL, NULL, NULL, NULL, NULL, NULL, NULL, NULL, NULL, NULL, 'all', 'active', 1, 'AR', NULL, 0, 0, NULL, NULL, NULL, NULL, NULL, NULL, 1, 0, 0, NULL, NULL, 0, NULL, 1731425830, NULL, NULL, NULL, NULL, 3, 8, NULL, NULL),
(2275, 'parent', 'organization', 3, NULL, '27049798', NULL, NULL, '$2y$10$1sUbjC96WqRGGbnnXbIqc./JbIbyHt6kkoCDxGJGl6Jteqrbd4aFy', NULL, NULL, 'wA1e9Egb4HSuHei4bwSQNR3neMtiC0Xl6YN6wDVOTXPl4tAjG3uV9bwz75aL', 0, 0, NULL, '{\"color\":\"FFFFFF\",\"background\":\"0288d1\"}', NULL, NULL, NULL, NULL, NULL, NULL, NULL, NULL, NULL, NULL, 'all', 'active', 1, 'AR', NULL, 0, 0, NULL, NULL, NULL, NULL, NULL, NULL, 0, 0, 0, NULL, NULL, 0, NULL, 1731432019, '\"{\\\"dashboard\\\":[\\\"step1_completed\\\",\\\"step3_completed\\\",\\\"step2_completed\\\",\\\"step2_child_completed\\\",\\\"step1_child_completed\\\"],\\\"manuel\\\":[\\\"step1_child_manuel_completed\\\",\\\"step2_child_manuel_completed\\\"]}\"', NULL, NULL, NULL, NULL, NULL, NULL, NULL),
(2278, 'élève1', 'enfant', 8, 2275, NULL, NULL, NULL, '$2y$10$hNLroqGfJ0twORpB2riseOjB3A2jBjGfiVVriiL4.nXK/bXM4X/W2', NULL, NULL, NULL, 1, 0, '/f14.png', NULL, NULL, NULL, NULL, NULL, NULL, NULL, NULL, NULL, NULL, NULL, 'all', 'active', 1, 'AR', NULL, 0, 0, NULL, NULL, NULL, NULL, NULL, NULL, 1, 0, 0, NULL, NULL, 0, NULL, 1731434134, NULL, NULL, NULL, NULL, 1, 6, NULL, NULL),
(2279, 'اوسيد', 'enfant', 8, 2127, NULL, NULL, NULL, '$2y$10$dlkFvfl.X9CbuWscVsBb5u3n4/HBEqf9L/XTsZK1uMs3aAViW2jsy', NULL, NULL, NULL, 1, 0, '/f14.png', NULL, NULL, NULL, NULL, NULL, NULL, NULL, NULL, NULL, NULL, NULL, 'all', 'active', 1, 'AR', NULL, 0, 0, NULL, NULL, NULL, NULL, NULL, NULL, 1, 0, 0, NULL, NULL, 0, NULL, 1731438295, NULL, NULL, NULL, NULL, 6, 11, NULL, NULL),
(2280, 'Mohamed zaghouani', 'enfant', 8, 2125, NULL, NULL, NULL, '$2y$10$TURaE9RiROB4DWcizLpCfOjsdboVaTH6XAY3HcoerZMQG7Gr.YGpK', NULL, NULL, NULL, 1, 0, '/boy2.jpeg', NULL, NULL, NULL, NULL, NULL, NULL, NULL, NULL, NULL, NULL, NULL, 'all', 'active', 1, 'AR', NULL, 0, 0, NULL, NULL, NULL, NULL, NULL, NULL, 1, 0, 0, NULL, NULL, 0, NULL, 1731439061, NULL, NULL, NULL, NULL, 3, 8, NULL, NULL),
(2281, 'élève2', 'enfant', 8, 2275, NULL, NULL, NULL, '$2y$10$VmKD/mAKWBAttmFN.3v3t.6fHtzNE1NQVLupTO88GmQVJdI9VLMme', NULL, NULL, NULL, 1, 0, '/girl1.jpeg', NULL, NULL, NULL, NULL, NULL, NULL, NULL, NULL, NULL, NULL, NULL, 'all', 'active', 1, 'AR', NULL, 0, 0, NULL, NULL, NULL, NULL, NULL, NULL, 1, 0, 0, NULL, NULL, 0, NULL, 1731442152, NULL, NULL, NULL, NULL, 2, 7, NULL, NULL),
(2282, 'élève3', 'enfant', 8, 2275, NULL, NULL, NULL, '$2y$10$wUI0TV/Ni9DtR3HLm1D78.rGGSYHylqNUeOUFIg18qqxQYAPFn9Ge', NULL, NULL, NULL, 1, 0, '/boy1.jpeg', NULL, NULL, NULL, NULL, NULL, NULL, NULL, NULL, NULL, NULL, NULL, 'all', 'active', 1, 'AR', NULL, 0, 0, NULL, NULL, NULL, NULL, NULL, NULL, 1, 0, 0, NULL, NULL, 0, NULL, 1731442175, NULL, NULL, NULL, NULL, 3, 8, NULL, NULL),
(2283, 'élève4', 'enfant', 8, 2275, NULL, NULL, NULL, '$2y$10$hfTw8ZpWltdUt39pivBe1u/gBARI8AQkJyFkRAWPglQD80fkT1oKW', NULL, NULL, NULL, 1, 0, '/girl3.jpeg', NULL, NULL, NULL, NULL, NULL, NULL, NULL, NULL, NULL, NULL, NULL, 'all', 'active', 1, 'AR', NULL, 0, 0, NULL, NULL, NULL, NULL, NULL, NULL, 1, 0, 0, NULL, NULL, 0, NULL, 1731442204, NULL, NULL, NULL, NULL, 4, 9, NULL, NULL),
(2284, 'صبرين بشيري', 'organization', 3, NULL, '58949672', NULL, NULL, '$2y$10$cAta4o13Q8AsM982wYlYQOoP9YyvlO3f5/aWp7cfmMdaYLIOedVoG', NULL, NULL, NULL, 0, 0, NULL, '{\"color\":\"000000\",\"background\":\"aa00ff\"}', NULL, NULL, NULL, NULL, NULL, NULL, NULL, NULL, NULL, NULL, 'all', 'active', 1, NULL, 'Africa/Tunis', 0, 0, NULL, NULL, NULL, NULL, NULL, NULL, 0, 0, 0, NULL, NULL, 0, NULL, 1731444347, '\"{\\\"dashboard\\\":[\\\"step1_completed\\\",\\\"step3_completed\\\"]}\"', NULL, NULL, NULL, NULL, NULL, NULL, NULL),
(2285, 'إلين', 'enfant', 8, 2284, NULL, NULL, NULL, '$2y$10$22zswt1R2NboO/wwtogCNOphroBqTDV8ljkMF.6FO2pR6i403Kzou', NULL, NULL, NULL, 1, 0, '/girl4.jpeg', NULL, NULL, NULL, NULL, NULL, NULL, NULL, NULL, NULL, NULL, NULL, 'all', 'active', 1, 'AR', NULL, 0, 0, NULL, NULL, NULL, NULL, NULL, NULL, 1, 0, 0, NULL, NULL, 0, NULL, 1731444369, NULL, NULL, NULL, NULL, 3, 8, NULL, NULL),
(2286, 'نورهان يونس', 'organization', 3, NULL, '99365818', NULL, NULL, '$2y$10$46r9COvW6joFZ9hHUCDDd.L2VeDtnh0ulpOEOQNCargqDtY0IQwvi', NULL, NULL, NULL, 0, 0, NULL, '{\"color\":\"FFFFFF\",\"background\":\"00796b\"}', NULL, NULL, NULL, NULL, NULL, NULL, NULL, NULL, NULL, NULL, 'all', 'active', 1, NULL, 'Africa/Tunis', 0, 0, NULL, NULL, NULL, NULL, NULL, NULL, 0, 0, 0, NULL, NULL, 0, NULL, 1731446892, '\"{\\\"dashboard\\\":[\\\"step1_completed\\\",\\\"step2_completed\\\"]}\"', NULL, NULL, NULL, NULL, NULL, NULL, NULL),
(2287, 'امان الله', 'enfant', 8, 2286, NULL, NULL, NULL, '$2y$10$62NKOgw/eKLD96mkhuemtOYD0CitoO2cXWa9aY74UrYE.b2nLvssm', NULL, NULL, NULL, 1, 0, '/boy2.jpeg', NULL, NULL, NULL, NULL, NULL, NULL, NULL, NULL, NULL, NULL, NULL, 'all', 'active', 1, 'AR', NULL, 0, 0, NULL, NULL, NULL, NULL, NULL, NULL, 1, 0, 0, NULL, NULL, 0, NULL, 1731446926, NULL, NULL, NULL, NULL, 3, 8, NULL, NULL),
(2288, 'يوسف', 'enfant', 8, 2286, NULL, NULL, NULL, '$2y$10$gHUJ1Kf9CB5NHUtwUaMia.6gZH2YPC4.znBwJCyRUu/IhI.CnDRcu', NULL, NULL, NULL, 1, 0, '/f14.png', NULL, NULL, NULL, NULL, NULL, NULL, NULL, NULL, NULL, NULL, NULL, 'all', 'active', 1, 'AR', NULL, 0, 0, NULL, NULL, NULL, NULL, NULL, NULL, 1, 0, 0, NULL, NULL, 0, NULL, 1731446943, NULL, NULL, NULL, NULL, 6, 11, NULL, NULL),
(2289, 'Omrani Sarra', 'organization', 3, NULL, '54353653', NULL, NULL, '$2y$10$CnX.uT9YAYuXuKBn9CLftuQZISSJh8WKnfCCgDi7HosL.xNGpkdrq', NULL, NULL, NULL, 0, 0, NULL, '{\"color\":\"FFFFFF\",\"background\":\"8e24aa\"}', NULL, NULL, NULL, NULL, NULL, NULL, NULL, NULL, NULL, NULL, 'all', 'active', 1, NULL, NULL, 0, 0, NULL, NULL, NULL, NULL, NULL, NULL, 0, 0, 0, NULL, NULL, 0, NULL, 1731471022, '\"{\\\"dashboard\\\":[\\\"step1_completed\\\"]}\"', NULL, NULL, NULL, NULL, NULL, NULL, NULL),
(2290, 'لجين', 'enfant', 8, 2289, NULL, NULL, NULL, '$2y$10$yJ3BL0DFSxEe5ZcYiEUjI.3pHYjStYBfMTP9BPRT8AwP1P21DMIqO', NULL, NULL, NULL, 1, 0, '/girl2.jpeg', NULL, NULL, NULL, NULL, NULL, NULL, NULL, NULL, NULL, NULL, NULL, 'all', 'active', 1, 'AR', NULL, 0, 0, NULL, NULL, NULL, NULL, NULL, NULL, 1, 0, 0, NULL, NULL, 0, NULL, 1731471053, NULL, NULL, NULL, NULL, 3, 8, NULL, NULL),
(2291, 'Hela Chourou', 'organization', 3, NULL, '20684525', NULL, NULL, '$2y$10$EEgucW0DCXse5rTGspDkc.761C1u6YBU9CANWZj0683mYLjGKySMO', NULL, NULL, 'alfXsObWAihaMWuIwznzrsBa2Slxc19Yyq4VOw8Ksx4xhE6S3K7UKL2A9c1b', 0, 0, NULL, '{\"color\":\"000000\",\"background\":\"ba68c8\"}', NULL, NULL, NULL, NULL, NULL, NULL, NULL, NULL, NULL, NULL, 'all', 'active', 1, NULL, 'Africa/Tunis', 0, 0, NULL, NULL, NULL, NULL, NULL, NULL, 0, 0, 0, NULL, NULL, 0, NULL, 1731476299, '\"{\\\"dashboard\\\":[\\\"step1_completed\\\",\\\"step3_completed\\\",\\\"step1_child_completed\\\"],\\\"manuel\\\":[\\\"step1_child_manuel_completed\\\"]}\"', NULL, NULL, NULL, NULL, NULL, NULL, NULL),
(2292, 'Lilia', 'enfant', 8, 2291, NULL, NULL, NULL, '$2y$10$ddyi58kvBfEn3blIcvLVZOcmZH6H3uc0Usi/wXN81342/HFFGUntu', NULL, NULL, NULL, 1, 0, '/girl2.jpeg', NULL, NULL, NULL, NULL, NULL, NULL, NULL, NULL, NULL, NULL, NULL, 'all', 'active', 1, 'AR', NULL, 0, 0, NULL, NULL, NULL, NULL, NULL, NULL, 1, 0, 0, NULL, NULL, 0, NULL, 1731476315, NULL, NULL, NULL, NULL, 3, 8, NULL, NULL),
(2293, 'Syrine Ben Massaoud', 'organization', 3, NULL, '98128294', NULL, NULL, '$2y$10$dAw5bPo0uYElPw85p2b1nezfmlmF678U2Brhg4g8XLX5hgKWfQZWK', NULL, NULL, NULL, 0, 0, NULL, '{\"color\":\"000000\",\"background\":\"ffca28\"}', NULL, NULL, NULL, NULL, NULL, NULL, NULL, NULL, NULL, NULL, 'all', 'active', 1, NULL, 'Africa/Tunis', 0, 0, NULL, NULL, NULL, NULL, NULL, NULL, 0, 0, 0, NULL, NULL, 0, NULL, 1731476696, NULL, NULL, NULL, NULL, NULL, NULL, NULL, NULL),
(2294, 'اسماعيل شرفي', 'organization', 3, NULL, '24229679', NULL, NULL, '$2y$10$TafLsiLC/rWwu5gjv4K4EuZpnB3t64CMmuEK9sQCCCg/sRKvvDBJ.', NULL, NULL, NULL, 0, 0, NULL, '{\"color\":\"FFFFFF\",\"background\":\"00695c\"}', NULL, NULL, NULL, NULL, NULL, NULL, NULL, NULL, NULL, NULL, 'all', 'active', 1, NULL, NULL, 0, 0, NULL, NULL, NULL, NULL, NULL, NULL, 0, 0, 0, NULL, NULL, 0, NULL, 1731477664, '\"{\\\"dashboard\\\":[\\\"step1_completed\\\",\\\"step3_completed\\\"]}\"', NULL, NULL, NULL, NULL, NULL, NULL, NULL),
(2295, 'احمد شرفي', 'enfant', 8, 2294, NULL, NULL, NULL, '$2y$10$dBmfAAZKpOsYQaesv4DUHufgxUismPOZufFub6XEqAiR8cF9CH1Sa', NULL, NULL, NULL, 1, 0, '/f14.png', NULL, NULL, NULL, NULL, NULL, NULL, NULL, NULL, NULL, NULL, NULL, 'all', 'active', 1, 'AR', NULL, 0, 0, NULL, NULL, NULL, NULL, NULL, NULL, 1, 0, 0, NULL, NULL, 0, NULL, 1731477710, NULL, NULL, NULL, NULL, 3, 8, NULL, NULL),
(2296, 'هيفاء الصغير', 'organization', 3, NULL, '53617480', NULL, NULL, '$2y$10$MWDLnIeBTrhub8b222raPeHFG5D5bNdFynsMdu8DZ4EIfCXJTOzpC', NULL, NULL, NULL, 0, 0, NULL, '{\"color\":\"000000\",\"background\":\"F50057\"}', NULL, NULL, NULL, NULL, NULL, NULL, NULL, NULL, NULL, NULL, 'all', 'active', 1, NULL, 'Africa/Tunis', 0, 0, NULL, NULL, NULL, NULL, NULL, NULL, 0, 0, 0, NULL, NULL, 0, NULL, 1731478441, '\"{\\\"dashboard\\\":[\\\"step1_completed\\\",\\\"step3_completed\\\",\\\"step1_child_completed\\\",\\\"step2_child_completed\\\"]}\"', NULL, NULL, NULL, NULL, NULL, NULL, NULL),
(2297, 'عبد الرحمان عثمان', 'enfant', 8, 2296, NULL, NULL, NULL, '$2y$10$lBO7f9vZ8EGAUTRaUoQ8wOQPf2880FCrIMG1WaNHBlA.quOD5NnDS', NULL, NULL, NULL, 1, 0, '/boy1.jpeg', NULL, NULL, NULL, NULL, NULL, NULL, NULL, NULL, NULL, NULL, NULL, 'all', 'active', 1, 'AR', NULL, 0, 0, NULL, NULL, NULL, NULL, NULL, NULL, 1, 0, 0, NULL, NULL, 0, NULL, 1731478474, NULL, NULL, NULL, NULL, 3, 8, NULL, NULL);
INSERT INTO `users` (`id`, `full_name`, `role_name`, `role_id`, `organ_id`, `mobile`, `email`, `bio`, `password`, `google_id`, `facebook_id`, `remember_token`, `verified`, `financial_approval`, `avatar`, `avatar_settings`, `cover_img`, `headline`, `about`, `address`, `country_id`, `province_id`, `city_id`, `district_id`, `location`, `level_of_training`, `meeting_type`, `status`, `access_content`, `language`, `timezone`, `newsletter`, `public_message`, `account_type`, `iban`, `account_id`, `identity_scan`, `certificate`, `commission`, `affiliate`, `can_create_store`, `ban`, `ban_start_at`, `ban_end_at`, `offline`, `offline_message`, `created_at`, `guide_progress`, `updated_at`, `deleted_at`, `school_id`, `section_id`, `level_id`, `option_id`, `matier_id`) VALUES
(2298, 'درصاف', 'organization', 3, NULL, '24440624', NULL, NULL, '$2y$10$87IL1qByi06QuyxVS6MUoex9YNAom.53AYmAe.sA5Q4GZ20Y2s9se', NULL, NULL, NULL, 0, 0, NULL, '{\"color\":\"000000\",\"background\":\"8bc34a\"}', NULL, NULL, NULL, NULL, NULL, NULL, NULL, NULL, NULL, NULL, 'all', 'active', 1, NULL, 'Africa/Tunis', 0, 0, NULL, NULL, NULL, NULL, NULL, NULL, 0, 0, 0, NULL, NULL, 0, NULL, 1731482765, '\"{\\\"dashboard\\\":[\\\"step1_completed\\\",\\\"step3_completed\\\",\\\"step2_completed\\\"],\\\"manuel\\\":[\\\"step1_child_manuel_completed\\\"]}\"', NULL, NULL, NULL, NULL, NULL, NULL, NULL),
(2299, 'ميرال', 'enfant', 8, 2298, NULL, NULL, NULL, '$2y$10$sfcn2OiRnK6IzkWzlsE51eKeAO5bcz1F/gX50.j2H34hXjrMAMjju', NULL, NULL, NULL, 1, 0, '/girl1.jpeg', NULL, NULL, NULL, NULL, NULL, NULL, NULL, NULL, NULL, NULL, NULL, 'all', 'active', 1, 'AR', NULL, 0, 0, NULL, NULL, NULL, NULL, NULL, NULL, 1, 0, 0, NULL, NULL, 0, NULL, 1731482788, NULL, NULL, NULL, NULL, 3, 8, NULL, NULL),
(2300, 'آية الطرابلسي', 'organization', 3, NULL, '52049490', NULL, NULL, '$2y$10$jNDg.xTJCQNMNnvjhLVMR.ADmb084lV5hSZZmw.re3uQopaqp26jK', NULL, NULL, NULL, 0, 0, NULL, '{\"color\":\"000000\",\"background\":\"cfd8dc\"}', NULL, NULL, NULL, NULL, NULL, NULL, NULL, NULL, NULL, NULL, 'all', 'active', 1, NULL, 'Africa/Tunis', 0, 0, NULL, NULL, NULL, NULL, NULL, NULL, 0, 0, 0, NULL, NULL, 0, NULL, 1731491294, '\"{\\\"dashboard\\\":[\\\"step1_completed\\\",\\\"step2_completed\\\",\\\"step3_completed\\\"]}\"', NULL, NULL, NULL, NULL, NULL, NULL, NULL),
(2301, 'سليمان', 'enfant', 8, 2300, NULL, NULL, NULL, '$2y$10$FKNBJu4AkKP789ct3n5ZkeDZy/mdbmsbwwftsexLA3QoKLGX7HF0i', NULL, NULL, NULL, 1, 0, '/boy1.jpeg', NULL, NULL, NULL, NULL, NULL, NULL, NULL, NULL, NULL, NULL, NULL, 'all', 'active', 1, 'AR', NULL, 0, 0, NULL, NULL, NULL, NULL, NULL, NULL, 1, 0, 0, NULL, NULL, 0, NULL, 1731491319, NULL, NULL, NULL, NULL, 3, 8, NULL, NULL),
(2302, 'Zribi Khawla', 'organization', 3, NULL, '21376375', NULL, NULL, '$2y$10$A3bjZViB/x/LPZbHxiZNPuT4WL1zRx9Kqqb2NDzaV3SDzqbwhQovm', NULL, NULL, '5GMYGPUzcRTdI0xfAAUK0ZcVyjsJFbYBkF4UsveK6RwvlmIocR8wmWDmQJzs', 0, 0, NULL, '{\"color\":\"000000\",\"background\":\"FFEBEE\"}', NULL, NULL, NULL, NULL, NULL, NULL, NULL, NULL, NULL, NULL, 'all', 'active', 1, NULL, 'Africa/Tunis', 0, 0, NULL, NULL, NULL, NULL, NULL, NULL, 0, 0, 0, NULL, NULL, 0, NULL, 1731522744, '\"{\\\"dashboard\\\":[\\\"step1_completed\\\",\\\"step2_completed\\\",\\\"step3_completed\\\",\\\"step1_child_completed\\\",\\\"step2_child_completed\\\"],\\\"manuel\\\":[\\\"step1_child_manuel_completed\\\",\\\"step2_child_manuel_completed\\\"]}\"', NULL, NULL, NULL, NULL, NULL, NULL, NULL),
(2303, 'سارة', 'enfant', 8, 2302, NULL, NULL, NULL, '$2y$10$DfIIM9xnhuuoVqKxTaIO9unK7uolRw/6XsglrjPmg6jhM.Bg4lGYG', NULL, NULL, NULL, 1, 0, '/girl2.jpeg', NULL, NULL, NULL, NULL, NULL, NULL, NULL, NULL, NULL, NULL, NULL, 'all', 'active', 1, 'AR', NULL, 0, 0, NULL, NULL, NULL, NULL, NULL, NULL, 1, 0, 0, NULL, NULL, 0, NULL, 1731522772, NULL, NULL, NULL, NULL, 3, 8, NULL, NULL),
(2304, 'محمد عزيز', 'enfant', 8, 2302, NULL, NULL, NULL, '$2y$10$vCdcj3RA7XvNOqUhOeN5AefWS6gvAw0b7PqWSO23wq2KgzBiMn4Im', NULL, NULL, NULL, 1, 0, '/boy1.jpeg', NULL, NULL, NULL, NULL, NULL, NULL, NULL, NULL, NULL, NULL, NULL, 'all', 'active', 1, 'AR', NULL, 0, 0, NULL, NULL, NULL, NULL, NULL, NULL, 1, 0, 0, NULL, NULL, 0, NULL, 1731522792, NULL, NULL, NULL, NULL, 1, 6, NULL, NULL),
(2306, 'Mohammad Lakhdhar', 'teacher', 4, NULL, '98552781', 'musicfun47@gmail.com', NULL, '$2y$10$Uha9Hc0bj8Eq0K.SPyTWlO8enX1nHrNeggyKLlVfs8IeK3yFKqB9.', NULL, NULL, 'w8eRTuewlGwrAfEi4JI3d0lTp2MVV2YHyzwt9I7rzwlsEe3KdDwgTLpnSvjz', 0, 0, NULL, '{\"color\":\"000000\",\"background\":\"FFCDD2\"}', NULL, NULL, NULL, NULL, NULL, NULL, NULL, NULL, NULL, NULL, 'all', 'active', 1, NULL, 'Africa/Tunis', 0, 0, NULL, NULL, NULL, NULL, NULL, NULL, 1, 0, 0, NULL, NULL, 0, NULL, 1731533258, NULL, NULL, NULL, NULL, NULL, NULL, NULL, 7),
(2307, 'إشراف بن عبد الله', 'organization', 3, NULL, '70681340', NULL, NULL, '$2y$10$tyHjLvCphR6L8q8nl09e0eGwRl6V1ilzFhwj0yQ5oJ40m13iADQPu', NULL, NULL, NULL, 0, 0, NULL, '{\"color\":\"000000\",\"background\":\"fff9c4\"}', NULL, NULL, NULL, NULL, NULL, NULL, NULL, NULL, NULL, NULL, 'all', 'active', 1, NULL, 'Africa/Tunis', 0, 0, NULL, NULL, NULL, NULL, NULL, NULL, 0, 0, 0, NULL, NULL, 0, NULL, 1731537857, '\"{\\\"dashboard\\\":[\\\"step1_completed\\\",\\\"step3_completed\\\",\\\"step1_child_completed\\\",\\\"step2_child_completed\\\"],\\\"manuel\\\":[\\\"step1_child_manuel_completed\\\"]}\"', NULL, NULL, NULL, NULL, NULL, NULL, NULL),
(2308, 'Yazan', 'enfant', 8, 2307, NULL, NULL, NULL, '$2y$10$3/it0hazl3UEdoa2QRTpo.TnYkvnfhlaPbUvGNWkMjfAtsvdLFTXm', NULL, NULL, NULL, 1, 0, '/f14.png', NULL, NULL, NULL, NULL, NULL, NULL, NULL, NULL, NULL, NULL, NULL, 'all', 'active', 1, 'AR', NULL, 0, 0, NULL, NULL, NULL, NULL, NULL, NULL, 1, 0, 0, NULL, NULL, 0, NULL, 1731537877, NULL, NULL, NULL, NULL, 3, 8, NULL, NULL),
(2309, 'ben salem anwar', 'organization', 3, NULL, '24555828', NULL, NULL, '$2y$10$GwyURsaSVQhSLuDc.AcJp.8XyUBA1ZvNTzehGmDZ/Vv7EZ0Gxpe6O', NULL, NULL, NULL, 0, 0, NULL, '{\"color\":\"000000\",\"background\":\"eceff1\"}', NULL, NULL, NULL, NULL, NULL, NULL, NULL, NULL, NULL, NULL, 'all', 'active', 1, NULL, 'Africa/Tunis', 0, 0, NULL, NULL, NULL, NULL, NULL, NULL, 0, 0, 0, NULL, NULL, 0, NULL, 1731578629, '\"{\\\"dashboard\\\":[\\\"step3_completed\\\",\\\"step1_completed\\\",\\\"step1_child_completed\\\"]}\"', NULL, NULL, NULL, NULL, NULL, NULL, NULL),
(2310, 'Moez', 'enfant', 8, 2309, NULL, NULL, NULL, '$2y$10$9WMRwsukMTvi3zX27h/RV.4sSnPAOVvwx/mtEy7oGqXWhbZmJfPyu', NULL, NULL, NULL, 1, 0, '/f14.png', NULL, NULL, NULL, NULL, NULL, NULL, NULL, NULL, NULL, NULL, NULL, 'all', 'active', 1, 'AR', NULL, 0, 0, NULL, NULL, NULL, NULL, NULL, NULL, 1, 0, 0, NULL, NULL, 0, NULL, 1731578649, NULL, NULL, NULL, NULL, 2, 7, NULL, NULL),
(2311, 'مروى بالغيث', 'organization', 3, NULL, '28479734', NULL, NULL, '$2y$10$Nvovfp7QQAuG9hHO2gnzMOQO3rwoWQhFWTA5vIt3N4hBPTXSjgowW', NULL, NULL, NULL, 0, 0, NULL, '{\"color\":\"000000\",\"background\":\"673ab7\"}', NULL, NULL, NULL, NULL, NULL, NULL, NULL, NULL, NULL, NULL, 'all', 'active', 1, NULL, 'Africa/Tunis', 0, 0, NULL, NULL, NULL, NULL, NULL, NULL, 0, 0, 0, NULL, NULL, 0, NULL, 1731597955, '\"{\\\"dashboard\\\":[\\\"step1_completed\\\",\\\"step3_completed\\\"]}\"', NULL, NULL, NULL, NULL, NULL, NULL, NULL),
(2312, 'Yahya', 'enfant', 8, 2311, NULL, NULL, NULL, '$2y$10$KvBq4SM6/R2UCcnMI8eMluXrJT56hFte8LMbwHlvGyoEvlgNUC6C.', NULL, NULL, NULL, 1, 0, '/boy1.jpeg', NULL, NULL, NULL, NULL, NULL, NULL, NULL, NULL, NULL, NULL, NULL, 'all', 'active', 1, 'AR', NULL, 0, 0, NULL, NULL, NULL, NULL, NULL, NULL, 1, 0, 0, NULL, NULL, 0, NULL, 1731597970, NULL, NULL, NULL, NULL, 3, 8, NULL, NULL),
(2313, 'ameny', 'organization', 3, NULL, '95067163', NULL, NULL, '$2y$10$e1XEjEqiJZfEo4yJGNS3Oe.8kCPa.cvvV5psRjp5bs3w2laslVO9q', NULL, NULL, 'WvcCezTBAt4H8frHqobUpzjz5eCQRgZgoIVAEFLHKHsGQxVSmRgEytjvVfS8', 0, 0, '/store/2313/avatar/673b17205215c.png', '{\"color\":\"000000\",\"background\":\"c5e1a5\"}', NULL, NULL, NULL, NULL, NULL, NULL, NULL, NULL, NULL, NULL, 'all', 'active', 1, 'AR', NULL, 0, 0, NULL, NULL, NULL, NULL, NULL, NULL, 0, 0, 0, NULL, NULL, 0, NULL, 1731605493, '\"{\\\"dashboard\\\":[\\\"step1_completed\\\",\\\"step3_completed\\\",\\\"step2_completed\\\",\\\"step1_child_completed\\\",\\\"step2_child_completed\\\"],\\\"manuel\\\":[\\\"step1_child_manuel_completed\\\",\\\"step2_child_manuel_completed\\\"]}\"', NULL, NULL, NULL, NULL, NULL, NULL, NULL),
(2314, '11ameny2', 'enfant', 8, 2313, NULL, NULL, NULL, '$2y$10$omBjPpulGhAf2dz5IOdrMOaV0q/yoEBMxhcKOKvjU4RrhXfdBecwa', NULL, NULL, NULL, 1, 0, '/girl3.jpeg', NULL, NULL, NULL, NULL, NULL, NULL, NULL, NULL, NULL, NULL, NULL, 'all', 'active', 1, 'AR', NULL, 0, 0, NULL, NULL, NULL, NULL, NULL, NULL, 1, 0, 0, NULL, NULL, 0, NULL, 1731605508, NULL, NULL, NULL, NULL, 1, 6, NULL, NULL),
(2316, 'Sawsen matlouthi', 'organization', 3, NULL, '29790299', NULL, NULL, '$2y$10$aDvdyAvdaeqaT8RLtAc6UO4C43SHXf1tcp5z.azWurbfdNzDXoGum', NULL, NULL, NULL, 0, 0, NULL, '{\"color\":\"FFFFFF\",\"background\":\"1565c0\"}', NULL, NULL, NULL, NULL, NULL, NULL, NULL, NULL, NULL, NULL, 'all', 'active', 1, NULL, 'Africa/Tunis', 0, 0, NULL, NULL, NULL, NULL, NULL, NULL, 0, 0, 0, NULL, NULL, 0, NULL, 1731613799, '\"{\\\"dashboard\\\":[\\\"step1_completed\\\",\\\"step2_completed\\\",\\\"step3_completed\\\",\\\"step1_child_completed\\\",\\\"step2_child_completed\\\"]}\"', NULL, NULL, NULL, NULL, NULL, NULL, NULL),
(2317, 'Iyed ben jbara', 'enfant', 8, 2316, NULL, NULL, NULL, '$2y$10$SOkkSRnhCuyWMg2gsmOSxueWJ7lkTH2fH.g2AlrdeZ67NJwGQGfZu', NULL, NULL, NULL, 1, 0, '/boy2.jpeg', NULL, NULL, NULL, NULL, NULL, NULL, NULL, NULL, NULL, NULL, NULL, 'all', 'active', 1, 'AR', NULL, 0, 0, NULL, NULL, NULL, NULL, NULL, NULL, 1, 0, 0, NULL, NULL, 0, NULL, 1731613825, NULL, NULL, NULL, NULL, 4, 9, NULL, NULL),
(2318, 'Maryem benjbara', 'enfant', 8, 2316, NULL, NULL, NULL, '$2y$10$Mt/0VXd7LPNLj6FUkjaSwuTQKpjeQpTMIIi7ej8m5yiY/Yz.hv8f6', NULL, NULL, NULL, 1, 0, '/girl3.jpeg', NULL, NULL, NULL, NULL, NULL, NULL, NULL, NULL, NULL, NULL, NULL, 'all', 'active', 1, 'AR', NULL, 0, 0, NULL, NULL, NULL, NULL, NULL, NULL, 1, 0, 0, NULL, NULL, 0, NULL, 1731613846, NULL, NULL, NULL, NULL, 1, 6, NULL, NULL),
(2319, 'Saihi Noura', 'organization', 3, NULL, '25186275', NULL, NULL, '$2y$10$3V8rftXaKMHKfg/41lWKneHqdsYAR22s4xB4rfhrGXNregpWjtOXq', NULL, NULL, NULL, 0, 0, NULL, '{\"color\":\"FFFFFF\",\"background\":\"ffb300\"}', NULL, NULL, NULL, NULL, NULL, NULL, NULL, NULL, NULL, NULL, 'all', 'active', 1, NULL, 'Africa/Tunis', 0, 0, NULL, NULL, NULL, NULL, NULL, NULL, 0, 0, 0, NULL, NULL, 0, NULL, 1731614200, '\"{\\\"dashboard\\\":[\\\"step1_completed\\\",\\\"step2_completed\\\",\\\"step3_completed\\\"]}\"', NULL, NULL, NULL, NULL, NULL, NULL, NULL),
(2320, 'أمين جبلي', 'enfant', 8, 2319, NULL, NULL, NULL, '$2y$10$3cRzG0JtspHxEPsyVHRjIeheAYE8FMMh9st5bS2qXJ6GwT8oFCh6e', NULL, NULL, NULL, 1, 0, '/f16.png', NULL, NULL, NULL, NULL, NULL, NULL, NULL, NULL, NULL, NULL, NULL, 'all', 'active', 1, 'AR', NULL, 0, 0, NULL, NULL, NULL, NULL, NULL, NULL, 1, 0, 0, NULL, NULL, 0, NULL, 1731614303, NULL, NULL, NULL, NULL, 4, 9, NULL, NULL),
(2321, 'بدران قمودي', 'organization', 3, NULL, '25455792', NULL, NULL, '$2y$10$nI5e2stvIDSQtuoLQr.pUewOfHFKqnpfo/4bxmpqatI0qWkz3jWQW', NULL, NULL, NULL, 0, 0, NULL, '{\"color\":\"000000\",\"background\":\"64b5f6\"}', NULL, NULL, NULL, NULL, NULL, NULL, NULL, NULL, NULL, NULL, 'all', 'active', 1, NULL, 'Africa/Tunis', 0, 0, NULL, NULL, NULL, NULL, NULL, NULL, 0, 0, 0, NULL, NULL, 0, NULL, 1731614319, '\"{\\\"dashboard\\\":[\\\"step1_completed\\\",\\\"step2_completed\\\"]}\"', NULL, NULL, NULL, NULL, NULL, NULL, NULL),
(2322, 'محمد امين قمودي', 'enfant', 8, 2321, NULL, NULL, NULL, '$2y$10$eD0u.YiDOg6fxwrBJNzHne4oIu2Jz9pnm1uxCtFQT4lqht5.TE.zG', NULL, NULL, NULL, 1, 0, '/boy2.jpeg', NULL, NULL, NULL, NULL, NULL, NULL, NULL, NULL, NULL, NULL, NULL, 'all', 'active', 1, 'AR', NULL, 0, 0, NULL, NULL, NULL, NULL, NULL, NULL, 1, 0, 0, NULL, NULL, 0, NULL, 1731614349, NULL, NULL, NULL, NULL, 5, 10, NULL, NULL),
(2323, 'يقين قمودي', 'enfant', 8, 2321, NULL, NULL, NULL, '$2y$10$lnvTshrPEEUANC1QmceiO.304RwiL4m25ZWkU7kfdjZoBrfgjDJqu', NULL, NULL, NULL, 1, 0, '/girl2.jpeg', NULL, NULL, NULL, NULL, NULL, NULL, NULL, NULL, NULL, NULL, NULL, 'all', 'active', 1, 'AR', NULL, 0, 0, NULL, NULL, NULL, NULL, NULL, NULL, 1, 0, 0, NULL, NULL, 0, NULL, 1731614377, NULL, NULL, NULL, NULL, 4, 9, NULL, NULL),
(2324, 'ادم قمودي', 'enfant', 8, 2321, NULL, NULL, NULL, '$2y$10$RgREW46PQ8rgzkkyPwXcoeeS9L92io48nV2XvaymIxgViIfN0T3Pq', NULL, NULL, NULL, 1, 0, '/f14.png', NULL, NULL, NULL, NULL, NULL, NULL, NULL, NULL, NULL, NULL, NULL, 'all', 'active', 1, 'AR', NULL, 0, 0, NULL, NULL, NULL, NULL, NULL, NULL, 1, 0, 0, NULL, NULL, 0, NULL, 1731614405, NULL, NULL, NULL, NULL, 1, 6, NULL, NULL),
(2325, 'mouna benarfa', 'organization', 3, NULL, '56588399', NULL, NULL, '$2y$10$MC/dMoBPJwhxH7eD.opTueS9q7XU9D6/LEFRul6gov6YPBhvkBrEC', NULL, NULL, NULL, 0, 0, NULL, '{\"color\":\"000000\",\"background\":\"80d8ff\"}', NULL, NULL, NULL, NULL, NULL, NULL, NULL, NULL, NULL, NULL, 'all', 'active', 1, NULL, NULL, 0, 0, NULL, NULL, NULL, NULL, NULL, NULL, 0, 0, 0, NULL, NULL, 0, NULL, 1731615916, '\"{\\\"dashboard\\\":[\\\"step1_completed\\\",\\\"step3_completed\\\"]}\"', NULL, NULL, NULL, NULL, NULL, NULL, NULL),
(2326, 'جود', 'enfant', 8, 2325, NULL, NULL, NULL, '$2y$10$oosVtLPmS2jgsmWiTeARBe/s9QFZ1EFFykLnBUSCdv9GZ0rYVFD2C', NULL, NULL, NULL, 1, 0, '/girl1.jpeg', NULL, NULL, NULL, NULL, NULL, NULL, NULL, NULL, NULL, NULL, NULL, 'all', 'active', 1, 'AR', NULL, 0, 0, NULL, NULL, NULL, NULL, NULL, NULL, 1, 0, 0, NULL, NULL, 0, NULL, 1731615936, NULL, NULL, NULL, NULL, 3, 8, NULL, NULL),
(2327, 'روعة المسلمي', 'organization', 3, NULL, '21369796', NULL, NULL, '$2y$10$0Fr0sMzxah/53queczTDd.ZGz1wgtQi5qhvTjCcf1FG8bcSD.KoLC', NULL, NULL, NULL, 0, 0, NULL, '{\"color\":\"000000\",\"background\":\"d1c4e9\"}', NULL, NULL, NULL, NULL, NULL, NULL, NULL, NULL, NULL, NULL, 'all', 'active', 1, NULL, 'Africa/Tunis', 0, 0, NULL, NULL, NULL, NULL, NULL, NULL, 0, 0, 0, NULL, NULL, 0, NULL, 1731616604, '\"{\\\"dashboard\\\":[\\\"step1_completed\\\",\\\"step2_completed\\\",\\\"step3_completed\\\",\\\"step1_child_completed\\\"]}\"', NULL, NULL, NULL, NULL, NULL, NULL, NULL),
(2328, 'كيكي', 'enfant', 8, 2327, NULL, NULL, NULL, '$2y$10$eGy4NwMR9N4RgOjUXfPMguj1ISA7WXaMTUT8.Pz4mNMfGCx8tAU7C', NULL, NULL, NULL, 1, 0, '/f16.png', NULL, NULL, NULL, NULL, NULL, NULL, NULL, NULL, NULL, NULL, NULL, 'all', 'active', 1, 'AR', NULL, 0, 0, NULL, NULL, NULL, NULL, NULL, NULL, 1, 0, 0, NULL, NULL, 0, NULL, 1731616628, NULL, NULL, NULL, NULL, 2, 7, NULL, NULL),
(2329, 'كوكو', 'enfant', 8, 2327, NULL, NULL, NULL, '$2y$10$lljLARB7PwJzK9e0/xOhleb5HB.UIRksvrSM2JEP.VIDwhsVJxWxC', NULL, NULL, NULL, 1, 0, '/boy2.jpeg', NULL, NULL, NULL, NULL, NULL, NULL, NULL, NULL, NULL, NULL, NULL, 'all', 'active', 1, 'AR', NULL, 0, 0, NULL, NULL, NULL, NULL, NULL, NULL, 1, 0, 0, NULL, NULL, 0, NULL, 1731616642, NULL, NULL, NULL, NULL, 4, 9, NULL, NULL),
(2330, 'خليل لحفاوي', 'organization', 3, NULL, '58818728', NULL, NULL, '$2y$10$ztPrDLPKE4Yz7UB5b5Yne.OHoXJNeDH0f2Z3Dlkye0bLRGAaP5f9a', NULL, NULL, 'CdCnW7YPHWoHUS1fLSbp2D9JJLmvlGOr4CYCi90hIdRikQiY645rByFe8NYn', 0, 0, NULL, '{\"color\":\"FFFFFF\",\"background\":\"C62828\"}', NULL, NULL, NULL, NULL, NULL, NULL, NULL, NULL, NULL, NULL, 'all', 'active', 1, NULL, 'Africa/Tunis', 0, 0, NULL, NULL, NULL, NULL, NULL, NULL, 0, 0, 0, NULL, NULL, 0, NULL, 1731628519, '\"{\\\"dashboard\\\":[\\\"step1_completed\\\",\\\"step2_completed\\\",\\\"step3_completed\\\",\\\"step1_child_completed\\\",\\\"step2_child_completed\\\"],\\\"manuel\\\":[\\\"step1_child_manuel_completed\\\"]}\"', NULL, NULL, NULL, NULL, NULL, NULL, NULL),
(2331, 'علاءالدين', 'enfant', 8, 2330, NULL, NULL, NULL, '$2y$10$vlRoS8Xawbt2adkptK0ODO3fkOFLTQ5JkammvuBN/rbJVlYRIx8Vm', NULL, NULL, NULL, 1, 0, '/boy1.jpeg', NULL, NULL, NULL, NULL, NULL, NULL, NULL, NULL, NULL, NULL, NULL, 'all', 'active', 1, 'AR', NULL, 0, 0, NULL, NULL, NULL, NULL, NULL, NULL, 1, 0, 0, NULL, NULL, 0, NULL, 1731628572, NULL, NULL, NULL, NULL, 1, 6, NULL, NULL),
(2332, 'الاء', 'enfant', 8, 2330, NULL, NULL, NULL, '$2y$10$GQRy64JjWo3mB32xxSlB4udMC4AXxmLrtnYNWIdu4kOnkMNde6cr2', NULL, NULL, NULL, 1, 0, '/girl2.jpeg', NULL, NULL, NULL, NULL, NULL, NULL, NULL, NULL, NULL, NULL, NULL, 'all', 'active', 1, 'AR', NULL, 0, 0, NULL, NULL, NULL, NULL, NULL, NULL, 1, 0, 0, NULL, NULL, 0, NULL, 1731628619, NULL, NULL, NULL, NULL, 6, 11, NULL, NULL),
(2333, 'محمد', 'enfant', 8, 2330, NULL, NULL, NULL, '$2y$10$sYLJpECcTkGOZnBf5ICJEOVNlUSgVkWiqV08EZMwVvjbgp9gRRcA2', NULL, NULL, NULL, 1, 0, '/f14.png', NULL, NULL, NULL, NULL, NULL, NULL, NULL, NULL, NULL, NULL, NULL, 'all', 'active', 1, 'AR', NULL, 0, 0, NULL, NULL, NULL, NULL, NULL, NULL, 1, 0, 0, NULL, NULL, 0, NULL, 1731628647, NULL, NULL, NULL, NULL, 5, 10, NULL, NULL),
(2334, 'اوس', 'enfant', 8, 2330, NULL, NULL, NULL, '$2y$10$fPWhcON.uiP70MLwSEHUFeQTAzmKyS0VahlbsZYXBl.LGeItWC9Im', NULL, NULL, NULL, 1, 0, '/f16.png', NULL, NULL, NULL, NULL, NULL, NULL, NULL, NULL, NULL, NULL, NULL, 'all', 'active', 1, 'AR', NULL, 0, 0, NULL, NULL, NULL, NULL, NULL, NULL, 1, 0, 0, NULL, NULL, 0, NULL, 1731628668, NULL, NULL, NULL, NULL, 4, 9, NULL, NULL),
(2335, 'وليد المزداري', 'organization', 3, NULL, '99504404', NULL, NULL, '$2y$10$mB5pmVZ8nVI8/ecQrfNG7eDuCTmc9282bgI4UUja0fh7O5lywhroq', NULL, NULL, 'JkEskH8pK8OPK7PqADgVTzNyqZ2hlA2welFelGG4OirVclMgzOPO1vENRtGE', 0, 0, NULL, '{\"color\":\"000000\",\"background\":\"84ffff\"}', NULL, NULL, NULL, NULL, NULL, NULL, NULL, NULL, NULL, NULL, 'all', 'active', 1, NULL, 'Africa/Tunis', 0, 0, NULL, NULL, NULL, NULL, NULL, NULL, 0, 0, 0, NULL, NULL, 0, NULL, 1731643098, '\"{\\\"dashboard\\\":[\\\"step1_completed\\\",\\\"step2_completed\\\",\\\"step3_completed\\\",\\\"step1_child_completed\\\",\\\"step2_child_completed\\\"],\\\"manuel\\\":[\\\"step1_child_manuel_completed\\\",\\\"step2_child_manuel_completed\\\"]}\"', NULL, NULL, NULL, NULL, NULL, NULL, NULL),
(2336, 'مودّة', 'enfant', 8, 2335, NULL, NULL, NULL, '$2y$10$y3e5kpXzVnvn0/GLz5./b.dXsoXxIIA6DJn3eaZxBZuWlLjjfZ.NK', NULL, NULL, NULL, 1, 0, '/girl3.jpeg', NULL, NULL, NULL, NULL, NULL, NULL, NULL, NULL, NULL, NULL, NULL, 'all', 'active', 1, 'AR', NULL, 0, 0, NULL, NULL, NULL, NULL, NULL, NULL, 1, 0, 0, NULL, NULL, 0, NULL, 1731643137, NULL, NULL, NULL, NULL, 6, 11, NULL, NULL),
(2337, 'صابر الفائز', 'organization', 3, NULL, '99774430', NULL, NULL, '$2y$10$..x7jFihDjZkYzhfYzn.0e7axdamyhcFyoaLsCJNZqEgAh7rgJ0XW', NULL, NULL, NULL, 0, 0, NULL, '{\"color\":\"000000\",\"background\":\"66bb6a\"}', NULL, NULL, NULL, NULL, NULL, NULL, NULL, NULL, NULL, NULL, 'all', 'active', 1, NULL, 'Africa/Tunis', 0, 0, NULL, NULL, NULL, NULL, NULL, NULL, 0, 0, 0, NULL, NULL, 0, NULL, 1731643854, '\"{\\\"dashboard\\\":[\\\"step1_completed\\\",\\\"step2_completed\\\",\\\"step3_completed\\\"]}\"', NULL, NULL, NULL, NULL, NULL, NULL, NULL),
(2338, 'محمد مهدي', 'enfant', 8, 2337, NULL, NULL, NULL, '$2y$10$XD2Hay4NwpGzyvtP8YvF.OrU60qoFeU2YEnsuLRTkEvuoG7hnA0Ay', NULL, NULL, NULL, 1, 0, '/boy2.jpeg', NULL, NULL, NULL, NULL, NULL, NULL, NULL, NULL, NULL, NULL, NULL, 'all', 'active', 1, 'AR', NULL, 0, 0, NULL, NULL, NULL, NULL, NULL, NULL, 1, 0, 0, NULL, NULL, 0, NULL, 1731643879, NULL, NULL, NULL, NULL, 1, 6, NULL, NULL),
(2339, 'منى بن نحيلة', 'organization', 3, NULL, '28641472', NULL, NULL, '$2y$10$76OPjt/VvrlV/kFyqsUk9ec0IUlzLVcWWWdgtGCiy0BBCe2yVAzoG', NULL, NULL, NULL, 0, 0, NULL, '{\"color\":\"FFFFFF\",\"background\":\"00838f\"}', NULL, NULL, NULL, NULL, NULL, NULL, NULL, NULL, NULL, NULL, 'all', 'active', 1, NULL, 'Africa/Tunis', 0, 0, NULL, NULL, NULL, NULL, NULL, NULL, 0, 0, 0, NULL, NULL, 0, NULL, 1731645503, '\"{\\\"dashboard\\\":[\\\"step1_completed\\\",\\\"step2_completed\\\",\\\"step3_completed\\\",\\\"step2_child_completed\\\"],\\\"manuel\\\":[\\\"step1_child_manuel_completed\\\"]}\"', NULL, NULL, NULL, NULL, NULL, NULL, NULL),
(2340, 'زكريا', 'enfant', 8, 2339, NULL, NULL, NULL, '$2y$10$5oGu8O.x/FVMnsgH885GWudHTzKmPYjw9k4IOerKGnwaH5T8NMFyG', NULL, NULL, NULL, 1, 0, '/boy1.jpeg', NULL, NULL, NULL, NULL, NULL, NULL, NULL, NULL, NULL, NULL, NULL, 'all', 'active', 1, 'AR', NULL, 0, 0, NULL, NULL, NULL, NULL, NULL, NULL, 1, 0, 0, NULL, NULL, 0, NULL, 1731645541, NULL, NULL, NULL, NULL, 6, 11, NULL, NULL),
(2341, 'سليمان', 'enfant', 8, 2339, NULL, NULL, NULL, '$2y$10$WcjBgT7qXot0dUIP4O16o.PTEuuLZB7lBvteAEH3HT7UdVBYJrgJy', NULL, NULL, NULL, 1, 0, '/f14.png', NULL, NULL, NULL, NULL, NULL, NULL, NULL, NULL, NULL, NULL, NULL, 'all', 'active', 1, 'AR', NULL, 0, 0, NULL, NULL, NULL, NULL, NULL, NULL, 1, 0, 0, NULL, NULL, 0, NULL, 1731645561, NULL, NULL, NULL, NULL, 5, 10, NULL, NULL),
(2342, 'مريم', 'organization', 3, NULL, '50398523', NULL, NULL, '$2y$10$aIFbWx4qzw5J4afcG5EYb.3uxoPdK1cfFLj98Z.XRN0Pp1NKDBIF6', NULL, NULL, '6E3noR722iownrXFH5I0qcP8mH1QkSfos6Eu0ktcTfbAAexGP32mzhxF7Rew', 0, 0, NULL, '{\"color\":\"FFFFFF\",\"background\":\"1976d2\"}', NULL, NULL, NULL, NULL, NULL, NULL, NULL, NULL, NULL, NULL, 'all', 'active', 1, NULL, 'Africa/Tunis', 0, 0, NULL, NULL, NULL, NULL, NULL, NULL, 0, 0, 0, NULL, NULL, 0, NULL, 1731647025, '\"{\\\"dashboard\\\":[\\\"step1_completed\\\",\\\"step2_completed\\\",\\\"step3_completed\\\",\\\"step1_child_completed\\\",\\\"step2_child_completed\\\"],\\\"manuel\\\":[\\\"step1_child_manuel_completed\\\",\\\"step2_child_manuel_completed\\\"]}\"', NULL, NULL, NULL, NULL, NULL, NULL, NULL),
(2343, 'عائشة', 'enfant', 8, 2342, NULL, NULL, NULL, '$2y$10$doo2oCXVOA2yZswP9M6ZZOwQrIJujEXKnyNz3m1cb3fqyjzHto0HS', NULL, NULL, NULL, 1, 0, '/girl1.jpeg', NULL, NULL, NULL, NULL, NULL, NULL, NULL, NULL, NULL, NULL, NULL, 'all', 'active', 1, 'AR', NULL, 0, 0, NULL, NULL, NULL, NULL, NULL, NULL, 1, 0, 0, NULL, NULL, 0, NULL, 1731647045, NULL, NULL, NULL, NULL, 5, 10, NULL, NULL),
(2344, 'خديجة', 'enfant', 8, 2342, NULL, NULL, NULL, '$2y$10$T3mr.85bBZuUA0adqKGsh.SODGy8h6aJpioMRA41egqMUBJDlcIU6', NULL, NULL, NULL, 1, 0, '/girl2.jpeg', NULL, NULL, NULL, NULL, NULL, NULL, NULL, NULL, NULL, NULL, NULL, 'all', 'active', 1, 'AR', NULL, 0, 0, NULL, NULL, NULL, NULL, NULL, NULL, 1, 0, 0, NULL, NULL, 0, NULL, 1731647062, NULL, NULL, NULL, NULL, 5, 10, NULL, NULL),
(2345, 'سلوى الأخضر', 'organization', 3, NULL, '29356058', NULL, NULL, '$2y$10$RlHqrw9TL5OpI0btFQoeheyMxhC3/KtpM7pUegzCFgGcS0AlXe0N.', NULL, NULL, 'VEK5SL61GcriBq2VUhAuBvNfEZ1JufJiIKUYzKHhb4Cl5x6ta7fKxxcndj8C', 0, 0, NULL, '{\"color\":\"FFFFFF\",\"background\":\"f57f17\"}', NULL, NULL, NULL, NULL, NULL, NULL, NULL, NULL, NULL, NULL, 'all', 'active', 1, NULL, 'Africa/Tunis', 0, 0, NULL, NULL, NULL, NULL, NULL, NULL, 0, 0, 0, NULL, NULL, 0, NULL, 1731647629, '\"{\\\"dashboard\\\":[\\\"step1_completed\\\"]}\"', NULL, NULL, NULL, NULL, NULL, NULL, NULL),
(2346, 'eya arfaoui', 'enfant', 8, 2345, NULL, NULL, NULL, '$2y$10$2grn1fRWBOlxOKN1L8fztuZRwGcM1hRGs8Vx/u5Y4awZRlioThUvm', NULL, NULL, NULL, 1, 0, '/girl3.jpeg', NULL, NULL, NULL, NULL, NULL, NULL, NULL, NULL, NULL, NULL, NULL, 'all', 'active', 1, 'AR', NULL, 0, 0, NULL, NULL, NULL, NULL, NULL, NULL, 1, 0, 0, NULL, NULL, 0, NULL, 1731647663, NULL, NULL, NULL, NULL, 6, 11, NULL, NULL),
(2347, 'سنية بن بلقاسم', 'teacher', 4, NULL, '95429702', 'sonia.belgacem33@gmail.com', NULL, '$2y$10$XBPhMR9jkP/LQ8g2c3nJdexGXq2VfltxpZ4u7Sogl7d82aY33MC.O', NULL, NULL, 'Gpdsuau8W57WB6OQCTHlHu3GTq1zUtaKGnohO72iRvMPNyMWOMpiOwJlGBQ9', 0, 0, NULL, '{\"color\":\"000000\",\"background\":\"6200ea\"}', NULL, NULL, NULL, NULL, NULL, NULL, NULL, NULL, NULL, NULL, 'all', 'pending', 1, NULL, 'Africa/Tunis', 0, 0, NULL, NULL, NULL, NULL, NULL, NULL, 1, 0, 0, NULL, NULL, 0, NULL, 1731650272, NULL, NULL, NULL, NULL, NULL, NULL, NULL, NULL),
(2348, 'Raja Benhassan', 'organization', 3, NULL, '56756160', NULL, NULL, '$2y$10$ROI1RuGo3l37rfLDQpjvWe6sQpRYoF2blWrYoE5Uedf7.ywmGbi7S', NULL, NULL, NULL, 0, 0, NULL, '{\"color\":\"000000\",\"background\":\"dcedc8\"}', NULL, NULL, NULL, NULL, NULL, NULL, NULL, NULL, NULL, NULL, 'all', 'active', 1, NULL, 'Africa/Tunis', 0, 0, NULL, NULL, NULL, NULL, NULL, NULL, 0, 0, 0, NULL, NULL, 0, NULL, 1731652072, '\"{\\\"dashboard\\\":[\\\"step1_completed\\\",\\\"step2_completed\\\",\\\"step3_completed\\\",\\\"step2_child_completed\\\"],\\\"manuel\\\":[\\\"step1_child_manuel_completed\\\"]}\"', NULL, NULL, NULL, NULL, NULL, NULL, NULL),
(2349, 'آلاء', 'enfant', 8, 2348, NULL, NULL, NULL, '$2y$10$MKHvw0A.6.Ie00QTnWD1.uVnIVhbS8C9ediri94/VkdA9TcZduStO', NULL, NULL, NULL, 1, 0, '/girl1.jpeg', NULL, NULL, NULL, NULL, NULL, NULL, NULL, NULL, NULL, NULL, NULL, 'all', 'active', 1, 'AR', NULL, 0, 0, NULL, NULL, NULL, NULL, NULL, NULL, 1, 0, 0, NULL, NULL, 0, NULL, 1731652107, NULL, NULL, NULL, NULL, 6, 11, NULL, NULL),
(2350, 'أريج', 'enfant', 8, 2348, NULL, NULL, NULL, '$2y$10$5BGOJBeTeKAcHd5Vz2A9ie2yRdd4C0IdYxh2HCKnT0G9i/x30LTJS', NULL, NULL, NULL, 1, 0, '/girl2.jpeg', NULL, NULL, NULL, NULL, NULL, NULL, NULL, NULL, NULL, NULL, NULL, 'all', 'active', 1, 'AR', NULL, 0, 0, NULL, NULL, NULL, NULL, NULL, NULL, 1, 0, 0, NULL, NULL, 0, NULL, 1731652134, NULL, NULL, NULL, NULL, 4, 9, NULL, NULL),
(2351, 'سنية حسني', 'organization', 3, NULL, '94103193', NULL, NULL, '$2y$10$M5XNN/5Xv6gfkI5T.6HWN.94BDG.lLBKI0kV41KSEMKbjjkQ6a3ky', NULL, NULL, NULL, 0, 0, NULL, '{\"color\":\"FFFFFF\",\"background\":\"546e7a\"}', NULL, NULL, NULL, NULL, NULL, NULL, NULL, NULL, NULL, NULL, 'all', 'active', 1, NULL, 'Africa/Tunis', 0, 0, NULL, NULL, NULL, NULL, NULL, NULL, 0, 0, 0, NULL, NULL, 0, NULL, 1731653288, '\"{\\\"dashboard\\\":[\\\"step1_completed\\\",\\\"step2_completed\\\",\\\"step3_completed\\\"],\\\"manuel\\\":[\\\"step1_child_manuel_completed\\\"]}\"', NULL, NULL, NULL, NULL, NULL, NULL, NULL),
(2352, 'اسراء عوني', 'enfant', 8, 2351, NULL, NULL, NULL, '$2y$10$xhHLVdZF6C/0biBoNWe0Ju/ERQcubm1HWK.oSYE1XrPmJ6ke3J7fK', NULL, NULL, NULL, 1, 0, '/girl2.jpeg', NULL, NULL, NULL, NULL, NULL, NULL, NULL, NULL, NULL, NULL, NULL, 'all', 'active', 1, 'AR', NULL, 0, 0, NULL, NULL, NULL, NULL, NULL, NULL, 1, 0, 0, NULL, NULL, 0, NULL, 1731653372, NULL, NULL, NULL, NULL, 6, 11, NULL, NULL),
(2353, 'Eya jendoubu', 'teacher', 4, NULL, '90346174', 'eyaaajandoubi@gmail.com', NULL, '$2y$10$dwgs2xIKpF8QTTpCq9BpDeAhrtGBdthG8njVVRFjhCQ5Asv86JLcC', NULL, NULL, NULL, 0, 0, NULL, '{\"color\":\"FFFFFF\",\"background\":\"e64a19\"}', NULL, NULL, NULL, NULL, NULL, NULL, NULL, NULL, NULL, NULL, 'all', 'pending', 1, NULL, 'Africa/Tunis', 0, 0, NULL, NULL, NULL, NULL, NULL, NULL, 1, 0, 0, NULL, NULL, 0, NULL, 1731657418, NULL, NULL, NULL, NULL, NULL, NULL, NULL, NULL),
(2354, 'Mayoufi safa', 'organization', 3, NULL, '29166704', NULL, NULL, '$2y$10$Ze5VtCnYBNSzN9QP9UiSCuBYbj1wTVtS4xj/2TKfddICmVpChbbDq', NULL, NULL, NULL, 0, 0, NULL, '{\"color\":\"FFFFFF\",\"background\":\"D81B60\"}', NULL, NULL, NULL, NULL, NULL, NULL, NULL, NULL, NULL, NULL, 'all', 'active', 1, NULL, 'Africa/Tunis', 0, 0, NULL, NULL, NULL, NULL, NULL, NULL, 0, 0, 0, NULL, NULL, 0, NULL, 1731658056, '\"{\\\"dashboard\\\":[\\\"step1_completed\\\",\\\"step3_completed\\\"],\\\"manuel\\\":[\\\"step1_child_manuel_completed\\\"]}\"', NULL, NULL, NULL, NULL, NULL, NULL, NULL),
(2355, 'Joud', 'enfant', 8, 2354, NULL, NULL, NULL, '$2y$10$X9LoZqdYanOLXGt07JjZleMFYCswAeejXGpmpebQbJDp75cdnctei', NULL, NULL, NULL, 1, 0, '/f16.png', NULL, NULL, NULL, NULL, NULL, NULL, NULL, NULL, NULL, NULL, NULL, 'all', 'active', 1, 'AR', NULL, 0, 0, NULL, NULL, NULL, NULL, NULL, NULL, 1, 0, 0, NULL, NULL, 0, NULL, 1731658096, NULL, NULL, NULL, NULL, 1, 6, NULL, NULL),
(2356, 'BT meriem', 'organization', 3, NULL, '26772762', NULL, NULL, '$2y$10$4oZx3l0wfle/0aIoqvuOZu0Avn6IBKxmehKuOWhUJEh7bXDIRrxYq', NULL, NULL, NULL, 0, 0, NULL, '{\"color\":\"000000\",\"background\":\"00c853\"}', NULL, NULL, NULL, NULL, NULL, NULL, NULL, NULL, NULL, NULL, 'all', 'active', 1, NULL, 'Africa/Tunis', 0, 0, NULL, NULL, NULL, NULL, NULL, NULL, 0, 0, 0, NULL, NULL, 0, NULL, 1731661775, '\"{\\\"dashboard\\\":[\\\"step1_completed\\\",\\\"step3_completed\\\"]}\"', NULL, NULL, NULL, NULL, NULL, NULL, NULL),
(2357, 'Sarra', 'enfant', 8, 2356, NULL, NULL, NULL, '$2y$10$7s0hwSTwLRfrjdhzwQI9xesbiV1a/5EV/mbyUSfX/iI5MuGRfOQWS', NULL, NULL, NULL, 1, 0, '/girl1.jpeg', NULL, NULL, NULL, NULL, NULL, NULL, NULL, NULL, NULL, NULL, NULL, 'all', 'active', 1, 'AR', NULL, 0, 0, NULL, NULL, NULL, NULL, NULL, NULL, 1, 0, 0, NULL, NULL, 0, NULL, 1731661793, NULL, NULL, NULL, NULL, 3, 8, NULL, NULL),
(2358, 'amal zidene', 'organization', 3, NULL, '51813100', NULL, NULL, '$2y$10$.jZUvhEdbRx8eda4rB2FhOftPqFEUMuuuib4.GrS4GF1ViPY7a1pC', NULL, NULL, 'sXpOiD6ILZYqhKXTORb8HMIFXwLTdAQJ4qBuN1I8CwmZNl5tGmCkyk63rfVF', 0, 0, NULL, '{\"color\":\"000000\",\"background\":\"eeff41\"}', NULL, NULL, NULL, NULL, NULL, NULL, NULL, NULL, NULL, NULL, 'all', 'active', 1, NULL, 'Africa/Tunis', 0, 0, NULL, NULL, NULL, NULL, NULL, NULL, 0, 0, 0, NULL, NULL, 0, NULL, 1731667870, '\"{\\\"dashboard\\\":[\\\"step1_completed\\\",\\\"step2_completed\\\",\\\"step3_completed\\\",\\\"step1_child_completed\\\",\\\"step2_child_completed\\\"],\\\"manuel\\\":[\\\"step1_child_manuel_completed\\\"]}\"', NULL, NULL, NULL, NULL, NULL, NULL, NULL),
(2359, 'Joury', 'enfant', 8, 2358, NULL, NULL, NULL, '$2y$10$jg.d69lNRA7E.7OVe0tKv.arwRJmEWqjm8ufarQqst/MQwv5YbDPG', NULL, NULL, NULL, 1, 0, '/girl3.jpeg', NULL, NULL, NULL, NULL, NULL, NULL, NULL, NULL, NULL, NULL, NULL, 'all', 'active', 1, 'AR', NULL, 0, 0, NULL, NULL, NULL, NULL, NULL, NULL, 1, 0, 0, NULL, NULL, 0, NULL, 1731667897, NULL, NULL, NULL, NULL, 1, 6, NULL, NULL),
(2360, 'سليم عبايدي', 'organization', 3, NULL, '22259927', NULL, NULL, '$2y$10$X66Pd.wj8gmW46dqDKbQsuZs6QT1ft4/DEP94hR3Pr.cok0kN/vgK', NULL, NULL, NULL, 0, 0, NULL, '{\"color\":\"000000\",\"background\":\"795548\"}', NULL, NULL, NULL, NULL, NULL, NULL, NULL, NULL, NULL, NULL, 'all', 'active', 1, NULL, 'Africa/Tunis', 0, 0, NULL, NULL, NULL, NULL, NULL, NULL, 0, 0, 0, NULL, NULL, 0, NULL, 1731675495, '\"{\\\"dashboard\\\":[\\\"step1_completed\\\",\\\"step2_completed\\\",\\\"step3_completed\\\",\\\"step1_child_completed\\\",\\\"step2_child_completed\\\"],\\\"manuel\\\":[\\\"step1_child_manuel_completed\\\"]}\"', NULL, NULL, NULL, NULL, NULL, NULL, NULL),
(2361, 'اياد', 'enfant', 8, 2360, NULL, NULL, NULL, '$2y$10$unuzjvzaXoGDkRyMQI2rG.UfcWgqKBGdyDA6lphghe4CNnW8SQAKe', NULL, NULL, NULL, 1, 0, '/boy1.jpeg', NULL, NULL, NULL, NULL, NULL, NULL, NULL, NULL, NULL, NULL, NULL, 'all', 'active', 1, 'AR', NULL, 0, 0, NULL, NULL, NULL, NULL, NULL, NULL, 1, 0, 0, NULL, NULL, 0, NULL, 1731675516, NULL, NULL, NULL, NULL, 5, 10, NULL, NULL),
(2362, 'ميرال', 'enfant', 8, 2360, NULL, NULL, NULL, '$2y$10$ZqQ52odwiyOKUJNMK28EyeiLRvqLYDWFIRvC.33YIWr3XrmpqtlHK', NULL, NULL, NULL, 1, 0, '/girl1.jpeg', NULL, NULL, NULL, NULL, NULL, NULL, NULL, NULL, NULL, NULL, NULL, 'all', 'active', 1, 'AR', NULL, 0, 0, NULL, NULL, NULL, NULL, NULL, NULL, 1, 0, 0, NULL, NULL, 0, NULL, 1731675525, NULL, NULL, NULL, NULL, 1, 6, NULL, NULL),
(2363, 'رندة', 'organization', 3, NULL, '26740961', NULL, NULL, '$2y$10$Ad6WW4pI1IHIx75A948hhOlPl4tO9I7CZz1lN5ypX6PHh61QjKLoG', NULL, NULL, NULL, 0, 0, NULL, '{\"color\":\"FFFFFF\",\"background\":\"0288d1\"}', NULL, NULL, NULL, NULL, NULL, NULL, NULL, NULL, NULL, NULL, 'all', 'active', 1, NULL, 'Africa/Tunis', 0, 0, NULL, NULL, NULL, NULL, NULL, NULL, 0, 0, 0, NULL, NULL, 0, NULL, 1731676218, '\"{\\\"dashboard\\\":[\\\"step1_completed\\\",\\\"step2_completed\\\",\\\"step3_completed\\\"]}\"', NULL, NULL, NULL, NULL, NULL, NULL, NULL),
(2364, 'يوسف', 'enfant', 8, 2363, NULL, NULL, NULL, '$2y$10$qakWwZtW3pnio/DPMylHJ.dbRiVymah1VK5vpBgjv3Uel32DgjnvS', NULL, NULL, NULL, 1, 0, '/f14.png', NULL, NULL, NULL, NULL, NULL, NULL, NULL, NULL, NULL, NULL, NULL, 'all', 'active', 1, 'AR', NULL, 0, 0, NULL, NULL, NULL, NULL, NULL, NULL, 1, 0, 0, NULL, NULL, 0, NULL, 1731676244, NULL, NULL, NULL, NULL, 3, 8, NULL, NULL),
(2365, 'جود', 'enfant', 8, 2363, NULL, NULL, NULL, '$2y$10$lAHde.TqwtYbHGAAAHYw5eF0bSVgd6jCMXTpdEpMwSkmGnGqMDpG2', NULL, NULL, NULL, 1, 0, '/boy1.jpeg', NULL, NULL, NULL, NULL, NULL, NULL, NULL, NULL, NULL, NULL, NULL, 'all', 'active', 1, 'AR', NULL, 0, 0, NULL, NULL, NULL, NULL, NULL, NULL, 1, 0, 0, NULL, NULL, 0, NULL, 1731676270, NULL, NULL, NULL, NULL, 1, 6, NULL, NULL),
(2366, 'كمال المزوغي', 'organization', 3, NULL, '58333413', NULL, NULL, '$2y$10$s3cOGxcym4FATAuGmcrzX.smrulHQRRqfvRuBogp.ZSrkzTcVYvJy', NULL, NULL, NULL, 0, 0, NULL, '{\"color\":\"FFFFFF\",\"background\":\"fdd835\"}', NULL, NULL, NULL, NULL, NULL, NULL, NULL, NULL, NULL, NULL, 'all', 'active', 1, NULL, 'Africa/Tunis', 0, 0, NULL, NULL, NULL, NULL, NULL, NULL, 0, 0, 0, NULL, NULL, 0, NULL, 1731678099, '\"{\\\"dashboard\\\":[\\\"step1_completed\\\",\\\"step2_completed\\\",\\\"step3_completed\\\"]}\"', NULL, NULL, NULL, NULL, NULL, NULL, NULL),
(2367, 'طه', 'enfant', 8, 2366, NULL, NULL, NULL, '$2y$10$54b5fzO5VFMOKRqtD9EO1ee35yfF9sFuzxcSju9qnqdIk8/kji.Lq', NULL, NULL, NULL, 1, 0, '/boy2.jpeg', NULL, NULL, NULL, NULL, NULL, NULL, NULL, NULL, NULL, NULL, NULL, 'all', 'active', 1, 'AR', NULL, 0, 0, NULL, NULL, NULL, NULL, NULL, NULL, 1, 0, 0, NULL, NULL, 0, NULL, 1731678120, NULL, NULL, NULL, NULL, 3, 8, NULL, NULL),
(2369, 'sihem ounally', 'organization', 3, NULL, '54637980', NULL, NULL, '$2y$10$lUFRtTavvO6kHIF6VprVqufWEOWchyXBe6LS9Ui.1Ii40ZG7Q5MUG', NULL, NULL, NULL, 0, 0, NULL, '{\"color\":\"000000\",\"background\":\"fffde7\"}', NULL, NULL, NULL, NULL, NULL, NULL, NULL, NULL, NULL, NULL, 'all', 'active', 1, NULL, 'Africa/Tunis', 0, 0, NULL, NULL, NULL, NULL, NULL, NULL, 0, 0, 0, NULL, NULL, 0, NULL, 1731681475, '\"{\\\"dashboard\\\":[\\\"step1_completed\\\",\\\"step2_completed\\\"]}\"', NULL, NULL, NULL, NULL, NULL, NULL, NULL),
(2370, 'اياد', 'enfant', 8, 2369, NULL, NULL, NULL, '$2y$10$P66ORxyRDVoZpDSZvDCj5.ZSiP6Zdwl3N40AFCKARFRIxaqQ.6hqW', NULL, NULL, NULL, 1, 0, '/boy1.jpeg', NULL, NULL, NULL, NULL, NULL, NULL, NULL, NULL, NULL, NULL, NULL, 'all', 'active', 1, 'AR', NULL, 0, 0, NULL, NULL, NULL, NULL, NULL, NULL, 1, 0, 0, NULL, NULL, 0, NULL, 1731681501, NULL, NULL, NULL, NULL, 5, 10, NULL, NULL),
(2371, 'ميرال', 'enfant', 8, 2369, NULL, NULL, NULL, '$2y$10$Coo7.qC52v1gV7ECjYf8jeh4BVDyqlpiU7J92nCxG2nfGucdyA/kq', NULL, NULL, NULL, 1, 0, '/girl4.jpeg', NULL, NULL, NULL, NULL, NULL, NULL, NULL, NULL, NULL, NULL, NULL, 'all', 'active', 1, 'AR', NULL, 0, 0, NULL, NULL, NULL, NULL, NULL, NULL, 1, 0, 0, NULL, NULL, 0, NULL, 1731681540, NULL, NULL, NULL, NULL, 1, 6, NULL, NULL),
(2372, 'مريم حجري', 'organization', 3, NULL, '29620196', NULL, NULL, '$2y$10$F1Xf9xVjHT0hAp8X16clZ.OI7CKsLto5..fFl63f3pzVNelUHyN.a', NULL, NULL, NULL, 0, 0, NULL, '{\"color\":\"000000\",\"background\":\"c6ff00\"}', NULL, NULL, NULL, NULL, NULL, NULL, NULL, NULL, NULL, NULL, 'all', 'active', 1, NULL, 'Africa/Tunis', 0, 0, NULL, NULL, NULL, NULL, NULL, NULL, 0, 0, 0, NULL, NULL, 0, NULL, 1731685349, '\"{\\\"dashboard\\\":[\\\"step1_completed\\\",\\\"step2_completed\\\",\\\"step3_completed\\\",\\\"step1_child_completed\\\"]}\"', NULL, NULL, NULL, NULL, NULL, NULL, NULL),
(2373, 'سلسبيل معموري', 'enfant', 8, 2372, NULL, NULL, NULL, '$2y$10$W0iojBOGFS0f4lN0gw95heTSmVJ.TDrkwVjhg906TPldOMW2OSJia', NULL, NULL, NULL, 1, 0, '/girl3.jpeg', NULL, NULL, NULL, NULL, NULL, NULL, NULL, NULL, NULL, NULL, NULL, 'all', 'active', 1, 'AR', NULL, 0, 0, NULL, NULL, NULL, NULL, NULL, NULL, 1, 0, 0, NULL, NULL, 0, NULL, 1731685404, NULL, NULL, NULL, NULL, 6, 11, NULL, NULL),
(2374, 'محمد عمر معموري', 'enfant', 8, 2372, NULL, NULL, NULL, '$2y$10$QXXkzXwxiIPHYuoSERKHMuZ2157hYC0l7vNyTftqdPqX2Dw4wjLJO', NULL, NULL, NULL, 1, 0, '/boy1.jpeg', NULL, NULL, NULL, NULL, NULL, NULL, NULL, NULL, NULL, NULL, NULL, 'all', 'active', 1, 'AR', NULL, 0, 0, NULL, NULL, NULL, NULL, NULL, NULL, 1, 0, 0, NULL, NULL, 0, NULL, 1731685435, NULL, NULL, NULL, NULL, 5, 10, NULL, NULL),
(2375, 'هدى دادوش', 'organization', 3, NULL, '95933866', NULL, NULL, '$2y$10$4hS6QPa1SvITvbfiVY1SPOMERhL/v1hoAL6QYY0yBb6Ifc58ugVn.', NULL, NULL, NULL, 0, 0, NULL, '{\"color\":\"000000\",\"background\":\"ffeb3b\"}', NULL, NULL, NULL, NULL, NULL, NULL, NULL, NULL, NULL, NULL, 'all', 'active', 1, NULL, 'Africa/Tunis', 0, 0, NULL, NULL, NULL, NULL, NULL, NULL, 0, 0, 0, NULL, NULL, 0, NULL, 1731692270, '\"{\\\"dashboard\\\":[\\\"step1_completed\\\"]}\"', NULL, NULL, NULL, NULL, NULL, NULL, NULL),
(2376, 'ايلين', 'enfant', 8, 2375, NULL, NULL, NULL, '$2y$10$7746UkEaQUoua8dLclQBjOsK6ADB3/UuXHMtiGR6G895WpoYvCfzC', NULL, NULL, NULL, 1, 0, '/girl4.jpeg', NULL, NULL, NULL, NULL, NULL, NULL, NULL, NULL, NULL, NULL, NULL, 'all', 'active', 1, 'AR', NULL, 0, 0, NULL, NULL, NULL, NULL, NULL, NULL, 1, 0, 0, NULL, NULL, 0, NULL, 1731692295, NULL, NULL, NULL, NULL, 1, 6, NULL, NULL),
(2379, 'lkdjvfdklj', 'enfant', 8, 2378, NULL, NULL, NULL, '$2y$10$ObBzp1ZALxEs3sHHc9qzE.o1.Vfpu7okK8Zxqbe4jI60GUqL4nolK', NULL, NULL, NULL, 1, 0, '/boy1.jpeg', NULL, NULL, NULL, NULL, NULL, NULL, NULL, NULL, NULL, NULL, NULL, 'all', 'active', 1, 'AR', NULL, 0, 0, NULL, NULL, NULL, NULL, NULL, NULL, 1, 0, 0, NULL, NULL, 0, NULL, 1731694861, NULL, NULL, NULL, NULL, 1, 6, NULL, NULL),
(2380, 'kjvfdklj', 'enfant', 8, 2378, NULL, NULL, NULL, '$2y$10$.3e9V7EKY3bvln6gfctdOeM7m5DedLwkUeD0mBSKTEuljvmX7hOZ.', NULL, NULL, NULL, 1, 0, '/f14.png', NULL, NULL, NULL, NULL, NULL, NULL, NULL, NULL, NULL, NULL, NULL, 'all', 'active', 1, 'AR', NULL, 0, 0, NULL, NULL, NULL, NULL, NULL, NULL, 1, 0, 0, NULL, NULL, 0, NULL, 1731694872, NULL, NULL, NULL, NULL, 5, 10, NULL, NULL),
(2381, 'fdgfbf', 'enfant', 8, 2378, NULL, NULL, NULL, '$2y$10$GRS01pkxq19NwOZyrdqxS.R5ZhQzDS0EKdyIWv4mNp/0KN52xA.cC', NULL, NULL, NULL, 1, 0, '/boy2.jpeg', NULL, NULL, NULL, NULL, NULL, NULL, NULL, NULL, NULL, NULL, NULL, 'all', 'active', 1, 'AR', NULL, 0, 0, NULL, NULL, NULL, NULL, NULL, NULL, 1, 0, 0, NULL, NULL, 0, NULL, 1731694885, NULL, NULL, NULL, NULL, 6, 11, NULL, NULL),
(2383, 'Sameh Chedli', 'organization', 3, NULL, '29730165', NULL, NULL, '$2y$10$fUVcQgg8gYSrKxrSwDtHDufskwlTalNzpKtY7iRTCrIekAyI8yla.', NULL, NULL, NULL, 0, 0, NULL, '{\"color\":\"000000\",\"background\":\"76ff03\"}', NULL, NULL, NULL, NULL, NULL, NULL, NULL, NULL, NULL, NULL, 'all', 'active', 1, NULL, 'Africa/Tunis', 0, 0, NULL, NULL, NULL, NULL, NULL, NULL, 0, 0, 0, NULL, NULL, 0, NULL, 1731701567, '\"{\\\"dashboard\\\":[\\\"step1_completed\\\",\\\"step2_completed\\\",\\\"step3_completed\\\"],\\\"manuel\\\":[\\\"step1_child_manuel_completed\\\"]}\"', NULL, NULL, NULL, NULL, NULL, NULL, NULL),
(2385, 'سلوى القديري', 'organization', 3, NULL, '29377774', NULL, NULL, '$2y$10$OUHkvkfV7mXrMU4p7l0rIeM9E8RCX4XDP6dDEOStyy5Rb28VhtFBC', NULL, NULL, NULL, 0, 0, NULL, '{\"color\":\"000000\",\"background\":\"64ffda\"}', NULL, NULL, NULL, NULL, NULL, NULL, NULL, NULL, NULL, NULL, 'all', 'active', 1, NULL, 'Africa/Tunis', 0, 0, NULL, NULL, NULL, NULL, NULL, NULL, 0, 0, 0, NULL, NULL, 0, NULL, 1731703932, '\"{\\\"dashboard\\\":[\\\"step1_completed\\\",\\\"step2_completed\\\",\\\"step3_completed\\\",\\\"step1_child_completed\\\",\\\"step2_child_completed\\\"],\\\"manuel\\\":[\\\"step1_child_manuel_completed\\\"]}\"', NULL, NULL, NULL, NULL, NULL, NULL, NULL),
(2386, 'سجى بن علي', 'enfant', 8, 2385, NULL, NULL, NULL, '$2y$10$4Oq2kweTXf.WpQLUkkwoGeH9SepJZSZrPqxjVo6vKmWivi6.rcH9G', NULL, NULL, NULL, 1, 0, '/girl3.jpeg', NULL, NULL, NULL, NULL, NULL, NULL, NULL, NULL, NULL, NULL, NULL, 'all', 'active', 1, 'AR', NULL, 0, 0, NULL, NULL, NULL, NULL, NULL, NULL, 1, 0, 0, NULL, NULL, 0, NULL, 1731703963, NULL, NULL, NULL, NULL, 3, 8, NULL, NULL),
(2387, 'خولة البوعزيزي', 'teacher', 4, NULL, '28283411', 'khawlaa.bouazizi@gmail.com', NULL, '$2y$10$vxsTL/MAOQbpPFvUuNJaROmNJokQjaA1c7AfNIVVspRbM9/YfgyYq', NULL, NULL, NULL, 0, 0, NULL, '{\"color\":\"000000\",\"background\":\"c8e6c9\"}', NULL, NULL, NULL, NULL, NULL, NULL, NULL, NULL, NULL, NULL, 'all', 'active', 1, NULL, 'Africa/Tunis', 0, 0, NULL, NULL, NULL, NULL, NULL, NULL, 1, 0, 0, NULL, NULL, 0, NULL, 1731706099, NULL, NULL, NULL, NULL, NULL, NULL, NULL, 7),
(2388, 'آمنة الدرويش', 'organization', 3, NULL, '27606900', NULL, NULL, '$2y$10$9TOXOAGmhK5ogep/c74byO8xARZSuZWeL.LHu.GxN5R1e3ZOEUI5a', NULL, NULL, NULL, 0, 0, NULL, '{\"color\":\"000000\",\"background\":\"a7ffeb\"}', NULL, NULL, NULL, NULL, NULL, NULL, NULL, NULL, NULL, NULL, 'all', 'active', 1, NULL, 'Africa/Tunis', 0, 0, NULL, NULL, NULL, NULL, NULL, NULL, 0, 0, 0, NULL, NULL, 0, NULL, 1731734241, '\"{\\\"dashboard\\\":[\\\"step1_completed\\\"]}\"', NULL, NULL, NULL, NULL, NULL, NULL, NULL),
(2389, 'نجد', 'enfant', 8, 2388, NULL, NULL, NULL, '$2y$10$UOnTMy3/tB2P0D16t6nyHOTddPhAiqH6HMd9ekWkSV8OWHTOX2GnW', NULL, NULL, NULL, 1, 0, '/f14.png', NULL, NULL, NULL, NULL, NULL, NULL, NULL, NULL, NULL, NULL, NULL, 'all', 'active', 1, 'AR', NULL, 0, 0, NULL, NULL, NULL, NULL, NULL, NULL, 1, 0, 0, NULL, NULL, 0, NULL, 1731734297, NULL, NULL, NULL, NULL, 5, 10, NULL, NULL),
(2390, 'sonia', 'organization', 3, NULL, '54225428', NULL, NULL, '$2y$10$zsaLEfHI9EsrIRMxq1Twje/sSW2Y90lwjyamQ4lQc/WLn51qzQve2', NULL, NULL, NULL, 0, 0, NULL, '{\"color\":\"000000\",\"background\":\"ffc400\"}', NULL, NULL, NULL, NULL, NULL, NULL, NULL, NULL, NULL, NULL, 'all', 'active', 1, NULL, 'Africa/Tunis', 0, 0, NULL, NULL, NULL, NULL, NULL, NULL, 0, 0, 0, NULL, NULL, 0, NULL, 1731747695, '\"{\\\"dashboard\\\":[\\\"step1_completed\\\"]}\"', NULL, NULL, NULL, NULL, NULL, NULL, NULL),
(2391, 'youssef', 'enfant', 8, 2390, NULL, NULL, NULL, '$2y$10$53a/E40YL.e8a/ew922QGe9fsmUUba6kfB/LHS5pSISKVF26mVhHi', NULL, NULL, NULL, 1, 0, '/boy2.jpeg', NULL, NULL, NULL, NULL, NULL, NULL, NULL, NULL, NULL, NULL, NULL, 'all', 'active', 1, 'AR', NULL, 0, 0, NULL, NULL, NULL, NULL, NULL, NULL, 1, 0, 0, NULL, NULL, 0, NULL, 1731747750, NULL, NULL, NULL, NULL, 5, 10, NULL, NULL),
(2392, 'إتقان 01', 'teacher', 4, NULL, '29560253', 'adel67boubakri@gmail.com', NULL, '$2y$10$l6GtPKlarwEIk3UcneDwzuQK0YTO2h.D0p9RoD4.4CYgJYQO6SYy.', NULL, NULL, 'yokYfSBAIWR2eCw8ONa1qidU1KcHBZ5bqTBd4WmTnKpJ6tjB854xssSVU22N', 0, 0, NULL, '{\"color\":\"000000\",\"background\":\"ffd600\"}', NULL, NULL, NULL, NULL, NULL, NULL, NULL, NULL, NULL, NULL, 'all', 'active', 1, 'AR', 'Africa/Tunis', 0, 0, NULL, NULL, NULL, NULL, NULL, NULL, 1, 0, 0, NULL, NULL, 0, NULL, 1731752601, NULL, NULL, NULL, NULL, NULL, NULL, NULL, 7),
(2393, 'abdelkader snen', 'organization', 3, NULL, '28992307', NULL, NULL, '$2y$10$S2l9UGtvkrjPSon92TOXGujqfTyVsQLNOUIzmWAdHcYtdQgTzFQfm', NULL, NULL, NULL, 0, 0, NULL, '{\"color\":\"000000\",\"background\":\"ffc107\"}', NULL, NULL, NULL, NULL, NULL, NULL, NULL, NULL, NULL, NULL, 'all', 'active', 1, NULL, 'Africa/Tunis', 0, 0, NULL, NULL, NULL, NULL, NULL, NULL, 0, 0, 0, NULL, NULL, 0, NULL, 1731754663, '\"{\\\"dashboard\\\":[\\\"step1_completed\\\",\\\"step2_completed\\\"]}\"', NULL, NULL, NULL, NULL, NULL, NULL, NULL),
(2394, 'Besma taleb', 'organization', 3, NULL, '58177994', NULL, NULL, '$2y$10$ZrXWUjAYRXXWzqf9Gvets.vFAzhXXQkG5tX0YZ3CUaGA6tR0PXAe6', NULL, NULL, NULL, 0, 0, NULL, '{\"color\":\"000000\",\"background\":\"9c27b0\"}', NULL, NULL, NULL, NULL, NULL, NULL, NULL, NULL, NULL, NULL, 'all', 'active', 1, NULL, 'Africa/Tunis', 0, 0, NULL, NULL, NULL, NULL, NULL, NULL, 0, 0, 0, NULL, NULL, 0, NULL, 1731754674, '\"{\\\"dashboard\\\":[\\\"step1_completed\\\",\\\"step2_completed\\\",\\\"step3_completed\\\",\\\"step1_child_completed\\\",\\\"step2_child_completed\\\"]}\"', NULL, NULL, NULL, NULL, NULL, NULL, NULL),
(2395, 'Samer', 'enfant', 8, 2394, NULL, NULL, NULL, '$2y$10$MznJm5l5QqyBwaXTj5AXDu3Z3Gwxqi05dvY9PJYdTViEn.Btaynnq', NULL, NULL, NULL, 1, 0, '/boy2.jpeg', NULL, NULL, NULL, NULL, NULL, NULL, NULL, NULL, NULL, NULL, NULL, 'all', 'active', 1, 'AR', NULL, 0, 0, NULL, NULL, NULL, NULL, NULL, NULL, 1, 0, 0, NULL, NULL, 0, NULL, 1731754694, NULL, NULL, NULL, NULL, 6, 11, NULL, NULL),
(2396, 'souleimene', 'enfant', 8, 2393, NULL, NULL, NULL, '$2y$10$X4ZRB1vPru46Cp5lwOD3UOjsPytPQy8LqTo668jLqRlRF3UGQEGwm', NULL, NULL, NULL, 1, 0, '/boy1.jpeg', NULL, NULL, NULL, NULL, NULL, NULL, NULL, NULL, NULL, NULL, NULL, 'all', 'active', 1, 'AR', NULL, 0, 0, NULL, NULL, NULL, NULL, NULL, NULL, 1, 0, 0, NULL, NULL, 0, NULL, 1731754822, NULL, NULL, NULL, NULL, 6, 11, NULL, NULL),
(2397, 'alma', 'enfant', 8, 2393, NULL, NULL, NULL, '$2y$10$vib8f2cCV6VxNZ7wf90ameassTSoR1aYzQUUCA6NJNqD/BK8RxPlG', NULL, NULL, NULL, 1, 0, '/girl4.jpeg', NULL, NULL, NULL, NULL, NULL, NULL, NULL, NULL, NULL, NULL, NULL, 'all', 'active', 1, 'AR', NULL, 0, 0, NULL, NULL, NULL, NULL, NULL, NULL, 1, 0, 0, NULL, NULL, 0, NULL, 1731754841, NULL, NULL, NULL, NULL, 1, 6, NULL, NULL),
(2399, 'عبير الشيحي', 'teacher', 4, NULL, '20690706', 'abirchihi27@yahoo.com', NULL, '$2y$10$7MUQsQpFffK/OTy//Kfyx.Dt1Xw4iC6EozWa9hM.b.VzkB58Et8Re', NULL, NULL, 'daKbG7ggCgBkzHGX9659FvPmIiXeAv44XLDLYpaN1WJcGjUrLV7lpddbmjgd', 0, 0, NULL, '{\"color\":\"000000\",\"background\":\"eceff1\"}', NULL, NULL, NULL, NULL, NULL, NULL, NULL, NULL, NULL, NULL, 'all', 'pending', 1, NULL, 'Africa/Tunis', 0, 0, NULL, NULL, NULL, NULL, NULL, NULL, 1, 0, 0, NULL, NULL, 0, NULL, 1731756044, NULL, NULL, NULL, NULL, NULL, NULL, NULL, NULL),
(2400, 'manel', 'organization', 3, NULL, '95769543', NULL, NULL, '$2y$10$bJgsBz6isN2sqvYtkNf7FOySEvWSI72q7Oj32hKUTXRC/c0.9dGn.', NULL, NULL, NULL, 0, 0, NULL, '{\"color\":\"FFFFFF\",\"background\":\"039be5\"}', NULL, NULL, NULL, NULL, NULL, NULL, NULL, NULL, NULL, NULL, 'all', 'active', 1, NULL, 'Africa/Tunis', 0, 0, NULL, NULL, NULL, NULL, NULL, NULL, 0, 0, 0, NULL, NULL, 0, NULL, 1731764226, '\"{\\\"dashboard\\\":[\\\"step1_completed\\\",\\\"step3_completed\\\",\\\"step1_child_completed\\\",\\\"step2_child_completed\\\"],\\\"manuel\\\":[\\\"step1_child_manuel_completed\\\",\\\"step2_child_manuel_completed\\\"]}\"', NULL, NULL, NULL, NULL, NULL, NULL, NULL),
(2401, 'ahmed', 'enfant', 8, 2400, NULL, NULL, NULL, '$2y$10$3COprXnBEvUJa5h9lgPCwetlnSXsyH9zcWuAmopj1rELZRZ/0BQEO', NULL, NULL, NULL, 1, 0, '/boy2.jpeg', NULL, NULL, NULL, NULL, NULL, NULL, NULL, NULL, NULL, NULL, NULL, 'all', 'active', 1, 'AR', NULL, 0, 0, NULL, NULL, NULL, NULL, NULL, NULL, 1, 0, 0, NULL, NULL, 0, NULL, 1731764271, NULL, NULL, NULL, NULL, 4, 9, NULL, NULL),
(2402, 'emna kaaniche', 'organization', 3, NULL, '51875101', NULL, NULL, '$2y$10$1sNny0w7qZ9QI59u5YeOde.qi/gtpFDdERf7eagzKDJEPxmLtGqTm', NULL, NULL, NULL, 0, 0, NULL, '{\"color\":\"000000\",\"background\":\"ffca28\"}', NULL, NULL, NULL, NULL, NULL, NULL, NULL, NULL, NULL, NULL, 'all', 'active', 1, NULL, 'Africa/Tunis', 0, 0, NULL, NULL, NULL, NULL, NULL, NULL, 0, 0, 0, NULL, NULL, 0, NULL, 1731768046, '\"{\\\"dashboard\\\":[\\\"step1_completed\\\",\\\"step3_completed\\\",\\\"step2_completed\\\",\\\"step1_child_completed\\\"]}\"', NULL, NULL, NULL, NULL, NULL, NULL, NULL),
(2403, 'arselane', 'enfant', 8, 2402, NULL, NULL, NULL, '$2y$10$TvmY7XcEsdR4CwBgHf5esuQNh8YXKrJppOsOavJUEIDyRhjGVzdxG', NULL, NULL, NULL, 1, 0, '/boy1.jpeg', NULL, NULL, NULL, NULL, NULL, NULL, NULL, NULL, NULL, NULL, NULL, 'all', 'active', 1, 'AR', NULL, 0, 0, NULL, NULL, NULL, NULL, NULL, NULL, 1, 0, 0, NULL, NULL, 0, NULL, 1731768066, NULL, NULL, NULL, NULL, 1, 6, NULL, NULL),
(2404, 'ahmed', 'enfant', 8, 2402, NULL, NULL, NULL, '$2y$10$ip5W81F3Sn2MaBS3ynTxKOH28xbo7zOKhQ39gdvaYC4a57DL2TLtO', NULL, NULL, NULL, 1, 0, '/boy2.jpeg', NULL, NULL, NULL, NULL, NULL, NULL, NULL, NULL, NULL, NULL, NULL, 'all', 'active', 1, 'AR', NULL, 0, 0, NULL, NULL, NULL, NULL, NULL, NULL, 1, 0, 0, NULL, NULL, 0, NULL, 1731768559, NULL, NULL, NULL, NULL, 4, 9, NULL, NULL),
(2405, 'فوزية الزائر', 'teacher', 4, NULL, '93450784', 'ladjimi.safwen@gmail.com', 'أستاذة تعليم إبتدائي مميز فوق الرتبة / متقاعدة', '$2y$10$LqT54y/nMYGgLdQfmmt6d.UGIK7PDFOX25A/v5QFwWIeYvKifmtrW', NULL, NULL, NULL, 0, 0, NULL, '{\"color\":\"000000\",\"background\":\"d500f9\"}', NULL, NULL, 'فوزية الزائر\r\nمعلمة تعليم ابتدائي - خبرة 37 سنة\r\n\r\nالمعلومات الشخصية:\r\n\r\nالتخصص: التعليم الابتدائي (السنة الأولى)\r\nالخبرات المهنية:\r\nالتعليم الابتدائي الحكومي:\r\n\r\nمدة العمل: 35 سنة + سنتين في الخاص / المجموع 37 سنة \r\nالمستوى: السنة الأولى\r\nالمهام:\r\nتعليم أساسيات القراءة والكتابة والحساب.\r\nبناء علاقة إيجابية مع التلاميذ وأوليائهم.\r\nتطوير خطط دراسية ملائمة لاحتياجات الطلاب.\r\n\r\nالتعليم الابتدائي الخاص:\r\nمدة العمل: سنتان\r\nالمهام:\r\nتطبيق أساليب تدريس مبتكرة لتحفيز الطلاب.\r\nاستخدام وسائل تعليمية حديثة لتعزيز الفهم والاستيعاب.\r\nالمهارات:\r\nالقدرة على إدارة الصفوف بكفاءة.\r\nالتواصل الفعّال مع الطلاب وأولياء الأمور.\r\nتصميم خطط دراسية تتماشى مع المناهج التربوية الحديثة.\r\nتحفيز الطلاب وتشجيعهم على التعلم المستمر.\r\n\r\nاللغات:\r\nاللغة العربية: ممتازة (قراءة، كتابة، ومحادثة).\r\n\r\nالهوايات:\r\nقراءة الكتب التربوية.\r\nتطوير الأنشطة التعليمية الممتعة للأطفال.', NULL, NULL, NULL, NULL, NULL, NULL, NULL, 'all', 'active', 1, 'AR', NULL, 0, 0, NULL, NULL, NULL, NULL, NULL, NULL, 1, 0, 0, NULL, NULL, 0, NULL, 1731775411, NULL, NULL, NULL, NULL, NULL, NULL, NULL, 7),
(2406, 'شيماء البراهمي', 'teacher', 4, NULL, '92577970', 'Chaimabrahmi72@gmail.com', NULL, '$2y$10$eVYxBSCw.YVFJiysdrSClukExGXuNEkdazrmFitwuKAM6slZxueqO', NULL, NULL, NULL, 0, 0, NULL, '{\"color\":\"FFFFFF\",\"background\":\"880E4F\"}', NULL, NULL, NULL, NULL, NULL, NULL, NULL, NULL, NULL, NULL, 'all', 'active', 1, NULL, 'Africa/Tunis', 0, 0, NULL, NULL, NULL, NULL, NULL, NULL, 1, 0, 0, NULL, NULL, 0, NULL, 1731784696, NULL, NULL, NULL, NULL, NULL, NULL, NULL, 7),
(2408, 'Belgacem Habiba', 'organization', 3, NULL, '48116655', NULL, NULL, '$2y$10$/RX5G0Vx1Zus6R6wRlCNCeu5RP5cO9RI4M7DB6EbTg0kgFTm4My6G', NULL, NULL, NULL, 0, 0, NULL, '{\"color\":\"FFFFFF\",\"background\":\"afb42b\"}', NULL, NULL, NULL, NULL, NULL, NULL, NULL, NULL, NULL, NULL, 'all', 'active', 1, NULL, 'Africa/Tunis', 0, 0, NULL, NULL, NULL, NULL, NULL, NULL, 0, 0, 0, NULL, NULL, 0, NULL, 1731797106, NULL, NULL, NULL, NULL, NULL, NULL, NULL, NULL);
INSERT INTO `users` (`id`, `full_name`, `role_name`, `role_id`, `organ_id`, `mobile`, `email`, `bio`, `password`, `google_id`, `facebook_id`, `remember_token`, `verified`, `financial_approval`, `avatar`, `avatar_settings`, `cover_img`, `headline`, `about`, `address`, `country_id`, `province_id`, `city_id`, `district_id`, `location`, `level_of_training`, `meeting_type`, `status`, `access_content`, `language`, `timezone`, `newsletter`, `public_message`, `account_type`, `iban`, `account_id`, `identity_scan`, `certificate`, `commission`, `affiliate`, `can_create_store`, `ban`, `ban_start_at`, `ban_end_at`, `offline`, `offline_message`, `created_at`, `guide_progress`, `updated_at`, `deleted_at`, `school_id`, `section_id`, `level_id`, `option_id`, `matier_id`) VALUES
(2409, 'Refka ben ammar', 'organization', 3, NULL, '23644551', NULL, NULL, '$2y$10$0K.PVas29WlM/1gjz6Es8ecStuf0xCTHzxeh2HPiRxU4GP8i4D//6', NULL, NULL, NULL, 0, 0, NULL, '{\"color\":\"000000\",\"background\":\"eeff41\"}', NULL, NULL, NULL, NULL, NULL, NULL, NULL, NULL, NULL, NULL, 'all', 'active', 1, NULL, 'Africa/Tunis', 0, 0, NULL, NULL, NULL, NULL, NULL, NULL, 0, 0, 0, NULL, NULL, 0, NULL, 1731806570, '\"{\\\"dashboard\\\":[\\\"step1_completed\\\",\\\"step2_completed\\\",\\\"step3_completed\\\"]}\"', NULL, NULL, NULL, NULL, NULL, NULL, NULL),
(2410, 'Israa', 'enfant', 8, 2409, NULL, NULL, NULL, '$2y$10$tIWON1Z5jwAa9alDc6erZ.fYRO7yS9F84/MbEQq7NUwEYOBPn6GWG', NULL, NULL, NULL, 1, 0, '/girl1.jpeg', NULL, NULL, NULL, NULL, NULL, NULL, NULL, NULL, NULL, NULL, NULL, 'all', 'active', 1, 'AR', NULL, 0, 0, NULL, NULL, NULL, NULL, NULL, NULL, 1, 0, 0, NULL, NULL, 0, NULL, 1731806628, NULL, NULL, NULL, NULL, 6, 11, NULL, NULL),
(2411, 'Najeh Ayadi', 'organization', 3, NULL, '29650469', NULL, NULL, '$2y$10$IHpA85RS9i1/T94zZVwK5eDkbJuY7d.0xjzqcPUYa3hSYInTIFvK.', NULL, NULL, NULL, 0, 0, NULL, '{\"color\":\"000000\",\"background\":\"00bfa5\"}', NULL, NULL, NULL, NULL, NULL, NULL, NULL, NULL, NULL, NULL, 'all', 'active', 1, NULL, 'Africa/Tunis', 0, 0, NULL, NULL, NULL, NULL, NULL, NULL, 0, 0, 0, NULL, NULL, 0, NULL, 1731817427, '\"{\\\"dashboard\\\":[\\\"step1_completed\\\",\\\"step2_completed\\\",\\\"step1_child_completed\\\"],\\\"manuel\\\":[\\\"step1_child_manuel_completed\\\"]}\"', NULL, NULL, NULL, NULL, NULL, NULL, NULL),
(2412, 'يوسف', 'enfant', 8, 2411, NULL, NULL, NULL, '$2y$10$ZQprj.E5atcQNTKY70DIfuVwsBHOWsPvSrTt5546/aXrWzWPIKRy6', NULL, NULL, NULL, 1, 0, '/boy2.jpeg', NULL, NULL, NULL, NULL, NULL, NULL, NULL, NULL, NULL, NULL, NULL, 'all', 'active', 1, 'AR', NULL, 0, 0, NULL, NULL, NULL, NULL, NULL, NULL, 1, 0, 0, NULL, NULL, 0, NULL, 1731817457, NULL, NULL, NULL, NULL, 2, 7, NULL, NULL),
(2413, 'أسيل', 'enfant', 8, 2411, NULL, NULL, NULL, '$2y$10$4vWAu1..n7.8Nsv.OWq8B.jJE3VDUlwDOoG02uzZ5Xj/k3B1yVNvq', NULL, NULL, NULL, 1, 0, '/girl3.jpeg', NULL, NULL, NULL, NULL, NULL, NULL, NULL, NULL, NULL, NULL, NULL, 'all', 'active', 1, 'AR', NULL, 0, 0, NULL, NULL, NULL, NULL, NULL, NULL, 1, 0, 0, NULL, NULL, 0, NULL, 1731817489, NULL, NULL, NULL, NULL, 1, 6, NULL, NULL),
(2414, 'فاطمة مشيش', 'organization', 3, NULL, '29053011', NULL, NULL, '$2y$10$LYU4COmDMjhyN.i3Ejx6IuFrGvEWsTh2c5UFnxB5KX1/uPxHpA99q', NULL, NULL, NULL, 0, 0, NULL, '{\"color\":\"000000\",\"background\":\"dcedc8\"}', NULL, NULL, NULL, NULL, NULL, NULL, NULL, NULL, NULL, NULL, 'all', 'active', 1, NULL, 'Africa/Tunis', 0, 0, NULL, NULL, NULL, NULL, NULL, NULL, 0, 0, 0, NULL, NULL, 0, NULL, 1731824196, '\"{\\\"dashboard\\\":[\\\"step1_completed\\\",\\\"step2_completed\\\",\\\"step3_completed\\\"]}\"', NULL, NULL, NULL, NULL, NULL, NULL, NULL),
(2415, 'مجمد', 'enfant', 8, 2414, NULL, NULL, NULL, '$2y$10$/TtaW2G10Krn25sjklYbiedgtgAP44Rz6lP5Lzyzzv6HoLItmCPuO', NULL, NULL, NULL, 1, 0, '/f14.png', NULL, NULL, NULL, NULL, NULL, NULL, NULL, NULL, NULL, NULL, NULL, 'all', 'active', 1, 'AR', NULL, 0, 0, NULL, NULL, NULL, NULL, NULL, NULL, 1, 0, 0, NULL, NULL, 0, NULL, 1731824246, NULL, NULL, NULL, NULL, 2, 7, NULL, NULL),
(2416, 'احمد', 'enfant', 8, 2414, NULL, NULL, NULL, '$2y$10$QOfUU4hIJbNjaAXkUz52kO0gQvCh22QBInWq9WqZo8qlf8jExZb5O', NULL, NULL, NULL, 1, 0, '/boy1.jpeg', NULL, NULL, NULL, NULL, NULL, NULL, NULL, NULL, NULL, NULL, NULL, 'all', 'active', 1, 'AR', NULL, 0, 0, NULL, NULL, NULL, NULL, NULL, NULL, 1, 0, 0, NULL, NULL, 0, NULL, 1731824270, NULL, NULL, NULL, NULL, 5, 10, NULL, NULL),
(2417, 'نزيهه. مناصري', 'organization', 3, NULL, '23394689', NULL, NULL, '$2y$10$OfGwuhVt70eUzRtfVi/TEuZsZ.Ig83ZqjVdqNWZCyrxGUBcFn7are', NULL, NULL, NULL, 0, 0, NULL, '{\"color\":\"000000\",\"background\":\"78909c\"}', NULL, NULL, NULL, NULL, NULL, NULL, NULL, NULL, NULL, NULL, 'all', 'active', 1, NULL, 'Africa/Tunis', 0, 0, NULL, NULL, NULL, NULL, NULL, NULL, 0, 0, 0, NULL, NULL, 0, NULL, 1731824815, '\"{\\\"dashboard\\\":[\\\"step1_completed\\\"]}\"', NULL, NULL, NULL, NULL, NULL, NULL, NULL),
(2418, 'نوال سليماني', 'organization', 3, NULL, '29221773', NULL, NULL, '$2y$10$q/i6so3cKRPK2u/r81k7NeJR/aMSfsM3gXNy32pFu4nQv8uDsd6P2', NULL, NULL, NULL, 0, 0, NULL, '{\"color\":\"FFFFFF\",\"background\":\"2e7d32\"}', NULL, NULL, NULL, NULL, NULL, NULL, NULL, NULL, NULL, NULL, 'all', 'active', 1, NULL, 'Africa/Tunis', 0, 0, NULL, NULL, NULL, NULL, NULL, NULL, 0, 0, 0, NULL, NULL, 0, NULL, 1731834610, NULL, NULL, NULL, NULL, NULL, NULL, NULL, NULL),
(2419, 'محمد السلامي', 'organization', 3, NULL, '24498395', NULL, NULL, '$2y$10$kn9XkJm/YgbeTTvhJlxERu1BeoC/Oe.9Y8HyuNGzC5jiO54ra4FDy', NULL, NULL, 'J4OUQ7EFQ8z25exqr7zwhjLIybvpD68hFWN87xyDwlF5H0MxxWSLiUSxA3YY', 0, 0, NULL, '{\"color\":\"000000\",\"background\":\"c5e1a5\"}', NULL, NULL, NULL, NULL, NULL, NULL, NULL, NULL, NULL, NULL, 'all', 'active', 1, NULL, 'Africa/Tunis', 0, 0, NULL, NULL, NULL, NULL, NULL, NULL, 0, 0, 0, NULL, NULL, 0, NULL, 1731843071, '\"{\\\"dashboard\\\":[\\\"step1_completed\\\",\\\"step3_completed\\\",\\\"step2_child_completed\\\"],\\\"manuel\\\":[\\\"step1_child_manuel_completed\\\"]}\"', NULL, NULL, NULL, NULL, NULL, NULL, NULL),
(2420, 'ياسمين', 'enfant', 8, 2419, NULL, NULL, NULL, '$2y$10$EVZPpM7fxO8QEPjqmgxKwuK52V1pWv8.LJ5J.N0bnWJS18Jf33UKC', NULL, NULL, NULL, 1, 0, '/girl1.jpeg', NULL, NULL, NULL, NULL, NULL, NULL, NULL, NULL, NULL, NULL, NULL, 'all', 'active', 1, 'AR', NULL, 0, 0, NULL, NULL, NULL, NULL, NULL, NULL, 1, 0, 0, NULL, NULL, 0, NULL, 1731843115, NULL, NULL, NULL, NULL, 2, 7, NULL, NULL),
(2421, 'وفاء', 'organization', 3, NULL, '99930960', NULL, NULL, '$2y$10$MRNnNPMyB1Rl0ycLZWNMCendM/P12L.IB.tWrApDlpZwC0g1OyWcq', NULL, NULL, NULL, 0, 0, NULL, '{\"color\":\"000000\",\"background\":\"69f0ae\"}', NULL, NULL, NULL, NULL, NULL, NULL, NULL, NULL, NULL, NULL, 'all', 'active', 1, NULL, 'Africa/Tunis', 0, 0, NULL, NULL, NULL, NULL, NULL, NULL, 0, 0, 0, NULL, NULL, 0, NULL, 1731844732, '\"{\\\"dashboard\\\":[\\\"step1_completed\\\",\\\"step3_completed\\\",\\\"step1_child_completed\\\"]}\"', NULL, NULL, NULL, NULL, NULL, NULL, NULL),
(2422, 'خديجة', 'enfant', 8, 2421, NULL, NULL, NULL, '$2y$10$Dk6ve7d8FnvLscSBsXOQY.nzuEsq7XRo0HXMNIlBJAoW5F2MbQa3u', NULL, NULL, NULL, 1, 0, '/girl4.jpeg', NULL, NULL, NULL, NULL, NULL, NULL, NULL, NULL, NULL, NULL, NULL, 'all', 'active', 1, 'AR', NULL, 0, 0, NULL, NULL, NULL, NULL, NULL, NULL, 1, 0, 0, NULL, NULL, 0, NULL, 1731844762, NULL, NULL, NULL, NULL, 2, 7, NULL, NULL),
(2423, 'حسنه', 'organization', 3, NULL, '22885321', NULL, NULL, '$2y$10$dFGCDI9Mnm5BF.uDhCyFhuKO8FfSxG4iFphZe2iP.xDCc8JBADn8m', NULL, NULL, NULL, 0, 0, NULL, '{\"color\":\"000000\",\"background\":\"ff7043\"}', NULL, NULL, NULL, NULL, NULL, NULL, NULL, NULL, NULL, NULL, 'all', 'active', 1, NULL, 'Africa/Tunis', 0, 0, NULL, NULL, NULL, NULL, NULL, NULL, 0, 0, 0, NULL, NULL, 0, NULL, 1731846527, NULL, NULL, NULL, NULL, NULL, NULL, NULL, NULL),
(2424, 'ايناس الخريجي', 'organization', 3, NULL, '24308802', NULL, NULL, '$2y$10$B02uDn5eCPxn4sIS2J9MQ.ncxfzGLq/p2rhUIiABA/Ml0o18400C.', NULL, NULL, NULL, 0, 0, NULL, '{\"color\":\"000000\",\"background\":\"ffea00\"}', NULL, NULL, NULL, NULL, NULL, NULL, NULL, NULL, NULL, NULL, 'all', 'active', 1, NULL, 'Africa/Tunis', 0, 0, NULL, NULL, NULL, NULL, NULL, NULL, 0, 0, 0, NULL, NULL, 0, NULL, 1731850034, '\"{\\\"dashboard\\\":[\\\"step1_completed\\\"]}\"', NULL, NULL, NULL, NULL, NULL, NULL, NULL),
(2425, 'ريمان', 'enfant', 8, 2424, NULL, NULL, NULL, '$2y$10$p6IzItvvRdz/mjNhuOmusONx9G8Ob0BqnzDhPoPObTKB4kdbaLNaC', NULL, NULL, NULL, 1, 0, '/girl2.jpeg', NULL, NULL, NULL, NULL, NULL, NULL, NULL, NULL, NULL, NULL, NULL, 'all', 'active', 1, 'AR', NULL, 0, 0, NULL, NULL, NULL, NULL, NULL, NULL, 1, 0, 0, NULL, NULL, 0, NULL, 1731850065, NULL, NULL, NULL, NULL, 2, 7, NULL, NULL),
(2426, 'حبيبة بلقاسم', 'teacher', 4, NULL, '48116655', 'belgacemhabiba935@gmail.com', NULL, '$2y$10$pmx/gkgVpcNFdB2cvAEjRe82Edu33wdMALVx6Iuo35rQyM02cO5ti', NULL, NULL, 'psR4Q1Q0YrHMGAh1xqT2bhqjjjxgFTIYvL4jzzs8H5LD0ocUNLk7s5jJUBlt', 0, 0, NULL, '{\"color\":\"FFFFFF\",\"background\":\"e65100\"}', NULL, NULL, NULL, NULL, NULL, NULL, NULL, NULL, NULL, NULL, 'all', 'active', 1, NULL, 'Africa/Tunis', 0, 0, NULL, NULL, NULL, NULL, NULL, NULL, 1, 0, 0, NULL, NULL, 0, NULL, 1731851837, NULL, NULL, NULL, NULL, NULL, NULL, NULL, 7),
(2428, 'وليد المزداري', 'organization', 3, NULL, '51809752', NULL, NULL, '$2y$10$yR7OF0WIS8QZKphNvNjv6.5kOX3ldnfaoAQqgYGMECTlNf0Lm1GS6', NULL, NULL, NULL, 0, 0, NULL, '{\"color\":\"000000\",\"background\":\"FF5252\"}', NULL, NULL, NULL, NULL, NULL, NULL, NULL, NULL, NULL, NULL, 'all', 'active', 1, NULL, 'Africa/Tunis', 0, 0, NULL, NULL, NULL, NULL, NULL, NULL, 0, 0, 0, NULL, NULL, 0, NULL, 1731870417, '\"{\\\"dashboard\\\":[\\\"step1_completed\\\",\\\"step3_completed\\\"],\\\"manuel\\\":[\\\"step1_child_manuel_completed\\\",\\\"step2_child_manuel_completed\\\"]}\"', NULL, NULL, NULL, NULL, NULL, NULL, NULL),
(2429, 'أواب', 'enfant', 8, 2428, NULL, NULL, NULL, '$2y$10$av.spoE.JfDnXXRE9r7cqeSEHtd4g1WrKxoF1KEf/y0YL9lO5My3.', NULL, NULL, NULL, 1, 0, '/f16.png', NULL, NULL, NULL, NULL, NULL, NULL, NULL, NULL, NULL, NULL, NULL, 'all', 'active', 1, 'AR', NULL, 0, 0, NULL, NULL, NULL, NULL, NULL, NULL, 1, 0, 0, NULL, NULL, 0, NULL, 1731870457, NULL, NULL, NULL, NULL, 6, 11, NULL, NULL),
(2434, 'sami hasni', 'organization', 3, NULL, '24205688', NULL, NULL, '$2y$10$6m99u.A9O/gj8cJ74JPBNOIsw73sOIEzzMDPNgz5AbwwX1hhau1pK', NULL, NULL, NULL, 0, 0, NULL, '{\"color\":\"000000\",\"background\":\"f1f8e9\"}', NULL, NULL, NULL, NULL, NULL, NULL, NULL, NULL, NULL, NULL, 'all', 'active', 1, NULL, 'Africa/Tunis', 0, 0, NULL, NULL, NULL, NULL, NULL, NULL, 0, 0, 0, NULL, NULL, 0, NULL, 1731954336, '\"{\\\"dashboard\\\":[\\\"step1_completed\\\",\\\"step2_completed\\\",\\\"step3_completed\\\",\\\"step1_child_completed\\\"],\\\"manuel\\\":[\\\"step1_child_manuel_completed\\\",\\\"step2_child_manuel_completed\\\"]}\"', NULL, NULL, NULL, NULL, NULL, NULL, NULL),
(2435, 'selmen hasni', 'enfant', 8, 2434, NULL, NULL, NULL, '$2y$10$kgNGBz3b0Sm36eqkHoYcyu5qKyplq7EF7cFN2.sEPcMu75J6fSO2a', NULL, NULL, NULL, 1, 0, '/f14.png', NULL, NULL, NULL, NULL, NULL, NULL, NULL, NULL, NULL, NULL, NULL, 'all', 'active', 1, 'AR', NULL, 0, 0, NULL, NULL, NULL, NULL, NULL, NULL, 1, 0, 0, NULL, NULL, 0, NULL, 1731954378, NULL, NULL, NULL, NULL, 4, 9, NULL, NULL),
(2437, 'أميرة الرفرافي', 'organization', 3, NULL, '92268080', NULL, NULL, '$2y$10$k.fXdMxJW/MQuhwTZ7aSUe3IBat3a744UwT8XOhv9VjQCeu5S2Q5m', NULL, NULL, NULL, 0, 0, NULL, '{\"color\":\"000000\",\"background\":\"aed581\"}', NULL, NULL, NULL, NULL, NULL, NULL, NULL, NULL, NULL, NULL, 'all', 'active', 1, NULL, 'Africa/Tunis', 0, 0, NULL, NULL, NULL, NULL, NULL, NULL, 0, 0, 0, NULL, NULL, 0, NULL, 1732048606, '\"{\\\"dashboard\\\":[\\\"step1_completed\\\",\\\"step2_completed\\\",\\\"step3_completed\\\",\\\"step1_child_completed\\\",\\\"step2_child_completed\\\"]}\"', NULL, NULL, NULL, NULL, NULL, NULL, NULL),
(2438, 'ألاء', 'enfant', 8, 2437, NULL, NULL, NULL, '$2y$10$wixFXVKiMWkAN2grPXTYu.MmXBg1PLN7roE9SyjN2aHbZY6zDBMPW', NULL, NULL, NULL, 1, 0, '/girl1.jpeg', NULL, NULL, NULL, NULL, NULL, NULL, NULL, NULL, NULL, NULL, NULL, 'all', 'active', 1, 'AR', NULL, 0, 0, NULL, NULL, NULL, NULL, NULL, NULL, 1, 0, 0, NULL, NULL, 0, NULL, 1732048630, NULL, NULL, NULL, NULL, 3, 8, NULL, NULL),
(2439, 'Bouthaina', 'organization', 3, NULL, '23633895', NULL, NULL, '$2y$10$oV6gC9TuTwUYJJZiyb6i..Wa4tBiLW.fvEpubEoj/c3zaK1zPemDu', NULL, NULL, NULL, 0, 0, NULL, '{\"color\":\"FFFFFF\",\"background\":\"01579b\"}', NULL, NULL, NULL, NULL, NULL, NULL, NULL, NULL, NULL, NULL, 'all', 'active', 1, NULL, 'Africa/Tunis', 0, 0, NULL, NULL, NULL, NULL, NULL, NULL, 0, 0, 0, NULL, NULL, 0, NULL, 1732052443, '\"{\\\"dashboard\\\":[\\\"step1_completed\\\",\\\"step2_completed\\\",\\\"step3_completed\\\",\\\"step1_child_completed\\\",\\\"step2_child_completed\\\"],\\\"manuel\\\":[\\\"step1_child_manuel_completed\\\"]}\"', NULL, NULL, NULL, NULL, NULL, NULL, NULL),
(2440, 'Meriem', 'enfant', 8, 2439, NULL, NULL, NULL, '$2y$10$RCe7Z1EBuQC4F89huYYr0u1m33InBE11OmLwkDSjTykvI7HJni0jS', NULL, NULL, NULL, 1, 0, '/girl3.jpeg', NULL, NULL, NULL, NULL, NULL, NULL, NULL, NULL, NULL, NULL, NULL, 'all', 'active', 1, 'AR', NULL, 0, 0, NULL, NULL, NULL, NULL, NULL, NULL, 1, 0, 0, NULL, NULL, 0, NULL, 1732052469, NULL, NULL, NULL, NULL, 3, 8, NULL, NULL),
(2441, 'Wiem Thlirhi', 'organization', 3, NULL, '50486242', NULL, NULL, '$2y$10$.cf8DHxskKBbeWsr2ltimugR6RajA.pU5tQRuKNeQ.sOxJn/d1E7W', NULL, NULL, NULL, 0, 0, NULL, '{\"color\":\"000000\",\"background\":\"81c784\"}', NULL, NULL, NULL, NULL, NULL, NULL, NULL, NULL, NULL, NULL, 'all', 'active', 1, NULL, 'Africa/Tunis', 0, 0, NULL, NULL, NULL, NULL, NULL, NULL, 0, 0, 0, NULL, NULL, 0, NULL, 1732066613, '\"{\\\"dashboard\\\":[\\\"step1_completed\\\",\\\"step2_completed\\\",\\\"step3_completed\\\"],\\\"manuel\\\":[\\\"step1_child_manuel_completed\\\",\\\"step2_child_manuel_completed\\\"]}\"', NULL, NULL, NULL, NULL, NULL, NULL, NULL),
(2442, 'Chahd', 'enfant', 8, 2441, NULL, NULL, NULL, '$2y$10$pxgjgB7hHykoM3n5EKdezupAV5If6fcqQwnAY6jB0.Wv0q9dnnysO', NULL, NULL, NULL, 1, 0, '/girl4.jpeg', NULL, NULL, NULL, NULL, NULL, NULL, NULL, NULL, NULL, NULL, NULL, 'all', 'active', 1, 'AR', NULL, 0, 0, NULL, NULL, NULL, NULL, NULL, NULL, 1, 0, 0, NULL, NULL, 0, NULL, 1732066652, NULL, NULL, NULL, NULL, 5, 10, NULL, NULL),
(2443, 'Houda Mathlouthi', 'organization', 3, NULL, '50438033', NULL, NULL, '$2y$10$m7.s7YAJytiOqkVujqOzuOZ8RVhXa0xAwotMuvLS0HNE2vBJa4ZNu', NULL, NULL, 'snxA0XpRYUKQQa5tYBEYmc2ZRWB895yo0NkmVIpQ9DZ4XNy5Qih9jFrQ52Xr', 0, 0, NULL, '{\"color\":\"000000\",\"background\":\"7c4dff\"}', NULL, NULL, NULL, NULL, NULL, NULL, NULL, NULL, NULL, NULL, 'all', 'active', 1, NULL, 'Africa/Tunis', 0, 0, NULL, NULL, NULL, NULL, NULL, NULL, 0, 0, 0, NULL, NULL, 0, NULL, 1732073854, '\"{\\\"dashboard\\\":[\\\"step1_completed\\\",\\\"step2_completed\\\",\\\"step3_completed\\\",\\\"step1_child_completed\\\",\\\"step2_child_completed\\\"],\\\"manuel\\\":[\\\"step1_child_manuel_completed\\\"]}\"', NULL, NULL, NULL, NULL, NULL, NULL, NULL),
(2444, 'يوسف', 'enfant', 8, 2443, NULL, NULL, NULL, '$2y$10$8h1dBhawr2bLq/Tr2jz/UeBhk0lTlVa1rgccmuGX0H6qHMbLC4.UG', NULL, NULL, NULL, 1, 0, '/boy2.jpeg', NULL, NULL, NULL, NULL, NULL, NULL, NULL, NULL, NULL, NULL, NULL, 'all', 'active', 1, 'AR', NULL, 0, 0, NULL, NULL, NULL, NULL, NULL, NULL, 1, 0, 0, NULL, NULL, 0, NULL, 1732073877, NULL, NULL, NULL, NULL, 5, 10, NULL, NULL),
(2445, 'Hela', 'organization', 3, NULL, '50230295', NULL, NULL, '$2y$10$8Igl3WMmsXR5CLwOqsbH0OvdwtTNQF7RcMkKoOxOPGghnGGBbJcXq', NULL, NULL, 'MT7soYOFHavcZfTYHJQD5E0B7WAhNJCYwC9Lvj7AA3mwEAshYAWf4qmXNWIo', 0, 0, NULL, '{\"color\":\"000000\",\"background\":\"ffab91\"}', NULL, NULL, NULL, NULL, NULL, NULL, NULL, NULL, NULL, NULL, 'all', 'active', 1, NULL, 'Africa/Tunis', 0, 0, NULL, NULL, NULL, NULL, NULL, NULL, 0, 0, 0, NULL, NULL, 0, NULL, 1732091225, '\"{\\\"dashboard\\\":[\\\"step1_completed\\\",\\\"step2_completed\\\",\\\"step3_completed\\\",\\\"step1_child_completed\\\",\\\"step2_child_completed\\\"],\\\"manuel\\\":[\\\"step1_child_manuel_completed\\\",\\\"step2_child_manuel_completed\\\"]}\"', NULL, NULL, NULL, NULL, NULL, NULL, NULL),
(2446, 'Haroun', 'enfant', 8, 2445, NULL, NULL, NULL, '$2y$10$JBbAY5J.MtVWzy7y38I3BO82hcHNE6jshXLL9Q6bNjkweCTpLW5WO', NULL, NULL, NULL, 1, 0, '/boy2.jpeg', NULL, NULL, NULL, NULL, NULL, NULL, NULL, NULL, NULL, NULL, NULL, 'all', 'active', 1, 'AR', NULL, 0, 0, NULL, NULL, NULL, NULL, NULL, NULL, 1, 0, 0, NULL, NULL, 0, NULL, 1732091254, NULL, NULL, NULL, NULL, 4, 9, NULL, NULL),
(2447, 'Salma', 'enfant', 8, 2445, NULL, NULL, NULL, '$2y$10$TkSD6/2BuWnZbo49BHiZQOhB1bNBRD8AMXmYlFSvyOvewdFo8oMxO', NULL, NULL, NULL, 1, 0, '/girl1.jpeg', NULL, NULL, NULL, NULL, NULL, NULL, NULL, NULL, NULL, NULL, NULL, 'all', 'active', 1, 'AR', NULL, 0, 0, NULL, NULL, NULL, NULL, NULL, NULL, 1, 0, 0, NULL, NULL, 0, NULL, 1732091272, NULL, NULL, NULL, NULL, 2, 7, NULL, NULL),
(2448, 'Moataz', 'enfant', 8, 2445, NULL, NULL, NULL, '$2y$10$XvLGtglmQH6aDkPkSpeKPunc4da7a4.aM95KEWVnWycTpDo.iMrq2', NULL, NULL, NULL, 1, 0, '/boy1.jpeg', NULL, NULL, NULL, NULL, NULL, NULL, NULL, NULL, NULL, NULL, NULL, 'all', 'active', 1, 'AR', NULL, 0, 0, NULL, NULL, NULL, NULL, NULL, NULL, 1, 0, 0, NULL, NULL, 0, NULL, 1732091295, NULL, NULL, NULL, NULL, 3, 8, NULL, NULL),
(2450, 'child 4', 'enfant', 8, 2445, NULL, NULL, NULL, '$2y$10$OHesTKyxixD3K9whtSc49esesEnaGu/Yl.0JEzTTl5FMNVNArce4i', NULL, NULL, NULL, 1, 0, '/f16.png', NULL, NULL, NULL, NULL, NULL, NULL, NULL, NULL, NULL, NULL, NULL, 'all', 'active', 1, 'AR', NULL, 0, 0, NULL, NULL, NULL, NULL, NULL, NULL, 1, 0, 0, NULL, NULL, 0, NULL, 1732092178, NULL, NULL, NULL, NULL, 5, 10, NULL, NULL),
(2451, 'Eya', 'teacher', 4, NULL, '58635201', 'tekayaeya57@gmail.com', NULL, '$2y$10$1vr0LBgmXx42L1GDGjg7u.O5UPGJNkXQzv1.nUPOTcDwfGXEedUHq', NULL, NULL, 'SF0gTPkJv0jPDmOZ5hUvdz2mxuC2e5MeooiWDXvTDZannS2cyFntmO2zcRhp', 0, 0, NULL, '{\"color\":\"000000\",\"background\":\"f3e5f5\"}', NULL, NULL, NULL, NULL, NULL, NULL, NULL, NULL, NULL, NULL, 'all', 'active', 1, NULL, 'Africa/Tunis', 0, 0, NULL, NULL, NULL, NULL, NULL, NULL, 1, 0, 0, NULL, NULL, 0, NULL, 1732093342, NULL, NULL, NULL, NULL, NULL, NULL, NULL, 7),
(2452, 'Mohamed ali masri', 'organization', 3, NULL, '99685740', NULL, NULL, '$2y$10$x1k6MXrxzcMMF9cJsm3yEu1rgzaMVTi5hS.ioYt0NJrAX5TRq.teC', NULL, NULL, NULL, 0, 0, NULL, '{\"color\":\"000000\",\"background\":\"ffe57f\"}', NULL, NULL, NULL, NULL, NULL, NULL, NULL, NULL, NULL, NULL, 'all', 'active', 1, NULL, 'Africa/Tunis', 0, 0, NULL, NULL, NULL, NULL, NULL, NULL, 0, 0, 0, NULL, NULL, 0, NULL, 1732093959, '\"{\\\"dashboard\\\":[\\\"step1_completed\\\",\\\"step3_completed\\\",\\\"step1_child_completed\\\",\\\"step2_child_completed\\\",\\\"step2_completed\\\"],\\\"manuel\\\":[\\\"step1_child_manuel_completed\\\"]}\"', NULL, NULL, NULL, NULL, NULL, NULL, NULL),
(2453, 'Ahmed', 'enfant', 8, 2452, NULL, NULL, NULL, '$2y$10$qKxDv4792NSN826jaeTi4OCoFnCXeBcotbo46ER.27P2IQAtzwVba', NULL, NULL, NULL, 1, 0, '/f14.png', NULL, NULL, NULL, NULL, NULL, NULL, NULL, NULL, NULL, NULL, NULL, 'all', 'active', 1, 'AR', NULL, 0, 0, NULL, NULL, NULL, NULL, NULL, NULL, 1, 0, 0, NULL, NULL, 0, NULL, 1732093990, NULL, NULL, NULL, NULL, 4, 9, NULL, NULL),
(2454, 'haifa', 'organization', 3, NULL, '58654215', NULL, NULL, '$2y$10$pCHegEnzl65GmqJHUeXe5.cHINWGVmUuJptY/9MWUQatwW.OnmR1G', NULL, NULL, NULL, 0, 0, NULL, '{\"color\":\"000000\",\"background\":\"4caf50\"}', NULL, NULL, NULL, NULL, NULL, NULL, NULL, NULL, NULL, NULL, 'all', 'active', 1, NULL, 'Africa/Tunis', 0, 0, NULL, NULL, NULL, NULL, NULL, NULL, 0, 0, 0, NULL, NULL, 0, NULL, 1732097362, '\"{\\\"dashboard\\\":[\\\"step1_completed\\\",\\\"step3_completed\\\",\\\"step1_child_completed\\\",\\\"step2_child_completed\\\",\\\"step2_completed\\\"],\\\"manuel\\\":[\\\"step1_child_manuel_completed\\\",\\\"step2_child_manuel_completed\\\"]}\"', NULL, NULL, NULL, NULL, NULL, NULL, NULL),
(2455, 'sami', 'enfant', 8, 2454, NULL, NULL, NULL, '$2y$10$Rzp0c6yXaQJXCOW8b/Zo5uIk7HnT4ofq/LKDER2KSFGCJqJmH6Gge', NULL, NULL, NULL, 1, 0, '/f14.png', NULL, NULL, NULL, NULL, NULL, NULL, NULL, NULL, NULL, NULL, NULL, 'all', 'active', 1, 'AR', NULL, 0, 0, NULL, NULL, NULL, NULL, NULL, NULL, 1, 0, 0, NULL, NULL, 0, NULL, 1732097389, NULL, NULL, NULL, NULL, 4, 9, NULL, NULL),
(2456, 'amira', 'enfant', 8, 2454, NULL, NULL, NULL, '$2y$10$RwzLeVi3cPdCGKoZWZPh3.Vk3SS9WrefA.fLEJ8X/4VyMUqy.U5wS', NULL, NULL, NULL, 1, 0, '/girl1.jpeg', NULL, NULL, NULL, NULL, NULL, NULL, NULL, NULL, NULL, NULL, NULL, 'all', 'active', 1, 'AR', NULL, 0, 0, NULL, NULL, NULL, NULL, NULL, NULL, 1, 0, 0, NULL, NULL, 0, NULL, 1732097515, NULL, NULL, NULL, NULL, 1, 6, NULL, NULL),
(2457, 'مروى المعرفي', 'teacher', 4, NULL, '24975522', 'maarfimaria@gmail.com', NULL, '$2y$10$mqTPRe9yYaAbLiiBpkqgjuWY5JM2R37HMduYatllxcSfWWhjfO1G2', NULL, NULL, NULL, 0, 0, NULL, '{\"color\":\"000000\",\"background\":\"e040fb\"}', NULL, NULL, NULL, NULL, NULL, NULL, NULL, NULL, NULL, NULL, 'all', 'active', 1, NULL, 'Africa/Tunis', 0, 0, NULL, NULL, NULL, NULL, NULL, NULL, 1, 0, 0, NULL, NULL, 0, NULL, 1732121272, NULL, NULL, NULL, NULL, NULL, NULL, NULL, 7),
(2458, 'khouloud dawahi', 'teacher', 4, NULL, '25803006', 'daouahi@gmail.com', NULL, '$2y$10$KwbWTxsHBNPB.2h0xz8rn.uMQ7/6SLlXtOdv4wb4Pzdv5DZyuVi3m', NULL, NULL, NULL, 0, 0, NULL, '{\"color\":\"000000\",\"background\":\"cddc39\"}', NULL, NULL, NULL, NULL, NULL, NULL, NULL, NULL, NULL, NULL, 'all', 'pending', 1, NULL, 'Africa/Tunis', 0, 0, NULL, NULL, NULL, NULL, NULL, NULL, 1, 0, 0, NULL, NULL, 0, NULL, 1732137319, NULL, NULL, NULL, NULL, NULL, NULL, NULL, NULL),
(2459, 'Hela Fathallah', 'organization', 3, NULL, '55230437', NULL, NULL, '$2y$10$lMnSNRc4hp2YxtLY9VL13.vgVMsaH4p2WgzXzSPF7JzPlAeMd/3SG', NULL, NULL, 'qLkbZegYmlASH3GfDecgNZRefJOtBroaYBkeUh1Gwxe5wKr4r1sFSLlDw9Me', 0, 0, NULL, '{\"color\":\"000000\",\"background\":\"bcaaa4\"}', NULL, NULL, NULL, NULL, NULL, NULL, NULL, NULL, NULL, NULL, 'all', 'active', 1, NULL, 'Africa/Tunis', 0, 0, NULL, NULL, NULL, NULL, NULL, NULL, 0, 0, 0, NULL, NULL, 0, NULL, 1732185245, '\"{\\\"dashboard\\\":[\\\"step1_completed\\\",\\\"step3_completed\\\",\\\"step1_child_completed\\\",\\\"step2_child_completed\\\",\\\"step2_completed\\\"],\\\"manuel\\\":[\\\"step1_child_manuel_completed\\\",\\\"step2_child_manuel_completed\\\"]}\"', NULL, NULL, NULL, NULL, NULL, NULL, NULL),
(2460, 'Haroune', 'enfant', 8, 2459, NULL, NULL, NULL, '$2y$10$ZU8eImtLwbRTS13dQi/mSOnGZrxaq/g64fWH9BmjnSTo86WtpvSaK', NULL, NULL, NULL, 1, 0, '/f16.png', NULL, NULL, NULL, NULL, NULL, NULL, NULL, NULL, NULL, NULL, NULL, 'all', 'active', 1, 'AR', NULL, 0, 0, NULL, NULL, NULL, NULL, NULL, NULL, 1, 0, 0, NULL, NULL, 0, NULL, 1732185281, NULL, NULL, NULL, NULL, 4, 9, NULL, NULL),
(2462, 'Mirane', 'enfant', 8, 2459, NULL, NULL, NULL, '$2y$10$bq16miu4fldw1jcIQE8weOPDBZNfofspM6mbcdHA4d.ujRW.gklDK', NULL, NULL, NULL, 1, 0, '/girl4.jpeg', NULL, NULL, NULL, NULL, NULL, NULL, NULL, NULL, NULL, NULL, NULL, 'all', 'active', 1, 'AR', NULL, 0, 0, NULL, NULL, NULL, NULL, NULL, NULL, 1, 0, 0, NULL, NULL, 0, NULL, 1732188889, NULL, NULL, NULL, NULL, 2, 7, NULL, NULL),
(2463, 'khouloud', 'organization', 3, NULL, '52417854', NULL, NULL, '$2y$10$UCE7ytO.eQlzNEhO/Ozkg.BUxZ9JNkYgQiQCQMeScVFsh94S8ZQTy', NULL, NULL, NULL, 0, 0, NULL, '{\"color\":\"FFFFFF\",\"background\":\"f57c00\"}', NULL, NULL, NULL, NULL, NULL, NULL, NULL, NULL, NULL, NULL, 'all', 'active', 1, NULL, 'Africa/Tunis', 0, 0, NULL, NULL, NULL, NULL, NULL, NULL, 0, 0, 0, NULL, NULL, 0, NULL, 1732191041, '\"{\\\"dashboard\\\":[\\\"step1_completed\\\",\\\"step3_completed\\\",\\\"step1_child_completed\\\",\\\"step2_child_completed\\\",\\\"step2_completed\\\"]}\"', NULL, NULL, NULL, NULL, NULL, NULL, NULL),
(2464, 'ahmed', 'enfant', 8, 2463, NULL, NULL, NULL, '$2y$10$09OG8R/hFT0.g9LgYt6P4up.2QfkFvnpkh7C0DhjGQ9O8iiUQH1Zm', NULL, NULL, NULL, 1, 0, '/f16.png', NULL, NULL, NULL, NULL, NULL, NULL, NULL, NULL, NULL, NULL, NULL, 'all', 'active', 1, 'AR', NULL, 0, 0, NULL, NULL, NULL, NULL, NULL, NULL, 1, 0, 0, NULL, NULL, 0, NULL, 1732191058, NULL, NULL, NULL, NULL, 1, 6, NULL, NULL),
(2465, 'Zahra haj haydari', 'organization', 3, NULL, '95251921', NULL, NULL, '$2y$10$bU3oaX2ygcwyGeGsXdHb3eryD.OCTOPvoWaXvDxC6RR/uRb9.2Q5C', NULL, NULL, NULL, 0, 0, NULL, '{\"color\":\"FFFFFF\",\"background\":\"2e7d32\"}', NULL, NULL, NULL, NULL, NULL, NULL, NULL, NULL, NULL, NULL, 'all', 'active', 1, NULL, 'Africa/Tunis', 0, 0, NULL, NULL, NULL, NULL, NULL, NULL, 0, 0, 0, NULL, NULL, 0, NULL, 1732197240, NULL, NULL, NULL, NULL, NULL, NULL, NULL, NULL),
(2466, 'mariem', 'enfant', 8, 2463, NULL, NULL, NULL, '$2y$10$l5c52P3hMyXPcoab2XFayeOzxkx4OjUGlOiCp32aAZxRg87nxly52', NULL, NULL, NULL, 1, 0, '/girl4.jpeg', NULL, NULL, NULL, NULL, NULL, NULL, NULL, NULL, NULL, NULL, NULL, 'all', 'active', 1, 'AR', NULL, 0, 0, NULL, NULL, NULL, NULL, NULL, NULL, 1, 0, 0, NULL, NULL, 0, NULL, 1732197675, NULL, NULL, NULL, NULL, 3, 8, NULL, NULL),
(2467, 'malek', 'enfant', 8, 2463, NULL, NULL, NULL, '$2y$10$Rn6KWgUEncQ6.pAZfT4OgurS1drzg74V1fdxIvMT0c2p3P/dFGqJO', NULL, NULL, NULL, 1, 0, '/girl1.jpeg', NULL, NULL, NULL, NULL, NULL, NULL, NULL, NULL, NULL, NULL, NULL, 'all', 'active', 1, 'AR', NULL, 0, 0, NULL, NULL, NULL, NULL, NULL, NULL, 1, 0, 0, NULL, NULL, 0, NULL, 1732197851, NULL, NULL, NULL, NULL, 4, 9, NULL, NULL),
(2470, 'سفيان البوبكري', 'organization', 3, NULL, '92029027', NULL, NULL, '$2y$10$2vKjsIkQW3n7S2QTBOSwBOgXbujuBKoCPBFBAieh0z4B1q532DxTG', NULL, NULL, NULL, 0, 0, NULL, '{\"color\":\"FFFFFF\",\"background\":\"311b92\"}', NULL, NULL, NULL, NULL, NULL, NULL, NULL, NULL, NULL, NULL, 'all', 'active', 1, NULL, 'Africa/Tunis', 0, 0, NULL, NULL, NULL, NULL, NULL, NULL, 0, 0, 0, NULL, NULL, 0, NULL, 1732204509, NULL, NULL, NULL, NULL, NULL, NULL, NULL, NULL),
(2471, 'khemissiarij1211@gmail.com', 'organization', 3, NULL, '26145877', NULL, NULL, '$2y$10$oDt77R.9xK8kLfmTXtBZ5O39ni8V.kAOhMa4L80dPOvuMu2vShb9K', NULL, NULL, NULL, 0, 0, NULL, '{\"color\":\"000000\",\"background\":\"76ff03\"}', NULL, NULL, NULL, NULL, NULL, NULL, NULL, NULL, NULL, NULL, 'all', 'active', 1, NULL, 'Africa/Tunis', 0, 0, NULL, NULL, NULL, NULL, NULL, NULL, 0, 0, 0, NULL, NULL, 0, NULL, 1732253120, '\"{\\\"dashboard\\\":[\\\"step1_completed\\\",\\\"step3_completed\\\",\\\"step2_completed\\\",\\\"step1_child_completed\\\",\\\"step2_child_completed\\\"],\\\"manuel\\\":[\\\"step1_child_manuel_completed\\\",\\\"step2_child_manuel_completed\\\"]}\"', NULL, NULL, NULL, NULL, NULL, NULL, NULL),
(2472, 'اريج', 'enfant', 8, 2471, NULL, NULL, NULL, '$2y$10$YZMO2LOEjtnVZxBCkKGzXO2aIMlC0QWxg.CkfxBF0xUyFKprnjjhu', NULL, NULL, NULL, 1, 0, '/girl1.jpeg', NULL, NULL, NULL, NULL, NULL, NULL, NULL, NULL, NULL, NULL, NULL, 'all', 'active', 1, 'AR', NULL, 0, 0, NULL, NULL, NULL, NULL, NULL, NULL, 1, 0, 0, NULL, NULL, 0, NULL, 1732253157, NULL, NULL, NULL, NULL, 5, 10, NULL, NULL),
(2473, 'منتهى عمار', 'teacher', 4, NULL, '28009192', 'montahaammar19@gmail.com', NULL, '$2y$10$RFAmhcxPglxAeYOrOBy57OjX0fd.00j2VWc3iTLtZHUDuHGphoKcm', NULL, NULL, NULL, 0, 0, NULL, '{\"color\":\"000000\",\"background\":\"FFEBEE\"}', NULL, NULL, NULL, NULL, NULL, NULL, NULL, NULL, NULL, NULL, 'all', 'active', 1, NULL, 'Africa/Tunis', 0, 0, NULL, NULL, NULL, NULL, NULL, NULL, 1, 0, 0, NULL, NULL, 0, NULL, 1732260419, NULL, NULL, NULL, NULL, NULL, NULL, NULL, 7),
(2474, 'ماجدة الهذلي', 'organization', 3, NULL, '20352511', NULL, NULL, '$2y$10$NothBypBV35IcE7k1kJxmeVnoSpYkO5fAb.bJVkJP1ZnRkRtzDWx6', NULL, NULL, NULL, 0, 0, NULL, '{\"color\":\"FFFFFF\",\"background\":\"ff8f00\"}', NULL, NULL, NULL, NULL, NULL, NULL, NULL, NULL, NULL, NULL, 'all', 'active', 1, NULL, 'Africa/Tunis', 0, 0, NULL, NULL, NULL, NULL, NULL, NULL, 0, 0, 0, NULL, NULL, 0, NULL, 1732262966, '\"{\\\"dashboard\\\":[\\\"step1_completed\\\",\\\"step2_completed\\\",\\\"step3_completed\\\"]}\"', NULL, NULL, NULL, NULL, NULL, NULL, NULL),
(2475, 'مريم', 'enfant', 8, 2474, NULL, NULL, NULL, '$2y$10$BIQwXoo0fThTCnu4a1QVYOuMxqUyURcRrzuNtU1.jOWCG4hVrIwHS', NULL, NULL, NULL, 1, 0, '/girl3.jpeg', NULL, NULL, NULL, NULL, NULL, NULL, NULL, NULL, NULL, NULL, NULL, 'all', 'active', 1, 'AR', NULL, 0, 0, NULL, NULL, NULL, NULL, NULL, NULL, 1, 0, 0, NULL, NULL, 0, NULL, 1732262995, NULL, NULL, NULL, NULL, 6, 11, NULL, NULL),
(2476, 'سعاد الجبري', 'organization', 3, NULL, '25319209', NULL, NULL, '$2y$10$a3P3Ps.h3wwDQnmsTfSuHOcTK9hJOgBNNLxe5sA4I4OgNBCjurHVW', NULL, NULL, NULL, 0, 0, NULL, '{\"color\":\"FFFFFF\",\"background\":\"880E4F\"}', NULL, NULL, NULL, NULL, NULL, NULL, NULL, NULL, NULL, NULL, 'all', 'active', 1, NULL, 'Africa/Tunis', 0, 0, NULL, NULL, NULL, NULL, NULL, NULL, 0, 0, 0, NULL, NULL, 0, NULL, 1732266560, '\"{\\\"dashboard\\\":[\\\"step1_completed\\\",\\\"step2_completed\\\",\\\"step1_child_completed\\\",\\\"step2_child_completed\\\"]}\"', NULL, NULL, NULL, NULL, NULL, NULL, NULL),
(2477, 'مؤيد السحباني', 'enfant', 8, 2476, NULL, NULL, NULL, '$2y$10$iwvVvLFTQqA3PbQ6l6qQauRRCBLCJsvASR0BhFBvSHT1tlQ/v.LDu', NULL, NULL, NULL, 1, 0, '/f16.png', NULL, NULL, NULL, NULL, NULL, NULL, NULL, NULL, NULL, NULL, NULL, 'all', 'active', 1, 'AR', NULL, 0, 0, NULL, NULL, NULL, NULL, NULL, NULL, 1, 0, 0, NULL, NULL, 0, NULL, 1732266601, NULL, NULL, NULL, NULL, 6, 11, NULL, NULL),
(2478, 'ألما السحباني', 'enfant', 8, 2476, NULL, NULL, NULL, '$2y$10$Qt2A.ax4/VQT9pGrazHGtuETCqxc1qM9Ns5cEkuBydApn35uPAj5G', NULL, NULL, NULL, 1, 0, '/girl1.jpeg', NULL, NULL, NULL, NULL, NULL, NULL, NULL, NULL, NULL, NULL, NULL, 'all', 'active', 1, 'AR', NULL, 0, 0, NULL, NULL, NULL, NULL, NULL, NULL, 1, 0, 0, NULL, NULL, 0, NULL, 1732266641, NULL, NULL, NULL, NULL, 1, 6, NULL, NULL),
(2479, 'khouloud', 'organization', 3, NULL, '52147855', NULL, NULL, '$2y$10$zDHtKi4vkuv0IafeJSx9xeN.aoIPiCI6uU41Xb6MrgBH99hwBlKzu', NULL, NULL, NULL, 0, 0, NULL, '{\"color\":\"000000\",\"background\":\"fbe9e7\"}', NULL, NULL, NULL, NULL, NULL, NULL, NULL, NULL, NULL, NULL, 'all', 'active', 1, NULL, 'Africa/Tunis', 0, 0, NULL, NULL, NULL, NULL, NULL, NULL, 0, 0, 0, NULL, NULL, 0, NULL, 1732271992, NULL, NULL, NULL, NULL, NULL, NULL, NULL, NULL),
(2480, 'هدى الرقيق', 'organization', 3, NULL, '53449458', NULL, NULL, '$2y$10$sjb7vXrH4ohNXiTOnRBwGetySIoQGG/5sdRxBW3KlB5UsQGDoyC.G', NULL, NULL, NULL, 0, 0, NULL, '{\"color\":\"000000\",\"background\":\"64ffda\"}', NULL, NULL, NULL, NULL, NULL, NULL, NULL, NULL, NULL, NULL, 'all', 'active', 1, 'FR', 'Africa/Tunis', 0, 0, NULL, NULL, NULL, NULL, NULL, NULL, 0, 0, 0, NULL, NULL, 0, NULL, 1732273801, '\"{\\\"dashboard\\\":[\\\"step1_completed\\\",\\\"step3_completed\\\",\\\"step1_child_completed\\\",\\\"step2_child_completed\\\",\\\"step2_completed\\\"]}\"', NULL, NULL, NULL, NULL, NULL, NULL, NULL),
(2481, 'لينة', 'enfant', 8, 2480, NULL, NULL, NULL, '$2y$10$zDBSELH0G2ul1UPwmxbllecKTU77awmZNoQQhmLpkG7TUNVholMbW', NULL, NULL, NULL, 1, 0, '/girl2.jpeg', NULL, NULL, NULL, NULL, NULL, NULL, NULL, NULL, NULL, NULL, NULL, 'all', 'active', 1, 'AR', NULL, 0, 0, NULL, NULL, NULL, NULL, NULL, NULL, 1, 0, 0, NULL, NULL, 0, NULL, 1732273829, NULL, NULL, NULL, NULL, 2, 7, NULL, NULL),
(2482, 'عواطف ابن العكرمي', 'organization', 3, NULL, '28096660', NULL, NULL, '$2y$10$7YZ3eruezPoSv2tE0dytz.Uw7GZSFQbZuq39RtB9/fId5eIBFHKye', NULL, NULL, 'gaBz7RvmHlcZp054BTzX5tVQrB67F5OOrNmBA5WyotEbLcAVBYMKBd5I5EmO', 0, 0, NULL, '{\"color\":\"000000\",\"background\":\"1de9b6\"}', NULL, NULL, NULL, NULL, NULL, NULL, NULL, NULL, NULL, NULL, 'all', 'active', 1, NULL, 'Africa/Tunis', 0, 0, NULL, NULL, NULL, NULL, NULL, NULL, 0, 0, 0, NULL, NULL, 0, NULL, 1732279929, '\"{\\\"dashboard\\\":[\\\"step2_completed\\\",\\\"step3_completed\\\",\\\"step1_child_completed\\\",\\\"step2_child_completed\\\"],\\\"manuel\\\":[\\\"step1_child_manuel_completed\\\"]}\"', NULL, NULL, NULL, NULL, NULL, NULL, NULL),
(2484, 'هارون', 'enfant', 8, 2482, NULL, NULL, NULL, '$2y$10$Rt3jZLwkc3jt.7pLZNUduOw0oIT5IBLVmhS5eRCtzspgulnHPtvL6', NULL, NULL, NULL, 1, 0, '/boy2.jpeg', NULL, NULL, NULL, NULL, NULL, NULL, NULL, NULL, NULL, NULL, NULL, 'all', 'active', 1, 'AR', NULL, 0, 0, NULL, NULL, NULL, NULL, NULL, NULL, 1, 0, 0, NULL, NULL, 0, NULL, 1732280018, NULL, NULL, NULL, NULL, 1, 6, NULL, NULL),
(2485, 'Sonia daadaa', 'organization', 3, NULL, '25883364', NULL, NULL, '$2y$10$mjrRM5APF/BkogZbwUxZD.v9qyZDsER4TyKqlN5J.ZAInjxMPBzzG', NULL, NULL, NULL, 0, 0, NULL, '{\"color\":\"000000\",\"background\":\"e0e0e0\"}', NULL, NULL, NULL, NULL, NULL, NULL, NULL, NULL, NULL, NULL, 'all', 'active', 1, NULL, 'Africa/Tunis', 0, 0, NULL, NULL, NULL, NULL, NULL, NULL, 0, 0, 0, NULL, NULL, 0, NULL, 1732292951, '\"{\\\"dashboard\\\":[\\\"step1_completed\\\",\\\"step2_completed\\\",\\\"step3_completed\\\",\\\"step1_child_completed\\\",\\\"step2_child_completed\\\"]}\"', NULL, NULL, NULL, NULL, NULL, NULL, NULL),
(2486, 'enfant1', 'enfant', 8, 2485, NULL, NULL, NULL, '$2y$10$jcnscpvJtnl2CNMeQePn/eLpmt7rXoTNrdj56zBorSWoym8ZQTelC', NULL, NULL, NULL, 1, 0, '/boy2.jpeg', NULL, NULL, NULL, NULL, NULL, NULL, NULL, NULL, NULL, NULL, NULL, 'all', 'active', 1, 'AR', NULL, 0, 0, NULL, NULL, NULL, NULL, NULL, NULL, 1, 0, 0, NULL, NULL, 0, NULL, 1732292969, NULL, NULL, NULL, NULL, 1, 6, NULL, NULL),
(2487, 'enfant 02', 'enfant', 8, 2485, NULL, NULL, NULL, '$2y$10$Fm3A43Qt7P/ftJyqVdNN4uI1ljh0ENE.2G6kH0aj.o6YtBbyQHsNa', NULL, NULL, NULL, 1, 0, '/girl3.jpeg', NULL, NULL, NULL, NULL, NULL, NULL, NULL, NULL, NULL, NULL, NULL, 'all', 'active', 1, 'AR', NULL, 0, 0, NULL, NULL, NULL, NULL, NULL, NULL, 1, 0, 0, NULL, NULL, 0, NULL, 1732292983, NULL, NULL, NULL, NULL, 3, 8, NULL, NULL),
(2488, 'enfant 3', 'enfant', 8, 2485, NULL, NULL, NULL, '$2y$10$o2x4OjgugTi6RFmZr66u..bPxNIa2DHzaT9o1VkgmfCoYE3HB3Cmq', NULL, NULL, NULL, 1, 0, '/f14.png', NULL, NULL, NULL, NULL, NULL, NULL, NULL, NULL, NULL, NULL, NULL, 'all', 'active', 1, 'AR', NULL, 0, 0, NULL, NULL, NULL, NULL, NULL, NULL, 1, 0, 0, NULL, NULL, 0, NULL, 1732292995, NULL, NULL, NULL, NULL, 5, 10, NULL, NULL),
(2489, 'enfant 4', 'enfant', 8, 2485, NULL, NULL, NULL, '$2y$10$VIyJXqkp1nPx5V0/4Y6S.uXLUU6mwfhCl7SguHslII/k.GiI1N52G', NULL, NULL, NULL, 1, 0, '/f16.png', NULL, NULL, NULL, NULL, NULL, NULL, NULL, NULL, NULL, NULL, NULL, 'all', 'active', 1, 'AR', NULL, 0, 0, NULL, NULL, NULL, NULL, NULL, NULL, 1, 0, 0, NULL, NULL, 0, NULL, 1732293004, NULL, NULL, NULL, NULL, 6, 11, NULL, NULL),
(2490, 'رحاب الغرايري', 'organization', 3, NULL, '23931210', NULL, NULL, '$2y$10$ELWAxtv0c/LdVMOHCD.hCe6ag1o9mqd9SXprVrtHWvxgO/zAnn1Wi', NULL, NULL, NULL, 0, 0, NULL, '{\"color\":\"000000\",\"background\":\"f0f4c3\"}', NULL, NULL, NULL, NULL, NULL, NULL, NULL, NULL, NULL, NULL, 'all', 'active', 1, NULL, 'Africa/Tunis', 0, 0, NULL, NULL, NULL, NULL, NULL, NULL, 0, 0, 0, NULL, NULL, 0, NULL, 1732297476, '\"{\\\"dashboard\\\":[\\\"step1_completed\\\",\\\"step2_completed\\\",\\\"step3_completed\\\",\\\"step1_child_completed\\\",\\\"step2_child_completed\\\"]}\"', NULL, NULL, NULL, NULL, NULL, NULL, NULL),
(2491, 'شهد', 'enfant', 8, 2490, NULL, NULL, NULL, '$2y$10$iZiLpbkijUnaTXfkcjVnGuuMe0AOWl0MBFpgcQNFv1qjntrbZC6Uq', NULL, NULL, NULL, 1, 0, '/girl4.jpeg', NULL, NULL, NULL, NULL, NULL, NULL, NULL, NULL, NULL, NULL, NULL, 'all', 'active', 1, 'AR', NULL, 0, 0, NULL, NULL, NULL, NULL, NULL, NULL, 1, 0, 0, NULL, NULL, 0, NULL, 1732297621, NULL, NULL, NULL, NULL, 3, 8, NULL, NULL),
(2492, 'شيماء', 'enfant', 8, 2490, NULL, NULL, NULL, '$2y$10$OmBcOFkVc1m7hve4k44nXu2Ggx3Ogxg4X91vujXLgfzDPo6mtgjFC', NULL, NULL, NULL, 1, 0, '/girl2.jpeg', NULL, NULL, NULL, NULL, NULL, NULL, NULL, NULL, NULL, NULL, NULL, 'all', 'active', 1, 'AR', NULL, 0, 0, NULL, NULL, NULL, NULL, NULL, NULL, 1, 0, 0, NULL, NULL, 0, NULL, 1732297645, NULL, NULL, NULL, NULL, 5, 10, NULL, NULL),
(2493, 'Sou Sou', 'organization', 3, NULL, '21198274', NULL, NULL, '$2y$10$piLGMFdetSczlomjfmtVTezPSbFusvCH/7ryFs3F/zub8h1OjT9HS', NULL, NULL, NULL, 0, 0, NULL, '{\"color\":\"FFFFFF\",\"background\":\"8e24aa\"}', NULL, NULL, NULL, NULL, NULL, NULL, NULL, NULL, NULL, NULL, 'all', 'active', 1, 'AR', 'Africa/Tunis', 0, 0, NULL, NULL, NULL, NULL, NULL, NULL, 0, 0, 0, NULL, NULL, 0, NULL, 1732298296, '\"{\\\"dashboard\\\":[\\\"step1_completed\\\",\\\"step2_completed\\\",\\\"step3_completed\\\"]}\"', NULL, NULL, NULL, NULL, NULL, NULL, NULL),
(2494, 'روان', 'enfant', 8, 2493, NULL, NULL, NULL, '$2y$10$FpNW4z3w2YKL/NtbjQoWrOykDYPh9/BlzS5ivo9jCE3a.tRAO64qW', NULL, NULL, NULL, 1, 0, '/girl4.jpeg', NULL, NULL, NULL, NULL, NULL, NULL, NULL, NULL, NULL, NULL, NULL, 'all', 'active', 1, 'AR', NULL, 0, 0, NULL, NULL, NULL, NULL, NULL, NULL, 1, 0, 0, NULL, NULL, 0, NULL, 1732298312, NULL, NULL, NULL, NULL, 6, 11, NULL, NULL),
(2495, 'Bbaha', 'enfant', 8, 2061, NULL, NULL, NULL, '$2y$10$NHav25RkRRyttmSuXAj8IepSN3w3PonFbK1gDxc8e11P/bpWe4zVe', NULL, NULL, NULL, 1, 0, '/boy2.jpeg', NULL, NULL, NULL, NULL, NULL, NULL, NULL, NULL, NULL, NULL, NULL, 'all', 'active', 1, 'AR', NULL, 0, 0, NULL, NULL, NULL, NULL, NULL, NULL, 1, 0, 0, NULL, NULL, 0, NULL, 1732320288, NULL, NULL, NULL, NULL, 6, 11, NULL, NULL),
(2496, 'Ghada Ben khaled', 'organization', 3, NULL, '50531511', NULL, NULL, '$2y$10$ZtB4g4jROBC2.4m.ol6uTe1mL1160COKztKssgxUxstJJTmGqqRY2', NULL, NULL, NULL, 0, 0, NULL, '{\"color\":\"000000\",\"background\":\"1de9b6\"}', NULL, NULL, NULL, NULL, NULL, NULL, NULL, NULL, NULL, NULL, 'all', 'active', 1, 'AR', 'Africa/Tunis', 0, 0, NULL, NULL, NULL, NULL, NULL, NULL, 0, 0, 0, NULL, NULL, 0, NULL, 1732332735, '\"{\\\"dashboard\\\":[\\\"step1_completed\\\",\\\"step2_child_completed\\\",\\\"step1_child_completed\\\"],\\\"manuel\\\":[\\\"step1_child_manuel_completed\\\",\\\"step2_child_manuel_completed\\\"]}\"', NULL, NULL, NULL, NULL, NULL, NULL, NULL),
(2497, 'شهد بن رحومة', 'enfant', 8, 2496, NULL, NULL, NULL, '$2y$10$SmBs1qVqlOa0N.8qqyvCeeoSI5eXjc/HPJh8FtwDg6Zq6hS1ROBH2', NULL, NULL, NULL, 1, 0, '/girl1.jpeg', NULL, NULL, NULL, NULL, NULL, NULL, NULL, NULL, NULL, NULL, NULL, 'all', 'active', 1, 'AR', NULL, 0, 0, NULL, NULL, NULL, NULL, NULL, NULL, 1, 0, 0, NULL, NULL, 0, NULL, 1732332768, NULL, NULL, NULL, NULL, 5, 10, NULL, NULL),
(2498, 'عادل المبروك', 'organization', 3, NULL, '55209025', NULL, NULL, '$2y$10$ect5um0qumrsP0Y1uZMfaeXD215rL8ZsKVmYN3kgHU8z.0sziu9Ya', NULL, NULL, NULL, 0, 0, NULL, '{\"color\":\"000000\",\"background\":\"ffca28\"}', NULL, NULL, NULL, NULL, NULL, NULL, NULL, NULL, NULL, NULL, 'all', 'active', 1, NULL, 'Africa/Tunis', 0, 0, NULL, NULL, NULL, NULL, NULL, NULL, 0, 0, 0, NULL, NULL, 0, NULL, 1732399212, '\"{\\\"dashboard\\\":[\\\"step1_completed\\\",\\\"step2_completed\\\",\\\"step3_completed\\\",\\\"step1_child_completed\\\"],\\\"manuel\\\":[\\\"step1_child_manuel_completed\\\"]}\"', NULL, NULL, NULL, NULL, NULL, NULL, NULL),
(2499, 'هارون', 'enfant', 8, 2498, NULL, NULL, NULL, '$2y$10$TmBwMbyFeuCnGrcLreCMhOv327dMX/UtnBEhRnL5bYKX92mmR5roe', NULL, NULL, NULL, 1, 0, '/f16.png', NULL, NULL, NULL, NULL, NULL, NULL, NULL, NULL, NULL, NULL, NULL, 'all', 'active', 1, 'AR', NULL, 0, 0, NULL, NULL, NULL, NULL, NULL, NULL, 1, 0, 0, NULL, NULL, 0, NULL, 1732399265, NULL, NULL, NULL, NULL, 3, 8, NULL, NULL),
(2501, 'سليم الفاتح', 'enfant', 8, 2133, NULL, NULL, NULL, '$2y$10$XTDskrXYhrXjKdA3OF2.auRrESoZB6cOEy6XTPoxGn0dbjlRsPd4i', NULL, NULL, NULL, 1, 0, '/f16.png', NULL, NULL, NULL, NULL, NULL, NULL, NULL, NULL, NULL, NULL, NULL, 'all', 'active', 1, 'AR', NULL, 0, 0, NULL, NULL, NULL, NULL, NULL, NULL, 1, 0, 0, NULL, NULL, 0, NULL, 1732459093, NULL, NULL, NULL, NULL, 4, 9, NULL, NULL),
(2502, 'Mariem Oeurtatani', 'organization', 3, NULL, '96143385', NULL, NULL, '$2y$10$i5oSpgr2HXXuHXbwHj88yeCyZj5Au/iUqazOCNxsR8Qk45gjqVWvq', NULL, NULL, NULL, 0, 0, NULL, '{\"color\":\"FFFFFF\",\"background\":\"43a047\"}', NULL, NULL, NULL, NULL, NULL, NULL, NULL, NULL, NULL, NULL, 'all', 'active', 1, NULL, 'Africa/Tunis', 0, 0, NULL, NULL, NULL, NULL, NULL, NULL, 0, 0, 0, NULL, NULL, 0, NULL, 1732469271, '\"{\\\"dashboard\\\":[\\\"step1_completed\\\",\\\"step2_completed\\\",\\\"step3_completed\\\",\\\"step1_child_completed\\\",\\\"step2_child_completed\\\"],\\\"manuel\\\":[\\\"step1_child_manuel_completed\\\",\\\"step2_child_manuel_completed\\\"]}\"', NULL, NULL, NULL, NULL, NULL, NULL, NULL),
(2503, 'امان', 'enfant', 8, 2502, NULL, NULL, NULL, '$2y$10$CXfZ/HT/7cJMIb22YwfDWOw2ViIflZu2I9P1dQ92IXF36aJkaJiBC', NULL, NULL, NULL, 1, 0, '/f14.png', NULL, NULL, NULL, NULL, NULL, NULL, NULL, NULL, NULL, NULL, NULL, 'all', 'active', 1, 'AR', NULL, 0, 0, NULL, NULL, NULL, NULL, NULL, NULL, 1, 0, 0, NULL, NULL, 0, NULL, 1732469300, NULL, NULL, NULL, NULL, 4, 9, NULL, NULL),
(2504, 'Houda labiadh', 'organization', 3, NULL, '58804666', NULL, NULL, '$2y$10$91FpkOPIYMaIVrirMXerx.7f20P09remaqPq3Zs//wlZCVuUIHS1O', NULL, NULL, NULL, 0, 0, NULL, '{\"color\":\"000000\",\"background\":\"5c6bc0\"}', NULL, NULL, NULL, NULL, NULL, NULL, NULL, NULL, NULL, NULL, 'all', 'active', 1, NULL, 'Africa/Tunis', 0, 0, NULL, NULL, NULL, NULL, NULL, NULL, 0, 0, 0, NULL, NULL, 0, NULL, 1732481520, '\"{\\\"dashboard\\\":[\\\"step1_completed\\\",\\\"step2_completed\\\",\\\"step3_completed\\\",\\\"step1_child_completed\\\",\\\"step2_child_completed\\\"],\\\"manuel\\\":[\\\"step1_child_manuel_completed\\\"]}\"', NULL, NULL, NULL, NULL, NULL, NULL, NULL),
(2505, 'Mays', 'enfant', 8, 2504, NULL, NULL, NULL, '$2y$10$M1FK8yjmF9.GYyxap/o8/.YeqoYL5pBBZcmXuRGh.EM7Iv9yIBtXO', NULL, NULL, NULL, 1, 0, '/girl2.jpeg', NULL, NULL, NULL, NULL, NULL, NULL, NULL, NULL, NULL, NULL, NULL, 'all', 'active', 1, 'AR', NULL, 0, 0, NULL, NULL, NULL, NULL, NULL, NULL, 1, 0, 0, NULL, NULL, 0, NULL, 1732481557, NULL, NULL, NULL, NULL, 6, 11, NULL, NULL),
(2506, 'Takoua', 'enfant', 8, 2504, NULL, NULL, NULL, '$2y$10$B5d/FtIyih1J7dkEqq0D1utRz/pdiQ/TuD0eR4dyuMCN7x8zQj/qC', NULL, NULL, NULL, 1, 0, '/girl1.jpeg', NULL, NULL, NULL, NULL, NULL, NULL, NULL, NULL, NULL, NULL, NULL, 'all', 'active', 1, 'AR', NULL, 0, 0, NULL, NULL, NULL, NULL, NULL, NULL, 1, 0, 0, NULL, NULL, 0, NULL, 1732481587, NULL, NULL, NULL, NULL, 3, 8, NULL, NULL),
(2507, 'Imen', 'enfant', 8, 2504, NULL, NULL, NULL, '$2y$10$NfjaswNan0DuezofhT4DseXpCVGKMq8L7fQUYXMDv.Dmm1M4ELLdm', NULL, NULL, NULL, 1, 0, '/girl3.jpeg', NULL, NULL, NULL, NULL, NULL, NULL, NULL, NULL, NULL, NULL, NULL, 'all', 'active', 1, 'AR', NULL, 0, 0, NULL, NULL, NULL, NULL, NULL, NULL, 1, 0, 0, NULL, NULL, 0, NULL, 1732481607, NULL, NULL, NULL, NULL, 4, 9, NULL, NULL),
(2509, 'Ghalia', 'enfant', 8, 2504, NULL, NULL, NULL, '$2y$10$Ntn8U14UnCK23k/jJQz6we7jSIg8zLNaFMABAq.7PjwXPQ1irIGKC', NULL, NULL, NULL, 1, 0, '/girl4.jpeg', NULL, NULL, NULL, NULL, NULL, NULL, NULL, NULL, NULL, NULL, NULL, 'all', 'active', 1, 'AR', NULL, 0, 0, NULL, NULL, NULL, NULL, NULL, NULL, 1, 0, 0, NULL, NULL, 0, NULL, 1732481639, NULL, NULL, NULL, NULL, 5, 10, NULL, NULL),
(2510, 'Béchir mneri', 'organization', 3, NULL, '55102127', NULL, NULL, '$2y$10$9HQby6nsFB8Qo3Jeg8LW6uqFSDhHG247STGNR/U5AqmBRkDICHO7u', NULL, NULL, NULL, 0, 0, NULL, '{\"color\":\"000000\",\"background\":\"ce93d8\"}', NULL, NULL, NULL, NULL, NULL, NULL, NULL, NULL, NULL, NULL, 'all', 'active', 1, NULL, 'Africa/Tunis', 0, 0, NULL, NULL, NULL, NULL, NULL, NULL, 0, 0, 0, NULL, NULL, 0, NULL, 1732489957, '\"{\\\"dashboard\\\":[\\\"step1_completed\\\",\\\"step2_completed\\\",\\\"step3_completed\\\",\\\"step1_child_completed\\\"],\\\"manuel\\\":[\\\"step1_child_manuel_completed\\\"]}\"', NULL, NULL, NULL, NULL, NULL, NULL, NULL),
(2511, 'Youssef', 'enfant', 8, 2510, NULL, NULL, NULL, '$2y$10$s1KVo6hat2dvPatbLWTUQOFUTEGX7BfnxNMkfxl6n2O6hvRsXMt/G', NULL, NULL, NULL, 1, 0, '/f16.png', NULL, NULL, NULL, NULL, NULL, NULL, NULL, NULL, NULL, NULL, NULL, 'all', 'active', 1, 'AR', NULL, 0, 0, NULL, NULL, NULL, NULL, NULL, NULL, 1, 0, 0, NULL, NULL, 0, NULL, 1732489977, NULL, NULL, NULL, NULL, 1, 6, NULL, NULL),
(2512, 'widad tunis', 'Inspector', 10, NULL, '88893431', 'widad@gmail.com', NULL, '$2y$10$mp3jTDX4DuHnVbyk0fpAVuRV1dpdZngstzsVBxsgbDPVdlgbVDDAi', NULL, NULL, 'fcjDWHsahbsVd80wYAVt0KBRfFv8TB8qjZeuz9whnpM8JQoiw7GgzlZuWkhD', 1, 0, NULL, '{\"color\":\"FFFFFF\",\"background\":\"ff8f00\"}', NULL, NULL, NULL, NULL, NULL, NULL, NULL, NULL, NULL, NULL, 'all', 'active', 1, 'AR', NULL, 0, 0, NULL, NULL, NULL, NULL, NULL, NULL, 0, 0, 0, NULL, NULL, 0, NULL, 1732525562, NULL, NULL, NULL, NULL, NULL, NULL, NULL, NULL),
(2513, 'asma', 'organization', 3, NULL, '58624957', NULL, NULL, '$2y$10$0I96NWoa2sM8sbxT4nSOzOKGwoqnAKYzinzQOmNffxpXXEYmc3CPe', NULL, NULL, NULL, 0, 0, NULL, '{\"color\":\"000000\",\"background\":\"dce775\"}', NULL, NULL, NULL, NULL, NULL, NULL, NULL, NULL, NULL, NULL, 'all', 'active', 1, NULL, 'Africa/Tunis', 0, 0, NULL, NULL, NULL, NULL, NULL, NULL, 0, 0, 0, NULL, NULL, 0, NULL, 1732535548, '\"{\\\"dashboard\\\":[\\\"step1_completed\\\",\\\"step3_completed\\\",\\\"step2_child_completed\\\",\\\"step2_completed\\\"],\\\"manuel\\\":[\\\"step1_child_manuel_completed\\\",\\\"step2_child_manuel_completed\\\"]}\"', NULL, NULL, NULL, NULL, NULL, NULL, NULL),
(2514, 'malek', 'enfant', 8, 2513, NULL, NULL, NULL, '$2y$10$MNlQ7d8e1G0nRNM5Gk1TVuNyTPNtvPXPhGgxGEjAd06c7nFQRIrGu', NULL, NULL, NULL, 1, 0, '/f14.png', NULL, NULL, NULL, NULL, NULL, NULL, NULL, NULL, NULL, NULL, NULL, 'all', 'active', 1, 'AR', NULL, 0, 0, NULL, NULL, NULL, NULL, NULL, NULL, 1, 0, 0, NULL, NULL, 0, NULL, 1732535560, NULL, NULL, NULL, NULL, 5, 10, NULL, NULL),
(2515, 'khouloud', 'organization', 3, NULL, '21578936', NULL, NULL, '$2y$10$k1WFWOgamXYAWuCfULkEi.KAkDdMYlTV8ZRhCEqxJZ6QksR4q7Htu', NULL, NULL, NULL, 0, 0, NULL, '{\"color\":\"000000\",\"background\":\"E57373\"}', NULL, NULL, NULL, NULL, NULL, NULL, NULL, NULL, NULL, NULL, 'all', 'active', 1, NULL, 'Africa/Tunis', 0, 0, NULL, NULL, NULL, NULL, NULL, NULL, 0, 0, 0, NULL, NULL, 0, NULL, 1732541851, '\"{\\\"dashboard\\\":[\\\"step1_completed\\\",\\\"step3_completed\\\"]}\"', NULL, NULL, NULL, NULL, NULL, NULL, NULL),
(2516, 'ahmed', 'enfant', 8, 2515, NULL, NULL, NULL, '$2y$10$gWSNali9E3Ce0lMNApkuxuqevfiQ2VznSYbUnjrIRlunynSNYmDbi', NULL, NULL, NULL, 1, 0, '/f16.png', NULL, NULL, NULL, NULL, NULL, NULL, NULL, NULL, NULL, NULL, NULL, 'all', 'active', 1, 'AR', NULL, 0, 0, NULL, NULL, NULL, NULL, NULL, NULL, 1, 0, 0, NULL, NULL, 0, NULL, 1732541870, NULL, NULL, NULL, NULL, 3, 8, NULL, NULL),
(2517, 'malika', 'enfant', 8, 2513, NULL, NULL, NULL, '$2y$10$ZpHpEfFbQTrTAdOQwS.Ya..a5lmIkLjdow8DtV0jVNy6F8i7LKyBq', NULL, NULL, NULL, 1, 0, '/girl3.jpeg', NULL, NULL, NULL, NULL, NULL, NULL, NULL, NULL, NULL, NULL, NULL, 'all', 'active', 1, 'AR', NULL, 0, 0, NULL, NULL, NULL, NULL, NULL, NULL, 1, 0, 0, NULL, NULL, 0, NULL, 1732544029, NULL, NULL, NULL, NULL, 6, 11, NULL, NULL),
(2518, 'ddd', 'organization', 3, NULL, '22444444', NULL, NULL, '$2y$10$NIy3e/a3ZX8UYd0kVUhOgO5mtlRavNGeBSWcP7xDpxGAEqActnrbi', NULL, NULL, NULL, 0, 0, NULL, '{\"color\":\"000000\",\"background\":\"69f0ae\"}', NULL, NULL, NULL, NULL, NULL, NULL, NULL, NULL, NULL, NULL, 'all', 'active', 1, NULL, 'Africa/Tunis', 0, 0, NULL, NULL, NULL, NULL, NULL, NULL, 0, 0, 0, NULL, NULL, 0, NULL, 1732552258, '\"{\\\"dashboard\\\":[\\\"step1_completed\\\"]}\"', NULL, NULL, NULL, NULL, NULL, NULL, NULL),
(2520, 'WAFA', 'organization', 3, NULL, '94228920', NULL, NULL, '$2y$10$JtFBV0vk27BN6ez.ZOS44.x1m62vS9nmsdfagwIa.KwEBEAXfgUxG', NULL, NULL, NULL, 0, 0, NULL, '{\"color\":\"FFFFFF\",\"background\":\"039be5\"}', NULL, NULL, NULL, NULL, NULL, NULL, NULL, NULL, NULL, NULL, 'all', 'active', 1, NULL, 'Africa/Tunis', 0, 0, NULL, NULL, NULL, NULL, NULL, NULL, 0, 0, 0, NULL, NULL, 0, NULL, 1732565054, '\"{\\\"dashboard\\\":[\\\"step1_completed\\\",\\\"step3_completed\\\"],\\\"manuel\\\":[\\\"step1_child_manuel_completed\\\"]}\"', NULL, NULL, NULL, NULL, NULL, NULL, NULL),
(2521, 'رتاج', 'enfant', 8, 2520, NULL, NULL, NULL, '$2y$10$WH9YbysMF7WD/w/.Tt2XYewe3GcMbXzQIe1R4CMTa1Xa4wpAtqVV6', NULL, NULL, NULL, 1, 0, '/girl4.jpeg', NULL, NULL, NULL, NULL, NULL, NULL, NULL, NULL, NULL, NULL, NULL, 'all', 'active', 1, 'AR', NULL, 0, 0, NULL, NULL, NULL, NULL, NULL, NULL, 1, 0, 0, NULL, NULL, 0, NULL, 1732565077, NULL, NULL, NULL, NULL, 5, 10, NULL, NULL),
(2522, 'Nabila arfaoui', 'organization', 3, NULL, '50865483', NULL, NULL, '$2y$10$GR1CF/2ilMx6y5WkvmHX3ODcE6lopPLNCuolopFQ8b5YXnGl8IvxC', NULL, NULL, 'Qs3pnHpLf4LRZTXy7oXQPjIdOU3O0uu3qRv11hVfs19NAw3BKfetqwRaFlgv', 0, 0, NULL, '{\"color\":\"000000\",\"background\":\"E57373\"}', NULL, NULL, NULL, NULL, NULL, NULL, NULL, NULL, NULL, NULL, 'all', 'active', 1, NULL, 'Africa/Tunis', 0, 0, NULL, NULL, NULL, NULL, NULL, NULL, 0, 0, 0, NULL, NULL, 0, NULL, 1732606725, '\"{\\\"dashboard\\\":[\\\"step1_completed\\\",\\\"step2_completed\\\",\\\"step3_completed\\\",\\\"step1_child_completed\\\",\\\"step2_child_completed\\\"],\\\"manuel\\\":[\\\"step1_child_manuel_completed\\\"]}\"', NULL, NULL, NULL, NULL, NULL, NULL, NULL),
(2523, 'Amen', 'enfant', 8, 2522, NULL, NULL, NULL, '$2y$10$NNApJOA943355KQ8UVOpZeKZwuTupzKcMT4mm8M5o4nr3d.gGcwqe', NULL, NULL, NULL, 1, 0, '/boy1.jpeg', NULL, NULL, NULL, NULL, NULL, NULL, NULL, NULL, NULL, NULL, NULL, 'all', 'active', 1, 'AR', NULL, 0, 0, NULL, NULL, NULL, NULL, NULL, NULL, 1, 0, 0, NULL, NULL, 0, NULL, 1732606756, NULL, NULL, NULL, NULL, 2, 7, NULL, NULL),
(2524, 'Haroun', 'enfant', 8, 2522, NULL, NULL, NULL, '$2y$10$KhOtvkvwgz6G4ssyiwzYtuSU/JarI3FNGqakcOhs3ddTExx3wa24a', NULL, NULL, NULL, 1, 0, '/boy2.jpeg', NULL, NULL, NULL, NULL, NULL, NULL, NULL, NULL, NULL, NULL, NULL, 'all', 'active', 1, 'AR', NULL, 0, 0, NULL, NULL, NULL, NULL, NULL, NULL, 1, 0, 0, NULL, NULL, 0, NULL, 1732606783, NULL, NULL, NULL, NULL, 1, 6, NULL, NULL),
(2525, 'khouloud', 'organization', 3, NULL, '22415638', NULL, NULL, '$2y$10$rHdzFrNaFa7yMGbJLMbUZ..92kiPnlQGqPE1CZnBmEHlWP21M77IK', NULL, NULL, NULL, 0, 0, NULL, '{\"color\":\"FFFFFF\",\"background\":\"00acc1\"}', NULL, NULL, NULL, NULL, NULL, NULL, NULL, NULL, NULL, NULL, 'all', 'active', 1, NULL, 'Africa/Tunis', 0, 0, NULL, NULL, NULL, NULL, NULL, NULL, 0, 0, 0, NULL, NULL, 0, NULL, 1732612877, '\"{\\\"dashboard\\\":[\\\"step1_completed\\\",\\\"step2_completed\\\",\\\"step3_completed\\\"]}\"', NULL, NULL, NULL, NULL, NULL, NULL, NULL);
INSERT INTO `users` (`id`, `full_name`, `role_name`, `role_id`, `organ_id`, `mobile`, `email`, `bio`, `password`, `google_id`, `facebook_id`, `remember_token`, `verified`, `financial_approval`, `avatar`, `avatar_settings`, `cover_img`, `headline`, `about`, `address`, `country_id`, `province_id`, `city_id`, `district_id`, `location`, `level_of_training`, `meeting_type`, `status`, `access_content`, `language`, `timezone`, `newsletter`, `public_message`, `account_type`, `iban`, `account_id`, `identity_scan`, `certificate`, `commission`, `affiliate`, `can_create_store`, `ban`, `ban_start_at`, `ban_end_at`, `offline`, `offline_message`, `created_at`, `guide_progress`, `updated_at`, `deleted_at`, `school_id`, `section_id`, `level_id`, `option_id`, `matier_id`) VALUES
(2526, 'ahmed', 'enfant', 8, 2525, NULL, NULL, NULL, '$2y$10$o5YgLguB8sQV0IRJrqJKpeaVe69Tb.6dG/.Lf3xwQu/vPE7qS7uXK', NULL, NULL, NULL, 1, 0, '/f16.png', NULL, NULL, NULL, NULL, NULL, NULL, NULL, NULL, NULL, NULL, NULL, 'all', 'active', 1, 'AR', NULL, 0, 0, NULL, NULL, NULL, NULL, NULL, NULL, 1, 0, 0, NULL, NULL, 0, NULL, 1732612902, NULL, NULL, NULL, NULL, 2, 7, NULL, NULL),
(2527, 'malek', 'enfant', 8, 2525, NULL, NULL, NULL, '$2y$10$Ls53T.8GT6AqFVtTJAMgCul8Tqpctk766tjAfsl/neTMLoySBrPAO', NULL, NULL, NULL, 1, 0, '/girl1.jpeg', NULL, NULL, NULL, NULL, NULL, NULL, NULL, NULL, NULL, NULL, NULL, 'all', 'active', 1, 'AR', NULL, 0, 0, NULL, NULL, NULL, NULL, NULL, NULL, 1, 0, 0, NULL, NULL, 0, NULL, 1732612987, NULL, NULL, NULL, NULL, 3, 8, NULL, NULL),
(2529, 'cfvgbhn', 'enfant', 8, 1536, NULL, NULL, NULL, '$2y$10$q/dKGEsVh0fviVyB6Pv4SuoxlU0kaXAR/XAgltAII5zNbxtYjyqGq', NULL, NULL, NULL, 1, 0, '/boy2.jpeg', NULL, NULL, NULL, NULL, NULL, NULL, NULL, NULL, NULL, NULL, NULL, 'all', 'active', 1, 'AR', NULL, 0, 0, NULL, NULL, NULL, NULL, NULL, NULL, 1, 0, 0, NULL, NULL, 0, NULL, 1732614666, NULL, NULL, NULL, NULL, 1, 6, NULL, NULL),
(2530, 'khouloud', 'organization', 3, NULL, '22516344', NULL, NULL, '$2y$10$ioS9TXLXqsR3gMzcm7d7XeTWR1vVnFAaySdoczjUjugKqnRL0x306', NULL, NULL, NULL, 0, 0, NULL, '{\"color\":\"000000\",\"background\":\"9e9e9e\"}', NULL, NULL, NULL, NULL, NULL, NULL, NULL, NULL, NULL, NULL, 'all', 'active', 1, NULL, 'Africa/Tunis', 0, 0, NULL, NULL, NULL, NULL, NULL, NULL, 0, 0, 0, NULL, NULL, 0, NULL, 1732623470, '\"{\\\"dashboard\\\":[\\\"step1_completed\\\",\\\"step3_completed\\\",\\\"step2_completed\\\"]}\"', NULL, NULL, NULL, NULL, NULL, NULL, NULL),
(2531, 'ahmed', 'enfant', 8, 2530, NULL, NULL, NULL, '$2y$10$aT7vX2xCtYqJ/aTQdO5V0uhVdlznAqg8sr1uIUlnfLd9VTJI47R92', NULL, NULL, NULL, 1, 0, '/f14.png', NULL, NULL, NULL, NULL, NULL, NULL, NULL, NULL, NULL, NULL, NULL, 'all', 'active', 1, 'AR', NULL, 0, 0, NULL, NULL, NULL, NULL, NULL, NULL, 1, 0, 0, NULL, NULL, 0, NULL, 1732623483, NULL, NULL, NULL, NULL, 2, 7, NULL, NULL),
(2532, 'malek', 'enfant', 8, 2530, NULL, NULL, NULL, '$2y$10$Wfp3PCx5kcaV6FuSc1Wgr.i2BHmOrJgMQO.be91Up./gkYjyLK6lK', NULL, NULL, NULL, 1, 0, '/girl2.jpeg', NULL, NULL, NULL, NULL, NULL, NULL, NULL, NULL, NULL, NULL, NULL, 'all', 'active', 1, 'AR', NULL, 0, 0, NULL, NULL, NULL, NULL, NULL, NULL, 1, 0, 0, NULL, NULL, 0, NULL, 1732623501, NULL, NULL, NULL, NULL, 3, 8, NULL, NULL),
(2534, 'Asma', 'organization', 3, NULL, '66998822', NULL, NULL, '$2y$10$NzHVI3LlXwyTTpAs2PqQOOyp44azzXJhJyWvc6YuVm9Kq9ES8nswG', NULL, NULL, NULL, 0, 0, NULL, '{\"color\":\"000000\",\"background\":\"EF5350\"}', NULL, NULL, NULL, NULL, NULL, NULL, NULL, NULL, NULL, NULL, 'all', 'active', 1, NULL, 'Africa/Tunis', 0, 0, NULL, NULL, NULL, NULL, NULL, NULL, 0, 0, 0, NULL, NULL, 0, NULL, 1732628737, '\"{\\\"dashboard\\\":[\\\"step1_completed\\\",\\\"step2_completed\\\",\\\"step3_completed\\\",\\\"step1_child_completed\\\",\\\"step2_child_completed\\\"],\\\"manuel\\\":[\\\"step1_child_manuel_completed\\\",\\\"step2_child_manuel_completed\\\"]}\"', NULL, NULL, NULL, NULL, NULL, NULL, NULL),
(2535, 'enfant 1', 'enfant', 8, 2534, NULL, NULL, NULL, '$2y$10$QeIPDtmjQEN28ncXc3T.nendNGkirZZhTnpKRbTt6wMzvolaethMG', NULL, NULL, NULL, 1, 0, '/f14.png', NULL, NULL, NULL, NULL, NULL, NULL, NULL, NULL, NULL, NULL, NULL, 'all', 'active', 1, 'AR', NULL, 0, 0, NULL, NULL, NULL, NULL, NULL, NULL, 1, 0, 0, NULL, NULL, 0, NULL, 1732628751, NULL, NULL, NULL, NULL, 1, 6, NULL, NULL),
(2536, 'enfant 02', 'enfant', 8, 2534, NULL, NULL, NULL, '$2y$10$Y3YCm7DTYQ9P76.rab0u9O6UHaEra8RF7M/YiDr/3D7WHG74E5mOe', NULL, NULL, NULL, 1, 0, '/boy2.jpeg', NULL, NULL, NULL, NULL, NULL, NULL, NULL, NULL, NULL, NULL, NULL, 'all', 'active', 1, 'AR', NULL, 0, 0, NULL, NULL, NULL, NULL, NULL, NULL, 1, 0, 0, NULL, NULL, 0, NULL, 1732628761, NULL, NULL, NULL, NULL, 6, 11, NULL, NULL),
(2537, 'enfant 3', 'enfant', 8, 2534, NULL, NULL, NULL, '$2y$10$jmnF54pf9Kow3xWPyCSiF.QPKqz8eidb3jsJbAUpiOWtH/jQycZna', NULL, NULL, NULL, 1, 0, '/f16.png', NULL, NULL, NULL, NULL, NULL, NULL, NULL, NULL, NULL, NULL, NULL, 'all', 'active', 1, 'AR', NULL, 0, 0, NULL, NULL, NULL, NULL, NULL, NULL, 1, 0, 0, NULL, NULL, 0, NULL, 1732628771, NULL, NULL, NULL, NULL, 3, 8, NULL, NULL),
(2538, 'enfant 4', 'enfant', 8, 2534, NULL, NULL, NULL, '$2y$10$yea08S0PMMCAr0ThRmk6.OpdGd4J.5Y1N8vGjNOtmuNEpBXLS1ZyS', NULL, NULL, NULL, 1, 0, '/boy1.jpeg', NULL, NULL, NULL, NULL, NULL, NULL, NULL, NULL, NULL, NULL, NULL, 'all', 'active', 1, 'AR', NULL, 0, 0, NULL, NULL, NULL, NULL, NULL, NULL, 1, 0, 0, NULL, NULL, 0, NULL, 1732628784, NULL, NULL, NULL, NULL, 4, 9, NULL, NULL),
(2539, 'asma', 'organization', 3, NULL, '52695127', NULL, NULL, '$2y$10$B.LUCnCSdMG6Dt3Ua6HG6u0TBO3Cp96cfeLJorc/mW.eurFN6zzgO', NULL, NULL, NULL, 0, 0, NULL, '{\"color\":\"FFFFFF\",\"background\":\"ffb300\"}', NULL, NULL, NULL, NULL, NULL, NULL, NULL, NULL, NULL, NULL, 'all', 'active', 1, NULL, 'Africa/Tunis', 0, 0, NULL, NULL, NULL, NULL, NULL, NULL, 0, 0, 0, NULL, NULL, 0, NULL, 1732629228, '\"{\\\"dashboard\\\":[\\\"step1_completed\\\",\\\"step3_completed\\\"]}\"', NULL, NULL, NULL, NULL, NULL, NULL, NULL),
(2540, 'amine', 'enfant', 8, 2539, NULL, NULL, NULL, '$2y$10$VHsp7SSZRKQWT02SiZHT9u5pX1g2KrMJw9Q2NLniK07vIkQs3628m', NULL, NULL, NULL, 1, 0, '/f14.png', NULL, NULL, NULL, NULL, NULL, NULL, NULL, NULL, NULL, NULL, NULL, 'all', 'active', 1, 'AR', NULL, 0, 0, NULL, NULL, NULL, NULL, NULL, NULL, 1, 0, 0, NULL, NULL, 0, NULL, 1732629250, NULL, NULL, NULL, NULL, 2, 7, NULL, NULL),
(2542, 'enfant', 'enfant', 8, 2071, NULL, NULL, NULL, '$2y$10$YhrPYDWiNvwr5.2uFwthfO.OtvM6q/9x0BsRhxBMGN1ICKNxle2pC', NULL, NULL, NULL, 1, 0, '/f16.png', NULL, NULL, NULL, NULL, NULL, NULL, NULL, NULL, NULL, NULL, NULL, 'all', 'active', 1, 'AR', NULL, 0, 0, NULL, NULL, NULL, NULL, NULL, NULL, 1, 0, 0, NULL, NULL, 0, NULL, 1732635386, NULL, NULL, NULL, NULL, 5, 10, NULL, NULL),
(2544, 'Faysal Bourguiba', 'teacher', 4, NULL, '56172576', 'faycel.bourguiba@gmail.com', NULL, '$2y$10$gJwv.gWrWZ.seZjbeN3/tOYtfwF1ye7IduoiMhXbDOlj1cTQ9w5Vi', NULL, NULL, NULL, 0, 0, NULL, '{\"color\":\"000000\",\"background\":\"673ab7\"}', NULL, NULL, NULL, NULL, NULL, NULL, NULL, NULL, NULL, NULL, 'all', 'active', 1, NULL, 'Africa/Tunis', 0, 0, NULL, NULL, NULL, NULL, NULL, NULL, 1, 0, 0, NULL, NULL, 0, NULL, 1732716015, NULL, NULL, NULL, NULL, NULL, NULL, NULL, 7),
(2545, 'Ahlem', 'organization', 3, NULL, '29077430', NULL, NULL, '$2y$10$IY80EEVVptEG/YiXrn2yY.xz6HuX0D/G/sah/.JBx2.lZAQmAS5cu', NULL, NULL, NULL, 0, 0, NULL, '{\"color\":\"FFFFFF\",\"background\":\"00695c\"}', NULL, NULL, NULL, NULL, NULL, NULL, NULL, NULL, NULL, NULL, 'all', 'active', 1, NULL, 'Africa/Tunis', 0, 0, NULL, NULL, NULL, NULL, NULL, NULL, 0, 0, 0, NULL, NULL, 0, NULL, 1732721064, '\"{\\\"dashboard\\\":[\\\"step1_completed\\\",\\\"step3_completed\\\",\\\"step2_child_completed\\\",\\\"step2_completed\\\",\\\"step1_child_completed\\\"],\\\"manuel\\\":[\\\"step1_child_manuel_completed\\\",\\\"step2_child_manuel_completed\\\"]}\"', NULL, NULL, NULL, NULL, NULL, NULL, NULL),
(2546, 'enfant 1', 'enfant', 8, 2545, NULL, NULL, NULL, '$2y$10$NxxIdnkKRsBcA.8Kve5SAudGD9gQTViVJYaxb.BzbwgG9EibG2TL6', NULL, NULL, NULL, 1, 0, '/boy2.jpeg', NULL, NULL, NULL, NULL, NULL, NULL, NULL, NULL, NULL, NULL, NULL, 'all', 'active', 1, 'AR', NULL, 0, 0, NULL, NULL, NULL, NULL, NULL, NULL, 1, 0, 0, NULL, NULL, 0, NULL, 1732721086, NULL, NULL, NULL, NULL, 2, 7, NULL, NULL),
(2547, 'ines', 'enfant', 8, 2545, NULL, NULL, NULL, '$2y$10$hvKMatXhxKAkRQq/I2SqTOTZWc/otzzmU5fk9f7Kz8C75e.CP9MBa', NULL, NULL, NULL, 1, 0, '/girl4.jpeg', NULL, NULL, NULL, NULL, NULL, NULL, NULL, NULL, NULL, NULL, NULL, 'all', 'active', 1, 'AR', NULL, 0, 0, NULL, NULL, NULL, NULL, NULL, NULL, 1, 0, 0, NULL, NULL, 0, NULL, 1732721109, NULL, NULL, NULL, NULL, 5, 10, NULL, NULL),
(2548, 'مليكة', 'organization', 3, NULL, '55613304', NULL, NULL, '$2y$10$.5e7YCg66Wf2LBD2XQl6uu7hmULr0BLAE/jIY9dr8GzPSDX6uvhme', NULL, NULL, 'xAW3YCmG8uyZEtyldS64TSwZxj4vnG4bzJQgMxiKsbSBccKuMjKGTMAhZUR4', 0, 0, NULL, '{\"color\":\"000000\",\"background\":\"304ffe\"}', NULL, NULL, NULL, NULL, NULL, NULL, NULL, NULL, NULL, NULL, 'all', 'active', 1, NULL, 'Africa/Tunis', 0, 0, NULL, NULL, NULL, NULL, NULL, NULL, 0, 0, 0, NULL, NULL, 0, NULL, 1732773107, '\"{\\\"dashboard\\\":[\\\"step1_completed\\\",\\\"step2_completed\\\"]}\"', NULL, NULL, NULL, NULL, NULL, NULL, NULL),
(2550, 'فارس', 'enfant', 8, 2548, NULL, NULL, NULL, '$2y$10$24tdAfELOOnD.Gp2H/q0sOhWN7fA.vpLVjtkeYPCJhEO9S8Php2dq', NULL, NULL, NULL, 1, 0, '/boy2.jpeg', NULL, NULL, NULL, NULL, NULL, NULL, NULL, NULL, NULL, NULL, NULL, 'all', 'active', 1, 'AR', NULL, 0, 0, NULL, NULL, NULL, NULL, NULL, NULL, 1, 0, 0, NULL, NULL, 0, NULL, 1732773152, NULL, NULL, NULL, NULL, 4, 9, NULL, NULL),
(2551, 'فارس', 'enfant', 8, 2548, NULL, NULL, NULL, '$2y$10$Y7GWr2z4Vth9acb2hj59BeofZ7Kp5w34dipXYPBf0vXyB66rkp4S.', NULL, NULL, NULL, 1, 0, '/f16.png', NULL, NULL, NULL, NULL, NULL, NULL, NULL, NULL, NULL, NULL, NULL, 'all', 'active', 1, 'AR', NULL, 0, 0, NULL, NULL, NULL, NULL, NULL, NULL, 1, 0, 0, NULL, NULL, 0, NULL, 1732773307, NULL, NULL, NULL, NULL, 5, 10, NULL, NULL),
(2553, 'ايمان الاحمدي', 'organization', 3, NULL, '07365773', NULL, NULL, '$2y$10$VceTzc8oXagUE55wa9I9wurGpBUjUW7fUNYN1l28oOyeeIvd5IWkS', NULL, NULL, NULL, 0, 0, NULL, '{\"color\":\"000000\",\"background\":\"eeeeee\"}', NULL, NULL, NULL, NULL, NULL, NULL, NULL, NULL, NULL, NULL, 'all', 'active', 1, NULL, 'Africa/Tunis', 0, 0, NULL, NULL, NULL, NULL, NULL, NULL, 0, 0, 0, NULL, NULL, 0, NULL, 1732815731, '\"{\\\"dashboard\\\":[\\\"step1_completed\\\",\\\"step2_completed\\\",\\\"step3_completed\\\",\\\"step1_child_completed\\\"]}\"', NULL, NULL, NULL, NULL, NULL, NULL, NULL),
(2554, 'محمد عبد الرحمن الأحمدي', 'enfant', 8, 2553, NULL, NULL, NULL, '$2y$10$.bRCuwgl1ep.SsXxdgZpAOiBNaHlY5Wrfg0cK3buzbDBg/W/WvhwW', NULL, NULL, NULL, 1, 0, '/boy1.jpeg', NULL, NULL, NULL, NULL, NULL, NULL, NULL, NULL, NULL, NULL, NULL, 'all', 'active', 1, 'AR', NULL, 0, 0, NULL, NULL, NULL, NULL, NULL, NULL, 1, 0, 0, NULL, NULL, 0, NULL, 1732815765, NULL, NULL, NULL, NULL, 5, 10, NULL, NULL),
(2555, 'يحيى الأحمدي', 'enfant', 8, 2553, NULL, NULL, NULL, '$2y$10$VHK9nHkT.t3xVMQ1DA0rdeF/I7RBwwrUQMSaoo7h0SRhQ43VjfhPS', NULL, NULL, NULL, 1, 0, '/f16.png', NULL, NULL, NULL, NULL, NULL, NULL, NULL, NULL, NULL, NULL, NULL, 'all', 'active', 1, 'AR', NULL, 0, 0, NULL, NULL, NULL, NULL, NULL, NULL, 1, 0, 0, NULL, NULL, 0, NULL, 1732815797, NULL, NULL, NULL, NULL, 4, 9, NULL, NULL),
(2556, 'أسماء الهواوي', 'organization', 3, NULL, '95021389', NULL, NULL, '$2y$10$riD8AmXbApLUAD9nP15cnud8EiVrHkp5UDeJ1SVxMikDOfdDhchli', NULL, NULL, NULL, 0, 0, NULL, '{\"color\":\"000000\",\"background\":\"6200ea\"}', NULL, NULL, NULL, NULL, NULL, NULL, NULL, NULL, NULL, NULL, 'all', 'active', 1, 'AR', 'Africa/Tunis', 0, 0, NULL, NULL, NULL, NULL, NULL, NULL, 0, 0, 0, NULL, NULL, 0, NULL, 1732819823, '\"{\\\"dashboard\\\":[\\\"step1_completed\\\",\\\"step2_completed\\\",\\\"step3_completed\\\",\\\"step1_child_completed\\\",\\\"step2_child_completed\\\"],\\\"manuel\\\":[\\\"step1_child_manuel_completed\\\"]}\"', NULL, NULL, NULL, NULL, NULL, NULL, NULL),
(2557, 'شيماء', 'enfant', 8, 2556, NULL, NULL, NULL, '$2y$10$.pAj.3mj5XuH0Db3MSfkueZ19nPTWmjgkqD3nckhuJqA.Sw6r/PdG', NULL, NULL, NULL, 1, 0, '/girl3.jpeg', NULL, NULL, NULL, NULL, NULL, NULL, NULL, NULL, NULL, NULL, NULL, 'all', 'active', 1, 'AR', NULL, 0, 0, NULL, NULL, NULL, NULL, NULL, NULL, 1, 0, 0, NULL, NULL, 0, NULL, 1732819838, NULL, NULL, NULL, NULL, 5, 10, NULL, NULL),
(2558, 'oussama safraoui', 'teacher', 4, NULL, '25606219', 'mofifa777@gmail.com', NULL, '$2y$10$rvmDzfSw78XlaowWI.LbKuD.ItutQvyizhSU6G37hDjwW0dbpCQtW', NULL, NULL, '2ncmYwlBiO1OuPyh2e6xvvKUZSNkNpUAQFCiZvYAUNCBT9rezhn1tb1wKwad', 0, 0, NULL, '{\"color\":\"000000\",\"background\":\"90a4ae\"}', NULL, NULL, NULL, NULL, NULL, NULL, NULL, NULL, NULL, NULL, 'all', 'active', 1, 'AR', 'Africa/Tunis', 1, 0, NULL, NULL, NULL, NULL, NULL, NULL, 1, 0, 0, NULL, NULL, 0, NULL, 1732822003, NULL, NULL, NULL, NULL, NULL, NULL, NULL, 7),
(2560, 'Nizar chelly', 'organization', 3, NULL, '50480027', NULL, NULL, '$2y$10$taaELVrqpDvzSD.Q2LMq.unJGzmsxUMjFFiv822/abbw1ahqM/Ytm', NULL, NULL, NULL, 0, 0, NULL, '{\"color\":\"000000\",\"background\":\"00e5ff\"}', NULL, NULL, NULL, NULL, NULL, NULL, NULL, NULL, NULL, NULL, 'all', 'active', 1, NULL, 'Africa/Tunis', 0, 0, NULL, NULL, NULL, NULL, NULL, NULL, 0, 0, 0, NULL, NULL, 0, NULL, 1732874259, '\"{\\\"dashboard\\\":[\\\"step1_completed\\\",\\\"step2_completed\\\",\\\"step3_completed\\\"],\\\"manuel\\\":[\\\"step1_child_manuel_completed\\\",\\\"step2_child_manuel_completed\\\"]}\"', NULL, NULL, NULL, NULL, NULL, NULL, NULL),
(2561, 'assil hz', 'organization', 3, NULL, '22369122', NULL, NULL, '$2y$10$vHFb1ziGOCMG.JnsOHN8iORY37RJwWrc9K8J5fcqNkc.nTwFOJpxy', NULL, NULL, NULL, 0, 0, NULL, '{\"color\":\"000000\",\"background\":\"ffab91\"}', NULL, NULL, NULL, NULL, NULL, NULL, NULL, NULL, NULL, NULL, 'all', 'active', 1, NULL, 'Africa/Tunis', 0, 0, NULL, NULL, NULL, NULL, NULL, NULL, 0, 0, 0, NULL, NULL, 0, NULL, 1732874275, '\"{\\\"dashboard\\\":[\\\"step1_completed\\\",\\\"step3_completed\\\",\\\"step1_child_completed\\\",\\\"step2_child_completed\\\"],\\\"manuel\\\":[\\\"step1_child_manuel_completed\\\",\\\"step2_child_manuel_completed\\\"]}\"', NULL, NULL, NULL, NULL, NULL, NULL, NULL),
(2562, 'Yassine', 'enfant', 8, 2560, NULL, NULL, NULL, '$2y$10$ClnAWcoakgT0MmbQ9PNjE.PKsY5cOAKZHF6arqF9SZ4aSH9dMosHe', NULL, NULL, NULL, 1, 0, '/boy2.jpeg', NULL, NULL, NULL, NULL, NULL, NULL, NULL, NULL, NULL, NULL, NULL, 'all', 'active', 1, 'AR', NULL, 0, 0, NULL, NULL, NULL, NULL, NULL, NULL, 1, 0, 0, NULL, NULL, 0, NULL, 1732874287, NULL, NULL, NULL, NULL, 6, 11, NULL, NULL),
(2563, 'Ata hz', 'enfant', 8, 2561, NULL, NULL, NULL, '$2y$10$wboD/D/z8HjzoqtQWHfiC.2xQcQhRYRx/RqFlQkYCk10ZZreVXTiy', NULL, NULL, NULL, 1, 0, '/f14.png', NULL, NULL, NULL, NULL, NULL, NULL, NULL, NULL, NULL, NULL, NULL, 'all', 'active', 1, 'AR', NULL, 0, 0, NULL, NULL, NULL, NULL, NULL, NULL, 1, 0, 0, NULL, NULL, 0, NULL, 1732874296, NULL, NULL, NULL, NULL, 5, 10, NULL, NULL),
(2565, 'ايمان الحجام', 'organization', 3, NULL, '27726201', NULL, NULL, '$2y$10$mqYjcQM2fKXz8w5/kNQ00.huYYYXmC.szepm/VygTLv8CJood7D.S', NULL, NULL, NULL, 0, 0, NULL, '{\"color\":\"000000\",\"background\":\"ab47bc\"}', NULL, NULL, NULL, NULL, NULL, NULL, NULL, NULL, NULL, NULL, 'all', 'active', 1, NULL, 'Africa/Tunis', 0, 0, NULL, NULL, NULL, NULL, NULL, NULL, 0, 0, 0, NULL, NULL, 0, NULL, 1732948254, '\"{\\\"dashboard\\\":[\\\"step1_completed\\\",\\\"step3_completed\\\",\\\"step1_child_completed\\\",\\\"step2_child_completed\\\"]}\"', NULL, NULL, NULL, NULL, NULL, NULL, NULL),
(2566, 'جود', 'enfant', 8, 2565, NULL, NULL, NULL, '$2y$10$C7/Sg0/wOsbDWP/PrUuLxeIYFikZ5beF1hDbt3grozRaL73dJXR2C', NULL, NULL, NULL, 1, 0, '/f14.png', NULL, NULL, NULL, NULL, NULL, NULL, NULL, NULL, NULL, NULL, NULL, 'all', 'active', 1, 'AR', NULL, 0, 0, NULL, NULL, NULL, NULL, NULL, NULL, 1, 0, 0, NULL, NULL, 0, NULL, 1732948274, NULL, NULL, NULL, NULL, 1, 6, NULL, NULL),
(2567, 'اكرام العلوي', 'organization', 3, NULL, '23678743', NULL, NULL, '$2y$10$sbMx7QvcMpR/eVQBC1A.me6k1PEU1Zgmr8por3N6ft46wGcplb5H6', NULL, NULL, NULL, 0, 0, NULL, '{\"color\":\"FFFFFF\",\"background\":\"263238\"}', NULL, NULL, NULL, NULL, NULL, NULL, NULL, NULL, NULL, NULL, 'all', 'active', 1, NULL, 'Africa/Tunis', 0, 0, NULL, NULL, NULL, NULL, NULL, NULL, 0, 0, 0, NULL, NULL, 0, NULL, 1732981824, '\"{\\\"dashboard\\\":[\\\"step1_completed\\\",\\\"step2_completed\\\",\\\"step1_child_completed\\\",\\\"step3_completed\\\"],\\\"manuel\\\":[\\\"step1_child_manuel_completed\\\",\\\"step2_child_manuel_completed\\\"]}\"', NULL, NULL, NULL, NULL, NULL, NULL, NULL),
(2568, 'janna', 'enfant', 8, 2567, NULL, NULL, NULL, '$2y$10$drDwe3CvINFzS1mRV1q6JeyLt2/bS1DiKY4IXgjJ6hRO9NPXzygUq', NULL, NULL, NULL, 1, 0, '/girl1.jpeg', NULL, NULL, NULL, NULL, NULL, NULL, NULL, NULL, NULL, NULL, NULL, 'all', 'active', 1, 'AR', NULL, 0, 0, NULL, NULL, NULL, NULL, NULL, NULL, 1, 0, 0, NULL, NULL, 0, NULL, 1732981855, NULL, NULL, NULL, NULL, 1, 6, NULL, NULL),
(2569, 'med', 'enfant', 8, 2567, NULL, NULL, NULL, '$2y$10$gZF81/qFd7tD1lgWFqqgNO0o.GEgp877Rkv2c8kHbAfxVOfBeZCSW', NULL, NULL, NULL, 1, 0, '/boy1.jpeg', NULL, NULL, NULL, NULL, NULL, NULL, NULL, NULL, NULL, NULL, NULL, 'all', 'active', 1, 'AR', NULL, 0, 0, NULL, NULL, NULL, NULL, NULL, NULL, 1, 0, 0, NULL, NULL, 0, NULL, 1732981873, NULL, NULL, NULL, NULL, 2, 7, NULL, NULL),
(2570, 'khadija souissi', 'teacher', 4, NULL, '53033617', 'khadijasouissii03@gmail.com', NULL, '$2y$10$OaGmei/rDjznZcRCWiwBNe/uuG/G/WixSjg.OajpJG2fc/a7dt8H.', NULL, NULL, NULL, 0, 0, NULL, '{\"color\":\"000000\",\"background\":\"dd2c00\"}', NULL, NULL, NULL, NULL, NULL, NULL, NULL, NULL, NULL, NULL, 'all', 'active', 1, NULL, 'Africa/Tunis', 0, 0, NULL, NULL, NULL, NULL, NULL, NULL, 1, 0, 0, NULL, NULL, 0, NULL, 1732984788, NULL, NULL, NULL, NULL, NULL, NULL, NULL, 7),
(2571, 'سيف الدين بن الحاج أحمد', 'teacher', 4, NULL, '29660908', 'seifeddine190@gmail.com', NULL, '$2y$10$lXBSNDQwTLjkXQLe5V7SUudq2vRuaHjRd8xzmjJp5ro0T6N.zhpHi', NULL, NULL, 'L9tZmekOZNBtEsHfvRskbas1OvyYAdXkTnM2LZw6XaSX00TZn8wfuD9kohkL', 0, 0, NULL, '{\"color\":\"000000\",\"background\":\"ffe57f\"}', NULL, NULL, NULL, NULL, NULL, NULL, NULL, NULL, NULL, NULL, 'all', 'active', 1, NULL, 'Africa/Tunis', 0, 0, NULL, NULL, NULL, NULL, NULL, NULL, 1, 0, 0, NULL, NULL, 0, NULL, 1732991381, NULL, NULL, NULL, NULL, NULL, NULL, NULL, 7),
(2572, 'ريم زرق عيونة', 'organization', 3, NULL, '29661020', NULL, NULL, '$2y$10$HyN00WP2t5RdakbNCny0me.gINkTX5rbdHHIbo.HxXuLQKbvtxKqi', NULL, NULL, 's27A5vPO7boQycovbmjsi8j0RoEzOXbeQ15kRtbi7y0mDC7BY72KUhvai7gb', 0, 0, NULL, '{\"color\":\"000000\",\"background\":\"FF8A80\"}', NULL, NULL, NULL, NULL, NULL, NULL, NULL, NULL, NULL, NULL, 'all', 'active', 1, NULL, 'Africa/Tunis', 0, 0, NULL, NULL, NULL, NULL, NULL, NULL, 0, 0, 0, NULL, NULL, 0, NULL, 1732992455, '\"{\\\"dashboard\\\":[\\\"step1_completed\\\",\\\"step2_completed\\\",\\\"step3_completed\\\",\\\"step1_child_completed\\\",\\\"step2_child_completed\\\"],\\\"manuel\\\":[\\\"step1_child_manuel_completed\\\",\\\"step2_child_manuel_completed\\\"]}\"', NULL, NULL, NULL, NULL, NULL, NULL, NULL),
(2573, 'أريج', 'enfant', 8, 2572, NULL, NULL, NULL, '$2y$10$a4HWMRtXCFQ5UE8mYxJfQeMRCgVcp/5VeXDP06Xg6g5kf9FcXgLWq', NULL, NULL, NULL, 1, 0, '/girl3.jpeg', NULL, NULL, NULL, NULL, NULL, NULL, NULL, NULL, NULL, NULL, NULL, 'all', 'active', 1, 'AR', NULL, 0, 0, NULL, NULL, NULL, NULL, NULL, NULL, 1, 0, 0, NULL, NULL, 0, NULL, 1732992487, NULL, NULL, NULL, NULL, 6, 11, NULL, NULL),
(2574, 'ميار', 'enfant', 8, 2572, NULL, NULL, NULL, '$2y$10$wK8xWS1PFcAHE9j0A2EDM.ZmbjC78QxDn5t4H1Weoah4Kzu7b0IOe', NULL, NULL, NULL, 1, 0, '/girl1.jpeg', NULL, NULL, NULL, NULL, NULL, NULL, NULL, NULL, NULL, NULL, NULL, 'all', 'active', 1, 'AR', NULL, 0, 0, NULL, NULL, NULL, NULL, NULL, NULL, 1, 0, 0, NULL, NULL, 0, NULL, 1732992502, NULL, NULL, NULL, NULL, 4, 9, NULL, NULL),
(2576, 'souha ghezal', 'teacher', 4, NULL, '95030025', 'ghezalsouha1@gmail.com', NULL, '$2y$10$yRbInBOolv47exp7f7QHJOhLWb7tjEvygt.tPF8LSflnmrXq5aNIW', NULL, NULL, NULL, 0, 0, NULL, '{\"color\":\"000000\",\"background\":\"90a4ae\"}', NULL, NULL, NULL, NULL, NULL, NULL, NULL, NULL, NULL, NULL, 'all', 'active', 1, NULL, 'Africa/Tunis', 0, 0, NULL, NULL, NULL, NULL, NULL, NULL, 1, 0, 0, NULL, NULL, 0, NULL, 1733041738, NULL, NULL, NULL, NULL, NULL, NULL, NULL, 7),
(2577, 'AsmaKR', 'teacher', 4, NULL, '29281188', 'Kraiemasma1@gmail.com', NULL, '$2y$10$Gu4HZVOuqEbUkG1ZeHDVFuLw4BBNyrYOh6NkJcl915OLvj7mhFbN6', NULL, NULL, NULL, 0, 0, NULL, '{\"color\":\"000000\",\"background\":\"5c6bc0\"}', NULL, NULL, NULL, NULL, NULL, NULL, NULL, NULL, NULL, NULL, 'all', 'active', 1, NULL, 'Africa/Tunis', 0, 0, NULL, NULL, NULL, NULL, NULL, NULL, 1, 0, 0, NULL, NULL, 0, NULL, 1733041890, NULL, NULL, NULL, NULL, NULL, NULL, NULL, 7),
(2578, 'salwa Daboussi', 'teacher', 4, NULL, '22935301', 'salwa.ds.2012@gmail.com', NULL, '$2y$10$sLvMx6laCV8UNeIHTXyDe.5b8Agc3U0G4odPbhIguj.ANWCxUMYv.', NULL, NULL, NULL, 0, 0, NULL, '{\"color\":\"000000\",\"background\":\"a7ffeb\"}', NULL, NULL, NULL, NULL, NULL, NULL, NULL, NULL, NULL, NULL, 'all', 'active', 1, NULL, 'Africa/Tunis', 0, 0, NULL, NULL, NULL, NULL, NULL, NULL, 1, 0, 0, NULL, NULL, 0, NULL, 1733041987, NULL, NULL, NULL, NULL, NULL, NULL, NULL, 7),
(2579, 'Ameni boughanmi', 'teacher', 4, NULL, '27231313', 'amaniboughanmib@gmail.com', NULL, '$2y$10$SPeYDdtMW4U3QXgCdXHsfeHHYPZU53ke4IWtoIY6Y6Vng96HO0oAK', NULL, NULL, '5aIgGEx9bcy2hqzkY8Jnc0j2GPKtxIBA6kKL36Y0q0hZmOuR3d7vwx0zwd5C', 0, 0, NULL, '{\"color\":\"FFFFFF\",\"background\":\"ff8f00\"}', NULL, NULL, NULL, NULL, NULL, NULL, NULL, NULL, NULL, NULL, 'all', 'active', 1, NULL, 'Africa/Tunis', 0, 0, NULL, NULL, NULL, NULL, NULL, NULL, 1, 0, 0, NULL, NULL, 0, NULL, 1733042197, NULL, NULL, NULL, NULL, NULL, NULL, NULL, 7),
(2580, 'سلمى الطرابلسي', 'teacher', 4, NULL, '52266551', 'papou11033@gmail.com', NULL, '$2y$10$4oHwWSFQbHBL4OsDsPlKaORrVeVPmK91mJ419y.5JP/D3eFGjUBzK', NULL, NULL, 'vyqrafZPRiqTW7anbCEqzGYlGPC8EeDULqK9llyn6gxnFEFL6hrlSMJdu0T4', 0, 0, NULL, '{\"color\":\"000000\",\"background\":\"536dfe\"}', NULL, NULL, NULL, NULL, NULL, NULL, NULL, NULL, NULL, NULL, 'all', 'active', 1, NULL, 'Africa/Tunis', 0, 0, NULL, NULL, NULL, NULL, NULL, NULL, 1, 0, 0, NULL, NULL, 0, NULL, 1733042546, NULL, NULL, NULL, NULL, NULL, NULL, NULL, 7),
(2581, 'test test', 'teacher', 4, NULL, '54094454', 'salma.ouerzazi@gmail.com', NULL, '$2y$10$hH9GhuN5OQavdqKgwScAWuqmwFgNpwks1WGZduMFNCf86etbBstgu', NULL, NULL, NULL, 0, 0, NULL, '{\"color\":\"000000\",\"background\":\"ff7043\"}', NULL, NULL, NULL, NULL, NULL, NULL, NULL, NULL, NULL, NULL, 'all', 'pending', 1, NULL, 'Africa/Tunis', 0, 0, NULL, NULL, NULL, NULL, NULL, NULL, 1, 0, 0, NULL, NULL, 0, NULL, 1733043427, NULL, NULL, NULL, NULL, NULL, NULL, NULL, NULL),
(2582, 'كلثوم النصراوي', 'teacher', 4, NULL, '92356661', 'kalthoum.nasraoui@gmail.com', NULL, '$2y$10$.yry/QJJuZ/4NQrFa7DhVe.yS1RZOB5UMVUYWIMh0rC0LfqHR5lty', NULL, NULL, 'DnNrB0iccjl17Bm5DUqPIPfbruGAQ5obo6lDaRsVpeK2jVka1i1BoyX8pScZ', 0, 0, NULL, '{\"color\":\"000000\",\"background\":\"e6ee9c\"}', NULL, NULL, NULL, NULL, NULL, NULL, NULL, NULL, NULL, NULL, 'all', 'active', 1, NULL, 'Africa/Tunis', 0, 0, NULL, NULL, NULL, NULL, NULL, NULL, 1, 0, 0, NULL, NULL, 0, NULL, 1733043531, NULL, NULL, NULL, NULL, NULL, NULL, NULL, 7),
(2583, 'عواطف العسكري', 'teacher', 4, NULL, '94558930', 'askriawatefa2@gmail.com', NULL, '$2y$10$Hpjsu/AmEjOfd1iw2DNUQ..UWoAI8yvd4N4eg.Lo6u1I9Q3IDwAk2', NULL, NULL, NULL, 0, 0, NULL, '{\"color\":\"000000\",\"background\":\"fbe9e7\"}', NULL, NULL, NULL, NULL, NULL, NULL, NULL, NULL, NULL, NULL, 'all', 'active', 1, NULL, 'Africa/Tunis', 0, 0, NULL, NULL, NULL, NULL, NULL, NULL, 1, 0, 0, NULL, NULL, 0, NULL, 1733043829, NULL, NULL, NULL, NULL, NULL, NULL, NULL, 7),
(2584, 'test test', 'teacher', 4, NULL, '78996654', 'salma.ouerzazi@polytechnicien.tnn', NULL, '$2y$10$38ZYTbDvj/h/2lCFSyqYd.LZoF0r8UAKy4HqsMutP7FPWTf.Utt56', NULL, NULL, NULL, 0, 0, NULL, '{\"color\":\"000000\",\"background\":\"dcedc8\"}', NULL, NULL, NULL, NULL, NULL, NULL, NULL, NULL, NULL, NULL, 'all', 'pending', 1, NULL, 'Africa/Tunis', 0, 0, NULL, NULL, NULL, NULL, NULL, NULL, 1, 0, 0, NULL, NULL, 0, NULL, 1733043927, NULL, NULL, NULL, NULL, NULL, NULL, NULL, NULL),
(2585, 'سلمى الطرابلسي', 'organization', 3, NULL, '20551442', NULL, NULL, '$2y$10$Sm2nKYYvBEYQ.LGj/ant6u4jDLJwtck3PvJfXU3NGoEZQetdINt/C', NULL, NULL, NULL, 0, 0, NULL, '{\"color\":\"FFFFFF\",\"background\":\"039be5\"}', NULL, NULL, NULL, NULL, NULL, NULL, NULL, NULL, NULL, NULL, 'all', 'active', 1, NULL, 'Africa/Tunis', 0, 0, NULL, NULL, NULL, NULL, NULL, NULL, 0, 0, 0, NULL, NULL, 0, NULL, 1733044427, '\"{\\\"dashboard\\\":[\\\"step1_completed\\\",\\\"step3_completed\\\",\\\"step1_child_completed\\\"],\\\"manuel\\\":[\\\"step1_child_manuel_completed\\\",\\\"step2_child_manuel_completed\\\"]}\"', NULL, NULL, NULL, NULL, NULL, NULL, NULL),
(2586, 'اسراء', 'enfant', 8, 2585, NULL, NULL, NULL, '$2y$10$19Mvi8Be3YCb9rCUoa.dnu/.esQhKF8ys88EVmsYnJArIZIyTywi.', NULL, NULL, NULL, 1, 0, '/girl1.jpeg', NULL, NULL, NULL, NULL, NULL, NULL, NULL, NULL, NULL, NULL, NULL, 'all', 'active', 1, 'AR', NULL, 0, 0, NULL, NULL, NULL, NULL, NULL, NULL, 1, 0, 0, NULL, NULL, 0, NULL, 1733044461, NULL, NULL, NULL, NULL, 3, 8, NULL, NULL),
(2587, 'kalthoum', 'organization', 3, NULL, '56874952', NULL, NULL, '$2y$10$VG8rL5kl.L41o3OAyrqCz.rH.fZUhCRyYH.bUZjIFr14Z9d.N33FK', NULL, NULL, NULL, 0, 0, NULL, '{\"color\":\"000000\",\"background\":\"2979ff\"}', NULL, NULL, NULL, NULL, NULL, NULL, NULL, NULL, NULL, NULL, 'all', 'active', 1, NULL, 'Africa/Tunis', 0, 0, NULL, NULL, NULL, NULL, NULL, NULL, 0, 0, 0, NULL, NULL, 0, NULL, 1733044480, '\"{\\\"dashboard\\\":[\\\"step1_completed\\\",\\\"step3_completed\\\"],\\\"manuel\\\":[\\\"step1_child_manuel_completed\\\",\\\"step2_child_manuel_completed\\\"]}\"', NULL, NULL, NULL, NULL, NULL, NULL, NULL),
(2588, 'irane ben nasr', 'teacher', 4, NULL, '24191436', 'irane.azzouz@gmail.com', NULL, '$2y$10$Gw0udnVavZSVGZuoAdhdj.TcSBhIRwmVX51zTevEOx1smoI/8t53u', NULL, NULL, 'jseKQH9ji01OObYsqsLZsJgJXA77y3DLUtbcoBCuyngawatkNBqNw37fX3No', 0, 0, NULL, '{\"color\":\"000000\",\"background\":\"29b6f6\"}', NULL, NULL, NULL, NULL, NULL, NULL, NULL, NULL, NULL, NULL, 'all', 'active', 1, NULL, 'Africa/Tunis', 0, 0, NULL, NULL, NULL, NULL, NULL, NULL, 1, 0, 0, NULL, NULL, 0, NULL, 1733044483, NULL, NULL, NULL, NULL, NULL, NULL, NULL, 7),
(2589, 'firas', 'enfant', 8, 2587, NULL, NULL, NULL, '$2y$10$7QzUFYfRRTCYq1z7HwMtSOukWdF9.Joslymp/FZD2R.cmwrmnhrmq', NULL, NULL, NULL, 1, 0, '/boy1.jpeg', NULL, NULL, NULL, NULL, NULL, NULL, NULL, NULL, NULL, NULL, NULL, 'all', 'active', 1, 'AR', NULL, 0, 0, NULL, NULL, NULL, NULL, NULL, NULL, 1, 0, 0, NULL, NULL, 0, NULL, 1733044507, NULL, NULL, NULL, NULL, 3, 8, NULL, NULL),
(2590, 'نجاح إبراهيم', 'teacher', 4, NULL, '93550211', 'najehibrahim2019@gmail.com', NULL, '$2y$10$j/QjVn0UA3tf8IXhWkqHu.iOfnZ6a3xo8ptGiOnd.1oD3noCqqFHO', NULL, NULL, NULL, 0, 0, NULL, '{\"color\":\"000000\",\"background\":\"f1f8e9\"}', NULL, NULL, NULL, NULL, NULL, NULL, NULL, NULL, NULL, NULL, 'all', 'active', 1, NULL, 'Africa/Tunis', 0, 0, NULL, NULL, NULL, NULL, NULL, NULL, 1, 0, 0, NULL, NULL, 0, NULL, 1733044517, NULL, NULL, NULL, NULL, NULL, NULL, NULL, 7),
(2591, 'wejden mannai', 'teacher', 4, NULL, '28539943', 'wejden.mannai7@gmail.com', NULL, '$2y$10$.nDKCtvRCabS7X1XvbdiguvDFf0xZ0nApFJQBDtdE07atzUyIAdNa', NULL, NULL, NULL, 0, 0, NULL, '{\"color\":\"000000\",\"background\":\"607d8b\"}', NULL, NULL, NULL, NULL, NULL, NULL, NULL, NULL, NULL, NULL, 'all', 'active', 1, NULL, 'Africa/Tunis', 0, 0, NULL, NULL, NULL, NULL, NULL, NULL, 1, 0, 0, NULL, NULL, 0, NULL, 1733044665, NULL, NULL, NULL, NULL, NULL, NULL, NULL, 7),
(2592, 'نزيهة النفوطي', 'teacher', 4, NULL, '96791077', 'nafouti.18110311@gmail.com', NULL, '$2y$10$9TQzyP5C7fc12EEgYJ5OEuCsDC6aPLCOuCLOPjbroq03lyfCFbV0O', NULL, NULL, 'aeyx9UMLyTIyAv3iGe4CFTC4ljlkNXKZKD1oYsPudiVRJlxOP4LYMqBcPt8R', 0, 0, NULL, '{\"color\":\"000000\",\"background\":\"EF9A9A\"}', NULL, NULL, NULL, NULL, NULL, NULL, NULL, NULL, NULL, NULL, 'all', 'active', 1, NULL, 'Africa/Tunis', 0, 0, NULL, NULL, NULL, NULL, NULL, NULL, 1, 0, 0, NULL, NULL, 0, NULL, 1733044741, NULL, NULL, NULL, NULL, NULL, NULL, NULL, 7),
(2593, 'ألفة الفرشيشي', 'teacher', 4, NULL, '29839438', 'ferchichiolfa08091978@gmail.com', NULL, '$2y$10$SrXA8ReBoyx5yAOgFDCwve8vULruyx0kjsg2tA.NTpTJEUy.bX8i2', NULL, NULL, NULL, 0, 0, NULL, '{\"color\":\"000000\",\"background\":\"9575cd\"}', NULL, NULL, NULL, NULL, NULL, NULL, NULL, NULL, NULL, NULL, 'all', 'active', 1, NULL, 'Africa/Tunis', 0, 0, NULL, NULL, NULL, NULL, NULL, NULL, 1, 0, 0, NULL, NULL, 0, NULL, 1733044945, NULL, NULL, NULL, NULL, NULL, NULL, NULL, 7),
(2594, 'raef latrech', 'teacher', 4, NULL, '28639193', 'raefd.latrech@gmail.com', NULL, '$2y$10$6vUFrkz2z28L7cw4lnug0.peabqCp2Vwoj7ZlZSZtTUQ7Xyz4ZF5y', NULL, NULL, NULL, 0, 0, NULL, '{\"color\":\"000000\",\"background\":\"f4ff81\"}', NULL, NULL, NULL, NULL, NULL, NULL, NULL, NULL, NULL, NULL, 'all', 'pending', 1, NULL, 'Africa/Tunis', 0, 0, NULL, NULL, NULL, NULL, NULL, NULL, 1, 0, 0, NULL, NULL, 0, NULL, 1733046999, NULL, NULL, NULL, NULL, NULL, NULL, NULL, NULL),
(2595, 'raef latrech', 'teacher', 4, NULL, '28639193', 'raef.latrech@gmail.com', NULL, '$2y$10$V6hcDTmGgMTqOXGPX7FFjuVN7YkynQBHc0KYgBWwgjctUjiZ4Tbge', NULL, NULL, NULL, 0, 0, NULL, '{\"color\":\"000000\",\"background\":\"90a4ae\"}', NULL, NULL, NULL, NULL, NULL, NULL, NULL, NULL, NULL, NULL, 'all', 'active', 1, NULL, 'Africa/Tunis', 0, 0, NULL, NULL, NULL, NULL, NULL, NULL, 1, 0, 0, NULL, NULL, 0, NULL, 1733047042, NULL, NULL, NULL, NULL, NULL, NULL, NULL, 7),
(2596, 'شيماء الغالي', 'teacher', 4, NULL, '53729948', 'chaimarania41@gmail.com', 'أستاذة تعليم ابتدائي', '$2y$10$fxVdLiEpTWMtdRS2yt4IouvUvPzvWITrIbQdPuMJlJFigVS2xj/Ou', NULL, NULL, 'NqWhDyQTtpLvMtit2uPLE36xi1XnJtlxlEbdsd6AzwSs8LPbByAwaqiRhLau', 0, 0, '/store/2596/avatar/6755a422effac.png', '{\"color\":\"FFFFFF\",\"background\":\"039be5\"}', NULL, NULL, 'أستاذة تعليم ابتدائي متحصلة على الاجازة الوطنية في التربية و التعليم📚👩🏻‍🏫', NULL, NULL, NULL, NULL, NULL, NULL, NULL, 'all', 'active', 1, NULL, 'Africa/Tunis', 0, 0, NULL, NULL, NULL, NULL, NULL, NULL, 1, 0, 0, NULL, NULL, 0, NULL, 1733049942, NULL, NULL, NULL, NULL, NULL, NULL, NULL, 7),
(2597, 'سميرة زعقاري', 'teacher', 4, NULL, '22601812', 'zaagarisamira1974@gmail.com', NULL, '$2y$10$08jD0Eh2clxQ0sNhL.hNSu.DOsx3F8z1cIkHQuLu5.hFB/Tfhh5w6', NULL, NULL, NULL, 0, 0, NULL, '{\"color\":\"000000\",\"background\":\"3d5afe\"}', NULL, NULL, NULL, NULL, NULL, NULL, NULL, NULL, NULL, NULL, 'all', 'active', 1, NULL, 'Africa/Tunis', 0, 0, NULL, NULL, NULL, NULL, NULL, NULL, 1, 0, 0, NULL, NULL, 0, NULL, 1733050131, NULL, NULL, NULL, NULL, NULL, NULL, NULL, 7),
(2598, 'أحمدي علجيّة', 'teacher', 4, NULL, '20294122', 'ahmadieljia129@gmail.com', NULL, '$2y$10$Nj9VYQH1dhH6YIbE2rhQmOYYyANKXMTbRTZYRi5dtxRx5elJCU.c.', NULL, NULL, NULL, 0, 0, NULL, '{\"color\":\"000000\",\"background\":\"ab47bc\"}', NULL, NULL, NULL, NULL, NULL, NULL, NULL, NULL, NULL, NULL, 'all', 'active', 1, NULL, 'Africa/Tunis', 0, 0, NULL, NULL, NULL, NULL, NULL, NULL, 1, 0, 0, NULL, NULL, 0, NULL, 1733050877, NULL, NULL, NULL, NULL, NULL, NULL, NULL, 7),
(2599, 'Yahya hajjej', 'teacher', 4, NULL, '27534297', 'hajjejyahya4@gmail.com', NULL, '$2y$10$B7iFy7UiH2KFMqOVu4D6B.3YvSs3X/8gBnfmO7uDlUTJ4rXfJW6KG', NULL, NULL, NULL, 0, 0, NULL, '{\"color\":\"000000\",\"background\":\"fff176\"}', NULL, NULL, NULL, NULL, NULL, NULL, NULL, NULL, NULL, NULL, 'all', 'active', 1, NULL, 'Africa/Tunis', 1, 0, NULL, NULL, NULL, NULL, NULL, NULL, 1, 0, 0, NULL, NULL, 0, NULL, 1733051752, NULL, NULL, NULL, NULL, NULL, NULL, NULL, 7),
(2600, 'Dridi Abir', 'teacher', 4, NULL, '22055692', 'dridi.abir99@gmail.com', NULL, '$2y$10$BFoCJuI4HNcYVzz9UTyKMOYh0Nkj1MFXLfrjG4KmlO9t0D9JvF/Mm', NULL, NULL, NULL, 0, 0, NULL, '{\"color\":\"000000\",\"background\":\"64dd17\"}', NULL, NULL, NULL, NULL, NULL, NULL, NULL, NULL, NULL, NULL, 'all', 'active', 1, 'FR', 'Africa/Tunis', 0, 0, NULL, NULL, NULL, NULL, NULL, NULL, 1, 0, 0, NULL, NULL, 0, NULL, 1733065104, NULL, NULL, NULL, NULL, NULL, NULL, NULL, 7),
(2603, 'mohamed ali', 'organization', 3, NULL, '92015415', NULL, NULL, '$2y$10$g5NgAgbskdS1JgwfvjYtzeLh8wgqqHtDn7bPZuWRnI6nZxFT30vWu', NULL, NULL, NULL, 0, 0, NULL, '{\"color\":\"000000\",\"background\":\"ffe57f\"}', NULL, NULL, NULL, NULL, NULL, NULL, NULL, NULL, NULL, NULL, 'all', 'active', 1, NULL, 'Africa/Tunis', 0, 0, NULL, NULL, NULL, NULL, NULL, NULL, 0, 0, 0, NULL, NULL, 0, NULL, 1733145205, '\"{\\\"dashboard\\\":[\\\"step1_completed\\\",\\\"step3_completed\\\",\\\"step1_child_completed\\\",\\\"step2_child_completed\\\"],\\\"manuel\\\":[\\\"step1_child_manuel_completed\\\",\\\"step2_child_manuel_completed\\\"]}\"', NULL, NULL, NULL, NULL, NULL, NULL, NULL),
(2604, 'omar', 'enfant', 8, 2603, NULL, NULL, NULL, '$2y$10$FTJUr7v61uWHAe6R1CJub.W6mVTH2/NM/QpES0RllfAsSCvcOjXTC', NULL, NULL, NULL, 1, 0, '/boy2.jpeg', NULL, NULL, NULL, NULL, NULL, NULL, NULL, NULL, NULL, NULL, NULL, 'all', 'active', 1, 'AR', NULL, 0, 0, NULL, NULL, NULL, NULL, NULL, NULL, 1, 0, 0, NULL, NULL, 0, NULL, 1733145227, NULL, NULL, NULL, NULL, 5, 10, NULL, NULL),
(2606, 'ريّان', 'enfant', 8, 2313, NULL, NULL, NULL, '$2y$10$kOTS3VX7SH38EK8t0FZhQeSjldaAd3/7H6AYLyj1H3pcp1Pnm8LQS', NULL, NULL, NULL, 1, 0, '/boy1.jpeg', NULL, NULL, NULL, NULL, NULL, NULL, NULL, NULL, NULL, NULL, NULL, 'all', 'active', 1, 'AR', NULL, 0, 0, NULL, NULL, NULL, NULL, NULL, NULL, 1, 0, 0, NULL, NULL, 0, NULL, 1733223926, NULL, NULL, NULL, NULL, 5, 10, NULL, NULL),
(2607, 'khouloud', 'organization', 3, NULL, '22468554', NULL, NULL, '$2y$10$Sz6GsbAmPsDF3CwuguwqwOqIqUM/YHdrJM2Fz0fLO5JPwiHE9G5IO', NULL, NULL, NULL, 0, 0, NULL, '{\"color\":\"FFFFFF\",\"background\":\"1a237e\"}', NULL, NULL, NULL, NULL, NULL, NULL, NULL, NULL, NULL, NULL, 'all', 'active', 1, NULL, 'Africa/Tunis', 0, 0, NULL, NULL, NULL, NULL, NULL, NULL, 0, 0, 0, NULL, NULL, 0, NULL, 1733229295, '\"{\\\"dashboard\\\":[\\\"step1_completed\\\",\\\"step3_completed\\\",\\\"step2_completed\\\"]}\"', NULL, NULL, NULL, NULL, NULL, NULL, NULL),
(2608, 'ahmed', 'enfant', 8, 2607, NULL, NULL, NULL, '$2y$10$MVLGFk1PPIcTbJqL3VeG1e4bK2mPgLUbc5yAAFp3qLAZraGOgETIm', NULL, NULL, NULL, 1, 0, '/f16.png', NULL, NULL, NULL, NULL, NULL, NULL, NULL, NULL, NULL, NULL, NULL, 'all', 'active', 1, 'AR', NULL, 0, 0, NULL, NULL, NULL, NULL, NULL, NULL, 1, 0, 0, NULL, NULL, 0, NULL, 1733229315, NULL, NULL, NULL, NULL, 2, 7, NULL, NULL),
(2609, 'malek', 'enfant', 8, 2607, NULL, NULL, NULL, '$2y$10$EfQfO1ffQbalqlXp5bMSAezsKfi.r8TNHNn3xvZdiGmejA8Hlq2A.', NULL, NULL, NULL, 1, 0, '/girl2.jpeg', NULL, NULL, NULL, NULL, NULL, NULL, NULL, NULL, NULL, NULL, NULL, 'all', 'active', 1, 'EN', NULL, 0, 0, NULL, NULL, NULL, NULL, NULL, NULL, 1, 0, 0, NULL, NULL, 0, NULL, 1733233013, NULL, NULL, NULL, NULL, 3, 8, NULL, NULL),
(2610, 'khoiuloud', 'organization', 3, NULL, '52147832', NULL, NULL, '$2y$10$3U0CM5Ut8O.beYZ16h7z3.1N9BABRa1KpdXMkDfwXqDRiNY1TMi3y', NULL, NULL, NULL, 0, 0, NULL, '{\"color\":\"FFFFFF\",\"background\":\"f57c00\"}', NULL, NULL, NULL, NULL, NULL, NULL, NULL, NULL, NULL, NULL, 'all', 'active', 1, NULL, 'Africa/Tunis', 0, 0, NULL, NULL, NULL, NULL, NULL, NULL, 0, 0, 0, NULL, NULL, 0, NULL, 1733235368, '\"{\\\"dashboard\\\":[\\\"step1_completed\\\",\\\"step3_completed\\\"]}\"', NULL, NULL, NULL, NULL, NULL, NULL, NULL),
(2611, 'ahmed', 'enfant', 8, 2610, NULL, NULL, NULL, '$2y$10$6D1rAaUgDUZ/yMk8O1guyua9iACUN00Tts8B8xLO0.Qz2ojalB0Ou', NULL, NULL, NULL, 1, 0, '/f14.png', NULL, NULL, NULL, NULL, NULL, NULL, NULL, NULL, NULL, NULL, NULL, 'all', 'active', 1, 'AR', NULL, 0, 0, NULL, NULL, NULL, NULL, NULL, NULL, 1, 0, 0, NULL, NULL, 0, NULL, 1733235444, NULL, NULL, NULL, NULL, 3, 8, NULL, NULL),
(2612, 'Sana ben abderrahim', 'teacher', 4, NULL, '27057724', 'sinwaenglish@gmail.com', NULL, '$2y$10$X8DeY5XoeyXbrqmWIaeUo.FQY9CEX4AVDtOyFCCP00tPN0DWXL/jO', NULL, NULL, 'n8iL3so7tiFbecNRKqL93h9o75Sgea6ZEfFHOTPNqooDSlxjEabfM4Pe9RI3', 0, 0, '/store/2612/avatar/675019dc8670d.png', '{\"color\":\"000000\",\"background\":\"fbe9e7\"}', NULL, NULL, NULL, '', NULL, NULL, NULL, NULL, NULL, NULL, 'all', 'active', 1, NULL, 'Africa/Tunis', 0, 0, '', '123456789', '', '/store/2612/CIN.pdf', '', NULL, 1, 0, 0, NULL, NULL, 0, NULL, 1733237278, NULL, NULL, NULL, NULL, NULL, NULL, NULL, 7),
(2613, 'شيماء بنعبد الرحيم', 'teacher', 4, NULL, '29065857', 'chaimabenabderrahim2@gmail.com', NULL, '$2y$10$hRpXTFXb/FYHqwFWhvpjKONuN5Q8toMFqk5j2WVC2Zv8G75x.5WyC', NULL, NULL, '1cJ0Tkh0vDX0iTYb1XvWeLu3j59ghRqwj5j7WhtMIkrwRULt6Dbz7e3suHMW', 0, 0, '/store/2613/avatar/6755bb85b2bce.png', '{\"color\":\"FFFFFF\",\"background\":\"303f9f\"}', NULL, NULL, NULL, NULL, NULL, NULL, NULL, NULL, NULL, NULL, 'all', 'active', 1, NULL, 'Africa/Tunis', 0, 0, NULL, NULL, NULL, NULL, NULL, NULL, 1, 0, 0, NULL, NULL, 0, NULL, 1733239655, NULL, NULL, NULL, NULL, NULL, NULL, NULL, 7),
(2617, 'Mohamed', 'organization', 3, NULL, '55518492', NULL, NULL, '$2y$10$0vqlHAYnFrtMQLcCqGQwjOy071QyPH7xI1xK42VYp0tdR6zL6k2cK', NULL, NULL, NULL, 0, 0, NULL, '{\"color\":\"FFFFFF\",\"background\":\"311b92\"}', NULL, NULL, NULL, NULL, NULL, NULL, NULL, NULL, NULL, NULL, 'all', 'active', 1, NULL, 'Africa/Tunis', 0, 0, NULL, NULL, NULL, NULL, NULL, NULL, 0, 0, 0, NULL, NULL, 0, NULL, 1733395023, '\"{\\\"dashboard\\\":[\\\"step1_completed\\\",\\\"step2_completed\\\",\\\"step3_completed\\\",\\\"step1_child_completed\\\",\\\"step2_child_completed\\\"],\\\"manuel\\\":[\\\"step1_child_manuel_completed\\\",\\\"step2_child_manuel_completed\\\"]}\"', NULL, NULL, NULL, NULL, NULL, NULL, NULL),
(2618, 'enfant 1', 'enfant', 8, 2617, NULL, NULL, NULL, '$2y$10$/Hfpq07gt8FbUstUYqVRaehtUdFL/rHr490xVRnV5TH2cPyesgTxq', NULL, NULL, NULL, 1, 0, '/boy2.jpeg', NULL, NULL, NULL, NULL, NULL, NULL, NULL, NULL, NULL, NULL, NULL, 'all', 'active', 1, 'AR', NULL, 0, 0, NULL, NULL, NULL, NULL, NULL, NULL, 1, 0, 0, NULL, NULL, 0, NULL, 1733395037, NULL, NULL, NULL, NULL, 1, 6, NULL, NULL),
(2619, 'e2', 'enfant', 8, 2617, NULL, NULL, NULL, '$2y$10$IdNXp8pLC5Gxc.4.XwFELeAXYnd4OL8zmf4viJwWAiuYCu0WHL5Su', NULL, NULL, NULL, 1, 0, '/girl3.jpeg', NULL, NULL, NULL, NULL, NULL, NULL, NULL, NULL, NULL, NULL, NULL, 'all', 'active', 1, 'AR', NULL, 0, 0, NULL, NULL, NULL, NULL, NULL, NULL, 1, 0, 0, NULL, NULL, 0, NULL, 1733395046, NULL, NULL, NULL, NULL, 3, 8, NULL, NULL),
(2620, 'e3', 'enfant', 8, 2617, NULL, NULL, NULL, '$2y$10$qdIsndU83LaEIylc2sLi9emVaYMhXNyB3JSr78fsxp6YBtSbg7j/W', NULL, NULL, NULL, 1, 0, '/boy1.jpeg', NULL, NULL, NULL, NULL, NULL, NULL, NULL, NULL, NULL, NULL, NULL, 'all', 'active', 1, 'AR', NULL, 0, 0, NULL, NULL, NULL, NULL, NULL, NULL, 1, 0, 0, NULL, NULL, 0, NULL, 1733395054, NULL, NULL, NULL, NULL, 5, 10, NULL, NULL),
(2621, 'e4', 'enfant', 8, 2617, NULL, NULL, NULL, '$2y$10$21V2jRpBkdfm8EQMxnJxaeYIzxeoanBL5FZlHzmpTy0.uY61kNE0a', NULL, NULL, NULL, 1, 0, '/girl4.jpeg', NULL, NULL, NULL, NULL, NULL, NULL, NULL, NULL, NULL, NULL, NULL, 'all', 'active', 1, 'AR', NULL, 0, 0, NULL, NULL, NULL, NULL, NULL, NULL, 1, 0, 0, NULL, NULL, 0, NULL, 1733395062, NULL, NULL, NULL, NULL, 6, 11, NULL, NULL),
(2623, 'صبري بن فرج', 'teacher', 4, NULL, '28880921', 'benfrajsabri610@gmail.com', NULL, '$2y$10$4AAevve5YCkVVn.tFUyOj.RJwpx3ZskbgyxPffyLpfKoURdv2k7Ci', NULL, NULL, NULL, 0, 0, NULL, '{\"color\":\"000000\",\"background\":\"b2ff59\"}', NULL, NULL, NULL, NULL, NULL, NULL, NULL, NULL, NULL, NULL, 'all', 'active', 1, NULL, 'Africa/Tunis', 0, 0, NULL, NULL, NULL, NULL, NULL, NULL, 1, 0, 0, NULL, NULL, 0, NULL, 1733463432, NULL, NULL, NULL, NULL, NULL, NULL, NULL, 7),
(2624, 'Nabil Feleh', 'teacher', 4, NULL, '98639959', 'mohamedalizaier31@gmail.com', NULL, '$2y$10$0K0Gg/y6YP/6AKUdFAFDve0av6FzwuKu3rY4LjgHf7MztHPBHuCiS', NULL, NULL, 'qsnfm44WLQpRLMKST1NypmFV6nEEL7bOyGWFadZNCd9ZUW0ESPZNEKsiO23q', 0, 0, NULL, '{\"color\":\"000000\",\"background\":\"607d8b\"}', NULL, NULL, NULL, NULL, NULL, NULL, NULL, NULL, NULL, NULL, 'all', 'active', 1, NULL, 'Africa/Tunis', 0, 0, NULL, NULL, NULL, NULL, NULL, NULL, 1, 0, 0, NULL, NULL, 0, NULL, 1733488363, NULL, NULL, NULL, NULL, NULL, NULL, NULL, 7),
(2625, 'منية حامدي', 'teacher', 4, NULL, '98627508', 'hamdimonia488@gmail.com', NULL, '$2y$10$5y64fPhdhTpD4ukxlJ3Wfu2gzi3GEd2yqve7nvJpvCRhCZSW/7I2G', NULL, NULL, '4e6tA0AcKp24kTjJsC0YbOdz8P3E5M5QWGUQL3lc74VOzCpm9HgvGSARHV0t', 0, 0, NULL, '{\"color\":\"000000\",\"background\":\"ffd54f\"}', NULL, NULL, NULL, NULL, NULL, NULL, NULL, NULL, NULL, NULL, 'all', 'active', 1, 'AR', 'Africa/Tunis', 0, 0, NULL, NULL, NULL, NULL, NULL, NULL, 1, 0, 0, NULL, NULL, 0, NULL, 1733494978, NULL, NULL, NULL, NULL, NULL, NULL, NULL, 7),
(2629, 'Roua Diber', 'teacher', 4, NULL, '25222373', 'diberroua@gmail.com', NULL, '$2y$10$O5u9gGRk.JH.vf2nmdlkYuPsUeF8YJ6LJ8e9AEJyjZHTXeUovw45y', NULL, NULL, NULL, 0, 0, NULL, '{\"color\":\"FFFFFF\",\"background\":\"0d47a1\"}', NULL, NULL, NULL, NULL, NULL, NULL, NULL, NULL, NULL, NULL, 'all', 'active', 1, NULL, 'Africa/Tunis', 0, 0, NULL, NULL, NULL, NULL, NULL, NULL, 1, 0, 0, NULL, NULL, 0, NULL, 1733669481, NULL, NULL, NULL, NULL, NULL, NULL, NULL, NULL),
(2630, 'سامية العبيدي', 'teacher', 4, NULL, '92638840', 'laabidisamia01@gmail.com', NULL, '$2y$10$T5reMh1/JjAID1MP8ppFMunUxtVsyjFIHsyoSBudby9SuBlBtz2HW', NULL, NULL, NULL, 0, 0, NULL, '{\"color\":\"000000\",\"background\":\"C51162\"}', NULL, NULL, NULL, NULL, NULL, NULL, NULL, NULL, NULL, NULL, 'all', 'active', 1, NULL, 'Africa/Tunis', 0, 0, NULL, NULL, NULL, NULL, NULL, NULL, 1, 0, 0, NULL, NULL, 0, NULL, 1733673470, NULL, NULL, NULL, NULL, NULL, NULL, NULL, 7),
(2634, 'aziz', 'enfant', 8, 2633, NULL, NULL, NULL, '$2y$10$R4l9RiXUiZ5uhLC/65m.a.tZ.moOnPUFSzFVBNufFQVyNVvTgnUoW', NULL, NULL, NULL, 1, 0, '/boy2.jpeg', NULL, NULL, NULL, NULL, NULL, NULL, NULL, NULL, NULL, NULL, NULL, 'all', 'active', 1, 'AR', NULL, 0, 0, NULL, NULL, NULL, NULL, NULL, NULL, 1, 0, 0, NULL, NULL, 0, NULL, 1733839712, NULL, NULL, NULL, NULL, 3, 8, NULL, NULL),
(2635, 'سماح بن خذير', 'organization', 3, NULL, '98363065', NULL, NULL, '$2y$10$6ZMV1W8sAB3RBrKnrDtTHuIZcpGXbXJ0jEDFiQ7sIgJW.B7VyZpVa', NULL, NULL, NULL, 0, 0, NULL, '{\"color\":\"FFFFFF\",\"background\":\"1565c0\"}', NULL, NULL, NULL, NULL, NULL, NULL, NULL, NULL, NULL, NULL, 'all', 'active', 1, NULL, 'Africa/Tunis', 0, 0, NULL, NULL, NULL, NULL, NULL, NULL, 0, 0, 0, NULL, NULL, 0, NULL, 1733853341, '\"{\\\"dashboard\\\":[\\\"step1_completed\\\",\\\"step2_completed\\\",\\\"step3_completed\\\",\\\"step1_child_completed\\\"],\\\"manuel\\\":[\\\"step1_child_manuel_completed\\\"]}\"', NULL, NULL, NULL, NULL, NULL, NULL, NULL),
(2636, 'يوسف', 'enfant', 8, 2635, NULL, NULL, NULL, '$2y$10$9PA7HMTbAOOYSCM7LEg.WOYd9PIuIzxpcFn3e9OULxWK1tMd8i9nq', NULL, NULL, NULL, 1, 0, '/f14.png', NULL, NULL, NULL, NULL, NULL, NULL, NULL, NULL, NULL, NULL, NULL, 'all', 'active', 1, 'AR', NULL, 0, 0, NULL, NULL, NULL, NULL, NULL, NULL, 1, 0, 0, NULL, NULL, 0, NULL, 1733853382, NULL, NULL, NULL, NULL, 6, 11, NULL, NULL),
(2637, 'يسر', 'enfant', 8, 2635, NULL, NULL, NULL, '$2y$10$C9mxL6tCdUAnzxMpm6jv9OAKlYABuD.Qab.PncIpXoJTDk1KVn09m', NULL, NULL, NULL, 1, 0, '/girl2.jpeg', NULL, NULL, NULL, NULL, NULL, NULL, NULL, NULL, NULL, NULL, NULL, 'all', 'active', 1, 'AR', NULL, 0, 0, NULL, NULL, NULL, NULL, NULL, NULL, 1, 0, 0, NULL, NULL, 0, NULL, 1733853408, NULL, NULL, NULL, NULL, 5, 10, NULL, NULL),
(2639, 'olfa ounissi', 'organization', 3, NULL, '29608839', NULL, NULL, '$2y$10$n6vxVMl2xjplENaqkONsBuJcQ5SeyNOTtE00b0lrubOZl9HjZbNjS', NULL, NULL, 'Tt3GOGfF8yrYDCXjiubPpTI6Gq6PnJc6Yiao5XW35XGKIVZiwIOcOc7a1pzP', 0, 0, NULL, '{\"color\":\"000000\",\"background\":\"81d4fa\"}', NULL, NULL, NULL, NULL, NULL, NULL, NULL, NULL, NULL, NULL, 'all', 'active', 1, NULL, 'Africa/Tunis', 0, 0, NULL, NULL, NULL, NULL, NULL, NULL, 0, 0, 0, NULL, NULL, 0, NULL, 1733909917, '\"{\\\"dashboard\\\":[\\\"step1_completed\\\",\\\"step3_completed\\\",\\\"step1_child_completed\\\",\\\"step2_completed\\\"],\\\"manuel\\\":[\\\"step1_child_manuel_completed\\\",\\\"step2_child_manuel_completed\\\"]}\"', NULL, NULL, NULL, NULL, NULL, NULL, NULL),
(2640, 'asma', 'enfant', 8, 2639, NULL, NULL, NULL, '$2y$10$/FIYx8fAhw8UgZoh.TMcEOaKoYYk5ac/FUhylcb17t7IjwbOKkFEq', NULL, NULL, NULL, 1, 0, '/girl3.jpeg', NULL, NULL, NULL, NULL, NULL, NULL, NULL, NULL, NULL, NULL, NULL, 'all', 'active', 1, 'AR', NULL, 0, 0, NULL, NULL, NULL, NULL, NULL, NULL, 1, 0, 0, NULL, NULL, 0, NULL, 1733910167, NULL, NULL, NULL, NULL, 1, 6, NULL, NULL),
(2641, 'nahed', 'enfant', 8, 2639, NULL, NULL, NULL, '$2y$10$QK8HVYzj99iiiCpX0Pxi9ei/cuus.RqhZh5tJ3TEQRGRPAIyy3muq', NULL, NULL, NULL, 1, 0, '/girl1.jpeg', NULL, NULL, NULL, NULL, NULL, NULL, NULL, NULL, NULL, NULL, NULL, 'all', 'active', 1, 'AR', NULL, 0, 0, NULL, NULL, NULL, NULL, NULL, NULL, 1, 0, 0, NULL, NULL, 0, NULL, 1733910308, NULL, NULL, NULL, NULL, 3, 8, NULL, NULL),
(2642, 'oumayma', 'enfant', 8, 2313, NULL, NULL, NULL, '$2y$10$c4FRQNJYACAcbB93AQaCSukD7/hc0i6MO2Js6nUNnEQ.K2aIueYCK', NULL, NULL, NULL, 1, 0, '/girl3.jpeg', NULL, NULL, NULL, NULL, NULL, NULL, NULL, NULL, NULL, NULL, NULL, 'all', 'active', 1, 'AR', NULL, 0, 0, NULL, NULL, NULL, NULL, NULL, NULL, 1, 0, 0, NULL, NULL, 0, NULL, 1733911086, NULL, NULL, NULL, NULL, 3, 8, NULL, NULL),
(2643, 'yassmine', 'enfant', 8, 2313, NULL, NULL, NULL, '$2y$10$iJPv4AwiOTiur2f.amt3COpVqvz2QZ.64Sb.wFWXw/wBnIShLr1CC', NULL, NULL, NULL, 1, 0, '/f14.png', NULL, NULL, NULL, NULL, NULL, NULL, NULL, NULL, NULL, NULL, NULL, 'all', 'active', 1, 'AR', NULL, 0, 0, NULL, NULL, NULL, NULL, NULL, NULL, 1, 0, 0, NULL, NULL, 0, NULL, 1733911157, NULL, NULL, NULL, NULL, 4, 9, NULL, NULL),
(2644, 'ameni kacem', 'teacher', 4, NULL, '27038572', 'amenikacem460@gmail.com', NULL, '$2y$10$H8LEZbY3SOvQltTGu41mKuvOuNiuYfr1Hz.GZNyYmRcN4/qtyy8Ca', NULL, NULL, NULL, 0, 0, NULL, '{\"color\":\"000000\",\"background\":\"9575cd\"}', NULL, NULL, NULL, NULL, NULL, NULL, NULL, NULL, NULL, NULL, 'all', 'active', 1, NULL, 'Africa/Tunis', 0, 0, NULL, NULL, NULL, NULL, NULL, NULL, 1, 0, 0, NULL, NULL, 0, NULL, 1733932363, NULL, NULL, NULL, NULL, NULL, NULL, NULL, 7),
(2645, 'mounira nechi', 'organization', 3, NULL, '97386254', NULL, NULL, '$2y$10$DJ.zAn8xc1gi4dHV/7tqAuomcly6TPle17g1f/VcS6c6HeNdL.aDy', NULL, NULL, NULL, 0, 0, NULL, '{\"color\":\"000000\",\"background\":\"ffcc80\"}', NULL, NULL, NULL, NULL, NULL, NULL, NULL, NULL, NULL, NULL, 'all', 'active', 1, NULL, 'Africa/Tunis', 0, 0, NULL, NULL, NULL, NULL, NULL, NULL, 0, 0, 0, NULL, NULL, 0, NULL, 1733934803, '\"{\\\"dashboard\\\":[\\\"step1_completed\\\",\\\"step3_completed\\\",\\\"step2_completed\\\",\\\"step1_child_completed\\\",\\\"step2_child_completed\\\"],\\\"manuel\\\":[\\\"step1_child_manuel_completed\\\",\\\"step2_child_manuel_completed\\\"]}\"', NULL, NULL, NULL, NULL, NULL, NULL, NULL),
(2646, 'yousssef', 'enfant', 8, 2645, NULL, NULL, NULL, '$2y$10$ieJHpWd6v42UfTMPGKZscu1oYJt6DMxIJLA40kvIOfundQj7mNol.', NULL, NULL, NULL, 1, 0, '/boy2.jpeg', NULL, NULL, NULL, NULL, NULL, NULL, NULL, NULL, NULL, NULL, NULL, 'all', 'active', 1, 'FR', NULL, 0, 0, NULL, NULL, NULL, NULL, NULL, NULL, 1, 0, 0, NULL, NULL, 0, NULL, 1733934822, NULL, NULL, NULL, NULL, 6, 11, NULL, NULL),
(2647, 'saif', 'enfant', 8, 2645, NULL, NULL, NULL, '$2y$10$zpdbhxDG6ePVHgNKqAnHOOytw28t.ZmsTSsQIH5wC7aUI5LWtwO6m', NULL, NULL, NULL, 1, 0, '/f16.png', NULL, NULL, NULL, NULL, NULL, NULL, NULL, NULL, NULL, NULL, NULL, 'all', 'active', 1, 'AR', NULL, 0, 0, NULL, NULL, NULL, NULL, NULL, NULL, 1, 0, 0, NULL, NULL, 0, NULL, 1733934956, NULL, NULL, NULL, NULL, 3, 8, NULL, NULL),
(2648, 'Yassine RHOUMA', 'enfant', 8, 2645, NULL, NULL, NULL, '$2y$10$BdW4cF7JUHv82hfrdN46e.mZWw112qpCSsgmuDBKqab01..KIFeHm', NULL, NULL, NULL, 1, 0, '/f14.png', NULL, NULL, NULL, NULL, NULL, NULL, NULL, NULL, NULL, NULL, NULL, 'all', 'active', 1, 'AR', NULL, 0, 0, NULL, NULL, NULL, NULL, NULL, NULL, 1, 0, 0, NULL, NULL, 0, NULL, 1733934966, NULL, NULL, NULL, NULL, 4, 9, NULL, NULL),
(2649, 'ameni', 'enfant', 8, 2645, NULL, NULL, NULL, '$2y$10$kdGxIjDSYWSYfiIiRwa/KeingaeYbwBcK7JstlUMk5PgxnxVRVaYu', NULL, NULL, NULL, 1, 0, '/girl1.jpeg', NULL, NULL, NULL, NULL, NULL, NULL, NULL, NULL, NULL, NULL, NULL, 'all', 'active', 1, 'AR', NULL, 0, 0, NULL, NULL, NULL, NULL, NULL, NULL, 1, 0, 0, NULL, NULL, 0, NULL, 1733934978, NULL, NULL, NULL, NULL, 4, 9, NULL, NULL),
(2651, 'dfghj', 'enfant', 8, 2071, NULL, NULL, NULL, '$2y$10$8zfBZT7t/PSeVC7VCrEcPeu2XQMzvN4Ps..jjpkuObvoQQsdaNbsO', NULL, NULL, NULL, 1, 0, '/boy1.jpeg', NULL, NULL, NULL, NULL, NULL, NULL, NULL, NULL, NULL, NULL, NULL, 'all', 'active', 1, 'AR', NULL, 0, 0, NULL, NULL, NULL, NULL, NULL, NULL, 1, 0, 0, NULL, NULL, 0, NULL, 1734092911, NULL, NULL, NULL, NULL, 2, 7, NULL, NULL),
(2655, 'ela', 'teacher', 4, NULL, '94276105', 'elaa.chebaane@polytechnicien.tn', NULL, '$2y$10$dU9uJYMaG.F0TfBUlbytbu4B7wiuG9tN8Se.e4M4Rb5uPm1QQbRl2', NULL, NULL, 'pWpvfEPGi6Mqb7glcf0mOfyaXnuVqFnjEaTlwdwfl3G31XJluzIQD04v6oBZ', 0, 0, NULL, '{\"color\":\"000000\",\"background\":\"ffea00\"}', NULL, NULL, NULL, NULL, NULL, NULL, NULL, NULL, NULL, NULL, 'all', 'active', 1, NULL, 'Africa/Tunis', 0, 0, NULL, NULL, NULL, NULL, NULL, NULL, 1, 0, 0, NULL, NULL, 0, NULL, 1734098944, NULL, NULL, NULL, NULL, NULL, NULL, NULL, 7),
(2656, 'KONMRzUYkvC', 'teacher', 4, NULL, '7704877412', 'gvendavyj@gmail.com', NULL, '$2y$10$mmSOCMfWgcdl4LjlZ45bWePsAyIY7dBGRncjj4ip029UAeGD6UTZa', NULL, NULL, NULL, 0, 0, NULL, '{\"color\":\"000000\",\"background\":\"2979ff\"}', NULL, NULL, NULL, NULL, NULL, NULL, NULL, NULL, NULL, NULL, 'all', 'pending', 1, NULL, 'Africa/Tunis', 0, 0, NULL, NULL, NULL, NULL, NULL, NULL, 1, 0, 0, NULL, NULL, 0, NULL, 1734175504, NULL, NULL, NULL, NULL, NULL, NULL, NULL, NULL);
INSERT INTO `users` (`id`, `full_name`, `role_name`, `role_id`, `organ_id`, `mobile`, `email`, `bio`, `password`, `google_id`, `facebook_id`, `remember_token`, `verified`, `financial_approval`, `avatar`, `avatar_settings`, `cover_img`, `headline`, `about`, `address`, `country_id`, `province_id`, `city_id`, `district_id`, `location`, `level_of_training`, `meeting_type`, `status`, `access_content`, `language`, `timezone`, `newsletter`, `public_message`, `account_type`, `iban`, `account_id`, `identity_scan`, `certificate`, `commission`, `affiliate`, `can_create_store`, `ban`, `ban_start_at`, `ban_end_at`, `offline`, `offline_message`, `created_at`, `guide_progress`, `updated_at`, `deleted_at`, `school_id`, `section_id`, `level_id`, `option_id`, `matier_id`) VALUES
(2657, 'JOWkEqaZJAmKBef', 'teacher', 4, NULL, '3916618896', 'jlymlopffwn@yahoo.com', NULL, '$2y$10$Bxxdu6o1zvDL1Am76mKMxuHgmtgcTiHauX07G9N5GIRmqRL01Lr/q', NULL, NULL, NULL, 0, 0, NULL, '{\"color\":\"000000\",\"background\":\"e3f2fd\"}', NULL, NULL, NULL, NULL, NULL, NULL, NULL, NULL, NULL, NULL, 'all', 'pending', 1, NULL, 'Africa/Tunis', 0, 0, NULL, NULL, NULL, NULL, NULL, NULL, 1, 0, 0, NULL, NULL, 0, NULL, 1734246747, NULL, NULL, NULL, NULL, NULL, NULL, NULL, NULL),
(2658, 'اريج', 'organization', 3, NULL, '22751704', NULL, NULL, '$2y$10$nwke/177TA.vmpsqsRqLEuXxgLfJMAKw2IHM3fvT22.PnYkNZKzJe', NULL, NULL, 'kFMniEyoeewwakiS85e89H5YeLRuY9VThsYHwWcZihd0Pl0TF3Fl28fAj1KX', 0, 0, NULL, '{\"color\":\"000000\",\"background\":\"eeff41\"}', NULL, NULL, NULL, NULL, NULL, NULL, NULL, NULL, NULL, NULL, 'all', 'active', 1, NULL, 'Africa/Tunis', 0, 0, NULL, NULL, NULL, NULL, NULL, NULL, 0, 0, 0, NULL, NULL, 0, NULL, 1734264912, '\"{\\\"dashboard\\\":[\\\"step1_completed\\\",\\\"step2_completed\\\",\\\"step3_completed\\\"],\\\"manuel\\\":[\\\"step1_child_manuel_completed\\\"]}\"', NULL, NULL, NULL, NULL, NULL, NULL, NULL),
(2659, 'Arij', 'enfant', 8, 2658, NULL, NULL, NULL, '$2y$10$WoOfEtGw8E4YdN4brQm9d..5vwWzGq5svmIqs53TGPzaqo1XQjWcO', NULL, NULL, NULL, 1, 0, '/girl4.jpeg', NULL, NULL, NULL, NULL, NULL, NULL, NULL, NULL, NULL, NULL, NULL, 'all', 'active', 1, 'AR', NULL, 0, 0, NULL, NULL, NULL, NULL, NULL, NULL, 1, 0, 0, NULL, NULL, 0, NULL, 1734264939, NULL, NULL, NULL, NULL, 2, 7, NULL, NULL),
(2660, 'Rokaya', 'enfant', 8, 2658, NULL, NULL, NULL, '$2y$10$aiG.EQZAvD/hXQEEvIe5mO3sF5PhwncDoLE6.tO4CxvQvZABk1c8q', NULL, NULL, NULL, 1, 0, '/girl2.jpeg', NULL, NULL, NULL, NULL, NULL, NULL, NULL, NULL, NULL, NULL, NULL, 'all', 'active', 1, 'AR', NULL, 0, 0, NULL, NULL, NULL, NULL, NULL, NULL, 1, 0, 0, NULL, NULL, 0, NULL, 1734265050, NULL, NULL, NULL, NULL, 4, 9, NULL, NULL),
(2661, 'adTSmGhgeGEQRoV', 'teacher', 4, NULL, '4723377745', 'mztkvkqxfoha0sh@yahoo.com', NULL, '$2y$10$8rcjsxFif5Kx4ZJr4vc1teL2NBhzswiKQCZxVW9A9tqkItyEvWto6', NULL, NULL, NULL, 0, 0, NULL, '{\"color\":\"000000\",\"background\":\"ffecb3\"}', NULL, NULL, NULL, NULL, NULL, NULL, NULL, NULL, NULL, NULL, 'all', 'pending', 1, NULL, 'Africa/Tunis', 0, 0, NULL, NULL, NULL, NULL, NULL, NULL, 1, 0, 0, NULL, NULL, 0, NULL, 1734328121, NULL, NULL, NULL, NULL, NULL, NULL, NULL, NULL),
(2662, 'Yassine', 'enfant', 8, 1667, NULL, NULL, NULL, '$2y$10$z7LLoHGvwCeuNEbNoJvtSe9OkSu4QHQY9SwPJhDmnNvnR3xakttk6', NULL, NULL, NULL, 1, 0, '/boy2.jpeg', NULL, NULL, NULL, NULL, NULL, NULL, NULL, NULL, NULL, NULL, NULL, 'all', 'active', 1, 'AR', NULL, 0, 0, NULL, NULL, NULL, NULL, NULL, NULL, 1, 0, 0, NULL, NULL, 0, NULL, 1734431420, NULL, NULL, NULL, NULL, 4, 9, NULL, NULL),
(2663, 'cdYpPGEtG', 'teacher', 4, NULL, '7115543957', 'qmbm36lgw@yahoo.com', NULL, '$2y$10$Hv3q.HsgVc8Cs.7lIBRM5OuaGT52mEkOQPprrPeCzbrn3ZkLVKAwy', NULL, NULL, NULL, 0, 0, NULL, '{\"color\":\"000000\",\"background\":\"fafafa\"}', NULL, NULL, NULL, NULL, NULL, NULL, NULL, NULL, NULL, NULL, 'all', 'pending', 1, NULL, 'Africa/Tunis', 0, 0, NULL, NULL, NULL, NULL, NULL, NULL, 1, 0, 0, NULL, NULL, 0, NULL, 1734444810, NULL, NULL, NULL, NULL, NULL, NULL, NULL, NULL),
(2664, 'FGejygOGEuH', 'teacher', 4, NULL, '7477483145', 'ybgqp6tbbvjo@yahoo.com', NULL, '$2y$10$1zjInT0fEKC6qMWLA9RwVOU4zhbngRbu3ZAzZ/j4rjWu/wDb1jMdG', NULL, NULL, NULL, 0, 0, NULL, '{\"color\":\"000000\",\"background\":\"ffd600\"}', NULL, NULL, NULL, NULL, NULL, NULL, NULL, NULL, NULL, NULL, 'all', 'pending', 1, NULL, 'Africa/Tunis', 0, 0, NULL, NULL, NULL, NULL, NULL, NULL, 1, 0, 0, NULL, NULL, 0, NULL, 1734535471, NULL, NULL, NULL, NULL, NULL, NULL, NULL, NULL),
(2665, 'ayTySdXBGuaGNSP', 'teacher', 4, NULL, '3402918421', 'vxqipue8euasc4dq@yahoo.com', NULL, '$2y$10$idk2hyshQDvpcu8Yl14sou5St9jhDZaxBstoKrkMGgHfxThLTqQ9e', NULL, NULL, NULL, 0, 0, NULL, NULL, NULL, NULL, NULL, NULL, NULL, NULL, NULL, NULL, NULL, NULL, 'all', 'pending', 1, NULL, 'Africa/Tunis', 0, 0, NULL, NULL, NULL, NULL, NULL, NULL, 1, 0, 0, NULL, NULL, 0, NULL, 1734708928, NULL, NULL, NULL, NULL, NULL, NULL, NULL, NULL),
(2666, 'Aziz', 'enfant', 8, 2215, NULL, NULL, NULL, '$2y$10$t97EyFCjcJclPCdt7DAZ2eGvLZg3ORPJcDfoN777SvydTdVHw1ekS', NULL, NULL, NULL, 1, 0, '/f14.png', NULL, NULL, NULL, NULL, NULL, NULL, NULL, NULL, NULL, NULL, NULL, 'all', 'active', 1, 'AR', NULL, 0, 0, NULL, NULL, NULL, NULL, NULL, NULL, 1, 0, 0, NULL, NULL, 0, NULL, 1734728832, NULL, NULL, NULL, NULL, 2, 7, NULL, NULL),
(2667, 'Madame najwa', 'organization', 3, NULL, '26095404', NULL, NULL, '$2y$10$mtDi0ErUH6l93lxAsOj.kexBwr5M6aSOfCnAMipfSn4P7/STanTcS', NULL, NULL, 'nKZs01MNwlzbKvaqArgoKyDMEtgfAu0mGsgDVEWV9w4cGZrm4tOGdW2BxuVh', 0, 0, NULL, '{\"color\":\"FFFFFF\",\"background\":\"E53935\"}', NULL, NULL, NULL, NULL, NULL, NULL, NULL, NULL, NULL, NULL, 'all', 'active', 1, NULL, 'Africa/Tunis', 0, 0, NULL, NULL, NULL, NULL, NULL, NULL, 0, 0, 0, NULL, NULL, 0, NULL, 1734734391, '\"{\\\"dashboard\\\":[\\\"step1_completed\\\",\\\"step2_completed\\\",\\\"step3_completed\\\",\\\"step1_child_completed\\\",\\\"step2_child_completed\\\"],\\\"manuel\\\":[\\\"step1_child_manuel_completed\\\",\\\"step2_child_manuel_completed\\\"]}\"', NULL, NULL, NULL, NULL, NULL, NULL, NULL),
(2668, 'Louay', 'enfant', 8, 2667, NULL, NULL, NULL, '$2y$10$nOErtjP5vjbexjlGu43MhuXdcUdUkoOwmvzkE6F1pJPY.qAs2DJG2', NULL, NULL, NULL, 1, 0, '/boy1.jpeg', NULL, NULL, NULL, NULL, NULL, NULL, NULL, NULL, NULL, NULL, NULL, 'all', 'active', 1, 'AR', NULL, 0, 0, NULL, NULL, NULL, NULL, NULL, NULL, 1, 0, 0, NULL, NULL, 0, NULL, 1734734420, NULL, NULL, NULL, NULL, 2, 7, NULL, NULL),
(2669, 'نجاح امبارك', 'organization', 3, NULL, '58293170', NULL, NULL, '$2y$10$rqYoCPVfs0F1x9mExpuKQ.cXLL1FCTs7flfBhowDSfc.A14XXHvam', NULL, NULL, NULL, 0, 0, NULL, '{\"color\":\"000000\",\"background\":\"ffee58\"}', NULL, NULL, NULL, NULL, NULL, NULL, NULL, NULL, NULL, NULL, 'all', 'active', 1, NULL, 'Africa/Tunis', 0, 0, NULL, NULL, NULL, NULL, NULL, NULL, 0, 0, 0, NULL, NULL, 0, NULL, 1734793030, '\"{\\\"dashboard\\\":[\\\"step1_completed\\\",\\\"step3_completed\\\",\\\"step1_child_completed\\\"],\\\"manuel\\\":[\\\"step1_child_manuel_completed\\\"]}\"', NULL, NULL, NULL, NULL, NULL, NULL, NULL),
(2670, 'فروزان', 'enfant', 8, 2669, NULL, NULL, NULL, '$2y$10$9rnvghOJuABs2GAvz8KAj.ufUKbOCeBP8u09JF9REHtV2tHtMxI8e', NULL, NULL, NULL, 1, 0, '/girl2.jpeg', NULL, NULL, NULL, NULL, NULL, NULL, NULL, NULL, NULL, NULL, NULL, 'all', 'active', 1, 'AR', NULL, 0, 0, NULL, NULL, NULL, NULL, NULL, NULL, 1, 0, 0, NULL, NULL, 0, NULL, 1734793057, NULL, NULL, NULL, NULL, 6, 11, NULL, NULL),
(2671, 'Najeh ben amor', 'organization', 3, NULL, '50769550', NULL, NULL, '$2y$10$88LWV89s0HhmPFeZV90t4eDXN/Sn1Wxc8VhuWj5PrgSF7ssL4NYxK', NULL, NULL, 'dNqfR856mwjT84j3daNOuj9odnxsElokDS76gJeuSq5EIPR5Py6341YIxwEs', 0, 0, NULL, '{\"color\":\"000000\",\"background\":\"c6ff00\"}', NULL, NULL, NULL, NULL, NULL, NULL, NULL, NULL, NULL, NULL, 'all', 'active', 1, NULL, 'Africa/Tunis', 0, 0, NULL, NULL, NULL, NULL, NULL, NULL, 0, 0, 0, NULL, NULL, 0, NULL, 1734793260, '\"{\\\"dashboard\\\":[\\\"step1_completed\\\",\\\"step3_completed\\\",\\\"step1_child_completed\\\",\\\"step2_child_completed\\\"]}\"', NULL, NULL, NULL, NULL, NULL, NULL, NULL),
(2672, 'Farwazene', 'enfant', 8, 2671, NULL, NULL, NULL, '$2y$10$BTZy6j5DS57gm85K377ZIu5t4LO5r4iWjepL62hKdotgRWHrlt.iq', NULL, NULL, NULL, 1, 0, '/girl2.jpeg', NULL, NULL, NULL, NULL, NULL, NULL, NULL, NULL, NULL, NULL, NULL, 'all', 'active', 1, 'AR', NULL, 0, 0, NULL, NULL, NULL, NULL, NULL, NULL, 1, 0, 0, NULL, NULL, 0, NULL, 1734793279, NULL, NULL, NULL, NULL, 6, 11, NULL, NULL);

-- --------------------------------------------------------

--
-- Structure de la table `users_badges`
--

CREATE TABLE `users_badges` (
  `id` int UNSIGNED NOT NULL,
  `user_id` int UNSIGNED NOT NULL,
  `badge_id` int UNSIGNED NOT NULL,
  `created_at` int UNSIGNED NOT NULL
) ENGINE=InnoDB DEFAULT CHARSET=utf8mb4 COLLATE=utf8mb4_unicode_ci ROW_FORMAT=DYNAMIC;

--
-- Déchargement des données de la table `users_badges`
--

INSERT INTO `users_badges` (`id`, `user_id`, `badge_id`, `created_at`) VALUES
(1, 1128, 34, 0);

-- --------------------------------------------------------

--
-- Structure de la table `users_cookie_security`
--

CREATE TABLE `users_cookie_security` (
  `id` int UNSIGNED NOT NULL,
  `user_id` int UNSIGNED NOT NULL,
  `type` enum('all','customize') COLLATE utf8mb4_unicode_ci NOT NULL,
  `settings` text COLLATE utf8mb4_unicode_ci,
  `created_at` bigint UNSIGNED NOT NULL
) ENGINE=InnoDB DEFAULT CHARSET=utf8mb4 COLLATE=utf8mb4_unicode_ci;

--
-- Déchargement des données de la table `users_cookie_security`
--

INSERT INTO `users_cookie_security` (`id`, `user_id`, `type`, `settings`, `created_at`) VALUES
(1, 1015, 'all', NULL, 1655621683),
(2, 1, 'all', NULL, 1655624844),
(3, 934, 'all', NULL, 1655627382),
(4, 1016, 'all', NULL, 1655790120),
(5, 930, 'all', NULL, 1655790832),
(6, 929, 'all', NULL, 1655799536),
(7, 995, 'all', NULL, 1655872658),
(8, 996, 'all', NULL, 1655875490),
(9, 923, 'all', NULL, 1656104015),
(10, 979, 'all', NULL, 1656139682),
(11, 1019, 'all', NULL, 1656571625);

-- --------------------------------------------------------

--
-- Structure de la table `users_manual_purchase`
--

CREATE TABLE `users_manual_purchase` (
  `id` int UNSIGNED NOT NULL,
  `user_id` int UNSIGNED NOT NULL,
  `webinar_id` int UNSIGNED NOT NULL,
  `access` tinyint(1) NOT NULL DEFAULT '0',
  `created_at` bigint UNSIGNED NOT NULL
) ENGINE=InnoDB DEFAULT CHARSET=utf8mb4 COLLATE=utf8mb4_unicode_ci;

-- --------------------------------------------------------

--
-- Structure de la table `users_metas`
--

CREATE TABLE `users_metas` (
  `id` int UNSIGNED NOT NULL,
  `user_id` int UNSIGNED NOT NULL,
  `name` varchar(255) COLLATE utf8mb4_unicode_ci NOT NULL,
  `value` varchar(255) COLLATE utf8mb4_unicode_ci NOT NULL
) ENGINE=InnoDB DEFAULT CHARSET=utf8mb4 COLLATE=utf8mb4_unicode_ci;

--
-- Déchargement des données de la table `users_metas`
--

INSERT INTO `users_metas` (`id`, `user_id`, `name`, `value`) VALUES
(21, 1016, 'education', 'BS in Mechanical Engineering from Santa Clara University'),
(22, 1016, 'education', 'MS in Mechanical Engineering from Santa Clara University'),
(23, 1016, 'experience', 'professional instructor and trainer for Data Science and programming'),
(24, 1016, 'experience', 'Head of Data Science for Pierian Data Inc'),
(25, 1015, 'experience', 'supporting proprietary Unix operating systems including AIX, HP-UX, and Solaris.'),
(26, 1015, 'experience', '10 years of experience working with Linux systems'),
(27, 1015, 'education', 'Red Hat Certified Engineer (RHCE)'),
(28, 1015, 'education', 'AWS Certified DevOps Engineer - Professional'),
(29, 1015, 'education', 'Linux Foundation Certified System Administrator'),
(30, 929, 'experience', 'Director at Cisco Systems 2015 - 2021'),
(31, 929, 'experience', 'research assistant at Harvard University 2010 - 2019'),
(32, 929, 'experience', 'Amazon bestselling author'),
(33, 923, 'experience', 'marketing strategies at Microlab 2010-2015'),
(34, 923, 'education', 'Associate of Business Administration from Imperial College London'),
(35, 923, 'education', 'Bachelor of International Business Economics from University of Cambridge'),
(36, 923, 'education', 'Master of Business Administration from King\'s College London'),
(37, 3, 'experience', 'Five-time TED speaker'),
(38, 3, 'education', 'Associate of Applied Business from Stanford University'),
(39, 3, 'education', 'Bachelor of Science in Business from Harvard University'),
(40, 3, 'education', 'Master of Computational Finance from University of Chicago'),
(41, 870, 'education', 'Associate in Physical Therapy from University of British Columbia'),
(42, 870, 'education', 'Bachelor of Arts in Psychology from Duke University'),
(43, 870, 'education', 'Master of Public Health from Cornell University'),
(44, 929, 'education', 'Associate of Applied Business from University of Leeds'),
(45, 929, 'education', 'Bachelor of Management and Organizational Studies from University of Sheffield'),
(46, 929, 'education', 'Master of Management from Durham University'),
(47, 934, 'education', 'Bachelor of Science in Information Technology from University of Glasgow'),
(48, 934, 'education', 'Master of Science in Information Systems (MSIS) from Delft University of Technology'),
(49, 934, 'experience', 'Web Developer at Uber 2015 - 2018'),
(50, 1015, 'education', 'Master of Science in Information Systems (MSIS) from University of Sydney'),
(51, 1016, 'gender', 'man'),
(52, 1016, 'age', '29'),
(53, 1016, 'address', 'Luib, 72 Wern Ddu Lane'),
(54, 1015, 'address', 'Al Wakrah ,27904 Hilpert Knoll'),
(55, 934, 'gender', 'woman'),
(56, 934, 'age', '32'),
(57, 934, 'address', 'OX7 3NH, England, Oxfordshire, Ascott-under-Wychwood'),
(58, 1015, 'gender', 'man'),
(59, 1015, 'age', '27'),
(60, 929, 'gender', 'woman'),
(61, 929, 'age', '24'),
(62, 929, 'address', '668, Katra Hira Lal, Chandni Chowk'),
(63, 870, 'gender', 'woman'),
(64, 870, 'age', '28'),
(65, 870, 'address', '99 boulevard de Prague'),
(66, 3, 'gender', 'man'),
(67, 3, 'age', '36'),
(68, 3, 'address', '638153, Tamil Nadu, Modakkurichi, Elumathur'),
(69, 859, 'age', '30'),
(70, 859, 'address', '6N736 MEDINAH RD , MEDINAH, IL'),
(71, 863, 'age', '22'),
(72, 863, 'address', '19, Janata Market, Nerul, Navi Mumbai'),
(73, 864, 'address', 'No. 13 Poultry Farm Ave., South Odorkor ESt.'),
(74, 867, 'address', 'Massachusetts, West Roxbury, 3979 Smith Street'),
(75, 1029, 'certificate_additional', 'brds'),
(76, 1030, 'certificate_additional', 'yes'),
(78, 1034, 'certificate_additional', 'math'),
(79, 1035, 'certificate_additional', 'math'),
(80, 1036, 'certificate_additional', 'math'),
(81, 1037, 'certificate_additional', 'math'),
(82, 1038, 'certificate_additional', 'QCZQGF'),
(83, 1039, 'certificate_additional', 'hrtdf'),
(84, 1040, 'certificate_additional', 'hgds'),
(85, 1041, 'certificate_additional', '123'),
(86, 1045, 'certificate_additional', 'VFC'),
(87, 1046, 'certificate_additional', 'fvcd'),
(88, 1047, 'certificate_additional', 'prof'),
(89, 1064, 'certificate_additional', 'sKGwSfVFtpvRD'),
(90, 1136, 'certificate_additional', '1980-11-11'),
(91, 1137, 'certificate_additional', '1979-12-10'),
(92, 1139, 'education', 'insat: bio engineer'),
(93, 1140, 'certificate_additional', '1978-11-10'),
(94, 1142, 'certificate_additional', '1979-11-10'),
(95, 1143, 'certificate_additional', 'ZNHIWpQzGEMtTd'),
(96, 1162, 'certificate_additional', 'QCZQGF'),
(97, 1163, 'certificate_additional', 'iAnYqBUfDozXslZe'),
(98, 1170, 'certificate_additional', '1978-11-12'),
(99, 1174, 'education', 'Faculté des lettres et des sciences humaines de Sousse'),
(100, 1174, 'education', 'Maitrise en Anglais des Affaires'),
(101, 1174, 'experience', '2016-2023 Maitresse de Français'),
(102, 1184, 'education', 'math teacher'),
(103, 1184, 'experience', '12 ans d\'expérience'),
(104, 1189, 'certificate_additional', 'jgPspewqArb'),
(105, 1194, 'certificate_additional', 'DkfjBVsyZAYGrWv'),
(106, 1195, 'certificate_additional', '1978-11-12'),
(107, 1198, 'certificate_additional', 'XJOZwePQ'),
(108, 1199, 'certificate_additional', '1979-10-11'),
(109, 1184, 'experience', '10 extra ordinaire'),
(110, 1184, 'experience', 'hjjkgggg'),
(111, 1202, 'education', 'gfxtufyuoylihj'),
(115, 1354, 'experience', 'mokjfblblhhf'),
(116, 1354, 'experience', 'ivsdùjwvbufù$gnbc'),
(117, 1354, 'experience', 'jvmslkfhtmwfdkjmwb'),
(118, 1354, 'experience', 'lmkqscdghwjcskqllsuhytnfdjkxcukvdnwvjkf'),
(119, 1354, 'experience', ',en,sbfhjkldsmxhdcfvdhjsk'),
(120, 1354, 'education', 'kjhgfddfghjkl4'),
(121, 1354, 'education', 'mlkjhdfghjklmlkjhgfdfgklmù456321'),
(122, 1354, 'education', 'mlknjbhvgfccgvhbjnk,l214'),
(124, 1954, 'experience', 'مدير تسويق في مايكروسوفت'),
(126, 1954, 'experience', 'مثال: مدير تسويق في مايكروسوفت 2012 - 2013'),
(127, 2405, 'education', 'شهادة بكالوريا اداب 1986'),
(128, 2405, 'experience', '35 سنة خبرة في التعليم الإبتدائي سنة اولى'),
(129, 2405, 'experience', 'سنتين خبرة في التعليم الإبتدائي الخاص'),
(130, 2405, 'experience', 'مجموع سنوات الخبرة 37 سنة في التعليم الإبتدائي سنة اولى'),
(134, 2012, 'education', 'الشّهادة الوطنيّة للإجازة الأساسيّة في علوم التّربيّة من معهد التربية بتونس'),
(135, 2012, 'experience', 'معلّمة لغة عربيّة  للمرحلة الابتدائيّة منذ سنة 2020 الى الآن'),
(136, 2612, 'education', 'تعليم عالي في الكيمياء  و تدريب في اللغات الحية و الخط و تنشيط مسرحي'),
(137, 2612, 'experience', 'مدرسة تعليم ابتدائي لجميع مستويات التعليم الابتدائي من السنة التحضيرية إلى السنة الرابعة في مجال اللغة العربيةو من السنة الثالثة إلى السنة السادسة في اللغتين الفرنسية و الانقليزية من سنة 2015 إلى غاية اليوم'),
(139, 2613, 'education', 'الإجازة التطبيقية في التربية و التعليم (دفعة2019)');

-- --------------------------------------------------------

--
-- Structure de la table `users_occupations`
--

CREATE TABLE `users_occupations` (
  `id` int UNSIGNED NOT NULL,
  `user_id` int UNSIGNED NOT NULL,
  `category_id` int UNSIGNED NOT NULL
) ENGINE=InnoDB DEFAULT CHARSET=utf8mb4 COLLATE=utf8mb4_unicode_ci ROW_FORMAT=DYNAMIC;

--
-- Déchargement des données de la table `users_occupations`
--

INSERT INTO `users_occupations` (`id`, `user_id`, `category_id`) VALUES
(1004, 1016, 520),
(1005, 1016, 606),
(1006, 1016, 607),
(1010, 1015, 609),
(1011, 1015, 606),
(1012, 1015, 607),
(1016, 867, 520),
(1017, 867, 525),
(1018, 867, 611),
(1019, 867, 606),
(1020, 867, 607),
(1021, 867, 608),
(1027, 929, 604),
(1028, 929, 525),
(1029, 929, 609),
(1030, 929, 610),
(1031, 929, 611),
(1032, 870, 523),
(1033, 870, 604),
(1034, 3, 602),
(1035, 3, 525),
(1036, 3, 609),
(1037, 3, 611),
(1038, 3, 606),
(1039, 934, 525),
(1040, 934, 606),
(1041, 934, 607),
(1042, 934, 608),
(1043, 923, 604),
(1044, 923, 609),
(1045, 923, 611),
(1050, 863, 601),
(1051, 863, 602),
(1052, 863, 603),
(1053, 863, 609),
(1054, 863, 611),
(1055, 864, 520),
(1056, 864, 601),
(1057, 864, 602),
(1058, 864, 603),
(1059, 868, 601),
(1060, 868, 602),
(1061, 868, 603),
(1062, 868, 523),
(1063, 868, 611),
(1064, 4, 520),
(1065, 4, 606),
(1066, 930, 520),
(1067, 859, 520),
(1068, 859, 601),
(1069, 859, 604),
(1070, 859, 611),
(1071, 1017, 601),
(1072, 1029, 602),
(1074, 1054, 601),
(1075, 995, 520),
(1076, 995, 602),
(1077, 995, 603),
(1078, 995, 608),
(1084, 1174, 520),
(1085, 1174, 603),
(1118, 1184, 100004);

-- --------------------------------------------------------

--
-- Structure de la table `users_registration_packages`
--

CREATE TABLE `users_registration_packages` (
  `id` bigint UNSIGNED NOT NULL,
  `user_id` int UNSIGNED NOT NULL,
  `instructors_count` int DEFAULT NULL,
  `students_count` int DEFAULT NULL,
  `courses_capacity` int DEFAULT NULL,
  `courses_count` int DEFAULT NULL,
  `meeting_count` int DEFAULT NULL,
  `status` enum('disabled','active') COLLATE utf8mb4_unicode_ci NOT NULL,
  `created_at` int UNSIGNED NOT NULL
) ENGINE=InnoDB DEFAULT CHARSET=utf8mb4 COLLATE=utf8mb4_unicode_ci;

-- --------------------------------------------------------

--
-- Structure de la table `users_zoom_api`
--

CREATE TABLE `users_zoom_api` (
  `id` int UNSIGNED NOT NULL,
  `user_id` int UNSIGNED NOT NULL,
  `jwt_token` text COLLATE utf8mb4_unicode_ci NOT NULL,
  `created_at` int NOT NULL
) ENGINE=InnoDB DEFAULT CHARSET=utf8mb4 COLLATE=utf8mb4_unicode_ci;

--
-- Déchargement des données de la table `users_zoom_api`
--

INSERT INTO `users_zoom_api` (`id`, `user_id`, `jwt_token`, `created_at`) VALUES
(3, 1015, 'eyJhbGciOiJIUzI1NiJ9.eyJhdWQiOm51bGwsImlzcyI6IlJvSDREeURtU2lHQTNjMXhMejFoUWciLCJleHAiOjE3NjYyNTAwMDAsImlhdCI6MTYyNDk2NjMwM30.exdStLAnK4V4jIFd6CtLCX_4nvMYLpX1JqMj70If04s', 1624966312),
(4, 1307, 'qsaoP7g3GBWC3df4pr1GKFBW7oiIHd7u', 1726743099),
(5, 2012, 'معلمة اللغة العربية 🇹🇳 السيدة \" أمال امبارك\" 🇹🇳', 1731783768);

-- --------------------------------------------------------

--
-- Structure de la table `user_level`
--

CREATE TABLE `user_level` (
  `id` bigint UNSIGNED NOT NULL,
  `level_id` int UNSIGNED NOT NULL,
  `teacher_id` int UNSIGNED NOT NULL,
  `created_at` timestamp NULL DEFAULT NULL,
  `updated_at` timestamp NULL DEFAULT NULL
) ENGINE=InnoDB DEFAULT CHARSET=utf8mb4 COLLATE=utf8mb4_unicode_ci;

--
-- Déchargement des données de la table `user_level`
--

INSERT INTO `user_level` (`id`, `level_id`, `teacher_id`, `created_at`, `updated_at`) VALUES
(891, 6, 1665, '2024-10-05 09:12:08', '2024-10-05 09:12:08'),
(892, 6, 1530, '2024-10-05 09:36:51', '2024-10-05 09:36:51'),
(898, 8, 1411, '2024-10-05 11:13:48', '2024-10-05 11:13:48'),
(899, 9, 1411, '2024-10-05 11:13:49', '2024-10-05 11:13:49'),
(900, 10, 1411, '2024-10-05 11:13:49', '2024-10-05 11:13:49'),
(901, 11, 1411, '2024-10-05 11:13:49', '2024-10-05 11:13:49'),
(902, 6, 1396, '2024-10-05 12:09:45', '2024-10-05 12:09:45'),
(903, 7, 1396, '2024-10-05 12:09:45', '2024-10-05 12:09:45'),
(904, 8, 1396, '2024-10-05 12:09:45', '2024-10-05 12:09:45'),
(905, 9, 1396, '2024-10-05 12:09:45', '2024-10-05 12:09:45'),
(906, 10, 1396, '2024-10-05 12:09:45', '2024-10-05 12:09:45'),
(907, 11, 1396, '2024-10-05 12:09:45', '2024-10-05 12:09:45'),
(950, 9, 1670, '2024-10-18 15:06:07', '2024-10-18 15:06:07'),
(951, 10, 1670, '2024-10-18 15:06:07', '2024-10-18 15:06:07'),
(954, 10, 1394, '2024-10-23 11:15:06', '2024-10-23 11:15:06'),
(955, 11, 1394, '2024-10-23 11:15:06', '2024-10-23 11:15:06'),
(970, 10, 1426, '2024-11-20 07:32:05', '2024-11-20 07:32:05'),
(992, 10, 2582, '2024-12-01 08:03:11', '2024-12-01 08:03:11'),
(993, 11, 2582, '2024-12-01 08:03:11', '2024-12-01 08:03:11'),
(994, 8, 2580, '2024-12-01 08:12:25', '2024-12-01 08:12:25'),
(995, 11, 2580, '2024-12-01 08:12:25', '2024-12-01 08:12:25'),
(997, 9, 2590, '2024-12-01 08:18:51', '2024-12-01 08:18:51'),
(998, 10, 2590, '2024-12-01 08:18:51', '2024-12-01 08:18:51'),
(1001, 8, 1318, '2024-12-01 11:47:01', '2024-12-01 11:47:01'),
(1002, 9, 1318, '2024-12-01 11:47:01', '2024-12-01 11:47:01'),
(1003, 11, 1318, '2024-12-01 11:47:01', '2024-12-01 11:47:01'),
(1006, 6, 1954, '2024-12-04 17:22:23', '2024-12-04 17:22:23'),
(1008, 6, 1666, '2024-12-05 12:23:07', '2024-12-05 12:23:07'),
(1009, 7, 1666, '2024-12-05 12:23:07', '2024-12-05 12:23:07'),
(1010, 8, 1666, '2024-12-05 12:23:07', '2024-12-05 12:23:07'),
(1011, 9, 1666, '2024-12-05 12:23:07', '2024-12-05 12:23:07'),
(1012, 10, 1666, '2024-12-05 12:23:07', '2024-12-05 12:23:07'),
(1013, 11, 1666, '2024-12-05 12:23:07', '2024-12-05 12:23:07'),
(1032, 8, 1316, '2024-12-06 12:30:31', '2024-12-06 12:30:31'),
(1045, 7, 2613, '2024-12-13 06:59:22', '2024-12-13 06:59:22'),
(1046, 8, 2613, '2024-12-13 06:59:22', '2024-12-13 06:59:22'),
(1047, 9, 2613, '2024-12-13 06:59:22', '2024-12-13 06:59:22'),
(1048, 10, 2613, '2024-12-13 06:59:22', '2024-12-13 06:59:22'),
(1049, 11, 2613, '2024-12-13 06:59:22', '2024-12-13 06:59:22'),
(1050, 10, 2624, '2024-12-20 14:43:57', '2024-12-20 14:43:57'),
(1051, 11, 2624, '2024-12-20 14:43:57', '2024-12-20 14:43:57');

-- --------------------------------------------------------

--
-- Structure de la table `user_matiere`
--

CREATE TABLE `user_matiere` (
  `id` bigint UNSIGNED NOT NULL,
  `matiere_id` int UNSIGNED NOT NULL,
  `teacher_id` int UNSIGNED NOT NULL,
  `created_at` timestamp NULL DEFAULT NULL,
  `updated_at` timestamp NULL DEFAULT NULL,
  `level_id` int UNSIGNED DEFAULT NULL
) ENGINE=InnoDB DEFAULT CHARSET=utf8mb4 COLLATE=utf8mb4_unicode_ci;

--
-- Déchargement des données de la table `user_matiere`
--

INSERT INTO `user_matiere` (`id`, `matiere_id`, `teacher_id`, `created_at`, `updated_at`, `level_id`) VALUES
(1095, 16, 1367, '2024-09-05 15:53:30', '2024-09-05 15:53:30', 10),
(1096, 18, 1367, '2024-09-05 15:53:30', '2024-09-05 15:53:30', 11),
(1097, 23, 1367, '2024-09-05 15:53:30', '2024-09-05 15:53:30', 11),
(1299, 16, 1530, '2024-10-05 09:36:51', '2024-10-05 09:36:51', 10),
(1300, 18, 1530, '2024-10-05 09:36:51', '2024-10-05 09:36:51', 11),
(1302, 13, 1411, '2024-10-05 11:13:48', '2024-10-05 11:13:48', 10),
(1303, 23, 1411, '2024-10-05 11:13:48', '2024-10-05 11:13:48', 11),
(1304, 14, 1396, '2024-10-05 12:09:45', '2024-10-05 12:09:45', 10),
(1305, 21, 1396, '2024-10-05 12:09:45', '2024-10-05 12:09:45', 11),
(1306, 17, 1369, '2024-10-05 12:19:06', '2024-10-05 12:19:06', 10),
(1307, 22, 1369, '2024-10-05 12:19:06', '2024-10-05 12:19:06', 11),
(1308, 16, 1353, '2024-10-05 12:48:32', '2024-10-05 12:48:32', 10),
(1309, 18, 1353, '2024-10-05 12:48:32', '2024-10-05 12:48:32', 11),
(1310, 7, 1669, '2024-10-05 14:00:37', '2024-10-05 14:00:37', 8),
(1311, 11, 1669, '2024-10-05 14:00:37', '2024-10-05 14:00:37', 9),
(1339, 15, 1880, '2024-10-14 12:18:54', '2024-10-14 12:18:54', 10),
(1340, 19, 1880, '2024-10-14 12:18:54', '2024-10-14 12:18:54', 11),
(1341, 2, 1896, '2024-10-15 07:47:52', '2024-10-15 07:47:52', 6),
(1342, 1, 1896, '2024-10-15 07:47:52', '2024-10-15 07:47:52', 6),
(1343, 3, 1896, '2024-10-15 07:47:52', '2024-10-15 07:47:52', 7),
(1344, 4, 1896, '2024-10-15 07:47:52', '2024-10-15 07:47:52', 7),
(1345, 8, 1896, '2024-10-15 07:47:52', '2024-10-15 07:47:52', 8),
(1346, 5, 1896, '2024-10-15 07:47:52', '2024-10-15 07:47:52', 8),
(1347, 6, 1896, '2024-10-15 07:47:52', '2024-10-15 07:47:52', 8),
(1348, 9, 1896, '2024-10-15 07:47:52', '2024-10-15 07:47:52', 9),
(1349, 12, 1896, '2024-10-15 07:47:52', '2024-10-15 07:47:52', 9),
(1350, 10, 1896, '2024-10-15 07:47:52', '2024-10-15 07:47:52', 9),
(1351, 16, 1896, '2024-10-15 07:47:52', '2024-10-15 07:47:52', 10),
(1352, 17, 1896, '2024-10-15 07:47:52', '2024-10-15 07:47:52', 10),
(1353, 13, 1896, '2024-10-15 07:47:52', '2024-10-15 07:47:52', 10),
(1354, 15, 1896, '2024-10-15 07:47:52', '2024-10-15 07:47:52', 10),
(1355, 18, 1896, '2024-10-15 07:47:52', '2024-10-15 07:47:52', 11),
(1356, 22, 1896, '2024-10-15 07:47:52', '2024-10-15 07:47:52', 11),
(1357, 23, 1896, '2024-10-15 07:47:52', '2024-10-15 07:47:52', 11),
(1358, 19, 1896, '2024-10-15 07:47:52', '2024-10-15 07:47:52', 11),
(1359, 2, 1901, '2024-10-15 09:02:54', '2024-10-15 09:02:54', 6),
(1360, 1, 1901, '2024-10-15 09:02:54', '2024-10-15 09:02:54', 6),
(1361, 3, 1901, '2024-10-15 09:02:54', '2024-10-15 09:02:54', 7),
(1362, 4, 1901, '2024-10-15 09:02:54', '2024-10-15 09:02:54', 7),
(1363, 8, 1901, '2024-10-15 09:02:54', '2024-10-15 09:02:54', 8),
(1364, 5, 1901, '2024-10-15 09:02:54', '2024-10-15 09:02:54', 8),
(1365, 6, 1901, '2024-10-15 09:02:54', '2024-10-15 09:02:54', 8),
(1366, 9, 1901, '2024-10-15 09:02:54', '2024-10-15 09:02:54', 9),
(1367, 12, 1901, '2024-10-15 09:02:54', '2024-10-15 09:02:54', 9),
(1368, 10, 1901, '2024-10-15 09:02:54', '2024-10-15 09:02:54', 9),
(1369, 16, 1901, '2024-10-15 09:02:54', '2024-10-15 09:02:54', 10),
(1370, 17, 1901, '2024-10-15 09:02:54', '2024-10-15 09:02:54', 10),
(1371, 13, 1901, '2024-10-15 09:02:54', '2024-10-15 09:02:54', 10),
(1372, 15, 1901, '2024-10-15 09:02:54', '2024-10-15 09:02:54', 10),
(1373, 18, 1901, '2024-10-15 09:02:54', '2024-10-15 09:02:54', 11),
(1374, 22, 1901, '2024-10-15 09:02:54', '2024-10-15 09:02:54', 11),
(1375, 23, 1901, '2024-10-15 09:02:54', '2024-10-15 09:02:54', 11),
(1376, 19, 1901, '2024-10-15 09:02:54', '2024-10-15 09:02:54', 11),
(1462, 7, 1670, '2024-10-18 15:06:07', '2024-10-18 15:06:07', 8),
(1463, 11, 1670, '2024-10-18 15:06:07', '2024-10-18 15:06:07', 9),
(1464, 14, 1670, '2024-10-18 15:06:07', '2024-10-18 15:06:07', 10),
(1474, 3, 1665, '2024-10-22 16:04:59', '2024-10-22 16:04:59', 7),
(1475, 10, 1665, '2024-10-22 16:04:59', '2024-10-22 16:04:59', 9),
(1478, 1, 1992, '2024-10-22 17:10:47', '2024-10-22 17:10:47', 6),
(1479, 4, 1992, '2024-10-22 17:10:47', '2024-10-22 17:10:47', 7),
(1480, 2, 1394, '2024-10-23 11:15:06', '2024-10-23 11:15:06', 6),
(1481, 16, 1394, '2024-10-23 11:15:06', '2024-10-23 11:15:06', 10),
(1482, 13, 1394, '2024-10-23 11:15:06', '2024-10-23 11:15:06', 10),
(1483, 18, 1394, '2024-10-23 11:15:06', '2024-10-23 11:15:06', 11),
(1484, 23, 1394, '2024-10-23 11:15:06', '2024-10-23 11:15:06', 11),
(1485, 19, 1394, '2024-10-23 11:15:06', '2024-10-23 11:15:06', 11),
(1486, 3, 1994, '2024-10-23 11:15:34', '2024-10-23 11:15:34', 7),
(1487, 4, 1994, '2024-10-23 11:15:34', '2024-10-23 11:15:34', 7),
(1505, 4, 2012, '2024-10-26 16:33:07', '2024-10-26 16:33:07', 7),
(1506, 5, 2012, '2024-10-26 16:33:07', '2024-10-26 16:33:07', 8),
(1507, 12, 2012, '2024-10-26 16:33:07', '2024-10-26 16:33:07', 9),
(1508, 16, 2026, '2024-10-28 20:03:19', '2024-10-28 20:03:19', 10),
(1509, 13, 2026, '2024-10-28 20:03:19', '2024-10-28 20:03:19', 10),
(1510, 18, 2026, '2024-10-28 20:03:19', '2024-10-28 20:03:19', 11),
(1511, 23, 2026, '2024-10-28 20:03:19', '2024-10-28 20:03:19', 11),
(1530, 2, 2079, '2024-10-30 18:50:14', '2024-10-30 18:50:14', 6),
(1531, 1, 2079, '2024-10-30 18:50:14', '2024-10-30 18:50:14', 6),
(1532, 3, 2079, '2024-10-30 18:50:14', '2024-10-30 18:50:14', 7),
(1533, 4, 2079, '2024-10-30 18:50:14', '2024-10-30 18:50:14', 7),
(1534, 9, 2079, '2024-10-30 18:50:14', '2024-10-30 18:50:14', 9),
(1535, 12, 2079, '2024-10-30 18:50:14', '2024-10-30 18:50:14', 9),
(1536, 10, 2079, '2024-10-30 18:50:14', '2024-10-30 18:50:14', 9),
(1537, 19, 2079, '2024-10-30 18:50:14', '2024-10-30 18:50:14', 11),
(1538, 20, 2079, '2024-10-30 18:50:14', '2024-10-30 18:50:14', 11),
(1539, 2, 2091, '2024-11-01 12:40:01', '2024-11-01 12:40:01', 6),
(1540, 3, 2091, '2024-11-01 12:40:01', '2024-11-01 12:40:01', 7),
(1541, 8, 2091, '2024-11-01 12:40:01', '2024-11-01 12:40:01', 8),
(1542, 9, 2091, '2024-11-01 12:40:01', '2024-11-01 12:40:01', 9),
(1543, 16, 2091, '2024-11-01 12:40:01', '2024-11-01 12:40:01', 10),
(1544, 18, 2091, '2024-11-01 12:40:01', '2024-11-01 12:40:01', 11),
(1545, 20, 2115, '2024-11-02 12:10:33', '2024-11-02 12:10:33', 11),
(1546, 1, 2145, '2024-11-04 14:46:20', '2024-11-04 14:46:20', 6),
(1547, 4, 2145, '2024-11-04 14:46:20', '2024-11-04 14:46:20', 7),
(1548, 5, 2145, '2024-11-04 14:46:20', '2024-11-04 14:46:20', 8),
(1549, 12, 2145, '2024-11-04 14:46:20', '2024-11-04 14:46:20', 9),
(1550, 17, 2145, '2024-11-04 14:46:20', '2024-11-04 14:46:20', 10),
(1551, 22, 2145, '2024-11-04 14:46:20', '2024-11-04 14:46:20', 11),
(1552, 20, 2145, '2024-11-04 14:46:20', '2024-11-04 14:46:20', 11),
(1553, 20, 2020, '2024-11-08 20:37:04', '2024-11-08 20:37:04', 11),
(1554, 16, 2306, '2024-11-13 20:29:11', '2024-11-13 20:29:11', 10),
(1555, 13, 2306, '2024-11-13 20:29:11', '2024-11-13 20:29:11', 10),
(1556, 18, 2306, '2024-11-13 20:29:11', '2024-11-13 20:29:11', 11),
(1557, 23, 2306, '2024-11-13 20:29:11', '2024-11-13 20:29:11', 11),
(1558, 19, 2306, '2024-11-13 20:29:11', '2024-11-13 20:29:11', 11),
(1559, 8, 2387, '2024-11-15 20:29:05', '2024-11-15 20:29:05', 8),
(1560, 5, 2387, '2024-11-15 20:29:05', '2024-11-15 20:29:05', 8),
(1561, 9, 2387, '2024-11-15 20:29:05', '2024-11-15 20:29:05', 9),
(1562, 12, 2387, '2024-11-15 20:29:05', '2024-11-15 20:29:05', 9),
(1563, 2, 2392, '2024-11-16 09:38:33', '2024-11-16 09:38:33', 6),
(1564, 1, 2392, '2024-11-16 09:38:33', '2024-11-16 09:38:33', 6),
(1565, 3, 2392, '2024-11-16 09:38:33', '2024-11-16 09:38:33', 7),
(1566, 4, 2392, '2024-11-16 09:38:33', '2024-11-16 09:38:33', 7),
(1567, 8, 2392, '2024-11-16 09:38:33', '2024-11-16 09:38:33', 8),
(1568, 5, 2392, '2024-11-16 09:38:33', '2024-11-16 09:38:33', 8),
(1569, 6, 2392, '2024-11-16 09:38:33', '2024-11-16 09:38:33', 8),
(1570, 7, 2392, '2024-11-16 09:38:33', '2024-11-16 09:38:33', 8),
(1571, 9, 2392, '2024-11-16 09:38:33', '2024-11-16 09:38:33', 9),
(1572, 12, 2392, '2024-11-16 09:38:33', '2024-11-16 09:38:33', 9),
(1573, 10, 2392, '2024-11-16 09:38:33', '2024-11-16 09:38:33', 9),
(1574, 11, 2392, '2024-11-16 09:38:33', '2024-11-16 09:38:33', 9),
(1575, 16, 2392, '2024-11-16 09:38:33', '2024-11-16 09:38:33', 10),
(1576, 17, 2392, '2024-11-16 09:38:33', '2024-11-16 09:38:33', 10),
(1577, 13, 2392, '2024-11-16 09:38:33', '2024-11-16 09:38:33', 10),
(1578, 14, 2392, '2024-11-16 09:38:33', '2024-11-16 09:38:33', 10),
(1579, 15, 2392, '2024-11-16 09:38:33', '2024-11-16 09:38:33', 10),
(1580, 18, 2392, '2024-11-16 09:38:33', '2024-11-16 09:38:33', 11),
(1581, 22, 2392, '2024-11-16 09:38:33', '2024-11-16 09:38:33', 11),
(1582, 23, 2392, '2024-11-16 09:38:33', '2024-11-16 09:38:33', 11),
(1583, 21, 2392, '2024-11-16 09:38:33', '2024-11-16 09:38:33', 11),
(1584, 19, 2392, '2024-11-16 09:38:33', '2024-11-16 09:38:33', 11),
(1585, 2, 2405, '2024-11-16 15:44:13', '2024-11-16 15:44:13', 6),
(1586, 1, 2405, '2024-11-16 15:44:13', '2024-11-16 15:44:13', 6),
(1587, 8, 2406, '2024-11-18 13:54:07', '2024-11-18 13:54:07', 8),
(1588, 6, 2406, '2024-11-18 13:54:07', '2024-11-18 13:54:07', 8),
(1589, 9, 2406, '2024-11-18 13:54:07', '2024-11-18 13:54:07', 9),
(1590, 10, 2406, '2024-11-18 13:54:07', '2024-11-18 13:54:07', 9),
(1594, 2, 2426, '2024-11-19 06:52:16', '2024-11-19 06:52:16', 6),
(1595, 1, 2426, '2024-11-19 06:52:16', '2024-11-19 06:52:16', 6),
(1596, 3, 2426, '2024-11-19 06:52:16', '2024-11-19 06:52:16', 7),
(1597, 4, 2426, '2024-11-19 06:52:16', '2024-11-19 06:52:16', 7),
(1598, 8, 2426, '2024-11-19 06:52:16', '2024-11-19 06:52:16', 8),
(1599, 5, 2426, '2024-11-19 06:52:16', '2024-11-19 06:52:16', 8),
(1600, 6, 2426, '2024-11-19 06:52:16', '2024-11-19 06:52:16', 8),
(1601, 7, 2426, '2024-11-19 06:52:16', '2024-11-19 06:52:16', 8),
(1602, 9, 2426, '2024-11-19 06:52:16', '2024-11-19 06:52:16', 9),
(1603, 12, 2426, '2024-11-19 06:52:16', '2024-11-19 06:52:16', 9),
(1604, 10, 2426, '2024-11-19 06:52:16', '2024-11-19 06:52:16', 9),
(1605, 11, 2426, '2024-11-19 06:52:16', '2024-11-19 06:52:16', 9),
(1606, 16, 2426, '2024-11-19 06:52:16', '2024-11-19 06:52:16', 10),
(1607, 17, 2426, '2024-11-19 06:52:16', '2024-11-19 06:52:16', 10),
(1608, 13, 2426, '2024-11-19 06:52:16', '2024-11-19 06:52:16', 10),
(1609, 14, 2426, '2024-11-19 06:52:16', '2024-11-19 06:52:16', 10),
(1610, 15, 2426, '2024-11-19 06:52:16', '2024-11-19 06:52:16', 10),
(1611, 18, 2426, '2024-11-19 06:52:16', '2024-11-19 06:52:16', 11),
(1612, 22, 2426, '2024-11-19 06:52:16', '2024-11-19 06:52:16', 11),
(1613, 23, 2426, '2024-11-19 06:52:16', '2024-11-19 06:52:16', 11),
(1614, 21, 2426, '2024-11-19 06:52:16', '2024-11-19 06:52:16', 11),
(1615, 19, 2426, '2024-11-19 06:52:16', '2024-11-19 06:52:16', 11),
(1616, 20, 2426, '2024-11-19 06:52:16', '2024-11-19 06:52:16', 11),
(1617, 1, 1426, '2024-11-20 07:32:05', '2024-11-20 07:32:05', 6),
(1618, 16, 1426, '2024-11-20 07:32:05', '2024-11-20 07:32:05', 10),
(1619, 13, 1426, '2024-11-20 07:32:05', '2024-11-20 07:32:05', 10),
(1620, 1, 2451, '2024-11-20 08:06:03', '2024-11-20 08:06:03', 6),
(1621, 6, 2451, '2024-11-20 08:06:03', '2024-11-20 08:06:03', 8),
(1622, 15, 2451, '2024-11-20 08:06:03', '2024-11-20 08:06:03', 10),
(1623, 2, 2457, '2024-11-20 15:49:17', '2024-11-20 15:49:17', 6),
(1624, 3, 2457, '2024-11-20 15:49:17', '2024-11-20 15:49:17', 7),
(1625, 8, 2457, '2024-11-20 15:49:17', '2024-11-20 15:49:17', 8),
(1626, 6, 2457, '2024-11-20 15:49:17', '2024-11-20 15:49:17', 8),
(1627, 9, 2457, '2024-11-20 15:49:17', '2024-11-20 15:49:17', 9),
(1628, 10, 2457, '2024-11-20 15:49:17', '2024-11-20 15:49:17', 9),
(1629, 16, 2457, '2024-11-20 15:49:17', '2024-11-20 15:49:17', 10),
(1630, 13, 2457, '2024-11-20 15:49:17', '2024-11-20 15:49:17', 10),
(1638, 2, 2473, '2024-11-22 06:27:49', '2024-11-22 06:27:49', 6),
(1639, 8, 2473, '2024-11-22 06:27:49', '2024-11-22 06:27:49', 8),
(1640, 6, 2473, '2024-11-22 06:27:49', '2024-11-22 06:27:49', 8),
(1641, 12, 2473, '2024-11-22 06:27:49', '2024-11-22 06:27:49', 9),
(1665, 9, 2544, '2024-11-27 13:01:43', '2024-11-27 13:01:43', 9),
(1666, 10, 2544, '2024-11-27 13:01:43', '2024-11-27 13:01:43', 9),
(1667, 16, 2544, '2024-11-27 13:01:43', '2024-11-27 13:01:43', 10),
(1668, 13, 2544, '2024-11-27 13:01:43', '2024-11-27 13:01:43', 10),
(1669, 18, 2544, '2024-11-27 13:01:43', '2024-11-27 13:01:43', 11),
(1670, 23, 2544, '2024-11-27 13:01:43', '2024-11-27 13:01:43', 11),
(1671, 2, 2570, '2024-11-30 15:41:11', '2024-11-30 15:41:11', 6),
(1672, 1, 2570, '2024-11-30 15:41:11', '2024-11-30 15:41:11', 6),
(1673, 3, 2570, '2024-11-30 15:41:11', '2024-11-30 15:41:11', 7),
(1674, 4, 2570, '2024-11-30 15:41:11', '2024-11-30 15:41:11', 7),
(1675, 8, 2570, '2024-11-30 15:41:11', '2024-11-30 15:41:11', 8),
(1676, 5, 2570, '2024-11-30 15:41:11', '2024-11-30 15:41:11', 8),
(1677, 6, 2570, '2024-11-30 15:41:11', '2024-11-30 15:41:11', 8),
(1678, 7, 2570, '2024-11-30 15:41:11', '2024-11-30 15:41:11', 8),
(1679, 9, 2570, '2024-11-30 15:41:11', '2024-11-30 15:41:11', 9),
(1680, 12, 2570, '2024-11-30 15:41:11', '2024-11-30 15:41:11', 9),
(1681, 10, 2570, '2024-11-30 15:41:11', '2024-11-30 15:41:11', 9),
(1682, 11, 2570, '2024-11-30 15:41:11', '2024-11-30 15:41:11', 9),
(1683, 16, 2570, '2024-11-30 15:41:11', '2024-11-30 15:41:11', 10),
(1684, 17, 2570, '2024-11-30 15:41:11', '2024-11-30 15:41:11', 10),
(1685, 13, 2570, '2024-11-30 15:41:11', '2024-11-30 15:41:11', 10),
(1686, 14, 2570, '2024-11-30 15:41:11', '2024-11-30 15:41:11', 10),
(1687, 18, 2570, '2024-11-30 15:41:11', '2024-11-30 15:41:11', 11),
(1688, 22, 2570, '2024-11-30 15:41:11', '2024-11-30 15:41:11', 11),
(1689, 23, 2570, '2024-11-30 15:41:11', '2024-11-30 15:41:11', 11),
(1690, 21, 2570, '2024-11-30 15:41:11', '2024-11-30 15:41:11', 11),
(1691, 20, 2570, '2024-11-30 15:41:11', '2024-11-30 15:41:11', 11),
(1692, 8, 2571, '2024-11-30 17:32:09', '2024-11-30 17:32:09', 8),
(1693, 6, 2571, '2024-11-30 17:32:09', '2024-11-30 17:32:09', 8),
(1694, 18, 2571, '2024-11-30 17:32:09', '2024-11-30 17:32:09', 11),
(1695, 23, 2571, '2024-11-30 17:32:09', '2024-11-30 17:32:09', 11),
(1696, 2, 2578, '2024-12-01 07:40:19', '2024-12-01 07:40:19', 6),
(1697, 1, 2578, '2024-12-01 07:40:19', '2024-12-01 07:40:19', 6),
(1698, 9, 2576, '2024-12-01 07:43:23', '2024-12-01 07:43:23', 9),
(1699, 10, 2576, '2024-12-01 07:43:23', '2024-12-01 07:43:23', 9),
(1700, 20, 2576, '2024-12-01 07:43:23', '2024-12-01 07:43:23', 11),
(1702, 16, 2579, '2024-12-01 07:50:00', '2024-12-01 07:50:00', 10),
(1703, 13, 2579, '2024-12-01 07:50:00', '2024-12-01 07:50:00', 10),
(1704, 15, 2579, '2024-12-01 07:50:00', '2024-12-01 07:50:00', 10),
(1705, 18, 2579, '2024-12-01 07:50:00', '2024-12-01 07:50:00', 11),
(1706, 23, 2579, '2024-12-01 07:50:00', '2024-12-01 07:50:00', 11),
(1707, 20, 2579, '2024-12-01 07:50:00', '2024-12-01 07:50:00', 11),
(1710, 16, 2577, '2024-12-01 07:52:07', '2024-12-01 07:52:07', 10),
(1711, 13, 2577, '2024-12-01 07:52:07', '2024-12-01 07:52:07', 10),
(1718, 11, 2582, '2024-12-01 08:03:11', '2024-12-01 08:03:11', 9),
(1719, 16, 2582, '2024-12-01 08:03:11', '2024-12-01 08:03:11', 10),
(1720, 17, 2582, '2024-12-01 08:03:11', '2024-12-01 08:03:11', 10),
(1721, 13, 2582, '2024-12-01 08:03:11', '2024-12-01 08:03:11', 10),
(1722, 18, 2582, '2024-12-01 08:03:11', '2024-12-01 08:03:11', 11),
(1723, 22, 2582, '2024-12-01 08:03:11', '2024-12-01 08:03:11', 11),
(1724, 23, 2582, '2024-12-01 08:03:11', '2024-12-01 08:03:11', 11),
(1725, 1, 2583, '2024-12-01 08:05:18', '2024-12-01 08:05:18', 6),
(1726, 4, 2583, '2024-12-01 08:05:18', '2024-12-01 08:05:18', 7),
(1727, 5, 2583, '2024-12-01 08:05:18', '2024-12-01 08:05:18', 8),
(1728, 22, 2580, '2024-12-01 08:12:25', '2024-12-01 08:12:25', 11),
(1729, 14, 2588, '2024-12-01 08:16:26', '2024-12-01 08:16:26', 10),
(1730, 21, 2588, '2024-12-01 08:16:26', '2024-12-01 08:16:26', 11),
(1736, 9, 2590, '2024-12-01 08:18:51', '2024-12-01 08:18:51', 9),
(1737, 10, 2590, '2024-12-01 08:18:51', '2024-12-01 08:18:51', 9),
(1738, 2, 2593, '2024-12-01 08:23:32', '2024-12-01 08:23:32', 6),
(1739, 1, 2593, '2024-12-01 08:23:32', '2024-12-01 08:23:32', 6),
(1740, 3, 2593, '2024-12-01 08:23:32', '2024-12-01 08:23:32', 7),
(1741, 4, 2593, '2024-12-01 08:23:32', '2024-12-01 08:23:32', 7),
(1742, 17, 2593, '2024-12-01 08:23:32', '2024-12-01 08:23:32', 10),
(1743, 14, 2592, '2024-12-01 08:27:16', '2024-12-01 08:27:16', 10),
(1744, 15, 2592, '2024-12-01 08:27:16', '2024-12-01 08:27:16', 10),
(1745, 21, 2592, '2024-12-01 08:27:16', '2024-12-01 08:27:16', 11),
(1746, 8, 2591, '2024-12-01 08:33:12', '2024-12-01 08:33:12', 8),
(1747, 6, 2591, '2024-12-01 08:33:12', '2024-12-01 08:33:12', 8),
(1748, 9, 2591, '2024-12-01 08:33:12', '2024-12-01 08:33:12', 9),
(1749, 10, 2591, '2024-12-01 08:33:12', '2024-12-01 08:33:12', 9),
(1750, 16, 2591, '2024-12-01 08:33:12', '2024-12-01 08:33:12', 10),
(1751, 13, 2591, '2024-12-01 08:33:12', '2024-12-01 08:33:12', 10),
(1752, 18, 2591, '2024-12-01 08:33:12', '2024-12-01 08:33:12', 11),
(1753, 23, 2591, '2024-12-01 08:33:12', '2024-12-01 08:33:12', 11),
(1754, 8, 2595, '2024-12-01 08:58:11', '2024-12-01 08:58:11', 8),
(1755, 5, 2595, '2024-12-01 08:58:11', '2024-12-01 08:58:11', 8),
(1756, 6, 2595, '2024-12-01 08:58:11', '2024-12-01 08:58:11', 8),
(1757, 3, 2596, '2024-12-01 09:46:13', '2024-12-01 09:46:13', 7),
(1758, 4, 2596, '2024-12-01 09:46:13', '2024-12-01 09:46:13', 7),
(1759, 5, 2597, '2024-12-01 09:50:28', '2024-12-01 09:50:28', 8),
(1760, 17, 2597, '2024-12-01 09:50:28', '2024-12-01 09:50:28', 10),
(1761, 14, 2597, '2024-12-01 09:50:28', '2024-12-01 09:50:28', 10),
(1762, 15, 2597, '2024-12-01 09:50:28', '2024-12-01 09:50:28', 10),
(1763, 9, 2598, '2024-12-01 10:04:40', '2024-12-01 10:04:40', 9),
(1764, 10, 2598, '2024-12-01 10:04:40', '2024-12-01 10:04:40', 9),
(1765, 16, 2598, '2024-12-01 10:04:40', '2024-12-01 10:04:40', 10),
(1766, 13, 2598, '2024-12-01 10:04:40', '2024-12-01 10:04:40', 10),
(1767, 15, 2598, '2024-12-01 10:04:40', '2024-12-01 10:04:40', 10),
(1768, 2, 2599, '2024-12-01 10:18:34', '2024-12-01 10:18:34', 6),
(1769, 1, 2599, '2024-12-01 10:18:34', '2024-12-01 10:18:34', 6),
(1774, 8, 1318, '2024-12-01 11:47:01', '2024-12-01 11:47:01', 8),
(1775, 6, 1318, '2024-12-01 11:47:01', '2024-12-01 11:47:01', 8),
(1776, 9, 1318, '2024-12-01 11:47:01', '2024-12-01 11:47:01', 9),
(1777, 2, 2600, '2024-12-01 14:00:00', '2024-12-01 14:00:00', 6),
(1778, 3, 2600, '2024-12-01 14:00:00', '2024-12-01 14:00:00', 7),
(1779, 8, 2600, '2024-12-01 14:00:00', '2024-12-01 14:00:00', 8),
(1780, 5, 2600, '2024-12-01 14:00:00', '2024-12-01 14:00:00', 8),
(1781, 6, 2600, '2024-12-01 14:00:00', '2024-12-01 14:00:00', 8),
(1782, 7, 2600, '2024-12-01 14:00:00', '2024-12-01 14:00:00', 8),
(1783, 9, 2600, '2024-12-01 14:00:00', '2024-12-01 14:00:00', 9),
(1784, 10, 2600, '2024-12-01 14:00:00', '2024-12-01 14:00:00', 9),
(1785, 11, 2600, '2024-12-01 14:00:00', '2024-12-01 14:00:00', 9),
(1786, 16, 2600, '2024-12-01 14:00:00', '2024-12-01 14:00:00', 10),
(1787, 13, 2600, '2024-12-01 14:00:00', '2024-12-01 14:00:00', 10),
(1788, 14, 2600, '2024-12-01 14:00:00', '2024-12-01 14:00:00', 10),
(1789, 18, 2600, '2024-12-01 14:00:00', '2024-12-01 14:00:00', 11),
(1790, 23, 2600, '2024-12-01 14:00:00', '2024-12-01 14:00:00', 11),
(1791, 21, 2600, '2024-12-01 14:00:00', '2024-12-01 14:00:00', 11),
(1792, 1, 2612, '2024-12-03 13:49:34', '2024-12-03 13:49:34', 6),
(1793, 4, 2612, '2024-12-03 13:49:34', '2024-12-03 13:49:34', 7),
(1794, 5, 2612, '2024-12-03 13:49:34', '2024-12-03 13:49:34', 8),
(1795, 7, 2612, '2024-12-03 13:49:34', '2024-12-03 13:49:34', 8),
(1796, 12, 2612, '2024-12-03 13:49:34', '2024-12-03 13:49:34', 9),
(1797, 11, 2612, '2024-12-03 13:49:34', '2024-12-03 13:49:34', 9),
(1798, 14, 2612, '2024-12-03 13:49:34', '2024-12-03 13:49:34', 10),
(1799, 21, 2612, '2024-12-03 13:49:34', '2024-12-03 13:49:34', 11),
(1800, 20, 2612, '2024-12-03 13:49:34', '2024-12-03 13:49:34', 11),
(1821, 16, 1954, '2024-12-04 17:22:23', '2024-12-04 17:22:23', 10),
(1822, 17, 1954, '2024-12-04 17:22:23', '2024-12-04 17:22:23', 10),
(1823, 13, 1954, '2024-12-04 17:22:23', '2024-12-04 17:22:23', 10),
(1824, 14, 1954, '2024-12-04 17:22:23', '2024-12-04 17:22:23', 10),
(1825, 15, 1954, '2024-12-04 17:22:23', '2024-12-04 17:22:23', 10),
(1837, 2, 1666, '2024-12-05 12:23:07', '2024-12-05 12:23:07', 6),
(1838, 1, 1666, '2024-12-05 12:23:07', '2024-12-05 12:23:07', 6),
(1865, 5, 2623, '2024-12-06 04:38:27', '2024-12-06 04:38:27', 8),
(1866, 12, 2623, '2024-12-06 04:38:27', '2024-12-06 04:38:27', 9),
(1867, 17, 2623, '2024-12-06 04:38:27', '2024-12-06 04:38:27', 10),
(1868, 15, 2623, '2024-12-06 04:38:27', '2024-12-06 04:38:27', 10),
(1869, 22, 2623, '2024-12-06 04:38:27', '2024-12-06 04:38:27', 11),
(1870, 19, 2623, '2024-12-06 04:38:27', '2024-12-06 04:38:27', 11),
(1877, 4, 1316, '2024-12-06 12:30:31', '2024-12-06 12:30:31', 7),
(1878, 5, 1316, '2024-12-06 12:30:31', '2024-12-06 12:30:31', 8),
(1879, 12, 1316, '2024-12-06 12:30:31', '2024-12-06 12:30:31', 9),
(1880, 16, 2625, '2024-12-06 13:24:40', '2024-12-06 13:24:40', 10),
(1881, 13, 2625, '2024-12-06 13:24:40', '2024-12-06 13:24:40', 10),
(1882, 18, 2625, '2024-12-06 13:24:40', '2024-12-06 13:24:40', 11),
(1883, 23, 2625, '2024-12-06 13:24:40', '2024-12-06 13:24:40', 11),
(1901, 1, 2630, '2024-12-08 14:59:59', '2024-12-08 14:59:59', 6),
(1902, 4, 2630, '2024-12-08 14:59:59', '2024-12-08 14:59:59', 7),
(1903, 5, 2630, '2024-12-08 14:59:59', '2024-12-08 14:59:59', 8),
(1904, 12, 2630, '2024-12-08 14:59:59', '2024-12-08 14:59:59', 9),
(1905, 17, 2630, '2024-12-08 14:59:59', '2024-12-08 14:59:59', 10),
(1906, 22, 2630, '2024-12-08 14:59:59', '2024-12-08 14:59:59', 11),
(1920, 21, 2644, '2024-12-11 14:54:10', '2024-12-11 14:54:10', 11),
(1921, 3, 2613, '2024-12-13 06:59:22', '2024-12-13 06:59:22', 7),
(1922, 4, 2613, '2024-12-13 06:59:22', '2024-12-13 06:59:22', 7),
(1923, 8, 2613, '2024-12-13 06:59:22', '2024-12-13 06:59:22', 8),
(1924, 5, 2613, '2024-12-13 06:59:22', '2024-12-13 06:59:22', 8),
(1925, 6, 2613, '2024-12-13 06:59:22', '2024-12-13 06:59:22', 8),
(1926, 9, 2613, '2024-12-13 06:59:22', '2024-12-13 06:59:22', 9),
(1927, 12, 2613, '2024-12-13 06:59:22', '2024-12-13 06:59:22', 9),
(1928, 10, 2613, '2024-12-13 06:59:22', '2024-12-13 06:59:22', 9),
(1929, 2, 2655, '2024-12-13 13:09:56', '2024-12-13 13:09:56', 6),
(1930, 1, 2655, '2024-12-13 13:09:56', '2024-12-13 13:09:56', 6),
(1931, 6, 2655, '2024-12-13 13:09:56', '2024-12-13 13:09:56', 8),
(1932, 9, 2655, '2024-12-13 13:09:56', '2024-12-13 13:09:56', 9),
(1933, 17, 2624, '2024-12-20 14:43:57', '2024-12-20 14:43:57', 10),
(1934, 22, 2624, '2024-12-20 14:43:57', '2024-12-20 14:43:57', 11);

-- --------------------------------------------------------

--
-- Structure de la table `user_views`
--

CREATE TABLE `user_views` (
  `id` bigint UNSIGNED NOT NULL,
  `user_id` int UNSIGNED NOT NULL,
  `video_id` int UNSIGNED NOT NULL,
  `created_at` timestamp NULL DEFAULT NULL,
  `updated_at` timestamp NULL DEFAULT NULL
) ENGINE=InnoDB DEFAULT CHARSET=utf8mb4 COLLATE=utf8mb4_unicode_ci;

--
-- Déchargement des données de la table `user_views`
--

INSERT INTO `user_views` (`id`, `user_id`, `video_id`, `created_at`, `updated_at`) VALUES
(191, 1945, 161, NULL, NULL),
(198, 1945, 165, NULL, NULL),
(205, 1899, 558, NULL, NULL),
(214, 1665, 367, NULL, NULL),
(218, 1908, 472, NULL, NULL),
(219, 1863, 158, NULL, NULL),
(222, 1997, 158, NULL, NULL),
(223, 1997, 156, NULL, NULL),
(225, 1977, 147, NULL, NULL),
(226, 1977, 156, NULL, NULL),
(228, 2005, 226, NULL, NULL),
(229, 1977, 176, NULL, NULL),
(231, 2003, 364, NULL, NULL),
(234, 2008, 179, NULL, NULL),
(235, 2008, 149, NULL, NULL),
(236, 2005, 639, NULL, NULL),
(237, 2004, 358, NULL, NULL),
(238, 2004, 359, NULL, NULL),
(239, 1977, 178, NULL, NULL),
(240, 2015, 346, NULL, NULL),
(244, 1977, 378, NULL, NULL),
(245, 1977, 377, NULL, NULL),
(246, 1977, 216, NULL, NULL),
(247, 1977, 222, NULL, NULL),
(248, 1977, 217, NULL, NULL),
(249, 1977, 220, NULL, NULL),
(250, 1977, 240, NULL, NULL),
(251, 1977, 643, NULL, NULL),
(252, 2019, 440, NULL, NULL),
(253, 2019, 415, NULL, NULL),
(255, 1977, 161, NULL, NULL),
(256, 2019, 441, NULL, NULL),
(262, 2017, 672, NULL, NULL),
(263, 2017, 671, NULL, NULL),
(264, 2017, 673, NULL, NULL),
(265, 2017, 674, NULL, NULL),
(266, 2017, 675, NULL, NULL),
(267, 2017, 676, NULL, NULL),
(268, 2042, 474, NULL, NULL),
(269, 2033, 472, NULL, NULL),
(270, 2033, 479, NULL, NULL),
(271, 2056, 475, NULL, NULL),
(272, 1862, 158, NULL, NULL),
(273, 2058, 332, NULL, NULL),
(274, 2062, 450, NULL, NULL),
(275, 2082, 367, NULL, NULL),
(276, 2073, 152, NULL, NULL),
(277, 2001, 218, NULL, NULL),
(278, 2001, 255, NULL, NULL),
(279, 2095, 671, NULL, NULL),
(280, 2096, 199, NULL, NULL),
(281, 1667, 266, NULL, NULL),
(282, 2098, 368, NULL, NULL),
(283, 2098, 385, NULL, NULL),
(284, 2100, 152, NULL, NULL),
(285, 2100, 253, NULL, NULL),
(286, 2107, 165, NULL, NULL),
(287, 2112, 179, NULL, NULL),
(288, 2112, 185, NULL, NULL),
(289, 2109, 266, NULL, NULL),
(290, 2108, 266, NULL, NULL),
(291, 2112, 147, NULL, NULL),
(292, 2119, 377, NULL, NULL),
(293, 2121, 385, NULL, NULL),
(295, 2126, 385, NULL, NULL),
(296, 2128, 370, NULL, NULL),
(297, 2131, 671, NULL, NULL),
(298, 2131, 672, NULL, NULL),
(299, 2131, 673, NULL, NULL),
(300, 2130, 563, NULL, NULL),
(301, 2121, 387, NULL, NULL),
(302, 2121, 386, NULL, NULL),
(303, 2141, 671, NULL, NULL),
(304, 2141, 158, NULL, NULL),
(305, 2122, 178, NULL, NULL),
(307, 2100, 379, NULL, NULL),
(308, 2100, 378, NULL, NULL),
(309, 2100, 178, NULL, NULL),
(310, 2100, 181, NULL, NULL),
(311, 2100, 180, NULL, NULL),
(312, 2151, 671, NULL, NULL),
(314, 2164, 367, NULL, NULL),
(315, 2166, 369, NULL, NULL),
(316, 2162, 368, NULL, NULL),
(317, 2167, 149, NULL, NULL),
(318, 2167, 253, NULL, NULL),
(319, 2181, 341, NULL, NULL),
(320, 2168, 394, NULL, NULL),
(321, 2168, 398, NULL, NULL),
(322, 2168, 395, NULL, NULL),
(323, 2073, 179, NULL, NULL),
(327, 2131, 158, NULL, NULL),
(328, 2131, 160, NULL, NULL),
(329, 2131, 162, NULL, NULL),
(330, 2168, 382, NULL, NULL),
(331, 2168, 381, NULL, NULL),
(332, 2210, 495, NULL, NULL),
(333, 2214, 149, NULL, NULL),
(334, 2217, 499, NULL, NULL),
(335, 2100, 182, NULL, NULL),
(336, 2100, 390, NULL, NULL),
(337, 2100, 392, NULL, NULL),
(338, 2100, 391, NULL, NULL),
(339, 2224, 639, NULL, NULL),
(340, 2226, 149, NULL, NULL),
(341, 2073, 149, NULL, NULL),
(342, 2062, 563, NULL, NULL),
(343, 2168, 306, NULL, NULL),
(344, 2168, 301, NULL, NULL),
(345, 2237, 161, NULL, NULL),
(346, 2241, 169, NULL, NULL),
(347, 2243, 367, NULL, NULL),
(349, 2244, 364, NULL, NULL),
(350, 2244, 374, NULL, NULL),
(351, 2246, 422, NULL, NULL),
(352, 2244, 423, NULL, NULL),
(353, 2249, 149, NULL, NULL),
(356, 2257, 149, NULL, NULL),
(357, 2261, 240, NULL, NULL),
(358, 2261, 182, NULL, NULL),
(359, 2261, 253, NULL, NULL),
(360, 2124, 249, NULL, NULL),
(361, 2073, 147, NULL, NULL),
(362, 2122, 391, NULL, NULL),
(363, 2122, 392, NULL, NULL),
(364, 2278, 671, NULL, NULL),
(365, 2278, 672, NULL, NULL),
(366, 2124, 266, NULL, NULL),
(367, 2299, 147, NULL, NULL),
(368, 2100, 385, NULL, NULL),
(369, 2100, 387, NULL, NULL),
(370, 2073, 369, NULL, NULL),
(371, 2142, 495, NULL, NULL),
(372, 2304, 214, NULL, NULL),
(373, 2336, 334, NULL, NULL),
(374, 2355, 476, NULL, NULL),
(375, 2355, 490, NULL, NULL),
(376, 2168, 378, NULL, NULL),
(377, 2168, 377, NULL, NULL),
(378, 2168, 256, NULL, NULL),
(379, 2168, 257, NULL, NULL),
(381, 2073, 367, NULL, NULL),
(383, 2073, 368, NULL, NULL),
(384, 1889, 671, NULL, NULL),
(385, 2401, 558, NULL, NULL),
(386, 2403, 158, NULL, NULL),
(387, 2404, 560, NULL, NULL),
(388, 2404, 558, NULL, NULL),
(390, 2435, 450, NULL, NULL),
(391, 2435, 451, NULL, NULL),
(392, 2435, 452, NULL, NULL),
(393, 2435, 447, NULL, NULL),
(394, 2435, 445, NULL, NULL),
(395, 2435, 444, NULL, NULL),
(396, 2168, 194, NULL, NULL),
(397, 2292, 169, NULL, NULL),
(398, 2292, 652, NULL, NULL),
(405, 2456, 671, NULL, NULL),
(406, 1316, 158, NULL, NULL),
(407, 2169, 623, NULL, NULL),
(408, 2169, 626, NULL, NULL),
(409, 2042, 473, NULL, NULL),
(413, 1889, 214, NULL, NULL),
(414, 2073, 209, NULL, NULL),
(415, 1889, 158, NULL, NULL),
(416, 1889, 156, NULL, NULL),
(417, 1889, 157, NULL, NULL),
(418, 1889, 474, NULL, NULL),
(419, 2168, 198, NULL, NULL),
(420, 2168, 199, NULL, NULL),
(421, 2475, 498, NULL, NULL),
(425, 2282, 161, NULL, NULL),
(426, 2499, 165, NULL, NULL),
(427, 2501, 414, NULL, NULL),
(428, 2128, 369, NULL, NULL),
(429, 2241, 650, NULL, NULL),
(430, 2523, 218, NULL, NULL),
(431, 2532, 147, NULL, NULL),
(432, 2532, 152, NULL, NULL),
(433, 2540, 218, NULL, NULL),
(434, 2540, 254, NULL, NULL),
(435, 2540, 262, NULL, NULL),
(436, 2124, 206, NULL, NULL),
(437, 2073, 146, NULL, NULL),
(439, 1537, 161, NULL, NULL),
(440, 2562, 498, NULL, NULL),
(441, 2586, 367, NULL, NULL),
(442, 2589, 149, NULL, NULL),
(443, 2571, 161, NULL, NULL),
(444, 2571, 165, NULL, NULL),
(445, 2609, 147, NULL, NULL),
(446, 2303, 243, NULL, NULL),
(447, 2303, 647, NULL, NULL),
(450, 2130, 562, NULL, NULL),
(451, 2142, 721, NULL, NULL),
(452, 1316, 367, NULL, NULL),
(453, 2100, 281, NULL, NULL),
(454, 2634, 372, NULL, NULL),
(455, 2641, 179, NULL, NULL),
(456, 2641, 178, NULL, NULL),
(457, 2640, 671, NULL, NULL),
(458, 2640, 672, NULL, NULL),
(459, 2649, 565, NULL, NULL),
(460, 2073, 184, NULL, NULL),
(461, 2651, 218, NULL, NULL),
(462, 2580, 147, NULL, NULL),
(463, 2580, 180, NULL, NULL),
(464, 2073, 161, NULL, NULL),
(465, 2073, 166, NULL, NULL),
(466, 2662, 568, NULL, NULL),
(467, 2004, 639, NULL, NULL),
(468, 2666, 425, NULL, NULL),
(469, 2668, 425, NULL, NULL);

-- --------------------------------------------------------

--
-- Structure de la table `verifications`
--

CREATE TABLE `verifications` (
  `id` int UNSIGNED NOT NULL,
  `user_id` int UNSIGNED DEFAULT NULL,
  `mobile` char(16) COLLATE utf8mb4_unicode_ci DEFAULT NULL,
  `email` char(64) COLLATE utf8mb4_unicode_ci DEFAULT NULL,
  `code` char(6) COLLATE utf8mb4_unicode_ci NOT NULL,
  `verified_at` int UNSIGNED DEFAULT NULL,
  `expired_at` int UNSIGNED DEFAULT NULL,
  `created_at` int UNSIGNED NOT NULL
) ENGINE=InnoDB DEFAULT CHARSET=utf8mb4 COLLATE=utf8mb4_unicode_ci ROW_FORMAT=DYNAMIC;

--
-- Déchargement des données de la table `verifications`
--

INSERT INTO `verifications` (`id`, `user_id`, `mobile`, `email`, `code`, `verified_at`, `expired_at`, `created_at`) VALUES
(57, 1912, NULL, 'test@gmail.com', '31270', NULL, 1729005251, 1729001651),
(58, 995, NULL, 'student@demo.com', '30257', 1626246439, 1626246489, 1626246375),
(59, 1017, NULL, 'a.pmelaa@gmail.com', '86261', 1639378855, 1639378905, 1639378748),
(64, 1070, NULL, 'mohamed.benromdhane@esprit.tn', '58891', NULL, 1688586086, 1688582486),
(67, 1027, '+21621091263', NULL, '82507', NULL, 1679105912, 1679102312),
(69, 1115, NULL, 'malek.hanchi0123@gmail.com', '59328', 1695211211, 1695211261, 1695211197),
(70, 1030, NULL, 'Visiteur@demo.com', '60787', NULL, 1681273689, 1681270089),
(72, 1032, NULL, 'benattiyassine@gmail.com', '11616', NULL, 1682955107, 1682951507),
(73, 1961, NULL, 'mohamedali.zaier@outlook.com', '97661', 1729342229, 1729342279, 1729342187),
(74, 1034, NULL, 'mohamed.benromdhane36@esprit.tn', '80291', NULL, 1683659498, 1683655898),
(75, 1035, NULL, 'mohamed.benromdhane386@esprit.tn', '13343', NULL, 1683659637, 1683656037),
(76, 1036, NULL, 'mohamed.benromdhane3836@esprit.tn', '19969', NULL, 1683659850, 1683656250),
(77, 1037, NULL, 'mohamed.benromdhane38543236@esprit.tn', '91259', NULL, 1683659912, 1683656312),
(78, 1038, NULL, 'mohamed_romdhane@outlook.com', '38500', 1711973547, 1711973597, 1711973351),
(79, 1039, NULL, 'mohamed_romdhane1@outlook.com', '50663', NULL, 1683741144, 1683737544),
(80, 1040, NULL, 'mohamed.benro6fesdcwmdhane@esprit.tn', '23105', NULL, 1683741650, 1683738050),
(81, 1041, NULL, 'mohamed.benromdhane@codact.solutions', '29129', 1683844931, 1683844981, 1683844905),
(82, 1042, NULL, 'sourourhammouda10@gmail.com', '92085', 1684756542, 1684756592, 1684756299),
(83, 1043, NULL, 'sourour.h@outlook.com', '95035', NULL, 1684939387, 1684935787),
(84, 1044, NULL, 'ameni2050ha@gmail.com', '57898', 1686244304, 1686244354, 1686244231),
(85, 1045, NULL, 'mohamedFEZF.benromdhane@esprit.tn', '22375', NULL, 1686669520, 1686665920),
(86, 1197, NULL, 'mohamedbirr123@gmail.com', '19188', 1711578109, 1711578159, 1711578088),
(87, 2624, NULL, 'mohamedalizaier31@gmail.com', '21927', 1733488447, 1733488497, 1733488363),
(88, 1665, NULL, 'eya.boukattaya@enis.tn', '55943', 1728125726, 1728125776, 1728125697),
(89, 1061, NULL, 'Boukattaya.eya1439@gmail.com', '61476', 1710087180, 1710087230, 1710087130),
(90, 1063, NULL, 'garagemobile2023@gmail.com', '25591', NULL, 1688178443, 1688174843),
(91, 1064, NULL, 'SharilynMcclanahan533@aol.com', '27268', NULL, 1688386076, 1688382476),
(92, 1065, NULL, 'pfe2023isigk@gmail.com', '35504', NULL, 1688387299, 1688383699),
(93, 1074, NULL, 'sofyenehanchi5@gmail.com', '82090', 1688641070, 1688641120, 1688641049),
(94, 1067, NULL, 'cwifak959@gmail.com', '74213', NULL, 1688397286, 1688393686),
(95, 1073, NULL, 'contact@abajim.com', '78161', 1688589894, 1688589944, 1688589822),
(96, 1075, NULL, 'mohamedbirr12345667@gmail.com', '73618', NULL, 1688972506, 1688968906),
(97, 1097, NULL, 'chaymamliki89@gmail.com', '60383', 1689859672, 1689859722, 1689859630),
(98, 1100, NULL, 'AMELMLIKI19@gmail.com', '83869', 1689946203, 1689946253, 1689946170),
(99, 1101, NULL, 'amoulamliki76@gmail.com', '33987', 1690462986, 1690463036, 1690462939),
(100, 1103, NULL, 'raniakedri22@gmail.com', '15399', 1691409894, 1691409944, 1691409847),
(101, 1104, NULL, 'marwa.lejmi@gmail.com', '10437', NULL, 1691506012, 1691502412),
(102, 1105, NULL, 'neilajaidane@gmail.com', '18282', 1691761263, 1691761313, 1691761217),
(103, 1106, NULL, 'mohamedbirr123456@gmail.com', '93688', 1694132769, 1694132819, 1694132734),
(104, 1107, NULL, 'mohamed_romdhane6@outlook.com', '15882', NULL, 1694174940, 1694171340),
(105, 1109, NULL, 'malek.hanchi012hbgtfd3@gmail.com', '11385', NULL, 1695206696, 1695203096),
(106, 1116, NULL, 'bac_info@gmail.com', '90932', 1695220600, 1695220650, 1695220564),
(107, 1117, NULL, 'mohamed.benromdhanegrdgsdw@esprit.tn', '19483', 1695304915, 1695304965, 1695304876),
(108, 1122, NULL, 'parent@gmail.com', '88616', 1703005699, 1703005749, 1703005682),
(109, 1121, NULL, 'Parent1@gmail.com', '28144', 1703005053, 1703005103, 1703005028),
(110, 1123, NULL, 'amalbencheikh662@gmail.com', '97074', 1705322811, 1705322861, 1705322784),
(111, 1124, NULL, 'test1-16-2024@gmail.com', '10554', NULL, 1705416757, 1705413157),
(112, 1125, NULL, 'test1-17-2024@gmail.com', '93646', 1705413277, 1705413327, 1705413255),
(113, 1126, NULL, 'sousou@gmail.com', '24097', 1705486236, 1705486286, 1705486207),
(114, 1127, NULL, 'nnexwwwamalbencheikh66@gmail.com', '35658', 1705935682, 1705935732, 1705935640),
(115, 1128, NULL, 'Dali@gmail.com', '64493', 1706604701, 1706604751, 1706604640),
(116, 1129, NULL, 'amalbenchlkkeikh66@gmail.com', '48618', 1706697829, 1706697879, 1706697787),
(117, 1130, NULL, 'newuser@gmail.com', '41035', 1706709069, 1706709119, 1706709037),
(118, 1131, NULL, 'newuser111@gmail.com', '22004', 1706710213, 1706710263, 1706710196),
(119, 1132, NULL, 'manar@gmail.com', '52250', 1706881087, 1706881137, 1706881000),
(120, 1133, NULL, 'emnadashe@gmail.com', '55031', 1707125973, 1707126023, 1707125938),
(121, 1134, NULL, 'farah@gmail.com', '81929', 1707383244, 1707383294, 1707383193),
(122, 1135, NULL, 'hammaramos4@gmail.com', '75715', 1707839842, 1707839892, 1707839764),
(123, 1136, NULL, 'dianarossenga@gmail.com', '99461', NULL, 1707930376, 1707926776),
(124, 1137, NULL, 'trendo90@outlook.com', '28124', NULL, 1707947848, 1707944248),
(125, 1174, NULL, 'learnfun2023@gmail.com', '37199', 1709633578, 1709633628, 1709633422),
(126, 1139, NULL, 'elhraichfarah0199@gmail.com', '52165', 1708008457, 1708008507, 1708008357),
(127, 1140, NULL, 'wpinuo2o@catcasinostyle.ru', '16356', NULL, 1708025088, 1708021488),
(128, 1141, NULL, 'michaeladams1270868@gmail.com', '67828', NULL, 1708083893, 1708080293),
(129, 1142, NULL, 'medikatef@1winstyle.ru', '64330', NULL, 1708244372, 1708240772),
(130, 1143, NULL, 'danielkitamura2687@aol.com', '68497', NULL, 1708266628, 1708263028),
(131, 1144, NULL, 'instructordaliiii@demo.com', '84664', NULL, 1708375234, 1708371634),
(132, 1145, NULL, 'instructordaiiii@demo.com', '58351', NULL, 1708375263, 1708371663),
(133, 1146, NULL, 'instructordaiii1i@demo.com', '84864', 1708371884, 1708371934, 1708371853),
(134, 1147, NULL, 'instructor665@demo.com', '22154', NULL, 1708428219, 1708424619),
(135, 1155, NULL, 'bayefaragueye@gmail.com', '28358', 1708514178, 1708514228, 1708514048),
(136, 1152, NULL, 'aidajilani@icloud.com', '47600', NULL, 1708514068, 1708510468),
(137, 1153, NULL, 'Faidajilani@icloud.com', '35785', NULL, 1708514162, 1708510562),
(138, 1154, NULL, 'Mohamed255.benromdhane@esprit.tn', '37773', NULL, 1708516361, 1708512761),
(139, 1156, NULL, 'expmay@tmail.ac.id', '29281', 1708679507, 1708679557, 1708679432),
(140, 1187, NULL, 'azdine.fhima@gmail.com', '45616', 1710330203, 1710330253, 1710330175),
(141, 1158, NULL, 'faroukabichoudev@gmail.com', '10767', NULL, 1708774224, 1708770624),
(142, 1159, NULL, 'farouk.abichou@horizon-tech.tn', '88412', 1708770712, 1708770762, 1708770688),
(143, 1666, NULL, 'yassine.rhouma@polytechnicien.tn', '37900', 1728127110, 1728127160, 1728127089),
(144, 1396, NULL, 'emnadashe01@gmail.com', '13398', 1726506976, 1726507026, 1726506951),
(145, 1163, NULL, 'joseph_spelmannyte@outlook.com', '28444', NULL, 1709182709, 1709179109),
(146, 1170, NULL, 'wmltu2oo@catcasinostyle.ru', '90521', NULL, 1709379578, 1709375978),
(147, 1171, NULL, 'yassinerhouma@outlook.com', '98681', NULL, 1709557681, 1709554081),
(148, 1316, NULL, 'rhoumayassine@outlook.com', '99539', 1724400805, 1724400855, 1724400749),
(149, 1173, NULL, 'goddi.firas94@gmail.com', '66165', NULL, 1709585095, 1709581495),
(150, 1175, NULL, 'damianag1992@gmail.com', '43218', NULL, 1709763443, 1709759843),
(151, 1176, NULL, 'koyll1998@gmail.com', '31939', NULL, 1709764569, 1709760969),
(152, 1177, NULL, 'eya.boukattayajob@gmail.com', '34038', 1710087735, 1710087785, 1710087718),
(153, 1178, NULL, 'konnellho31@gmail.com', '55340', NULL, 1710161127, 1710157527),
(154, 1188, NULL, 'manarlouhichi626@gmail.com', '31799', 1710330205, 1710330255, 1710330176),
(155, 1189, NULL, 'goldensemkg1998@gmail.com', '81036', NULL, 1710535947, 1710532347),
(156, 1190, NULL, 'petnepSeinc@softbox.site', '88021', NULL, 1710555589, 1710551989),
(157, 1191, NULL, 's02053929@gmail.com', '77377', 1710594546, 1710594596, 1710594515),
(158, 1193, NULL, 'salwabenali.36@gmail.com', '93479', 1711204234, 1711204284, 1711204169),
(159, 1194, NULL, 'ezemezyb2002@gmail.com', '58899', NULL, 1711233987, 1711230387),
(160, 1195, NULL, 'lumsefotef@1winstyle.ru', '87774', NULL, 1711354041, 1711350441),
(161, 1513, NULL, 'oumeymajouini15@gmail.com', '79766', 1727816249, 1727816299, 1727816210),
(162, 1198, NULL, 'wvydroydw34@gmail.com', '71792', NULL, 1712111569, 1712107969),
(163, 1199, NULL, 'pinupduz@catcasinostyle.ru', '39717', NULL, 1712130694, 1712127094),
(164, 1200, NULL, 'marwalabidi998@gmail.com', '77593', 1712142572, 1712142622, 1712142554),
(165, 1201, NULL, 'emnadashie2001@gmail.com', '93771', 1712447101, 1712447151, 1712447053),
(166, 1307, NULL, 'ameny.elokb@polytechnicien.tn', '34368', 1721751275, 1721751325, 1721751248),
(167, 1954, NULL, 'amenyelokb@gmail.com', '16012', 1729268071, 1729268121, 1729268043),
(168, 1317, NULL, 'nourlaatiri19@gmail.com', '77419', 1724401908, 1724401958, 1724401891),
(169, 1318, NULL, 'nesrinekhouaja77@gmail.com', '48200', 1724424583, 1724424633, 1724424508),
(170, 1320, NULL, 'rwardf1991@gmail.com', '33397', NULL, 1724557675, 1724554075),
(171, 1345, NULL, 'steven_williamsm9ut@outlook.com', '55201', NULL, 1725223930, 1725220330),
(172, 1350, NULL, 'contact.abdqsxajim@gmail.com', '94507', NULL, 1725295160, 1725291560),
(173, 1351, NULL, 'nourlaatiri9@gmail.com', '43202', 1725294248, 1725294298, 1725293042),
(174, 1353, NULL, 'molkabouzaida2000@gmail.com', '63559', NULL, 1725360442, 1725356842),
(175, 1354, NULL, 'molkabouzayda@gmail.com', '15513', 1725357319, 1725357369, 1725357285),
(176, 1367, NULL, 'briki.tarek80@gmail.com', '31437', 1725558787, 1725558837, 1725558743),
(177, 1369, NULL, 'sabrinesalem827@gmail.com', '67160', NULL, 1725705860, 1725702260),
(178, 1394, NULL, 'lailaajroud954@gmail.com', '33793', 1726402639, 1726402689, 1726402612),
(179, 1397, NULL, 'raymond99burwelljdz@outlook.com', '48944', NULL, 1726549104, 1726545504),
(180, 1411, NULL, 'haddajia35@gmail.com', '24190', 1726862868, 1726862918, 1726862778),
(181, 1426, NULL, 'bettaiebmalik9@gmail.com', '91395', 1727177731, 1727177781, 1727177589),
(182, 1530, NULL, 'm.nouira@novationcity.com', '27108', 1727971750, 1727971800, 1727971655),
(183, 1664, NULL, 'bjilanihajer@gmail.com', '58817', NULL, 1728128806, 1728125206),
(184, 1857, NULL, 'ednalynjo@yahoo.com', '95337', NULL, 1728770891, 1728767291),
(185, 1880, NULL, 'belhedisaleh894@gmail.com', '11850', 1728915449, 1728915499, 1728915431),
(186, 1896, NULL, 'adel76boubakri@gmail.com', '65236', NULL, 1728988765, 1728985165),
(187, 1901, NULL, 'widedjarrar@gmail.com', '97794', NULL, 1728993490, 1728989890),
(188, 1902, NULL, 'haifa.boubakri@ept.ucar.tn', '85296', NULL, 1728993616, 1728990016),
(189, 1913, NULL, 'testets@example.com', '83776', NULL, 1729010020, 1729006420),
(190, 1914, NULL, 'testttt@gmail.com', '83863', NULL, 1729012720, 1729009120),
(191, 1915, NULL, 'boudhrad@gmail.com', '39412', NULL, 1729012842, 1729009242),
(192, 1916, NULL, 'boudhraad@gmail.com', '34627', 1729009465, 1729009515, 1729009422),
(193, 1918, NULL, 'amee@gmail.com', '84848', NULL, 1729016329, 1729012729),
(194, 1919, NULL, 'acemainworks@gmail.com', '13661', 1729012814, 1729012864, 1729012797),
(195, 1927, NULL, 'ameny.elogb@gmail.com', '57234', NULL, 1729078807, 1729075207),
(196, 1929, NULL, 'testtesttest@gmail.com', '34054', NULL, 1729079489, 1729075889),
(197, 2007, NULL, 'sellamisellami2020@gmail.com', '17996', 1729775449, 1729775499, 1729775431),
(198, 1943, NULL, 'SellamiSellami2120@gmail.com', '59500', NULL, 1729169121, 1729165521),
(199, 2091, NULL, 'rhoumayass@gmail.com', '79929', 1730468388, 1730468438, 1730468330),
(200, 1953, '12345678', NULL, '20105', NULL, 1729271519, 1729267919),
(201, 1984, NULL, 'hebertbairon1992@gmail.com', '19819', NULL, 1729611804, 1729608204),
(202, 2596, NULL, 'chaimarania41@gmail.com', '66371', 1733049964, 1733050014, 1733049942),
(203, 1992, NULL, 'kikou7772@gmail.com', '26995', 1729623802, 1729623852, 1729623603),
(204, 1994, NULL, 'amanichokri2@gmail.com', '21982', 1729689296, 1729689346, 1729689266),
(205, 2011, NULL, 'rbarkeru@gmail.com', '98361', NULL, 1729922049, 1729918449),
(206, 2012, NULL, 'amel.mbteacher@gmail.com', '46534', 1729967555, 1729967605, 1729967523),
(207, 2020, NULL, 'Rihaeb.fhima@gmail.com', '32798', 1731101768, 1731101818, 1731101688),
(208, 2026, NULL, 'afefdella@gmail.com', '57139', 1730149363, 1730149413, 1730149122),
(209, 2064, NULL, 'mechtikhouloud@gmail.com', '77898', 1730294172, 1730294222, 1730294156),
(210, 2063, NULL, 'mechtikhouloud@gmailcom', '65257', NULL, 1730297603, 1730294003),
(211, 2079, NULL, 'helaliamine37@gmail.com', '28839', 1730317787, 1730317837, 1730317767),
(212, 2115, NULL, 'farahkrir5@gmail.com', '76780', 1730552681, 1730552731, 1730552641),
(213, 2144, NULL, 'ubjqob5op@yahoo.com', '51113', NULL, 1730732127, 1730728527),
(214, 2145, NULL, 'krimiamal53@gmail.com', '33827', 1730735133, 1730735183, 1730735117),
(215, 2147, NULL, 'ritibth9xeq2e@yahoo.com', '41941', NULL, 1730868986, 1730865386),
(216, 2198, NULL, 'kimbelainda1982@gmail.com', '54312', NULL, 1731040091, 1731036491),
(217, 2212, NULL, 'kerbarro@gmail.com', '92602', NULL, 1731121851, 1731118251),
(218, 2227, NULL, 'gilesshonaei1997@gmail.com', '24638', NULL, 1731247484, 1731243884),
(219, 2235, NULL, 'yves1776@yahoo.com', '78771', NULL, 1731308641, 1731305041),
(220, 2266, NULL, 'khalloufiyosra94@gmail.com', '18895', 1731354736, 1731354786, 1731354541),
(221, 2305, NULL, 'awifubkekpde@yahoo.com', '44721', NULL, 1731535704, 1731532104),
(222, 2306, NULL, 'musicfun47@gmail.com', '97785', 1731533322, 1731533372, 1731533258),
(223, 2315, NULL, 'cllilla72@outlook.com', '84380', NULL, 1731611467, 1731607867),
(224, 2347, NULL, 'sonia.belgacem33@gmail.com', '27708', NULL, 1731654159, 1731650559),
(225, 2353, NULL, 'eyaaajandoubi@gmail.com', '45999', NULL, 1731661018, 1731657418),
(226, 2368, NULL, 'ishajph1989@gmail.com', '19476', NULL, 1731683559, 1731679959),
(227, 2387, NULL, 'khawlaa.bouazizi@gmail.com', '32235', 1731706121, 1731706171, 1731706099),
(228, 2392, NULL, 'adel67boubakri@gmail.com', '61450', 1731753459, 1731753509, 1731753423),
(229, 2398, NULL, 'qt2bd523pf5@yahoo.com', '91343', NULL, 1731759607, 1731756007),
(230, 2399, NULL, 'abirchihi27@yahoo.com', '78680', NULL, 1731760220, 1731756620),
(231, 2405, NULL, 'ladjimi.safwen@gmail.com', '65775', 1731775430, 1731775480, 1731775411),
(232, 2406, NULL, 'Chaimabrahmi72@gmail.com', '36775', NULL, 1731788296, 1731784696),
(233, 2426, NULL, 'belgacemhabiba935@gmail.com', '69293', 1732002696, 1732002746, 1732002652),
(234, 2430, NULL, 'eimanisko@yahoo.com', '92107', NULL, 1731875400, 1731871800),
(235, 2436, NULL, 'mne7erevxwfnm23s@yahoo.com', '42378', NULL, 1731959509, 1731955909),
(236, 2451, NULL, 'tekayaeya57@gmail.com', '76006', 1732093530, 1732093580, 1732093512),
(237, 2457, NULL, 'maarfimaria@gmail.com', '65624', 1732121300, 1732121350, 1732121272),
(238, 2458, NULL, 'daouahi@gmail.com', '34258', NULL, 1732140919, 1732137319),
(239, 2473, NULL, 'montahaammar19@gmail.com', '29094', 1732260443, 1732260493, 1732260419),
(240, 2500, NULL, 'vqskbnicwwjrttvs@yahoo.com', '16267', NULL, 1732412220, 1732408620),
(241, 2508, NULL, 'matthewsabbigeilg1983@gmail.com', '31087', NULL, 1732485220, 1732481620),
(242, 2519, NULL, 'nmosleyon1990@gmail.com', '82413', NULL, 1732562318, 1732558718),
(243, 2543, NULL, 'reinoldpiercecu1988@gmail.com', '69154', NULL, 1732641981, 1732638381),
(244, 2544, NULL, 'faycel.bourguiba@gmail.com', '12461', 1732716058, 1732716108, 1732716015),
(245, 2552, NULL, 'uj0xm9vqb7vvu@yahoo.com', '12849', NULL, 1732803908, 1732800308),
(246, 2558, NULL, 'mofifa777@gmail.com', '51748', 1732822279, 1732822329, 1732822003),
(247, 2559, NULL, 'rxpdbwpt76ctz@yahoo.com', '21186', NULL, 1732873910, 1732870310),
(248, 2564, NULL, 'smemkkaehr@yahoo.com', '37696', NULL, 1732942352, 1732938752),
(249, 2570, NULL, 'khadijasouissii03@gmail.com', '71149', 1732984838, 1732984888, 1732984788),
(250, 2571, NULL, 'seifeddine190@gmail.com', '64112', 1732991501, 1732991551, 1732991381),
(251, 2575, NULL, 'kipkesg@yahoo.com', '77084', NULL, 1733011480, 1733007880),
(252, 2576, NULL, 'ghezalsouha1@gmail.com', '11929', 1733042575, 1733042625, 1733041738),
(253, 2577, NULL, 'Kraiemasma1@gmail.com', '48025', NULL, 1733045490, 1733041890),
(254, 2578, NULL, 'salwa.ds.2012@gmail.com', '79606', 1733042382, 1733042432, 1733041987),
(255, 2579, NULL, 'amaniboughanmib@gmail.com', '74999', 1733042927, 1733042977, 1733042197),
(256, 2580, NULL, 'papou11033@gmail.com', '28565', 1733042652, 1733042702, 1733042546),
(257, 2581, NULL, 'salma.ouerzazi@gmail.com', '77167', NULL, 1733047027, 1733043427),
(258, 2582, NULL, 'kalthoum.nasraoui@gmail.com', '43033', 1733043563, 1733043613, 1733043531),
(259, 2583, NULL, 'askriawatefa2@gmail.com', '56782', 1733043869, 1733043919, 1733043829),
(260, 2584, NULL, 'salma.ouerzazi@polytechnicien.tnn', '95993', NULL, 1733047527, 1733043927),
(261, 2588, NULL, 'irane.azzouz@gmail.com', '18940', 1733044565, 1733044615, 1733044483),
(262, 2590, NULL, 'najehibrahim2019@gmail.com', '74274', 1733044655, 1733044705, 1733044517),
(263, 2591, NULL, 'wejden.mannai7@gmail.com', '21851', 1733044737, 1733044787, 1733044665),
(264, 2592, NULL, 'nafouti.18110311@gmail.com', '61270', 1733045042, 1733045092, 1733044741),
(265, 2593, NULL, 'ferchichiolfa08091978@gmail.com', '91336', 1733044972, 1733045022, 1733044945),
(266, 2594, NULL, 'raefd.latrech@gmail.com', '73317', NULL, 1733050599, 1733046999),
(267, 2595, NULL, 'raef.latrech@gmail.com', '31125', 1733047059, 1733047109, 1733047042),
(268, 2597, NULL, 'zaagarisamira1974@gmail.com', '80655', 1733050187, 1733050237, 1733050131),
(269, 2598, NULL, 'ahmadieljia129@gmail.com', '10263', 1733051021, 1733051071, 1733050877),
(270, 2599, NULL, 'hajjejyahya4@gmail.com', '73757', 1733051876, 1733051926, 1733051753),
(271, 2600, NULL, 'dridi.abir99@gmail.com', '96201', 1733065140, 1733065190, 1733065104),
(272, 2601, NULL, 'cvjwtbuufsutuit@yahoo.com', '49845', NULL, 1733074327, 1733070727),
(273, 2602, NULL, 'knecjchxtdrhpnrmd@yahoo.com', '95406', NULL, 1733132472, 1733128872),
(274, 2605, NULL, 'wqwbudiykxhgpojx@yahoo.com', '42269', NULL, 1733199312, 1733195712),
(275, 2612, NULL, 'sinwaenglish@gmail.com', '93337', 1733237330, 1733237380, 1733237278),
(276, 2613, NULL, 'chaimabenabderrahim2@gmail.com', '20994', 1733239680, 1733239730, 1733239655),
(277, 2614, NULL, 'hanoldciuba@yahoo.com', '39853', NULL, 1733264755, 1733261155),
(278, 2616, NULL, 'bluteichtrochez@yahoo.com', '31185', NULL, 1733318850, 1733315250),
(279, 2622, NULL, 'ytougjwlmstvyjf@yahoo.com', '51208', NULL, 1733456931, 1733453331),
(280, 2623, NULL, 'benfrajsabri610@gmail.com', '75467', 1733463473, 1733463523, 1733463432),
(281, 2625, NULL, 'hamdimonia488@gmail.com', '44247', 1733495047, 1733495097, 1733494978),
(282, 2626, NULL, 'delcarmendivina5@gmail.com', '84330', NULL, 1733525325, 1733521725),
(283, 2627, NULL, 'dfrancofb13@gmail.com', '59320', NULL, 1733587841, 1733584241),
(284, 2628, NULL, 'yexv1whlbi7eg@yahoo.com', '53656', NULL, 1733652049, 1733648449),
(285, 2629, NULL, 'diberroua@gmail.com', '10371', NULL, 1733673081, 1733669481),
(286, 2630, NULL, 'laabidisamia01@gmail.com', '96526', 1733673519, 1733673569, 1733673470),
(287, 2631, NULL, 'stefanieargote@gmail.com', '54562', NULL, 1733718771, 1733715171),
(288, 2632, NULL, 'leqffnpsuu@yahoo.com', '28679', NULL, 1733806174, 1733802574),
(289, 2638, NULL, 'xcqiqlvsg@yahoo.com', '86362', NULL, 1733900068, 1733896468),
(290, 2644, NULL, 'amenikacem460@gmail.com', '19365', 1733932427, 1733932477, 1733932363),
(291, 2650, NULL, 'aziyayang2005@gmail.com', '86173', NULL, 1733999374, 1733995774),
(292, 2652, NULL, 'xsgitdpjq@yahoo.com', '52469', NULL, 1734097951, 1734094351),
(293, 2655, NULL, 'elaa.chebaane@polytechnicien.tn', '83708', 1734098988, 1734099038, 1734098944),
(294, 2654, NULL, 'elaa.chebaane1@polytechnicien.tn', '34339', NULL, 1734102420, 1734098820),
(295, 2656, NULL, 'gvendavyj@gmail.com', '83427', NULL, 1734179104, 1734175504),
(296, 2657, NULL, 'jlymlopffwn@yahoo.com', '44718', NULL, 1734250347, 1734246747),
(297, 2661, NULL, 'mztkvkqxfoha0sh@yahoo.com', '94892', NULL, 1734331721, 1734328121),
(298, 2663, NULL, 'qmbm36lgw@yahoo.com', '72187', NULL, 1734448410, 1734444810),
(299, 2664, NULL, 'ybgqp6tbbvjo@yahoo.com', '12513', NULL, 1734539071, 1734535471),
(300, 2665, NULL, 'vxqipue8euasc4dq@yahoo.com', '28916', NULL, 1734712528, 1734708928);

-- --------------------------------------------------------

--
-- Structure de la table `videos`
--

CREATE TABLE `videos` (
  `id` int UNSIGNED NOT NULL,
  `titre` varchar(200) COLLATE utf8mb4_unicode_ci DEFAULT NULL,
  `video` text COLLATE utf8mb4_unicode_ci NOT NULL,
  `page` int DEFAULT NULL,
  `description` varchar(200) COLLATE utf8mb4_unicode_ci DEFAULT NULL,
  `numero` int DEFAULT NULL,
  `manuel_id` int UNSIGNED NOT NULL,
  `created_at` timestamp NULL DEFAULT NULL,
  `updated_at` timestamp NULL DEFAULT NULL,
  `thumbnail` varchar(255) COLLATE utf8mb4_unicode_ci DEFAULT NULL,
  `user_id` int UNSIGNED DEFAULT NULL,
  `vues` int DEFAULT '0',
  `likes` int DEFAULT '0',
  `titleAll` varchar(255) COLLATE utf8mb4_unicode_ci DEFAULT NULL,
  `status` enum('PENDING','APPROVED','REJECTED') COLLATE utf8mb4_unicode_ci NOT NULL DEFAULT 'APPROVED',
  `total_minutes_watched` double(8,2) NOT NULL DEFAULT '0.00'
) ENGINE=InnoDB DEFAULT CHARSET=utf8mb4 COLLATE=utf8mb4_unicode_ci;

--
-- Déchargement des données de la table `videos`
--

INSERT INTO `videos` (`id`, `titre`, `video`, `page`, `description`, `numero`, `manuel_id`, `created_at`, `updated_at`, `thumbnail`, `user_id`, `vues`, `likes`, `titleAll`, `status`, `total_minutes_watched`) VALUES
(146, NULL, 'https://videos-abajim-1.s3.de.io.cloud.ovh.net/videos/1728036475_إصلاح تمرين أتصرف ص 5 ينابيع الكتابة للسنة الثالثة ‐ Réalisée avec Clipchamp.mp4', 5, NULL, 12, 8, '2024-10-04 08:07:59', '2024-11-02 11:59:59', NULL, 1316, 1, 4, '0', 'APPROVED', 3.12),
(147, NULL, 'https://videos-abajim-1.s3.de.io.cloud.ovh.net/videos/1728036491_إصلاح تمرين أعمق فهمي ص5 ينابيع الكتابة للسنة الثالثة ‐ Réalisée avec Clipchamp.mp4', 5, NULL, 11, 8, '2024-10-04 08:08:18', '2024-12-20 15:23:58', NULL, 1316, 0, 16, '1', 'APPROVED', 29.59),
(149, NULL, 'https://videos-abajim-1.s3.de.io.cloud.ovh.net/videos/1728037451_إصلاح تمرين أعمق فهمي ص5 ينابيع الكتابة للسنة الثالثة ‐ Réalisée avec Clipchamp.mp4', 6, NULL, 21, 8, '2024-10-04 08:24:16', '2024-12-15 12:18:47', NULL, 1316, 0, 10, NULL, 'APPROVED', 22.24),
(151, NULL, 'https://videos-abajim-1.s3.de.io.cloud.ovh.net/videos/1728039937_إصلاح تمرين أتصرف ص 6 ينابيع الكتابة للسنة الثالثة ‐ Réalisée avec Clipchamp.mp4', 6, NULL, 22, 8, '2024-10-04 09:05:41', '2024-10-04 09:05:41', NULL, 1316, 0, 1, NULL, 'APPROVED', 0.00),
(152, NULL, 'https://videos-abajim-1.s3.de.io.cloud.ovh.net/videos/1728124920_إصلاح تمرين أعمق فهمي ص 8 ينابيع الكتابة للسنة الثالثة ‐ Réalisée avec Clipchamp.mp4', 8, NULL, 41, 8, '2024-10-05 08:42:06', '2024-11-26 11:21:31', NULL, 1316, 0, 2, NULL, 'APPROVED', 2.72),
(156, NULL, 'https://videos-abajim-1.s3.de.io.cloud.ovh.net/videos/1728129519_حرف الميم كتاب انيسي في التمارين ص7و8 ex1 ‐ Réalisée avec Clipchamp.mp4', 8, NULL, 3, 2, '2024-10-05 09:58:44', '2024-11-21 16:25:11', NULL, 1666, 0, 3, NULL, 'APPROVED', 1.94),
(157, NULL, 'https://videos-abajim-1.s3.de.io.cloud.ovh.net/videos/1728131870_حرف الميم كتاب انيسي في التمارين ص7و8 ex2 ‐ Réalisée avec Clipchamp.mp4', 8, NULL, 3, 2, '2024-10-05 10:37:53', '2024-10-05 10:37:53', NULL, 1666, 0, 1, NULL, 'APPROVED', 0.00),
(158, NULL, 'https://videos-abajim-1.s3.de.io.cloud.ovh.net/videos/1728132000_حرف اللام كتاب انيسي في التمارين ص5‐ ex2 ‐ Réalisée avec Clipchamp.mp4', 6, NULL, 2, 2, '2024-10-05 10:40:04', '2024-11-21 15:59:30', NULL, 1666, 0, 16, NULL, 'APPROVED', 11.71),
(160, NULL, 'https://videos-abajim-1.s3.de.io.cloud.ovh.net/videos/1728132086_حرف اللام كتاب انيسي في التمارين ص5 ‐ ex3 ‐ Réalisée avec Clipchamp.mp4', 6, NULL, 2, 2, '2024-10-05 10:41:30', '2024-11-08 11:06:52', NULL, 1666, 0, 2, NULL, 'APPROVED', 0.00),
(161, NULL, 'https://videos-abajim-1.s3.de.io.cloud.ovh.net/videos/1728132127_exercice 1 page 5 leçon 3 période 1 3 ème math ‐ Réalisée avec Clipchamp.mp4', 5, NULL, 1, 12, '2024-10-05 10:42:13', '2024-12-15 19:20:06', NULL, 1318, 0, 4, NULL, 'APPROVED', 3.59),
(162, NULL, 'https://videos-abajim-1.s3.de.io.cloud.ovh.net/videos/1728132280_حرف اللام كتاب انيسي في التمارين ص5‐ ex4 ‐ Réalisée avec Clipchamp.mp4', 6, NULL, 2, 2, '2024-10-05 10:44:45', '2024-11-08 11:07:27', NULL, 1666, 0, 2, NULL, 'APPROVED', 0.00),
(165, NULL, 'https://videos-abajim-1.s3.de.io.cloud.ovh.net/videos/1728132446_exercice 1 page 6 leçon 1 période 1 3 éme math ‐ Réalisée avec Clipchamp (2).mp4', 6, NULL, 2, 12, '2024-10-05 10:47:30', '2024-12-15 19:20:36', NULL, 1318, 0, 3, NULL, 'APPROVED', 7.96),
(166, NULL, 'https://videos-abajim-1.s3.de.io.cloud.ovh.net/videos/1728132706_exercice 2 page 6 leçon 1 période 1 3 éme math ‐ Réalisée avec Clipchamp.mp4', 6, NULL, 3, 12, '2024-10-05 10:51:49', '2024-12-15 19:28:01', NULL, 1318, 0, 1, NULL, 'APPROVED', 3.92),
(167, NULL, 'https://videos-abajim-1.s3.de.io.cloud.ovh.net/videos/1728132887_exercice 3 page 6 leçon 3 période 1 3 ème math ‐ Réalisée avec Clipchamp.mp4', 6, NULL, 4, 12, '2024-10-05 10:54:49', '2024-10-05 10:54:49', NULL, 1318, 0, 1, NULL, 'APPROVED', 0.00),
(168, NULL, 'https://videos-abajim-1.s3.de.io.cloud.ovh.net/videos/1728132946_حرف اللام كتاب انيسي في التمارين ص6 ‐ ex5 ‐ Réalisée avec Clipchamp.mp4', 6, NULL, 2, 2, '2024-10-05 10:55:49', '2024-10-05 10:55:49', NULL, 1666, 0, 1, NULL, 'APPROVED', 0.00),
(169, NULL, 'https://videos-abajim-1.s3.de.io.cloud.ovh.net/videos/1728132982_exercice 4 page 6 leçon 1 période 1 3 éme math ‐ Réalisée avec Clipchamp.mp4', 6, NULL, 5, 12, '2024-10-05 10:56:26', '2024-11-19 20:32:01', NULL, 1318, 0, 1, NULL, 'APPROVED', 0.33),
(170, NULL, 'https://videos-abajim-1.s3.de.io.cloud.ovh.net/videos/1728133125_exercice 5 page 6 leçon 1 période 1 3 éme math ‐ Réalisée avec Clipchamp.mp4', 6, NULL, 6, 12, '2024-10-05 10:58:48', '2024-10-05 10:58:48', NULL, 1318, 0, 1, NULL, 'APPROVED', 0.00),
(171, NULL, 'https://videos-abajim-1.s3.de.io.cloud.ovh.net/videos/1728133165_حرف اللام كتاب انيسي في التمارين ص6 ‐ ex6 ‐ Réalisée avec Clipchamp.mp4', 6, NULL, 2, 2, '2024-10-05 10:59:30', '2024-10-15 07:27:48', NULL, 1666, 0, 1, NULL, 'APPROVED', 0.00),
(174, NULL, 'https://videos-abajim-1.s3.de.io.cloud.ovh.net/videos/1728133472_حرف اللام كتاب انيسي في التمارين ص6 ‐ ex7 ‐ Réalisée avec Clipchamp (1).mp4', 6, NULL, 2, 2, '2024-10-05 11:04:39', '2024-10-14 05:58:12', NULL, 1666, 0, 1, NULL, 'APPROVED', 0.00),
(176, NULL, 'https://videos-abajim-1.s3.de.io.cloud.ovh.net/videos/1728133670_exercice 1 page 7 leçon 1 période 1 3 éme math ‐ Réalisée avec Clipchamp.mp4', 7, NULL, 7, 12, '2024-10-05 11:07:55', '2024-10-28 11:27:21', NULL, 1318, 0, 2, NULL, 'APPROVED', 0.03),
(177, NULL, 'https://videos-abajim-1.s3.de.io.cloud.ovh.net/videos/1728133761_exercice 2 page 7 leçon 1 période 1 3 éme math ‐ Réalisée avec Clipchamp.mp4', 7, NULL, 8, 12, '2024-10-05 11:09:27', '2024-10-05 11:09:27', NULL, 1318, 0, 1, NULL, 'APPROVED', 0.00),
(178, NULL, 'https://videos-abajim-1.s3.de.io.cloud.ovh.net/videos/1728134054_إصلاح تمرين أتصرف ص 7 ينابيع الكتابة للسنة الثالثة ‐ Réalisée avec Clipchamp.mp4', 7, NULL, 32, 8, '2024-10-05 11:14:17', '2024-12-11 08:47:19', NULL, 1316, 0, 2, NULL, 'APPROVED', 7.17),
(179, NULL, 'https://videos-abajim-1.s3.de.io.cloud.ovh.net/videos/1728134057_إصلاح تمرين أعمق فهمي ص 7 ينابيع الكتابة للسنة الثالثة ‐ Réalisée avec Clipchamp.mp4', 7, NULL, 31, 8, '2024-10-05 11:14:19', '2024-12-13 18:46:53', NULL, 1316, 0, 4, NULL, 'APPROVED', 1.34),
(180, NULL, 'https://videos-abajim-1.s3.de.io.cloud.ovh.net/videos/1728134184_إصلاح تمرين أتصرف ص 9 ينابيع الكتابة للسنة الثالثة ‐ Réalisée avec Clipchamp.mp4', 9, NULL, 52, 8, '2024-10-05 11:16:29', '2024-11-06 13:17:53', NULL, 1316, 0, 1, NULL, 'APPROVED', 1.40),
(181, NULL, 'https://videos-abajim-1.s3.de.io.cloud.ovh.net/videos/1728134201_إصلاح تمرين أعمق فهمي ص9 ينابيع الكتابة للسنة الثالثة ‐ Réalisée avec Clipchamp.mp4', 9, NULL, 51, 8, '2024-10-05 11:16:46', '2024-11-06 13:15:02', NULL, 1316, 0, 1, NULL, 'APPROVED', 6.80),
(182, NULL, 'https://videos-abajim-1.s3.de.io.cloud.ovh.net/videos/1728134490_إصلاح تمرين أتصرف بالصفحة12 من درس لقد أحياك حفيدك بكتاب ينابيع الكتابة السنة الثالثة ‐ Réalisée avec Clipchamp.mp4', 12, NULL, 82, 8, '2024-10-05 11:21:33', '2024-11-11 18:38:55', NULL, 1316, 0, 2, NULL, 'APPROVED', 4.98),
(183, NULL, 'https://videos-abajim-1.s3.de.io.cloud.ovh.net/videos/1728134529_إصلاح تمرين أتصرف ص 10 ينابيع الكتابة للسنة الثالثة ‐ Réalisée avec Clipchamp.mp4', 10, NULL, 62, 8, '2024-10-05 11:22:13', '2024-10-05 11:22:13', NULL, 1316, 0, 1, NULL, 'APPROVED', 0.00),
(184, NULL, 'https://videos-abajim-1.s3.de.io.cloud.ovh.net/videos/1728134533_إصلاح تمرين أعمق فهمي ص 11 ينابيع الكتابة للسنة الثالثة ‐ Réalisée avec Clipchamp.mp4', 11, NULL, 71, 8, '2024-10-05 11:22:17', '2024-12-13 11:31:16', NULL, 1316, 0, 2, NULL, 'APPROVED', 0.43),
(185, NULL, 'https://videos-abajim-1.s3.de.io.cloud.ovh.net/videos/1728134545_إصلاح تمرين أعمق فهمي ص 10 ينابيع الكتابة للسنة الثالثة ‐ Réalisée avec Clipchamp.mp4', 10, NULL, 61, 8, '2024-10-05 11:22:30', '2024-11-02 11:50:14', NULL, 1316, 0, 1, NULL, 'APPROVED', 0.02),
(186, NULL, 'https://videos-abajim-1.s3.de.io.cloud.ovh.net/videos/1728134643_exercice 1 page 9 leçon 2 trimestre 1 période 1 ‐ Réalisée avec Clipchamp.mp4', 9, NULL, 10, 12, '2024-10-05 11:24:08', '2024-10-21 06:16:46', NULL, 1318, 0, 2, NULL, 'APPROVED', 0.06),
(188, NULL, 'https://videos-abajim-1.s3.de.io.cloud.ovh.net/videos/1728134675_حرف الميم كتاب انيسي في التمارين ص7و8 ‐ ex3 ‐ Réalisée avec Clipchamp.mp4', 8, NULL, 3, 2, '2024-10-05 11:24:41', '2024-10-05 11:24:41', NULL, 1666, 0, 1, NULL, 'APPROVED', 0.00),
(189, NULL, 'https://videos-abajim-1.s3.de.io.cloud.ovh.net/videos/1728134858_حرف الميم كتاب انيسي في التمارين ص7و8 ‐ ex4 ‐ Réalisée avec Clipchamp.mp4', 8, NULL, 3, 2, '2024-10-05 11:27:42', '2024-10-05 11:27:42', NULL, 1666, 0, 1, NULL, 'APPROVED', 0.00),
(190, NULL, 'https://videos-abajim-1.s3.de.io.cloud.ovh.net/videos/1728134887_exercice 2 page 9 leçon 2 troisiéme période 1 trimestre 1 ‐ Réalisée avec Clipchamp.mp4', 9, NULL, 11, 12, '2024-10-05 11:28:10', '2024-10-05 11:28:10', NULL, 1318, 0, 1, NULL, 'APPROVED', 0.00),
(191, NULL, 'https://videos-abajim-1.s3.de.io.cloud.ovh.net/videos/1728134960_حرف الميم كتاب انيسي في التمارين ص7و8 ‐ ex5 ‐ Réalisée avec Clipchamp.mp4', 8, NULL, 3, 2, '2024-10-05 11:29:25', '2024-10-05 11:29:25', NULL, 1666, 0, 1, NULL, 'APPROVED', 0.00),
(192, NULL, 'https://videos-abajim-1.s3.de.io.cloud.ovh.net/videos/1728135269_حرف الميم كتاب انيسي في التمارين ص7و8 ‐ ex6 ‐ Réalisée avec Clipchamp.mp4', 8, NULL, 3, 2, '2024-10-05 11:34:32', '2024-10-14 12:25:40', NULL, 1666, 0, 1, NULL, 'APPROVED', 0.00),
(194, NULL, 'https://videos-abajim-1.s3.de.io.cloud.ovh.net/videos/1728135365_إصلاح تمرين أعمق فهمي بالصفحة 13 من درس لنفكر في مشروع ثان بكتاب ينابيع الكتابة السنة الثالثة ‐ Réalisée avec Clipchamp.mp4', 13, NULL, 91, 8, '2024-10-05 11:36:07', '2024-11-19 08:59:14', NULL, 1316, 0, 1, NULL, 'APPROVED', 1.89),
(198, NULL, 'https://videos-abajim-1.s3.de.io.cloud.ovh.net/videos/1728135424_إصلاح تمرين أعمق فهمي بالصفحة 14  من درس لا نجاح دون تخطيط بكتاب ينابيع الكتابة السنة الثالثة ‐ Réalisée avec Clipchamp.mp4', 14, NULL, 101, 8, '2024-10-05 11:37:07', '2024-11-21 17:45:50', NULL, 1316, 0, 1, NULL, 'APPROVED', 0.42),
(199, NULL, 'https://videos-abajim-1.s3.de.io.cloud.ovh.net/videos/1728135449_إصلاح تمرين أتصرف بالصفحة 14  من درس لا نجاح دون تخطيط بكتاب ينابيع الكتابة السنة الثالثة ‐ Réalisée avec Clipchamp (1).mp4', 14, NULL, 102, 8, '2024-10-05 11:37:32', '2024-11-21 17:47:06', NULL, 1316, 0, 2, NULL, 'APPROVED', 0.18),
(201, NULL, 'https://videos-abajim-1.s3.de.io.cloud.ovh.net/videos/1728135489_إصلاح تمرين أعمق فهمي بالصفحة 15  من درس  طفل يكتب بكتاب ينابيع الكتابة السنة الثالثة ‐ Réalisée avec Clipchamp.mp4', 15, NULL, 111, 8, '2024-10-05 11:38:12', '2024-10-05 11:38:12', NULL, 1316, 0, 1, NULL, 'APPROVED', 0.00),
(202, NULL, 'https://videos-abajim-1.s3.de.io.cloud.ovh.net/videos/1728135635_exercice 2 B page 10 lesson 2  période 1 trimestre 1 ‐ Réalisée avec Clipchamp.mp4', 9, NULL, 11, 12, '2024-10-05 11:40:39', '2024-10-05 11:40:39', NULL, 1318, 0, 1, NULL, 'APPROVED', 0.00),
(203, NULL, 'https://videos-abajim-1.s3.de.io.cloud.ovh.net/videos/1728135692_إصلاح تمرين أعمق فهمي بالصفحة 16  من درس  الفلاح بكتاب ينابيع الكتابة السنة الثالثة ‐ Réalisée avec Clipchamp (1).mp4', 16, NULL, 121, 8, '2024-10-05 11:41:34', '2024-10-05 11:41:34', NULL, 1316, 0, 1, NULL, 'APPROVED', 0.00),
(204, NULL, 'https://videos-abajim-1.s3.de.io.cloud.ovh.net/videos/1728135697_إصلاح تمرين أتصرف بالصفحة 16  من درس  الفلاح بكتاب ينابيع الكتابة السنة الثالثة ‐ Réalisée avec Clipchamp.mp4', 16, NULL, 122, 8, '2024-10-05 11:41:39', '2024-10-05 11:41:39', NULL, 1316, 0, 1, NULL, 'APPROVED', 0.00),
(205, NULL, 'https://videos-abajim-1.s3.de.io.cloud.ovh.net/videos/1728135752_إصلاح تمرين أعمق فهمي بالصفحة 17  من درس أعدت إليها رشدهبكتاب ينابيع الكتابة السنة الثالثة ‐ Réalisée avec Clipchamp.mp4', 17, NULL, 131, 8, '2024-10-05 11:42:34', '2024-10-05 11:42:34', NULL, 1316, 0, 1, NULL, 'APPROVED', 0.00),
(206, NULL, 'https://videos-abajim-1.s3.de.io.cloud.ovh.net/videos/1728135770_إصلاح تمرين أتصرف بالصفحة 17  من درس أعادت إليها رشدها بكتاب ينابيع الكتابة السنة الثالثة ‐ Réalisée avec Clipchamp.mp4', 17, NULL, 132, 8, '2024-10-05 11:42:51', '2024-11-27 18:52:31', NULL, 1316, 0, 1, NULL, 'APPROVED', 0.25),
(207, NULL, 'https://videos-abajim-1.s3.de.io.cloud.ovh.net/videos/1728135807_exercice 1 page 10 leçon 2 trimestre 1 ‐ Réalisée avec Clipchamp.mp4', 10, NULL, 12, 12, '2024-10-05 11:43:33', '2024-10-05 11:43:33', NULL, 1318, 0, 0, NULL, 'APPROVED', 0.00),
(208, NULL, 'https://videos-abajim-1.s3.de.io.cloud.ovh.net/videos/1728135872_exercice 2 page 11 leçon 2 période 1 trimestre 1 ‐ Réalisée avec Clipchamp.mp4', 11, NULL, 13, 12, '2024-10-05 11:44:36', '2024-10-05 11:44:36', NULL, 1318, 0, 0, NULL, 'APPROVED', 0.00),
(209, NULL, 'https://videos-abajim-1.s3.de.io.cloud.ovh.net/videos/1728136123_إصلاح تمرين أعمق فهمي بالصفحة18 من درس ككم أنا فخورة بك بكتاب ينابيع الكتابة السنة الثالثة ‐ Réalisée avec Clipchamp.mp4', 18, NULL, 141, 8, '2024-10-05 11:48:47', '2024-11-21 15:15:44', NULL, 1316, 0, 1, NULL, 'APPROVED', 0.00),
(210, NULL, 'https://videos-abajim-1.s3.de.io.cloud.ovh.net/videos/1728136142_إصلاح تمرين أتصرف بالصفحة18 من درس ككم أنا فخورة بك بكتاب ينابيع الكتابة السنة الثالثة  ‐ Réalisée avec Clipchamp.mp4', 18, NULL, 142, 8, '2024-10-05 11:49:04', '2024-10-05 11:49:04', NULL, 1316, 0, 0, NULL, 'APPROVED', 0.00),
(211, NULL, 'https://videos-abajim-1.s3.de.io.cloud.ovh.net/videos/1728136668_ينابيع الكتابة تمارين القراءة الوحدة 6 أعمق فهمي ص41 ‐ Réalisée avec Clipchamp.mp4', 41, NULL, 371, 8, '2024-10-05 11:57:53', '2024-10-05 11:57:53', NULL, 1316, 0, 0, NULL, 'APPROVED', 0.00),
(212, NULL, 'https://videos-abajim-1.s3.de.io.cloud.ovh.net/videos/1728136672_تمرين أوظف ص 68 من كتاب ينابيع الكتاب للسنة الثالثة ‐ Réalisée avec Clipchamp.mp4', 68, NULL, 641, 8, '2024-10-05 11:57:55', '2024-10-05 11:57:55', NULL, 1316, 0, 0, NULL, 'APPROVED', 0.00),
(213, NULL, 'https://videos-abajim-1.s3.de.io.cloud.ovh.net/videos/1728136723_تمرين أكتشف ص 67 من كتاب ينابيع الكتاب للسنة الثالثة ‐ Réalisée avec Clipchamp.mp4', 67, NULL, 631, 8, '2024-10-05 11:58:48', '2024-10-05 11:58:48', NULL, 1316, 0, 0, NULL, 'APPROVED', 0.00),
(214, NULL, 'https://videos-abajim-1.s3.de.io.cloud.ovh.net/videos/1728136744_حرف الراء  كتاب انيسي في التمارين ص9 ‐ ex2 ‐ Réalisée avec Clipchamp.mp4', 10, NULL, 4, 2, '2024-10-05 11:59:07', '2024-11-21 14:59:24', NULL, 1666, 0, 2, NULL, 'APPROVED', 0.90),
(216, NULL, 'https://videos-abajim-1.s3.de.io.cloud.ovh.net/videos/1728137436_exercice 1 page 13 leçon 3 période 1 3 ème math ‐ Réalisée avec Clipchamp.mp4', 13, NULL, 15, 12, '2024-10-05 12:10:39', '2024-11-08 08:46:48', NULL, 1318, 0, 0, NULL, 'APPROVED', 3.96),
(217, NULL, 'https://videos-abajim-1.s3.de.io.cloud.ovh.net/videos/1728137624_exercice 2 page 13 leçon 3 période 1 3 éme math ‐ Réalisée avec Clipchamp.mp4', 13, NULL, 16, 12, '2024-10-05 12:13:46', '2024-10-28 09:35:21', NULL, 1318, 0, 0, NULL, 'APPROVED', 0.02),
(218, NULL, 'https://videos-abajim-1.s3.de.io.cloud.ovh.net/videos/1728137630_التمرين أتفاعل ص 5 مادة العربية السنة الثانية ‐ Réalisée avec Clipchamp.mp4', 6, NULL, 11, 6, '2024-10-05 12:13:53', '2024-12-13 18:51:20', NULL, 1316, 0, 2, 'التمرين أتفاعل ص 5 مادة العربية السنة الثانية', 'APPROVED', 3.03),
(219, NULL, 'https://videos-abajim-1.s3.de.io.cloud.ovh.net/videos/1728137769_تمرين أوظف ص 70 من كتاب ينابيع الكتاب للسنة الثالثة ‐ Réalisée avec Clipchamp.mp4', 70, NULL, 662, 8, '2024-10-05 12:16:12', '2024-10-05 12:16:12', NULL, 1316, 0, 0, NULL, 'APPROVED', 0.00),
(220, NULL, 'https://videos-abajim-1.s3.de.io.cloud.ovh.net/videos/1728137848_exercice 3 page 13 leçon 1 période 1 3 éme math ‐ Réalisée avec Clipchamp.mp4', 13, NULL, 17, 12, '2024-10-05 12:17:32', '2024-10-28 09:35:30', NULL, 1318, 0, 0, NULL, 'APPROVED', 0.05),
(221, NULL, 'https://videos-abajim-1.s3.de.io.cloud.ovh.net/videos/1728137847_التمرين أتفكر ص 5 مادة العربية السنة الثانية ‐ Réalisée avec Clipchamp (1).mp4', 6, NULL, 12, 6, '2024-10-05 12:17:33', '2024-11-09 10:05:28', NULL, 1316, 0, 0, 'التمرين أتفكر ص 5 مادة العربية السنة الثانية', 'APPROVED', 0.00),
(222, NULL, 'https://videos-abajim-1.s3.de.io.cloud.ovh.net/videos/1728137917_exercice 4 page 13 leçon 3 période 1 3 éme math ‐ Réalisée avec Clipchamp.mp4', 13, NULL, 15, 12, '2024-10-05 12:18:39', '2024-10-05 12:18:39', NULL, 1318, 0, 0, NULL, 'APPROVED', 0.00),
(223, NULL, 'https://videos-abajim-1.s3.de.io.cloud.ovh.net/videos/1728138102_تمرين أستعمل ص 70 من كتاب ينابيع الكتاب للسنة الثالثة ‐ Réalisée avec Clipchamp.mp4', 70, NULL, 661, 8, '2024-10-05 12:21:47', '2024-10-05 12:21:47', NULL, 1316, 0, 0, NULL, 'APPROVED', 0.00),
(224, NULL, 'https://videos-abajim-1.s3.de.io.cloud.ovh.net/videos/1728138136_التمرين أتحرر ص 6 مادة العربية السنة الثانية ‐ Réalisée avec Clipchamp.mp4', 7, NULL, 22, 6, '2024-10-05 12:22:18', '2024-11-09 10:08:25', NULL, 1316, 0, 0, 'التمرين أتحرر ص 6  مادة العربية السنة الثانية', 'APPROVED', 0.00),
(225, NULL, 'https://videos-abajim-1.s3.de.io.cloud.ovh.net/videos/1728138148_تمرين أكتشف ص 71 من كتاب ينابيع الكتاب للسنة الثالثة ‐ Réalisée avec Clipchamp.mp4', 71, NULL, 671, 8, '2024-10-05 12:22:32', '2024-10-05 12:22:32', NULL, 1316, 0, 0, NULL, 'APPROVED', 0.00),
(226, NULL, 'https://videos-abajim-1.s3.de.io.cloud.ovh.net/videos/1728138274_التمرين أتفاعل ص 7 مادة العربية السنة الثانية ‐ Réalisée avec Clipchamp.mp4', 8, NULL, 31, 6, '2024-10-05 12:24:36', '2024-11-09 10:15:29', NULL, 1316, 0, 0, 'التمرين أتفاعل ص 7 مادة العربية السنة الثانية', 'APPROVED', 1.37),
(227, NULL, 'https://videos-abajim-1.s3.de.io.cloud.ovh.net/videos/1728138320_exercice 1 page 14 leçon 1 période 1 3 éme math ‐ Réalisée avec Clipchamp.mp4', 14, NULL, 18, 12, '2024-10-05 12:25:23', '2024-10-05 12:25:23', NULL, 1318, 0, 0, NULL, 'APPROVED', 0.00),
(228, NULL, 'https://videos-abajim-1.s3.de.io.cloud.ovh.net/videos/1728138366_حرف الراء  كتاب انيسي في التمارين ص9 ‐ ex5 ‐ Réalisée avec Clipchamp.mp4', 10, NULL, 4, 2, '2024-10-05 12:26:12', '2024-10-05 12:26:12', NULL, 1666, 0, 0, NULL, 'APPROVED', 0.00),
(229, NULL, 'https://videos-abajim-1.s3.de.io.cloud.ovh.net/videos/1728138414_التمرين أتفكر ص 7 مادة العربية السنة الثانية ‐ Réalisée avec Clipchamp.mp4', 8, NULL, 32, 6, '2024-10-05 12:27:00', '2024-11-09 10:18:24', NULL, 1316, 0, 0, 'التمرين أتفكر ص 7 مادة العربية السنة الثانية', 'APPROVED', 0.02),
(230, NULL, 'https://videos-abajim-1.s3.de.io.cloud.ovh.net/videos/1728138431_exercice 2 page 14 leçon 3 période 1 3 éme math ‐ Réalisée avec Clipchamp.mp4', 14, NULL, 19, 12, '2024-10-05 12:27:14', '2024-10-05 12:27:14', NULL, 1318, 0, 0, NULL, 'APPROVED', 0.00),
(231, NULL, 'https://videos-abajim-1.s3.de.io.cloud.ovh.net/videos/1728138518_exercice 3 page 14 leçon 1 période 1 3 éme math ‐ Réalisée avec Clipchamp.mp4', 14, NULL, 20, 12, '2024-10-05 12:28:41', '2024-10-05 12:28:41', NULL, 1318, 0, 0, NULL, 'APPROVED', 0.00),
(232, NULL, 'https://videos-abajim-1.s3.de.io.cloud.ovh.net/videos/1728138672_تمرين أوظف ص 72 من كتاب ينابيع الكتاب للسنة الثالثة ‐ Réalisée avec Clipchamp.mp4', 72, NULL, 681, 8, '2024-10-05 12:31:16', '2024-10-05 12:31:16', NULL, 1316, 0, 0, NULL, 'APPROVED', 0.00),
(233, NULL, 'https://videos-abajim-1.s3.de.io.cloud.ovh.net/videos/1728138718_حرف الراء  كتاب انيسي في التمارين ص9 ‐ ex6 ‐ Réalisée avec Clipchamp ‐ Réalisée avec Clipchamp.mp4', 10, NULL, 4, 2, '2024-10-05 12:32:03', '2024-10-05 12:32:03', NULL, 1666, 0, 0, NULL, 'APPROVED', 0.00),
(235, NULL, 'https://videos-abajim-1.s3.de.io.cloud.ovh.net/videos/1728138779_التمرين أتحرر ص 8 مادة العربية السنة الثانية ‐ Réalisée avec Clipchamp.mp4', 9, NULL, 42, 6, '2024-10-05 12:33:02', '2024-11-09 10:18:53', NULL, 1316, 0, 0, 'التمرين أتحرر ص 8 مادة العربية السنة الثانية', 'APPROVED', 0.02),
(236, NULL, 'https://videos-abajim-1.s3.de.io.cloud.ovh.net/videos/1728138814_إصلاح الوضعية ص 15 من كتاب الرياضيات للسنة الثالثة.mp4', 15, NULL, 21, 12, '2024-10-05 12:33:40', '2024-10-05 12:33:40', NULL, 1318, 0, 0, NULL, 'APPROVED', 0.00),
(237, NULL, 'https://videos-abajim-1.s3.de.io.cloud.ovh.net/videos/1728139053_حرف الراء  كتاب انيسي في التمارين ص9 ‐ ex7 ‐ Réalisée avec Clipchamp ‐ Réalisée avec Clipchamp.mp4', 10, NULL, 4, 2, '2024-10-05 12:37:40', '2024-10-05 12:37:40', NULL, 1666, 0, 0, NULL, 'APPROVED', 0.00),
(240, NULL, 'https://videos-abajim-1.s3.de.io.cloud.ovh.net/videos/1728139111_exercice 1 et 2 page 16 leçon 4 trimestre 1 période 1 ‐ Réalisée avec Clipchamp.mp4', 16, NULL, 22, 12, '2024-10-05 12:38:36', '2024-11-11 18:19:30', NULL, 1318, 0, 1, NULL, 'APPROVED', 2.27),
(241, NULL, 'https://videos-abajim-1.s3.de.io.cloud.ovh.net/videos/1728139234_exercice 3 opage 16 leçon 4 période 1 trimestre 1 ‐ Réalisée avec Clipchamp.mp4', 16, NULL, 24, 12, '2024-10-05 12:40:37', '2024-10-05 12:40:37', NULL, 1318, 0, 0, NULL, 'APPROVED', 0.00),
(242, NULL, 'https://videos-abajim-1.s3.de.io.cloud.ovh.net/videos/1728139303_التمرين أتفاعل ص 9 مادة العربية السنة الثانية ‐ Réalisée avec Clipchamp.mp4', 10, NULL, 51, 6, '2024-10-05 12:41:47', '2024-11-09 10:19:25', NULL, 1316, 0, 0, 'التمرين أتفاعل ص 9 مادة العربية السنة الثانية', 'APPROVED', 0.00),
(243, NULL, 'https://videos-abajim-1.s3.de.io.cloud.ovh.net/videos/1728139395_exercice 4 page 16 leçon 4 trimestre 1 période 1 ‐ Réalisée avec Clipchamp (1).mp4', 16, NULL, 25, 12, '2024-10-05 12:43:21', '2024-12-03 17:41:21', NULL, 1318, 0, 0, NULL, 'APPROVED', 0.05),
(244, NULL, 'https://videos-abajim-1.s3.de.io.cloud.ovh.net/videos/1728139469_التمرين أنتج ص 10 مادة العربية السنة الثانية ‐ Réalisée avec Clipchamp.mp4', 11, NULL, 62, 6, '2024-10-05 12:44:33', '2024-10-05 12:44:33', NULL, 1316, 0, 0, NULL, 'APPROVED', 0.00),
(245, NULL, 'https://videos-abajim-1.s3.de.io.cloud.ovh.net/videos/1728139539_التمرين أتحرر ص 10 مادة العربية السنة الثانية ‐ Réalisée avec Clipchamp.mp4', 11, NULL, 61, 6, '2024-10-05 12:45:44', '2024-10-05 12:45:44', NULL, 1316, 0, 0, NULL, 'APPROVED', 0.00),
(246, NULL, 'https://videos-abajim-1.s3.de.io.cloud.ovh.net/videos/1728139547_exercice 5 page 16 leçon 4 trimestre 1 période 1 ‐ Réalisée avec Clipchamp.mp4', 16, NULL, 26, 12, '2024-10-05 12:45:51', '2024-10-05 12:45:51', NULL, 1318, 0, 0, NULL, 'APPROVED', 0.00),
(247, NULL, 'https://videos-abajim-1.s3.de.io.cloud.ovh.net/videos/1728139665_exercice 6 page 16 leçon 4 trimestre 1 période 1 ‐ Réalisée avec Clipchamp - Copie.mp4', 16, NULL, 27, 12, '2024-10-05 12:47:49', '2024-10-05 12:47:49', NULL, 1318, 0, 0, NULL, 'APPROVED', 0.00),
(248, NULL, 'https://videos-abajim-1.s3.de.io.cloud.ovh.net/videos/1728139719_تمرين 3 ص 74 من كتاب ينابيع الكتاب للسنة الثالثة ‐ Réalisée avec Clipchamp.mp4', 73, NULL, 691, 8, '2024-10-05 12:48:42', '2024-10-05 12:48:42', NULL, 1316, 0, 0, NULL, 'APPROVED', 0.00),
(249, NULL, 'https://videos-abajim-1.s3.de.io.cloud.ovh.net/videos/1728139922_exercice 1 page 17 leçon 4  trimrstre 1 période 1 ‐ Réalisée avec Clipchamp.mp4', 17, NULL, 28, 12, '2024-10-05 12:52:06', '2024-11-12 08:22:54', NULL, 1318, 0, 0, NULL, 'APPROVED', 4.21),
(250, NULL, 'https://videos-abajim-1.s3.de.io.cloud.ovh.net/videos/1728140084_exercice 2 page 17 leçon 4 période 1 trimestre 1 ‐ Réalisée avec Clipchamp (1).mp4', 17, NULL, 29, 12, '2024-10-05 12:54:47', '2024-10-05 12:54:47', NULL, 1318, 0, 0, NULL, 'APPROVED', 0.00),
(251, NULL, 'https://videos-abajim-1.s3.de.io.cloud.ovh.net/videos/1728140176_exercice 3 page 17 leçon 4 trimestre 1 période 1 ‐ Réalisée avec Clipchamp.mp4', 17, NULL, 30, 12, '2024-10-05 12:56:19', '2024-10-05 12:56:19', NULL, 1318, 0, 0, NULL, 'APPROVED', 0.00),
(252, NULL, 'https://videos-abajim-1.s3.de.io.cloud.ovh.net/videos/1728140278_exercice 1 page 18  première trimestre ‐ Réalisée avec Clipchamp.mp4', 18, NULL, 31, 12, '2024-10-05 12:58:00', '2024-10-05 12:58:00', NULL, 1318, 0, 0, NULL, 'APPROVED', 0.00),
(253, NULL, 'https://videos-abajim-1.s3.de.io.cloud.ovh.net/videos/1728140298_تمرين أوظف ص 74 من كتاب ينابيع الكتاب للسنة الثالثة ‐ Réalisée avec Clipchamp.mp4', 74, NULL, 701, 8, '2024-10-05 12:58:22', '2024-11-11 18:44:21', NULL, 1316, 0, 3, NULL, 'APPROVED', 7.85),
(254, NULL, 'https://videos-abajim-1.s3.de.io.cloud.ovh.net/videos/1728140391_التمرين أتفاعل ص 11 مادة العربية السنة الثانية ‐ Réalisée avec Clipchamp.mp4', 12, NULL, 71, 6, '2024-10-05 12:59:54', '2024-12-04 08:51:21', NULL, 1316, 0, 1, NULL, 'APPROVED', 3.27),
(255, NULL, 'https://videos-abajim-1.s3.de.io.cloud.ovh.net/videos/1728140404_التمرين أتحرر ص 12 مادة العربية السنة الثانية ‐ Réalisée avec Clipchamp.mp4', 13, NULL, 82, 6, '2024-10-05 13:00:07', '2024-10-05 13:00:07', NULL, 1316, 0, 0, NULL, 'APPROVED', 0.00),
(256, NULL, 'https://videos-abajim-1.s3.de.io.cloud.ovh.net/videos/1728140431_إصلاح تمرين أكتشف بالصفحة 75 من درس الفعل الالضي مسند إلى  المتكلم بكتاب ينابيع الكتابة السنة الثالثة ‐ Réalisée avec Clipchamp.mp4', 75, NULL, 711, 8, '2024-10-05 13:00:36', '2024-11-15 11:47:37', NULL, 1316, 0, 0, NULL, 'APPROVED', 0.61),
(257, NULL, 'https://videos-abajim-1.s3.de.io.cloud.ovh.net/videos/1728140435_إصلاح تمرين أستعمل بالصفحة 75 من درس الفعل الالضي مسند إلى  المتكلم بكتاب ينابيع الكتابة السنة الثالثة ‐ Réalisée avec Clipchamp.mp4', 75, NULL, 712, 8, '2024-10-05 13:00:40', '2024-11-15 11:49:13', NULL, 1316, 0, 0, NULL, 'APPROVED', 0.50),
(258, NULL, 'https://videos-abajim-1.s3.de.io.cloud.ovh.net/videos/1728140521_التمرين أتفاعل ص 13 مادة العربية السنة الثانية ‐ Réalisée avec Clipchamp.mp4', 14, NULL, 91, 6, '2024-10-05 13:02:05', '2024-10-05 13:02:05', NULL, 1316, 0, 0, NULL, 'APPROVED', 0.00),
(259, NULL, 'https://videos-abajim-1.s3.de.io.cloud.ovh.net/videos/1728140629_التمرين أتفكر ص 13 مادة العربية السنة الثانية ‐ Réalisée avec Clipchamp.mp4', 14, NULL, 92, 6, '2024-10-05 13:03:54', '2024-10-05 13:03:54', NULL, 1316, 0, 0, NULL, 'APPROVED', 0.00),
(261, NULL, 'https://videos-abajim-1.s3.de.io.cloud.ovh.net/videos/1728140838_التمرين أنتج ص 14 مادة العربية السنة الثانية ‐ Réalisée avec Clipchamp.mp4', 15, NULL, 102, 6, '2024-10-05 13:07:21', '2024-10-05 13:07:21', NULL, 1316, 0, 0, NULL, 'APPROVED', 0.00),
(262, NULL, 'https://videos-abajim-1.s3.de.io.cloud.ovh.net/videos/1728140866_التمرين أتفاعل ص 15 مادة العربية السنة الثانية ‐ Réalisée avec Clipchamp.mp4', 16, NULL, 111, 6, '2024-10-05 13:07:50', '2024-11-26 12:59:02', NULL, 1316, 0, 0, NULL, 'APPROVED', 0.32),
(266, NULL, 'https://videos-abajim-1.s3.de.io.cloud.ovh.net/videos/1728141074_إصلاح تمرين أوظف بالصفحة 76 من درس الفعل الالضي مسند إلى  المتكلم بكتاب ينابيع الكتابة السنة الثالثة ‐ Réalisée avec Clipchamp.mp4', 76, NULL, 721, 8, '2024-10-05 13:11:20', '2024-11-27 09:26:34', NULL, 1316, 0, 0, NULL, 'APPROVED', 6.93),
(268, NULL, 'https://videos-abajim-1.s3.de.io.cloud.ovh.net/videos/1728141221_التمرين أتفكر ص 16 مادة العربية السنة الثانية ‐ Réalisée avec Clipchamp.mp4', 17, NULL, 121, 6, '2024-10-05 13:13:47', '2024-10-05 13:13:47', NULL, 1316, 0, 0, NULL, 'APPROVED', 0.00),
(269, NULL, 'https://videos-abajim-1.s3.de.io.cloud.ovh.net/videos/1728141223_التمرين أتفاعل ص 17 مادة العربية السنة الثانية ‐ Réalisée avec Clipchamp.mp4', 18, NULL, 131, 6, '2024-10-05 13:13:50', '2024-10-05 13:13:50', NULL, 1316, 0, 0, NULL, 'APPROVED', 0.00),
(270, NULL, 'https://videos-abajim-1.s3.de.io.cloud.ovh.net/videos/1728141225_التمرين أكتب ص 16 مادة العربية السنة الثانية ‐ Réalisée avec Clipchamp.mp4', 17, NULL, 122, 6, '2024-10-05 13:13:54', '2024-10-05 13:13:54', NULL, 1316, 0, 0, NULL, 'APPROVED', 0.00),
(271, NULL, 'https://videos-abajim-1.s3.de.io.cloud.ovh.net/videos/1728141257_التمرين أتفكر ص 17 مادة العربية السنة الثانية ‐ Réalisée avec Clipchamp.mp4', 18, NULL, 132, 6, '2024-10-05 13:14:24', '2024-10-05 13:14:24', NULL, 1316, 0, 0, NULL, 'APPROVED', 0.00),
(274, NULL, 'https://videos-abajim-1.s3.de.io.cloud.ovh.net/videos/1728141461_exercice 2 pge 28  leçon 8 période 2 trimestre 1 ‐ Réalisée avec Clipchamp.mp4', 28, NULL, 47, 12, '2024-10-05 13:17:44', '2024-10-05 13:17:44', NULL, 1318, 0, 0, NULL, 'APPROVED', 0.00),
(275, NULL, 'https://videos-abajim-1.s3.de.io.cloud.ovh.net/videos/1728141485_التمرين أكتب ص 18 مادة العربية السنة الثانية ‐ Réalisée avec Clipchamp.mp4', 19, NULL, 141, 6, '2024-10-05 13:18:07', '2024-10-05 13:18:07', NULL, 1316, 0, 0, NULL, 'APPROVED', 0.00),
(276, NULL, 'https://videos-abajim-1.s3.de.io.cloud.ovh.net/videos/1728141579_exercice  page 29 leçon 9 trimestre 1 période ‐ Réalisée avec Clipchamp.mp4', 29, NULL, 48, 12, '2024-10-05 13:19:43', '2024-10-05 13:19:43', NULL, 1318, 0, 0, NULL, 'APPROVED', 0.00),
(277, NULL, 'https://videos-abajim-1.s3.de.io.cloud.ovh.net/videos/1728141604_التمرين أتفكر ص 21 مادة العربية السنة الثانية ‐ Réalisée avec Clipchamp.mp4', 22, NULL, 161, 6, '2024-10-05 13:20:08', '2024-10-05 13:20:08', NULL, 1316, 0, 0, NULL, 'APPROVED', 0.00),
(278, NULL, 'https://videos-abajim-1.s3.de.io.cloud.ovh.net/videos/1728141651_التمرين أتفاعل ص 20 مادة العربية السنة الثانية ‐ Réalisée avec Clipchamp.mp4', 21, NULL, 151, 6, '2024-10-05 13:20:55', '2024-10-05 13:20:55', NULL, 1316, 0, 0, NULL, 'APPROVED', 0.00),
(279, NULL, 'https://videos-abajim-1.s3.de.io.cloud.ovh.net/videos/1728141663_التمرين أتحرر ص 21 مادة العربية السنة الثانية ‐ Réalisée avec Clipchamp.mp4', 22, NULL, 163, 6, '2024-10-05 13:21:06', '2024-10-05 13:21:06', NULL, 1316, 0, 0, NULL, 'APPROVED', 0.00),
(280, NULL, 'https://videos-abajim-1.s3.de.io.cloud.ovh.net/videos/1728141677_التمرين أكتب ص 21 مادة العربية السنة الثانية ‐ Réalisée avec Clipchamp.mp4', 22, NULL, 162, 6, '2024-10-05 13:21:21', '2024-10-05 13:21:21', NULL, 1316, 0, 0, NULL, 'APPROVED', 0.00),
(281, NULL, 'https://videos-abajim-1.s3.de.io.cloud.ovh.net/videos/1728141690_إصلاح تمرين أوظف بالصفحة 80 من درس الفعل الماضي بكتاب ينابيع الكتابة بالسنة الثالثة ‐ Réalisée avec Clipchamp (1).mp4', 80, NULL, 761, 8, '2024-10-05 13:21:32', '2024-12-10 06:40:01', NULL, 1316, 0, 0, NULL, 'APPROVED', 0.83),
(282, NULL, 'https://videos-abajim-1.s3.de.io.cloud.ovh.net/videos/1728141726_إصلاح تمرين أوظف بالصفحة 82 من درس الفعل الماضي بكتاب ينابيع بالسنة الثالثة ‐ Réalisée avec Clipchamp.mp4', 82, NULL, 781, 8, '2024-10-05 13:22:08', '2024-10-05 13:22:08', NULL, 1316, 0, 0, NULL, 'APPROVED', 0.00),
(283, NULL, 'https://videos-abajim-1.s3.de.io.cloud.ovh.net/videos/1728141785_إصلاح تمرين أستعمل بالصفحة   79 من درس الفعل الماضي مسند و مسند إلى الغائب الغائبة بكتاب ينابيع الكتابة بالسنة الثالثة ‐ Réalisée avec Clipchamp.mp4', 79, NULL, 752, 8, '2024-10-05 13:23:12', '2024-10-05 13:23:12', NULL, 1316, 0, 0, NULL, 'APPROVED', 0.00),
(284, NULL, 'https://videos-abajim-1.s3.de.io.cloud.ovh.net/videos/1728141834_التمرين أتفاعل ص 22 مادة العربية السنة الثانية ‐ Réalisée avec Clipchamp.mp4', 23, NULL, 171, 6, '2024-10-05 13:23:56', '2024-10-05 13:23:56', NULL, 1316, 0, 0, NULL, 'APPROVED', 0.00),
(285, NULL, 'https://videos-abajim-1.s3.de.io.cloud.ovh.net/videos/1728141841_exercice 1 page 30  leçon 9 timestre 1 période 2 ‐ Réalisée avec Clipchamp (1).mp4', 30, NULL, 49, 12, '2024-10-05 13:24:04', '2024-10-05 13:24:04', NULL, 1318, 0, 0, NULL, 'APPROVED', 0.00),
(286, NULL, 'https://videos-abajim-1.s3.de.io.cloud.ovh.net/videos/1728141855_إصلاح تمرين أكتشف بالصفحة 81 من درس الفعل الماضي بكتاب ينابيع الكتابة بالسنة الثالثة ‐ Réalisée avec Clipchamp.mp4', 81, NULL, 771, 8, '2024-10-05 13:24:19', '2024-10-05 13:24:19', NULL, 1316, 0, 0, NULL, 'APPROVED', 0.00),
(287, NULL, 'https://videos-abajim-1.s3.de.io.cloud.ovh.net/videos/1728141915_إصلاح تمرين أستعمل بالصفحة 81 من درس الفعل الماضي بكتاب ينابيع بالسنة الثالثة ‐ Réalisée avec Clipchamp.mp4', 81, NULL, 772, 8, '2024-10-05 13:25:19', '2024-10-05 13:25:19', NULL, 1316, 0, 0, NULL, 'APPROVED', 0.00),
(288, NULL, 'https://videos-abajim-1.s3.de.io.cloud.ovh.net/videos/1728141922_exercice 2 page 30  leçon 9 trimestre 1 période 2 ‐ Réalisée avec Clipchamp.mp4', 30, NULL, 50, 12, '2024-10-05 13:25:23', '2024-10-05 13:25:23', NULL, 1318, 0, 0, NULL, 'APPROVED', 0.00),
(289, NULL, 'https://videos-abajim-1.s3.de.io.cloud.ovh.net/videos/1728141950_exercice 3 page 30 leçon 9 trimestre 1 période 2 ‐ Réalisée avec Clipchamp.mp4', 30, NULL, 51, 12, '2024-10-05 13:25:52', '2024-10-05 13:25:52', NULL, 1318, 0, 0, NULL, 'APPROVED', 0.00),
(290, NULL, 'https://videos-abajim-1.s3.de.io.cloud.ovh.net/videos/1728142035_exercice 4 page  30 leçon 9 période 2 trimestre 1 ‐ Réalisée avec Clipchamp.mp4', 30, NULL, 52, 12, '2024-10-05 13:27:18', '2024-10-05 13:27:18', NULL, 1318, 0, 0, NULL, 'APPROVED', 0.00),
(291, NULL, 'https://videos-abajim-1.s3.de.io.cloud.ovh.net/videos/1728142114_التمرين أتحرر ص 23 مادة العربية السنة الثانية ‐ Réalisée avec Clipchamp.mp4', 24, NULL, 182, 6, '2024-10-05 13:28:36', '2024-10-05 13:28:36', NULL, 1316, 0, 0, NULL, 'APPROVED', 0.00),
(294, NULL, 'https://videos-abajim-1.s3.de.io.cloud.ovh.net/videos/1728142173_التمرين أتفكر ص 23 مادة العربية السنة الثانية ‐ Réalisée avec Clipchamp.mp4', 24, NULL, 181, 6, '2024-10-05 13:29:38', '2024-10-05 13:29:38', NULL, 1316, 0, 0, NULL, 'APPROVED', 0.00),
(295, NULL, 'https://videos-abajim-1.s3.de.io.cloud.ovh.net/videos/1728142224_exercice 1 page 31 leçon 9 trimestre 1 période 2 ‐ Réalisée avec Clipchamp ‐ Réalisée avec Clipchamp.mp4', 31, NULL, 53, 12, '2024-10-05 13:30:26', '2024-10-05 13:30:26', NULL, 1318, 0, 0, NULL, 'APPROVED', 0.00),
(296, NULL, 'https://videos-abajim-1.s3.de.io.cloud.ovh.net/videos/1728142254_exercice 2 page 31  leçon 9 trimestre 1 période 2 ‐ Réalisée avec Clipchamp.mp4', 31, NULL, 54, 12, '2024-10-05 13:30:58', '2024-10-05 13:30:58', NULL, 1318, 0, 0, NULL, 'APPROVED', 0.00),
(297, NULL, 'https://videos-abajim-1.s3.de.io.cloud.ovh.net/videos/1728142335_التمرين أتفاعل ص 24 مادة العربية السنة الثانية ‐ Réalisée avec Clipchamp.mp4', 25, NULL, 191, 6, '2024-10-05 13:32:17', '2024-10-05 13:32:17', NULL, 1316, 0, 0, NULL, 'APPROVED', 0.00),
(298, NULL, 'https://videos-abajim-1.s3.de.io.cloud.ovh.net/videos/1728142364_التمرين أتحرر ص 25 مادة العربية السنة الثانية ‐ Réalisée avec Clipchamp.mp4', 26, NULL, 202, 6, '2024-10-05 13:32:46', '2024-10-05 13:32:46', NULL, 1316, 0, 0, NULL, 'APPROVED', 0.00),
(299, NULL, 'https://videos-abajim-1.s3.de.io.cloud.ovh.net/videos/1728142383_التمرين أتفكر ص 24 مادة العربية السنة الثانية ‐ Réalisée avec Clipchamp.mp4', 25, NULL, 192, 6, '2024-10-05 13:33:06', '2024-10-05 13:33:06', NULL, 1316, 0, 0, NULL, 'APPROVED', 0.00),
(300, NULL, 'https://videos-abajim-1.s3.de.io.cloud.ovh.net/videos/1728142387_التمرين أكتب ص 25 مادة العربية السنة الثانية ‐ Réalisée avec Clipchamp.mp4', 26, NULL, 201, 6, '2024-10-05 13:33:10', '2024-10-05 13:33:10', NULL, 1316, 0, 0, NULL, 'APPROVED', 0.00),
(301, NULL, 'https://videos-abajim-1.s3.de.io.cloud.ovh.net/videos/1728142626_exercice 1 page 34 leçon 10 période 2 trimestre 1 ‐ Réalisée avec Clipchamp.mp4', 34, NULL, 57, 12, '2024-10-05 13:37:08', '2024-11-10 20:25:19', NULL, 1318, 0, 1, NULL, 'APPROVED', 5.01),
(302, NULL, 'https://videos-abajim-1.s3.de.io.cloud.ovh.net/videos/1728142705_أتحرر ص 27 كتاب التمارين سنة الثان ‐ Réalisée avec Clipchamp.mp4', 28, NULL, 223, 6, '2024-10-05 13:38:27', '2024-10-05 13:38:27', NULL, 1316, 0, 0, NULL, 'APPROVED', 0.00),
(303, NULL, 'https://videos-abajim-1.s3.de.io.cloud.ovh.net/videos/1728142708_أكتب ص 27 كتاب التمارين سنة الثان ‐ Réalisée avec Clipchamp.mp4', 28, NULL, 222, 6, '2024-10-05 13:38:30', '2024-10-28 08:44:20', NULL, 1316, 0, 0, NULL, 'APPROVED', 0.29),
(304, NULL, 'https://videos-abajim-1.s3.de.io.cloud.ovh.net/videos/1728142741_أتفاعل ص 26 كتاب التمارين سنة الثان ‐ Réalisée avec Clipchamp.mp4', 27, NULL, 211, 6, '2024-10-05 13:39:05', '2024-10-05 13:39:05', NULL, 1316, 0, 0, NULL, 'APPROVED', 0.00),
(305, NULL, 'https://videos-abajim-1.s3.de.io.cloud.ovh.net/videos/1728142780_أتفكر ص 27 كتاب التمارين سنة الثان ‐ Réalisée avec Clipchamp.mp4', 28, NULL, 221, 6, '2024-10-05 13:39:45', '2024-10-05 13:39:45', NULL, 1316, 0, 0, NULL, 'APPROVED', 0.00),
(306, NULL, 'https://videos-abajim-1.s3.de.io.cloud.ovh.net/videos/1728142832_exercice 2 page 34 leçon 10 période 2 trimestre 1 ‐ Réalisée avec Clipchamp.mp4', 34, NULL, 58, 12, '2024-10-05 13:40:36', '2024-11-10 20:06:09', NULL, 1318, 0, 0, NULL, 'APPROVED', 7.03),
(307, NULL, 'https://videos-abajim-1.s3.de.io.cloud.ovh.net/videos/1728142853_exercice 3 page 34 leçon 10 période 2 trimestre 1 ‐ Réalisée avec Clipchamp.mp4', 34, NULL, 59, 12, '2024-10-05 13:40:57', '2024-10-05 13:40:57', NULL, 1318, 0, 0, NULL, 'APPROVED', 0.00),
(308, NULL, 'https://videos-abajim-1.s3.de.io.cloud.ovh.net/videos/1728142940_exercice 4 page 34 leçon 10 période 2 trimestre 1 ‐ Réalisée avec Clipchamp.mp4', 34, NULL, 60, 12, '2024-10-05 13:42:24', '2024-10-05 13:42:24', NULL, 1318, 0, 0, NULL, 'APPROVED', 0.00),
(309, NULL, 'https://videos-abajim-1.s3.de.io.cloud.ovh.net/videos/1728143058_exercice 6 page 34  leçon 10 trimestre 1 période 2 ‐ Réalisée avec Clipchamp.mp4', 34, NULL, 62, 12, '2024-10-05 13:44:23', '2024-10-05 13:44:23', NULL, 1318, 0, 0, NULL, 'APPROVED', 0.00),
(310, NULL, 'https://videos-abajim-1.s3.de.io.cloud.ovh.net/videos/1728143065_exercice 5 page 34  leçon 10 trimestre 1 période 2 ‐ Réalisée avec Clipchamp.mp4', 34, NULL, 61, 12, '2024-10-05 13:44:29', '2024-10-05 13:44:29', NULL, 1318, 0, 0, NULL, 'APPROVED', 0.00),
(311, NULL, 'https://videos-abajim-1.s3.de.io.cloud.ovh.net/videos/1728143067_أتحرر ص 29 كتاب التمارين سنة الثان ‐ Réalisée avec Clipchamp.mp4', 30, NULL, 241, 6, '2024-10-05 13:44:32', '2024-10-05 13:44:32', NULL, 1316, 0, 0, NULL, 'APPROVED', 0.00),
(312, NULL, 'https://videos-abajim-1.s3.de.io.cloud.ovh.net/videos/1728143126_أتفاعل ص 28 كتاب التمارين سنة الثان ‐ Réalisée avec Clipchamp.mp4', 29, NULL, 231, 6, '2024-10-05 13:45:30', '2024-10-05 13:45:30', NULL, 1316, 0, 0, NULL, 'APPROVED', 0.00),
(313, NULL, 'https://videos-abajim-1.s3.de.io.cloud.ovh.net/videos/1728143140_أنتج ص 29 كتاب التمارين سنة الثان ‐ Réalisée avec Clipchamp.mp4', 30, NULL, 242, 6, '2024-10-05 13:45:42', '2024-10-05 13:45:42', NULL, 1316, 0, 0, NULL, 'APPROVED', 0.00),
(314, NULL, 'https://videos-abajim-1.s3.de.io.cloud.ovh.net/videos/1728143158_أتفكر ص 28 كتاب التمارين سنة الثان ‐ Réalisée avec Clipchamp.mp4', 29, NULL, 232, 6, '2024-10-05 13:46:02', '2024-10-05 13:46:02', NULL, 1316, 0, 0, NULL, 'APPROVED', 0.00),
(315, NULL, 'https://videos-abajim-1.s3.de.io.cloud.ovh.net/videos/1728143169_أتفاعل ص 30 كتاب التمارين سنة الثان ‐ Réalisée avec Clipchamp.mp4', 31, NULL, 251, 6, '2024-10-05 13:46:12', '2024-10-05 13:46:12', NULL, 1316, 0, 0, NULL, 'APPROVED', 0.00),
(316, NULL, 'https://videos-abajim-1.s3.de.io.cloud.ovh.net/videos/1728143191_أتفكر ص 30 كتاب التمارين سنة الثان ‐ Réalisée avec Clipchamp.mp4', 31, NULL, 252, 6, '2024-10-05 13:46:33', '2024-10-05 13:46:33', NULL, 1316, 0, 0, NULL, 'APPROVED', 0.00),
(317, NULL, 'https://videos-abajim-1.s3.de.io.cloud.ovh.net/videos/1728143338_أتحرر ص 31 كتاب التمارين سنة الثان ‐ Réalisée avec Clipchamp.mp4', 32, NULL, 262, 6, '2024-10-05 13:49:02', '2024-10-05 13:49:02', NULL, 1316, 0, 0, NULL, 'APPROVED', 0.00),
(318, NULL, 'https://videos-abajim-1.s3.de.io.cloud.ovh.net/videos/1728143339_أكتب ص 31 كتاب التمارين سنة الثان ‐ Réalisée avec Clipchamp.mp4', 32, NULL, 261, 6, '2024-10-05 13:49:05', '2024-10-05 13:49:05', NULL, 1316, 0, 0, NULL, 'APPROVED', 0.00),
(319, NULL, 'https://videos-abajim-1.s3.de.io.cloud.ovh.net/videos/1728143387_exercice 1 page 35 leçon 10 période 2 trimestre 1 ‐ Réalisée avec Clipchamp.mp4', 35, NULL, 63, 12, '2024-10-05 13:49:52', '2024-10-05 13:49:52', NULL, 1318, 0, 0, NULL, 'APPROVED', 0.00),
(320, NULL, 'https://videos-abajim-1.s3.de.io.cloud.ovh.net/videos/1728143389_exercice 2 page 35 leçon 10 période 2 trimestre 1 ‐ Réalisée avec Clipchamp.mp4', 35, NULL, 64, 12, '2024-10-05 13:49:53', '2024-10-05 13:49:53', NULL, 1318, 0, 0, NULL, 'APPROVED', 0.00),
(321, NULL, 'https://videos-abajim-1.s3.de.io.cloud.ovh.net/videos/1728143420_أتفكر الدرس 6 ص 32  كتاب التمارين سنة الثان ‐ Réalisée avec Clipchamp.mp4', 33, NULL, 272, 6, '2024-10-05 13:50:21', '2024-10-05 13:50:21', NULL, 1316, 0, 0, NULL, 'APPROVED', 0.00),
(322, NULL, 'https://videos-abajim-1.s3.de.io.cloud.ovh.net/videos/1728143422_exercice 3 page 35 leçon 10 période 2 trimestre 1 ‐ Réalisée avec Clipchamp.mp4', 35, NULL, 65, 12, '2024-10-05 13:50:27', '2024-10-05 13:50:27', NULL, 1318, 0, 0, NULL, 'APPROVED', 0.00),
(323, NULL, 'https://videos-abajim-1.s3.de.io.cloud.ovh.net/videos/1728143455_أتفاعل الدرس 6 ص 32  كتاب التمارين سنة الثانية ‐ Réalisée avec Clipchamp.mp4', 33, NULL, 271, 6, '2024-10-05 13:50:58', '2024-10-05 13:50:58', NULL, 1316, 0, 0, NULL, 'APPROVED', 0.00),
(324, NULL, 'https://videos-abajim-1.s3.de.io.cloud.ovh.net/videos/1728143616_إصلاح تمرين أتفاعل ص 35 من كتاب التمارين للسنة الثانية ‐ Réalisée avec Clipchamp.mp4', 36, NULL, 291, 6, '2024-10-05 13:53:38', '2024-10-05 13:53:38', NULL, 1316, 0, 0, NULL, 'APPROVED', 0.00),
(325, NULL, 'https://videos-abajim-1.s3.de.io.cloud.ovh.net/videos/1728143733_كتاب الرياضيات الفترة 5 السؤال 4 ص 143 الجزء 1 ‐ Réalisée avec Clipchamp.mp4', 143, NULL, 273, 12, '2024-10-05 13:55:35', '2024-10-05 13:55:35', NULL, 1318, 0, 0, NULL, 'APPROVED', 0.00),
(326, NULL, 'https://videos-abajim-1.s3.de.io.cloud.ovh.net/videos/1728143745_إصلاح تمرين أتحرر ص 36 من كتاب التمارين للسنة الثانية ‐ Réalisée avec Clipchamp.mp4', 37, NULL, 302, 6, '2024-10-05 13:55:48', '2024-10-05 13:55:48', NULL, 1316, 0, 0, NULL, 'APPROVED', 0.00),
(327, NULL, 'https://videos-abajim-1.s3.de.io.cloud.ovh.net/videos/1728143810_إصلاح تمرين أتفكر ص 35 من كتاب التمارين للسنة الثانية ‐ Réalisée avec Clipchamp.mp4', 36, NULL, 292, 6, '2024-10-05 13:56:55', '2024-10-05 13:56:55', NULL, 1316, 0, 0, NULL, 'APPROVED', 0.00),
(328, NULL, 'https://videos-abajim-1.s3.de.io.cloud.ovh.net/videos/1728143881_إصلاح تمرين أتفاعل ص 37 من كتاب التمارين للسنة الثانية ‐ Réalisée avec Clipchamp.mp4', 38, NULL, 311, 6, '2024-10-05 13:58:05', '2024-10-05 13:58:05', NULL, 1316, 0, 0, NULL, 'APPROVED', 0.00),
(329, NULL, 'https://videos-abajim-1.s3.de.io.cloud.ovh.net/videos/1728144002_إصلاح تمرين أتحرر ص 38 من كتاب التمارين للسنة الثانية ‐ Réalisée avec Clipchamp.mp4', 39, NULL, 322, 6, '2024-10-05 14:00:10', '2024-10-05 14:00:10', NULL, 1316, 0, 0, NULL, 'APPROVED', 0.00),
(330, NULL, 'https://videos-abajim-1.s3.de.io.cloud.ovh.net/videos/1728144006_إصلاح تمرين أتفكر ص 38 من كتاب التمارين للسنة الثانية ‐ Réalisée avec Clipchamp.mp4', 39, NULL, 321, 6, '2024-10-05 14:00:15', '2024-10-05 14:00:15', NULL, 1316, 0, 0, NULL, 'APPROVED', 0.00),
(332, NULL, 'https://videos-abajim-1.s3.de.io.cloud.ovh.net/videos/1728212769_أتعهد ‐ خصائص الهواء ص 33.mp4', 33, NULL, 58, 36, '2024-10-06 09:06:13', '2024-10-29 17:21:09', NULL, 1411, 0, 7, NULL, 'APPROVED', 1.55),
(333, NULL, 'https://videos-abajim-1.s3.de.io.cloud.ovh.net/videos/1728213614_أستنتج ‐ خصائص الهواء ص 36.mp4', 36, NULL, 62, 36, '2024-10-06 09:20:16', '2024-10-06 09:20:16', NULL, 1411, 0, 0, NULL, 'APPROVED', 0.00),
(334, NULL, 'https://videos-abajim-1.s3.de.io.cloud.ovh.net/videos/1728213706_أطبق ‐ خصائص الهواء ص 36.mp4', 36, NULL, 63, 36, '2024-10-06 09:21:51', '2024-11-15 03:12:05', NULL, 1411, 0, 0, NULL, 'APPROVED', 3.39),
(335, NULL, 'https://videos-abajim-1.s3.de.io.cloud.ovh.net/videos/1728213850_أفترض ‐ خصائص الهواء ص 33.mp4', 33, NULL, 60, 36, '2024-10-06 09:24:12', '2024-10-06 09:24:12', NULL, 1411, 0, 0, NULL, 'APPROVED', 0.00),
(336, NULL, 'https://videos-abajim-1.s3.de.io.cloud.ovh.net/videos/1728214008_أقيم ‐ خصائص الهواء ص 37.mp4', 37, NULL, 64, 36, '2024-10-06 09:26:55', '2024-10-06 09:26:55', NULL, 1411, 0, 0, NULL, 'APPROVED', 0.00),
(337, NULL, 'https://videos-abajim-1.s3.de.io.cloud.ovh.net/videos/1728214035_ألاحظ‐ خصائص الهواء ص 33.mp4', 33, NULL, 59, 36, '2024-10-06 09:27:24', '2024-10-15 10:20:03', NULL, 1411, 0, 1, NULL, 'APPROVED', 0.00),
(338, NULL, 'https://videos-abajim-1.s3.de.io.cloud.ovh.net/videos/1728214210_الدرس 1  الهواء ضروري  أجرب و أتثبت ص 31.mp4', 31, NULL, 52, 36, '2024-10-06 09:30:15', '2024-10-12 08:11:05', NULL, 1411, 0, 2, NULL, 'APPROVED', 0.00),
(339, NULL, 'https://videos-abajim-1.s3.de.io.cloud.ovh.net/videos/1728214619_الدرس 1  الهواء ضروري  أستنتح ص 31.mp4', 31, NULL, 53, 36, '2024-10-06 09:37:05', '2024-10-06 09:37:05', NULL, 1411, 0, 0, NULL, 'APPROVED', 0.00),
(340, NULL, 'https://videos-abajim-1.s3.de.io.cloud.ovh.net/videos/1728214622_الدرس 1  الهواء ضروري  أفترض ص 30.mp4', 30, NULL, 51, 36, '2024-10-06 09:37:06', '2024-10-06 09:37:06', NULL, 1411, 0, 0, NULL, 'APPROVED', 0.00),
(341, NULL, 'https://videos-abajim-1.s3.de.io.cloud.ovh.net/videos/1728214644_الدرس 1  الهواء ضروري  أطبق و أوظف ص 31.mp4', 31, NULL, 54, 36, '2024-10-06 09:37:28', '2024-11-07 08:53:30', NULL, 1411, 0, 0, NULL, 'APPROVED', 5.97),
(346, NULL, 'https://videos-abajim-1.s3.de.io.cloud.ovh.net/videos/1728235287_Ex1 module 1 page 4 français 6 eme année ‐ Réalisée avec Clipchamp.mp4', 4, NULL, 1, 32, '2024-10-06 15:21:30', '2024-10-28 07:26:17', NULL, 1396, 0, 2, NULL, 'APPROVED', 0.36),
(347, NULL, 'https://videos-abajim-1.s3.de.io.cloud.ovh.net/videos/1728235382_Ex 2 module 1 page 4 français 6 eme année ‐ Réalisée avec Clipchamp.mp4', 4, NULL, 1, 32, '2024-10-06 15:23:04', '2024-10-16 15:04:27', NULL, 1396, 0, 1, NULL, 'APPROVED', 0.00),
(348, NULL, 'https://videos-abajim-1.s3.de.io.cloud.ovh.net/videos/1728235429_Ex 3 module 1 page 4 français 6 eme année ‐ Réalisée avec Clipchamp.mp4', 4, NULL, 1, 32, '2024-10-06 15:23:52', '2024-10-16 15:04:32', NULL, 1396, 0, 1, NULL, 'APPROVED', 0.00),
(349, NULL, 'https://videos-abajim-1.s3.de.io.cloud.ovh.net/videos/1728235557_Ex 4 module 1 page 5 français 6 eme année ‐ Réalisée avec Clipchamp.mp4', 5, NULL, 2, 32, '2024-10-06 15:25:59', '2024-10-06 15:25:59', NULL, 1396, 0, 0, NULL, 'APPROVED', 0.00),
(350, NULL, 'https://videos-abajim-1.s3.de.io.cloud.ovh.net/videos/1728235733_Ex 3 module 1 page 6 français 6 eme année ‐ Réalisée avec Clipchamp ‐ Réalisée avec Clipchamp.mp4', 6, NULL, 101, 32, '2024-10-06 15:28:54', '2024-10-06 15:28:54', NULL, 1396, 0, 0, NULL, 'APPROVED', 0.00),
(351, NULL, 'https://videos-abajim-1.s3.de.io.cloud.ovh.net/videos/1728235866_Ex 4 module 1 page 6 français 6 eme année ‐ Réalisée avec Clipchamp.mp4', 6, NULL, 101, 32, '2024-10-06 15:31:09', '2024-10-06 15:31:09', NULL, 1396, 0, 0, NULL, 'APPROVED', 0.00),
(352, NULL, 'https://videos-abajim-1.s3.de.io.cloud.ovh.net/videos/1728236157_Ex 1 module 1 page 7 français 6 eme année ‐ Réalisée avec Clipchamp ‐ Réalisée avec Clipchamp.mp4', 7, NULL, 4, 32, '2024-10-06 15:36:00', '2024-10-06 15:36:00', NULL, 1396, 0, 0, NULL, 'APPROVED', 0.00),
(353, NULL, 'https://videos-abajim-1.s3.de.io.cloud.ovh.net/videos/1728236218_Ex 2 module 1 page 7 français 6 eme année ‐ Réalisée avec Clipchamp.mp4', 7, NULL, 4, 32, '2024-10-06 15:37:01', '2024-10-06 15:37:01', NULL, 1396, 0, 0, NULL, 'APPROVED', 0.00),
(354, NULL, 'https://videos-abajim-1.s3.de.io.cloud.ovh.net/videos/1728236327_Ex 3 module 1 page 7 français 6 eme année ‐ Réalisée avec Clipchamp.mp4', 7, NULL, 5, 32, '2024-10-06 15:38:52', '2024-10-06 15:38:52', NULL, 1396, 0, 0, NULL, 'APPROVED', 0.00),
(355, NULL, 'https://videos-abajim-1.s3.de.io.cloud.ovh.net/videos/1728236476_Ex 1 module 1 page 7 français 6 eme année ‐ Réalisée avec Clipchamp ‐ Réalisée avec Clipchamp.mp4', 9, NULL, 6, 32, '2024-10-06 15:41:22', '2024-10-06 15:41:22', NULL, 1396, 0, 0, NULL, 'APPROVED', 0.00),
(356, NULL, 'https://videos-abajim-1.s3.de.io.cloud.ovh.net/videos/1728236610_Ex 2 module 1 page 7 français 6 eme année ‐ Réalisée avec Clipchamp.mp4', 9, NULL, 6, 32, '2024-10-06 15:43:34', '2024-10-06 15:43:34', NULL, 1396, 0, 0, NULL, 'APPROVED', 0.00),
(357, NULL, 'https://videos-abajim-1.s3.de.io.cloud.ovh.net/videos/1728236692_ex 3 module 1 page 10 français 6 eme année ‐ Réalisée avec Clipchamp.mp4', 10, NULL, 7, 32, '2024-10-06 15:44:55', '2024-10-06 15:44:55', NULL, 1396, 0, 0, NULL, 'APPROVED', 0.00),
(358, NULL, 'https://videos-abajim-1.s3.de.io.cloud.ovh.net/videos/1728236861_Ex 1 module 1 page 11 français 6 eme année ‐ Réalisée avec Clipchamp.mp4', 11, NULL, 8, 32, '2024-10-06 15:47:44', '2024-10-26 14:57:05', NULL, 1396, 0, 0, NULL, 'APPROVED', 4.61),
(359, NULL, 'https://videos-abajim-1.s3.de.io.cloud.ovh.net/videos/1728236963_Ex 2 module 1 page 11 français 6 eme année ‐ Réalisée avec Clipchamp.mp4', 11, NULL, 8, 32, '2024-10-06 15:49:28', '2024-10-06 15:49:28', NULL, 1396, 0, 0, NULL, 'APPROVED', 0.00),
(360, NULL, 'https://videos-abajim-1.s3.de.io.cloud.ovh.net/videos/1728237832_ex 3 module 1 page 11 français 6 eme année ‐ Réalisée avec Clipchamp.mp4', 11, NULL, 8, 32, '2024-10-06 16:03:55', '2024-10-06 16:03:55', NULL, 1396, 0, 0, NULL, 'APPROVED', 0.00),
(361, NULL, 'https://videos-abajim-1.s3.de.io.cloud.ovh.net/videos/1728238599__Je produit_ module 1 page 17 français 6 eme année ‐ Réalisée avec Clipchamp.mp4', 17, NULL, 14, 32, '2024-10-06 16:16:45', '2024-10-06 16:16:45', NULL, 1396, 0, 0, NULL, 'APPROVED', 0.00),
(362, NULL, 'https://videos-abajim-1.s3.de.io.cloud.ovh.net/videos/1728238738_Ex 2 module 1 page 17 français 6 eme année ‐ Réalisée avec Clipchamp.mp4', 17, NULL, 13, 32, '2024-10-06 16:19:02', '2024-10-06 16:19:02', NULL, 1396, 0, 0, NULL, 'APPROVED', 0.00),
(363, NULL, 'https://videos-abajim-1.s3.de.io.cloud.ovh.net/videos/1728238838_Ex 1 module 1 page 17 français 6 eme année ‐ Réalisée avec Clipchamp.mp4', 17, NULL, 13, 32, '2024-10-06 16:20:42', '2024-10-06 16:20:42', NULL, 1396, 0, 0, NULL, 'APPROVED', 0.00),
(364, NULL, 'https://videos-abajim-1.s3.de.io.cloud.ovh.net/videos/1728289263_التمرين 1 بالصفحة 4  من كتاب الرياضيات للسنة5.mp4', 4, NULL, 1, 25, '2024-10-07 06:21:08', '2024-11-11 09:04:24', NULL, 1426, 0, 2, NULL, 'APPROVED', 1.71),
(365, NULL, 'https://videos-abajim-1.s3.de.io.cloud.ovh.net/videos/1728289555_تمرين 2 ص 4 من كتاب الرياضيات للسنة الخامسة ‐ Réalisée avec Clipchamp.mp4', 4, NULL, 1, 25, '2024-10-07 06:25:58', '2024-10-21 10:49:43', NULL, 1426, 0, 1, NULL, 'APPROVED', 0.00),
(367, NULL, 'https://videos-abajim-1.s3.de.io.cloud.ovh.net/videos/1728296901_التمرين أكتشف ص 5 مادة العربية السنة الثالثة ‐ Réalisée avec Clipchamp.mp4', 5, NULL, 50, 7, '2024-10-07 08:28:25', '2024-12-09 14:24:37', NULL, 1316, 0, 1, NULL, 'APPROVED', 4.74),
(368, NULL, 'https://videos-abajim-1.s3.de.io.cloud.ovh.net/videos/1728297051_التمرين أبدي رأي ص 6 مادة العربية السنة الثالثة ‐ Réalisée avec Clipchamp.mp4', 6, NULL, 52, 7, '2024-10-07 08:30:54', '2024-11-17 21:32:12', NULL, 1316, 0, 2, NULL, 'APPROVED', 0.33);
INSERT INTO `videos` (`id`, `titre`, `video`, `page`, `description`, `numero`, `manuel_id`, `created_at`, `updated_at`, `thumbnail`, `user_id`, `vues`, `likes`, `titleAll`, `status`, `total_minutes_watched`) VALUES
(369, NULL, 'https://videos-abajim-1.s3.de.io.cloud.ovh.net/videos/1728297054_التمرين أتفاعل مع النص ص 6 مادة العربية السنة الثالثة ‐ Réalisée avec Clipchamp.mp4', 6, NULL, 51, 7, '2024-10-07 08:30:58', '2024-12-13 18:44:57', NULL, 1316, 0, 0, NULL, 'APPROVED', 0.48),
(370, NULL, 'https://videos-abajim-1.s3.de.io.cloud.ovh.net/videos/1728297293_التمرين أكتشف ص 8 مادة العربية السنة الثالثة ‐ Réalisée avec Clipchamp.mp4', 8, NULL, 53, 7, '2024-10-07 08:34:58', '2024-11-02 20:02:39', NULL, 1316, 0, 0, NULL, 'APPROVED', 0.74),
(371, NULL, 'https://videos-abajim-1.s3.de.io.cloud.ovh.net/videos/1728297321_التمرين أبدي رأي ص 9 مادة العربية السنة الثالثة ‐ Réalisée avec Clipchamp.mp4', 9, NULL, 55, 7, '2024-10-07 08:35:23', '2024-10-07 08:35:23', NULL, 1316, 0, 0, NULL, 'APPROVED', 0.00),
(372, NULL, 'https://videos-abajim-1.s3.de.io.cloud.ovh.net/videos/1728297348_التمرين أتفاعل مع النص ص 9 مادة العربية السنة الثالثة ‐ Réalisée avec Clipchamp - Copy.mp4', 9, NULL, 54, 7, '2024-10-07 08:35:52', '2024-12-10 13:11:28', NULL, 1316, 0, 0, NULL, 'APPROVED', 1.27),
(373, NULL, 'https://videos-abajim-1.s3.de.io.cloud.ovh.net/videos/1728315469_التمرين 2 بالصفحة 8 من كتاب الرياضيات للسنة5.mp4', 8, NULL, 10, 25, '2024-10-07 13:37:53', '2024-10-07 13:37:53', NULL, 1426, 0, 0, NULL, 'APPROVED', 0.00),
(374, NULL, 'https://videos-abajim-1.s3.de.io.cloud.ovh.net/videos/1728316311_التمرين 5 بالصفحة 9 من كتاب الرياضيات للسنة5.mp4', 9, NULL, 11, 25, '2024-10-07 13:51:56', '2024-11-11 09:10:04', NULL, 1426, 0, 0, NULL, 'APPROVED', 0.32),
(377, NULL, 'https://videos-abajim-1.s3.de.io.cloud.ovh.net/videos/1728317957_التمرين أبدي رأي ص 12 مادة العربية السنة الثالثة ‐ Réalisée avec Clipchamp.mp4', 12, NULL, 58, 7, '2024-10-07 14:19:17', '2024-11-15 11:40:19', NULL, 1316, 0, 0, NULL, 'APPROVED', 0.89),
(378, NULL, 'https://videos-abajim-1.s3.de.io.cloud.ovh.net/videos/1728318090_التمرين أتفاعل مع النص ص 12 مادة العربية السنة الثالثة ‐ Réalisée avec Clipchamp.mp4', 12, NULL, 57, 7, '2024-10-07 14:21:35', '2024-11-15 11:36:14', NULL, 1316, 0, 0, NULL, 'APPROVED', 4.34),
(379, NULL, 'https://videos-abajim-1.s3.de.io.cloud.ovh.net/videos/1728318144_ينابيع القراءة الوحدة 1 أكتشف ص11 ‐ Réalisée avec Clipchamp.mp4', 11, NULL, 56, 7, '2024-10-07 14:22:30', '2024-11-06 12:27:55', NULL, 1316, 0, 0, NULL, 'APPROVED', 0.09),
(380, NULL, 'https://videos-abajim-1.s3.de.io.cloud.ovh.net/videos/1728318382_التمرين أكتشف ص 14 مادة العربية السنة الثالثة ‐ Réalisée avec Clipchamp.mp4', 14, NULL, 59, 7, '2024-10-07 14:26:25', '2024-10-07 14:26:25', NULL, 1316, 0, 0, NULL, 'APPROVED', 0.00),
(381, NULL, 'https://videos-abajim-1.s3.de.io.cloud.ovh.net/videos/1728318392_التمرين أبدي رأي ص 15 مادة العربية السنة الثالثة ‐ Réalisée avec Clipchamp.mp4', 15, NULL, 61, 7, '2024-10-07 14:26:35', '2024-11-08 12:32:32', NULL, 1316, 0, 0, NULL, 'APPROVED', 0.41),
(382, NULL, 'https://videos-abajim-1.s3.de.io.cloud.ovh.net/videos/1728318432_التمرين أتفاعل مع النص ص 15 مادة العربية السنة الثالثة ‐ Réalisée avec Clipchamp.mp4', 15, NULL, 60, 7, '2024-10-07 14:27:16', '2024-11-08 12:31:54', NULL, 1316, 0, 1, NULL, 'APPROVED', 4.98),
(383, NULL, 'https://videos-abajim-1.s3.de.io.cloud.ovh.net/videos/1728318651_التمرين أكتشف ص 17 مادة العربية السنة الثالثة ‐ Réalisée avec Clipchamp.mp4', 17, NULL, 62, 7, '2024-10-07 14:30:52', '2024-10-07 14:30:52', NULL, 1316, 0, 0, NULL, 'APPROVED', 0.00),
(384, NULL, 'https://videos-abajim-1.s3.de.io.cloud.ovh.net/videos/1728318671_التمرين أبدي رأي ص 17 مادة العربية السنة الثالثة ‐ Réalisée avec Clipchamp.mp4', 17, NULL, 64, 7, '2024-10-07 14:31:15', '2024-10-07 14:31:15', NULL, 1316, 0, 0, NULL, 'APPROVED', 0.00),
(385, NULL, 'https://videos-abajim-1.s3.de.io.cloud.ovh.net/videos/1728318732_التمرين أكتشف ص 19 مادة العربية السنة الثالثة ‐ Réalisée avec Clipchamp.mp4', 19, NULL, 65, 7, '2024-10-07 14:32:15', '2024-11-13 09:07:11', NULL, 1316, 0, 2, NULL, 'APPROVED', 6.98),
(386, NULL, 'https://videos-abajim-1.s3.de.io.cloud.ovh.net/videos/1728318804_التمرين أبدي رأي ص 20 مادة العربية السنة الثالثة ‐ Réalisée avec Clipchamp.mp4', 20, NULL, 67, 7, '2024-10-07 14:33:26', '2024-11-03 09:00:31', NULL, 1316, 0, 0, NULL, 'APPROVED', 0.31),
(387, NULL, 'https://videos-abajim-1.s3.de.io.cloud.ovh.net/videos/1728318816_التمرين أتفاعل مع النص ص 20 مادة العربية السنة الثالثة ‐ Réalisée avec Clipchamp.mp4', 20, NULL, 66, 7, '2024-10-07 14:33:39', '2024-11-13 09:14:53', NULL, 1316, 0, 1, NULL, 'APPROVED', 6.96),
(388, NULL, 'https://videos-abajim-1.s3.de.io.cloud.ovh.net/videos/1728318983_التمرين أبدي رأي ص 23 مادة العربية السنة الثالثة ‐ Réalisée avec Clipchamp.mp4', 23, NULL, 44, 7, '2024-10-07 14:36:24', '2024-10-07 14:36:24', NULL, 1316, 0, 0, NULL, 'APPROVED', 0.00),
(389, NULL, 'https://videos-abajim-1.s3.de.io.cloud.ovh.net/videos/1728318989_التمرين أكتشف ص 23 مادة العربية السنة الثالثة ‐ Réalisée avec Clipchamp.mp4', 23, NULL, 42, 7, '2024-10-07 14:36:32', '2024-10-07 14:36:32', NULL, 1316, 0, 0, NULL, 'APPROVED', 0.00),
(390, NULL, 'https://videos-abajim-1.s3.de.io.cloud.ovh.net/videos/1728319033_التمرين أكتشف ص 26 مادة العربية السنة الثالثة ‐ Réalisée avec Clipchamp.mp4', 26, NULL, 1, 7, '2024-10-07 14:37:14', '2024-10-07 14:37:14', NULL, 1316, 0, 0, NULL, 'APPROVED', 0.00),
(391, NULL, 'https://videos-abajim-1.s3.de.io.cloud.ovh.net/videos/1728319064_التمرين أبدي رأي ص 27 مادة العربية السنة الثالثة ‐ Réalisée avec Clipchamp.mp4', 27, NULL, 3, 7, '2024-10-07 14:37:45', '2024-11-12 16:47:06', NULL, 1316, 0, 0, NULL, 'APPROVED', 4.29),
(392, NULL, 'https://videos-abajim-1.s3.de.io.cloud.ovh.net/videos/1728319104_التمرين أتفاعل مع النص ص 26 -27 مادة العربية السنة الثالثة ‐ Réalisée avec Clipchamp (1).mp4', 26, NULL, 2, 7, '2024-10-07 14:38:26', '2024-11-12 16:54:30', NULL, 1316, 0, 0, NULL, 'APPROVED', 5.64),
(393, NULL, 'https://videos-abajim-1.s3.de.io.cloud.ovh.net/videos/1728319129_التمرين أتفاعل مع النص ص 23 مادة العربية السنة الثالثة ‐ Réalisée avec Clipchamp.mp4', 23, NULL, 43, 7, '2024-10-07 14:38:55', '2024-10-07 14:38:55', NULL, 1316, 0, 0, NULL, 'APPROVED', 0.00),
(394, NULL, 'https://videos-abajim-1.s3.de.io.cloud.ovh.net/videos/1728319232_التمرين أكتشف ص 30 مادة العربية السنة الثالثة ‐ Réalisée avec Clipchamp.mp4', 30, NULL, 4, 7, '2024-10-07 14:40:33', '2024-11-07 20:09:21', NULL, 1316, 0, 0, NULL, 'APPROVED', 0.74),
(395, NULL, 'https://videos-abajim-1.s3.de.io.cloud.ovh.net/videos/1728319273_التمرين أبدي رأي ص 30 مادة العربية السنة الثالثة ‐ Réalisée avec Clipchamp.mp4', 30, NULL, 6, 7, '2024-10-07 14:41:15', '2024-11-07 20:14:07', NULL, 1316, 0, 0, NULL, 'APPROVED', 0.05),
(396, NULL, 'https://videos-abajim-1.s3.de.io.cloud.ovh.net/videos/1728319289_التمرين أكتشف ص 32 مادة العربية السنة الثالثة ‐ Réalisée avec Clipchamp.mp4', 32, NULL, 7, 7, '2024-10-07 14:41:30', '2024-10-07 14:41:30', NULL, 1316, 0, 0, NULL, 'APPROVED', 0.00),
(397, NULL, 'https://videos-abajim-1.s3.de.io.cloud.ovh.net/videos/1728319321_التمرين أبدي رأي ص 32 مادة العربية السنة الثالثة ‐ Réalisée avec Clipchamp.mp4', 32, NULL, 9, 7, '2024-10-07 14:42:02', '2024-10-07 14:42:02', NULL, 1316, 0, 0, NULL, 'APPROVED', 0.00),
(398, NULL, 'https://videos-abajim-1.s3.de.io.cloud.ovh.net/videos/1728319323_التمرين أتفاعل مع النص ص 30 مادة العربية السنة الثالثة ‐ Réalisée avec Clipchamp.mp4', 30, NULL, 5, 7, '2024-10-07 14:42:08', '2024-11-07 20:12:40', NULL, 1316, 0, 0, NULL, 'APPROVED', 2.08),
(399, NULL, 'https://videos-abajim-1.s3.de.io.cloud.ovh.net/videos/1728319342_التمرين أتفاعل مع النص ص 32 مادة العربية السنة الثالثة ‐ Réalisée avec Clipchamp.mp4', 32, NULL, 8, 7, '2024-10-07 14:42:24', '2024-10-07 14:42:24', NULL, 1316, 0, 0, NULL, 'APPROVED', 0.00),
(400, NULL, 'https://videos-abajim-1.s3.de.io.cloud.ovh.net/videos/1728319698_التمرين أتفاعل مع النص ص 35 مادة العربية السنة الثالثة ‐ Réalisée avec Clipchamp.mp4', 35, NULL, 11, 7, '2024-10-07 14:48:21', '2024-10-07 14:48:21', NULL, 1316, 0, 0, NULL, 'APPROVED', 0.00),
(401, NULL, 'https://videos-abajim-1.s3.de.io.cloud.ovh.net/videos/1728319706_التمرين أبدي رأي ص 35 مادة العربية السنة الثالثة ‐ Réalisée avec Clipchamp.mp4', 35, NULL, 12, 7, '2024-10-07 14:48:28', '2024-10-07 14:48:28', NULL, 1316, 0, 0, NULL, 'APPROVED', 0.00),
(402, NULL, 'https://videos-abajim-1.s3.de.io.cloud.ovh.net/videos/1728319743_التمرين أكتشف ص 38 مادة العربية السنة الثالثة ‐ Réalisée avec Clipchamp.mp4', 38, NULL, 13, 7, '2024-10-07 14:49:04', '2024-10-07 14:49:04', NULL, 1316, 0, 0, NULL, 'APPROVED', 0.00),
(405, NULL, 'https://videos-abajim-1.s3.de.io.cloud.ovh.net/videos/1728319814_التمرين أكتشف ص 40 مادة العربية السنة الثالثة ‐ Réalisée avec Clipchamp.mp4', 40, NULL, 16, 7, '2024-10-07 14:50:15', '2024-10-07 14:50:15', NULL, 1316, 0, 0, NULL, 'APPROVED', 0.00),
(406, NULL, 'https://videos-abajim-1.s3.de.io.cloud.ovh.net/videos/1728319816_التمرين أبدي رأي ص 38 مادة العربية السنة الثالثة ‐ Réalisée avec Clipchamp.mp4', 38, NULL, 15, 7, '2024-10-07 14:50:18', '2024-10-07 14:50:18', NULL, 1316, 0, 0, NULL, 'APPROVED', 0.00),
(407, NULL, 'https://videos-abajim-1.s3.de.io.cloud.ovh.net/videos/1728319861_التمرين أبدي رأي ص 40 مادة العربية السنة الثالثة ‐ Réalisée avec Clipchamp.mp4', 40, NULL, 18, 7, '2024-10-07 14:51:03', '2024-10-07 14:51:03', NULL, 1316, 0, 0, NULL, 'APPROVED', 0.00),
(408, NULL, 'https://videos-abajim-1.s3.de.io.cloud.ovh.net/videos/1728319905_التمرين أتفاعل مع النص ص 38 مادة العربية السنة الثالثة ‐ Réalisée avec Clipchamp.mp4', 38, NULL, 14, 7, '2024-10-07 14:51:49', '2024-10-07 14:51:49', NULL, 1316, 0, 0, NULL, 'APPROVED', 0.00),
(409, NULL, 'https://videos-abajim-1.s3.de.io.cloud.ovh.net/videos/1728319929_التمرين أتفاعل مع النص ص 40 مادة العربية السنة الثالثة ‐ Réalisée avec Clipchamp.mp4', 40, NULL, 17, 7, '2024-10-07 14:52:13', '2024-10-07 14:52:13', NULL, 1316, 0, 0, NULL, 'APPROVED', 0.00),
(410, NULL, 'https://videos-abajim-1.s3.de.io.cloud.ovh.net/videos/1728319959_التمرين أكتشف ص 42 مادة العربية السنة الثالثة ‐ Réalisée avec Clipchamp.mp4', 42, NULL, 19, 7, '2024-10-07 14:52:40', '2024-10-07 14:52:40', NULL, 1316, 0, 0, NULL, 'APPROVED', 0.00),
(411, NULL, 'https://videos-abajim-1.s3.de.io.cloud.ovh.net/videos/1728319980_التمرين أبدي رأي ص 42 مادة العربية السنة الثالثة ‐ Réalisée avec Clipchamp.mp4', 42, NULL, 21, 7, '2024-10-07 14:53:01', '2024-10-07 14:53:01', NULL, 1316, 0, 0, NULL, 'APPROVED', 0.00),
(412, NULL, 'https://videos-abajim-1.s3.de.io.cloud.ovh.net/videos/1728319997_التمرين أتفاعل مع النص ص 42 مادة العربية السنة الثالثة ‐ Réalisée avec Clipchamp.mp4', 42, NULL, 20, 7, '2024-10-07 14:53:20', '2024-10-07 14:53:20', NULL, 1316, 0, 0, NULL, 'APPROVED', 0.00),
(414, NULL, 'https://videos-abajim-1.s3.de.io.cloud.ovh.net/videos/1728320871_إصلاح تمرين أكتشف و أفهم الصفحة 4  من نص نشأة صداقة بكتاب دوروب الحوار بالسنة الرابعة ‐ Réalisée avec Clipchamp.mp4', 4, NULL, 2, 18, '2024-10-07 15:07:56', '2024-11-24 13:52:42', NULL, 1316, 0, 1, NULL, 'APPROVED', 7.24),
(415, NULL, 'https://videos-abajim-1.s3.de.io.cloud.ovh.net/videos/1728321036_إصلاح تمرين أكتشف و أفهم بالصفحة 7  من نص النحلة العاملة بكتاب دوروب الحوار بالسنة الرابعة ‐ Réalisée avec Clipchamp.mp4', 7, NULL, 7, 18, '2024-10-07 15:10:40', '2024-11-09 10:08:21', NULL, 1316, 0, 0, '00000000qsx', 'APPROVED', 0.09),
(416, NULL, 'https://videos-abajim-1.s3.de.io.cloud.ovh.net/videos/1728321055_إصلاح تمرين أكتشف و أفهم بالصفحة 10  من قصيدة نشيد النحل بكتاب دوروب الحوار بالسنة الرابعة ‐ Réalisée avec Clipchamp.mp4', 10, NULL, 12, 18, '2024-10-07 15:10:58', '2024-11-09 10:09:52', NULL, 1316, 0, 0, '22222111111111111111111111', 'APPROVED', 0.00),
(417, NULL, 'https://videos-abajim-1.s3.de.io.cloud.ovh.net/videos/1728321727_إصلاح تمرين أكتشف و أفهم بالصفحة 16 من نص وحانت الساعة بكتاب دوروب الحوار بالسنة الرابعة ‐ Réalisée avec Clipchamp (1).mp4', 16, NULL, 22, 18, '2024-10-07 15:22:12', '2024-10-07 15:22:12', NULL, 1316, 0, 0, NULL, 'APPROVED', 0.00),
(418, NULL, 'https://videos-abajim-1.s3.de.io.cloud.ovh.net/videos/1728321765_إصلاح تمرين أكتشف و أفهم بالصفحة 13 من نص مفاجأة الأب بكتاب دوروب الحوار بالسنة الرابعة ‐ Réalisée avec Clipchamp.mp4', 13, NULL, 17, 18, '2024-10-07 15:22:50', '2024-10-07 15:22:50', NULL, 1316, 0, 0, NULL, 'APPROVED', 0.00),
(419, NULL, 'https://videos-abajim-1.s3.de.io.cloud.ovh.net/videos/1728321857_إصلاح تمرين أعمق فهمي 19 من نص لا أحب أن أحياء دون عمل بكتاب دوروب الحوار بالسنة الرابعة ‐ Réalisée avec Clipchamp.mp4', 19, NULL, 27, 18, '2024-10-07 15:24:24', '2024-10-07 15:24:24', NULL, 1316, 0, 0, NULL, 'APPROVED', 0.00),
(420, NULL, 'https://videos-abajim-1.s3.de.io.cloud.ovh.net/videos/1728321853_إصلاح تمرين أعمق فهمي بالصفحة 13 من نص مفاجأة الأب بكتاب دوروب الحوار بالسنة الرابعة ‐ Réalisée avec Clipchamp.mp4', 13, NULL, 18, 18, '2024-10-07 15:24:24', '2024-10-07 15:24:24', NULL, 1316, 0, 0, NULL, 'APPROVED', 0.00),
(421, NULL, 'https://videos-abajim-1.s3.de.io.cloud.ovh.net/videos/1728321861_إصلاح تمرين أكتشف و أفهم 19 من نص لا أحب أن أحياء دون عمل بكتاب دوروب الحوار بالسنة الرابعة ‐ Réalisée avec Clipchamp (1).mp4', 19, NULL, 26, 18, '2024-10-07 15:24:28', '2024-10-07 15:24:28', NULL, 1316, 0, 0, NULL, 'APPROVED', 0.00),
(422, NULL, 'https://videos-abajim-1.s3.de.io.cloud.ovh.net/videos/1728323422_إصلاح تمرين ألاحظ و أستنتج بالصفحة 6 من درس الفاعل مفردة بكتاب أدوات التواصل السنة الرابعة ‐ Réalisée avec Clipchamp.mp4', 6, NULL, 8, 19, '2024-10-07 15:50:27', '2024-11-11 09:09:41', NULL, 1316, 0, 1, NULL, 'APPROVED', 1.05),
(423, NULL, 'https://videos-abajim-1.s3.de.io.cloud.ovh.net/videos/1728324533_اصلاح التمرين 7 ص 21 من كتاب سنة 5 رياضيات ‐ Réalisée avec Clipchamp.mp4', 21, NULL, 28, 25, '2024-10-07 16:08:59', '2024-11-11 09:17:17', NULL, 1426, 0, 0, NULL, 'APPROVED', 0.09),
(424, NULL, 'https://videos-abajim-1.s3.de.io.cloud.ovh.net/videos/1728325193_إصلاح تمرين ألا و أستنتج بالصفحة 4 من درس الجملة الفعلية الفاعل بكتاب أدوات التواصل السنة الرابعة ‐ Réalisée avec Clipchamp.mp4', 4, NULL, 5, 19, '2024-10-07 16:19:59', '2024-11-22 15:24:40', NULL, 1316, 0, 0, 'gthythy', 'APPROVED', 0.00),
(425, NULL, 'https://videos-abajim-1.s3.de.io.cloud.ovh.net/videos/1728326000_إصلاح تمارين النص ص 9 من كتاب القراءة للسنة الثانية ‐ Réalisée avec Clipchamp.mp4', 10, NULL, 3, 5, '2024-10-07 16:33:23', '2024-12-20 21:45:23', NULL, 1316, 0, 1, NULL, 'APPROVED', 1.98),
(426, NULL, 'https://videos-abajim-1.s3.de.io.cloud.ovh.net/videos/1728326080_إصلاح تمارين النص ص 11 من كتاب القراءة للسنة الثانية ‐ Réalisée avec Clipchamp.mp4', 12, NULL, 4, 5, '2024-10-07 16:34:44', '2024-10-18 13:15:44', NULL, 1316, 0, 0, NULL, 'APPROVED', 0.34),
(427, NULL, 'https://videos-abajim-1.s3.de.io.cloud.ovh.net/videos/1728326082_إصلاح تمارين النص ص 7 من كتاب القراءة للسنة الثانية ‐ Réalisée avec Clipchamp.mp4', 8, NULL, 2, 5, '2024-10-07 16:34:47', '2024-10-07 16:34:47', NULL, 1316, 0, 0, NULL, 'APPROVED', 0.00),
(428, NULL, 'https://videos-abajim-1.s3.de.io.cloud.ovh.net/videos/1728326080_إصلاح تمارين النص ص 16 من كتاب القراءة للسنة الثانية ‐ Réalisée avec Clipchamp.mp4', 17, NULL, 7, 5, '2024-10-07 16:34:48', '2024-10-07 16:34:48', NULL, 1316, 0, 0, NULL, 'APPROVED', 0.00),
(429, NULL, 'https://videos-abajim-1.s3.de.io.cloud.ovh.net/videos/1728326085_إصلاح تمارين النص ص 5 من كتاب القراءة للسنة الثانية ‐ Réalisée avec Clipchamp.mp4', 6, NULL, 1, 5, '2024-10-07 16:34:49', '2024-10-07 16:34:49', NULL, 1316, 0, 0, NULL, 'APPROVED', 0.00),
(430, NULL, 'https://videos-abajim-1.s3.de.io.cloud.ovh.net/videos/1728326101_إصلاح تمارين النص ص 13 من كتاب القراءة للسنة الثانية ‐ Réalisée avec Clipchamp.mp4', 14, NULL, 5, 5, '2024-10-07 16:35:05', '2024-10-07 16:35:05', NULL, 1316, 0, 0, NULL, 'APPROVED', 0.00),
(431, NULL, 'https://videos-abajim-1.s3.de.io.cloud.ovh.net/videos/1728326122_إصلاح تمارين النص ص 15 من كتاب القراءة للسنة الثانية ‐ Réalisée avec Clipchamp.mp4', 16, NULL, 6, 5, '2024-10-07 16:35:27', '2024-10-07 16:35:27', NULL, 1316, 0, 0, NULL, 'APPROVED', 0.00),
(432, NULL, 'https://videos-abajim-1.s3.de.io.cloud.ovh.net/videos/1728326409_إصلاح تمارين النص ص 18 من كتاب القراءة للسنة الثانية ‐ Réalisée avec Clipchamp.mp4', 19, NULL, 8, 5, '2024-10-07 16:40:15', '2024-10-07 16:40:15', NULL, 1316, 0, 0, NULL, 'APPROVED', 0.00),
(433, NULL, 'https://videos-abajim-1.s3.de.io.cloud.ovh.net/videos/1728326534_إصلاح تمارين النص ص 20 من كتاب القراءة للسنة الثانية ‐ Réalisée avec Clipchamp.mp4', 21, NULL, 9, 5, '2024-10-07 16:42:19', '2024-10-07 16:42:19', NULL, 1316, 0, 0, NULL, 'APPROVED', 0.00),
(434, NULL, 'https://videos-abajim-1.s3.de.io.cloud.ovh.net/videos/1728326709_إصلاح تمارين النص ص 26 من كتاب القراءة للسنة الثانية ‐ Réalisée avec Clipchamp.mp4', 27, NULL, 12, 5, '2024-10-07 16:45:12', '2024-10-07 16:45:12', NULL, 1316, 0, 0, NULL, 'APPROVED', 0.00),
(435, NULL, 'https://videos-abajim-1.s3.de.io.cloud.ovh.net/videos/1728326728_إصلاح تمارين النص ص 22 من كتاب القراءة للسنة الثانية ‐ Réalisée avec Clipchamp.mp4', 23, NULL, 10, 5, '2024-10-07 16:45:32', '2024-10-07 16:45:32', NULL, 1316, 0, 0, NULL, 'APPROVED', 0.00),
(436, NULL, 'https://videos-abajim-1.s3.de.io.cloud.ovh.net/videos/1728326743_إصلاح تمارين النص ص 29 من كتاب القراءة للسنة الثانية ‐ Réalisée avec Clipchamp.mp4', 30, NULL, 14, 5, '2024-10-07 16:45:45', '2024-10-07 16:45:45', NULL, 1316, 0, 0, NULL, 'APPROVED', 0.00),
(437, NULL, 'https://videos-abajim-1.s3.de.io.cloud.ovh.net/videos/1728326798_إصلاح تمارين النص ص 24 من كتاب القراءة للسنة الثانية ‐ Réalisée avec Clipchamp.mp4', 25, NULL, 11, 5, '2024-10-07 16:46:42', '2024-10-07 16:46:42', NULL, 1316, 0, 0, NULL, 'APPROVED', 0.00),
(438, NULL, 'https://videos-abajim-1.s3.de.io.cloud.ovh.net/videos/1728326813_إصلاح تمارين النص ص 28 من كتاب القراءة للسنة الثانية ‐ Réalisée avec Clipchamp.mp4', 29, NULL, 13, 5, '2024-10-07 16:47:00', '2024-10-07 16:47:00', NULL, 1316, 0, 0, NULL, 'APPROVED', 0.00),
(439, NULL, 'https://videos-abajim-1.s3.de.io.cloud.ovh.net/videos/1728326847_إصلاح تمارين النص ص 31 من كتاب القراءة للسنة الثانية ‐ Réalisée avec Clipchamp.mp4', 32, NULL, 15, 5, '2024-10-07 16:47:33', '2024-10-28 07:40:07', NULL, 1316, 0, 0, NULL, 'APPROVED', 0.59),
(440, NULL, 'https://videos-abajim-1.s3.de.io.cloud.ovh.net/videos/1728327248_إصلاح تمرين أقيم مكتسباتي ص 8 من كتاب الإيقاض العلمي للسنة الرابعة ‐ Réalisée avec Clipchamp.mp4', 8, NULL, 8, 15, '2024-10-07 16:54:14', '2024-10-28 10:15:03', NULL, 1665, 0, 0, NULL, 'APPROVED', 0.05),
(441, NULL, 'https://videos-abajim-1.s3.de.io.cloud.ovh.net/videos/1728327579_إصلاح تمرين أبحث ص 9 من كتاب الإيقاض العلمي للسنة الرابعة ‐ Réalisée avec Clipchamp.mp4', 9, NULL, 10, 15, '2024-10-07 16:59:44', '2024-10-19 07:35:45', NULL, 1665, 0, 0, NULL, 'APPROVED', 0.59),
(442, NULL, 'https://videos-abajim-1.s3.de.io.cloud.ovh.net/videos/1728327785_إصلاح تمرين الإشكالية ص 9 من كتاب الإيقاض العلمي للسنة الرابعة ‐ Réalisée avec Clipchamp.mp4', 9, NULL, 11, 15, '2024-10-07 17:03:08', '2024-10-19 07:38:53', NULL, 1665, 0, 0, NULL, 'APPROVED', 0.22),
(443, NULL, 'https://videos-abajim-1.s3.de.io.cloud.ovh.net/videos/1728328015_إصلاح تمرين أتثبت ص 9 من كتاب الإيقاض العلمي للسنة الرابعة ‐ Réalisée avec Clipchamp.mp4', 9, NULL, 13, 15, '2024-10-07 17:06:59', '2024-10-07 17:06:59', NULL, 1665, 0, 0, NULL, 'APPROVED', 0.00),
(444, NULL, 'https://videos-abajim-1.s3.de.io.cloud.ovh.net/videos/1728328574_إصلاح تمرين أطبق ص 10 من كتاب الإيقاض العلمي للسنة الرابعة ‐ Réalisée avec Clipchamp.mp4', 10, NULL, 14, 15, '2024-10-07 17:16:19', '2024-11-18 17:51:30', NULL, 1665, 0, 0, NULL, 'APPROVED', 0.08),
(445, NULL, 'https://videos-abajim-1.s3.de.io.cloud.ovh.net/videos/1728329160_إصلاح تمرين أعلم ص 10 من كتاب الإيقاض العلمي للسنة الرابعة ‐ Réalisée avec Clipchamp.mp4', 10, NULL, 15, 15, '2024-10-07 17:26:04', '2024-11-18 17:50:27', NULL, 1665, 0, 0, NULL, 'APPROVED', 0.09),
(446, NULL, 'https://videos-abajim-1.s3.de.io.cloud.ovh.net/videos/1728329668_إصلاح تمرين تعلمت ص 11 من كتاب الإيقاض العلمي للسنة الرابعة ‐ Réalisée avec Clipchamp.mp4', 11, NULL, 16, 15, '2024-10-07 17:34:33', '2024-10-07 17:34:33', NULL, 1665, 0, 0, NULL, 'APPROVED', 0.00),
(447, NULL, 'https://videos-abajim-1.s3.de.io.cloud.ovh.net/videos/1728329784_إصلاح تمرين أقيم مكتسباتي ص 11 من كتاب الإيقاض العلمي للسنة الرابعة ‐ Réalisée avec Clipchamp.mp4', 11, NULL, 17, 15, '2024-10-07 17:36:27', '2024-11-18 17:48:39', NULL, 1665, 0, 0, NULL, 'APPROVED', 0.08),
(448, NULL, 'https://videos-abajim-1.s3.de.io.cloud.ovh.net/videos/1728329851_إصلاح تمرين أسئلة للتوسع ص 11 من كتاب الإيقاض العلمي للسنة الرابعة ‐ Réalisée avec Clipchamp.mp4', 11, NULL, 18, 15, '2024-10-07 17:37:35', '2024-10-07 17:37:35', NULL, 1665, 0, 0, NULL, 'APPROVED', 0.00),
(450, NULL, 'https://videos-abajim-1.s3.de.io.cloud.ovh.net/videos/1728332720_إصلاح تمرين أبحث ص 12 من كتاب الإيقاض العلمي للسنة الرابعة ‐ Réalisée avec Clipchamp.mp4', 12, NULL, 19, 15, '2024-10-07 18:25:26', '2024-11-18 17:33:21', NULL, 1665, 0, 1, NULL, 'APPROVED', 2.54),
(451, NULL, 'https://videos-abajim-1.s3.de.io.cloud.ovh.net/videos/1728333117_إصلاح تمرين الإشكالية ص 12 من كتاب الإيقاض العلمي للسنة الرابعة ‐ Réalisée avec Clipchamp.mp4', 12, NULL, 20, 15, '2024-10-07 18:32:00', '2024-11-18 17:45:35', NULL, 1665, 0, 0, NULL, 'APPROVED', 0.56),
(452, NULL, 'https://videos-abajim-1.s3.de.io.cloud.ovh.net/videos/1728333274_إصلاح تمرين أتثبت ص 12 من كتاب الإيقاض العلمي للسنة الرابعة ‐ Réalisée avec Clipchamp.mp4', 12, NULL, 22, 15, '2024-10-07 18:34:41', '2024-11-18 17:46:25', NULL, 1665, 0, 0, NULL, 'APPROVED', 0.08),
(453, NULL, 'https://videos-abajim-1.s3.de.io.cloud.ovh.net/videos/1728335357_إصلاح تمرين أعلم ص 14 من كتاب الإيقاض العلمي للسنة الرابعة ‐ Réalisée avec Clipchamp.mp4', 14, NULL, 24, 15, '2024-10-07 19:09:22', '2024-10-19 07:39:18', NULL, 1665, 0, 0, NULL, 'APPROVED', 1.07),
(454, NULL, 'https://videos-abajim-1.s3.de.io.cloud.ovh.net/videos/1728335527_إصلاح تمرين تعلمت ص 14 من كتاب الإيقاض العلمي للسنة الرابعة ‐ Réalisée avec Clipchamp.mp4', 14, NULL, 25, 15, '2024-10-07 19:12:12', '2024-10-07 19:12:12', NULL, 1665, 0, 0, NULL, 'APPROVED', 0.00),
(455, NULL, 'https://videos-abajim-1.s3.de.io.cloud.ovh.net/videos/1728335623_إصلاح تمرين أقيم مكتسباتي ص 15 من كتاب الإيقاض العلمي للسنة الرابعة ‐ Réalisée avec Clipchamp.mp4', 15, NULL, 26, 15, '2024-10-07 19:13:48', '2024-10-07 19:13:48', NULL, 1665, 0, 0, NULL, 'APPROVED', 0.00),
(456, NULL, 'https://videos-abajim-1.s3.de.io.cloud.ovh.net/videos/1728335889_إصلاح تمرين أسئلة للتوسع ص 15 من كتاب الإيقاض العلمي للسنة الرابعة ‐ Réalisée avec Clipchamp.mp4', 15, NULL, 27, 15, '2024-10-07 19:18:17', '2024-10-07 19:18:17', NULL, 1665, 0, 0, NULL, 'APPROVED', 0.00),
(463, NULL, 'https://videos-abajim-1.s3.de.io.cloud.ovh.net/videos/1728382513_إصلاح تمرين ألاحظ وأستنتج بالصفحة 15 من درس المفعول به مفردة من كتاب أدوات التواصل السنة الرابعة ‐ Réalisée avec Clipchamp.mp4', 15, NULL, 23, 19, '2024-10-08 08:15:22', '2024-10-08 08:15:22', NULL, 1316, 0, 0, NULL, 'APPROVED', 0.00),
(472, NULL, 'https://videos-abajim-1.s3.de.io.cloud.ovh.net/videos/1728721480_إصلاح تمرين أستكشف ص 4 من كتاب الرياضيات للسنة الأولى ‐ Réalisée avec Clipchamp.mp4', 5, NULL, 11, 3, '2024-10-12 06:24:43', '2024-11-28 13:24:40', NULL, 1666, 0, 1, 'إصلاح تمرين أستكشف ص 4 من كتاب الرياضيات للسنة الأولى', 'APPROVED', 4.15),
(473, NULL, 'https://videos-abajim-1.s3.de.io.cloud.ovh.net/videos/1728721591_إصلاح تمرين أوظف ص 6 من كتاب الرياضيات للسنة الأولى ‐ Réalisée avec Clipchamp.mp4', 7, NULL, 21, 3, '2024-10-12 06:26:34', '2024-11-26 08:18:39', NULL, 1666, 0, 1, 'إصلاح تمرين أوظف ص 6 من كتاب الرياضيات', 'APPROVED', 0.22),
(474, NULL, 'https://videos-abajim-1.s3.de.io.cloud.ovh.net/videos/1728723026_إصلاح تمرين أستكشف ص 7 من كتاب الرياضيات للسنة الأولى ‐ Réalisée avec Clipchamp.mp4', 8, NULL, 31, 3, '2024-10-12 06:50:28', '2024-11-21 16:34:09', NULL, 1666, 0, 0, 'إصلاح تمرين أستكشف ص 7 من كتاب الرياضيات للسنة الأولى ‐ Réalisée avec Clipchamp.mp4', 'APPROVED', 0.37),
(475, NULL, 'https://videos-abajim-1.s3.de.io.cloud.ovh.net/videos/1728723172_إصلاح تمرين أتدرب ص 7 من كتاب الرياضيات للسنة الأولى ‐ Réalisée avec Clipchamp.mp4', 8, NULL, 32, 3, '2024-10-12 06:52:55', '2024-10-29 16:28:05', NULL, 1666, 0, 0, 'إصلاح تمرين أتدرب ص 7 من كتاب الرياضيات للسنة الأولى ‐ Réalisée avec Clipchamp.mp4', 'APPROVED', 0.10),
(476, NULL, 'https://videos-abajim-1.s3.de.io.cloud.ovh.net/videos/1728723194_إصلاح تمرين أستكشف ص 9 من كتاب الرياضيات للسنة الأولى ‐ Réalisée avec Clipchamp.mp4', 10, NULL, 51, 3, '2024-10-12 06:53:18', '2024-11-15 07:12:03', NULL, 1666, 0, 0, 'إصلاح تمرين أستكشف ص 9 من كتاب الرياضيات للسنة الأولى', 'APPROVED', 0.27),
(477, NULL, 'https://videos-abajim-1.s3.de.io.cloud.ovh.net/videos/1728723240_إصلاح تمرين أقيم ص 10 من كتاب الرياضيات للسنة الأولى ‐ Réalisée avec Clipchamp.mp4', 11, NULL, 62, 3, '2024-10-12 06:54:03', '2024-10-12 06:54:03', NULL, 1666, 0, 0, 'إصلاح تمرين أقيم ص 10 من كتاب الرياضيات للسنة الأولى ‐ Réalisée avec Clipchamp.mp4', 'APPROVED', 0.00),
(478, NULL, 'https://videos-abajim-1.s3.de.io.cloud.ovh.net/videos/1728723247_إصلاح تمرين أقيم ص 8 من كتاب الرياضيات للسنة الأولى ‐ Réalisée avec Clipchamp.mp4', 9, NULL, 42, 3, '2024-10-12 06:54:10', '2024-10-28 11:55:00', NULL, 1666, 0, 0, 'إصلاح تمرين أقيم ص 8 من كتاب الرياضيات للسنة الأولى', 'APPROVED', 0.36),
(479, NULL, 'https://videos-abajim-1.s3.de.io.cloud.ovh.net/videos/1728723277_إصلاح تمرين أوظف ص 10 من كتاب الرياضيات للسنة الأولى ‐ Réalisée avec Clipchamp.mp4', 11, NULL, 61, 3, '2024-10-12 06:54:40', '2024-10-29 14:39:46', NULL, 1666, 0, 0, 'إصلاح تمرين أوظف ص 10 من كتاب الرياضيات للسنة الأولى ‐ Réalisée avec Clipchamp.mp4', 'APPROVED', 3.02),
(480, NULL, 'https://videos-abajim-1.s3.de.io.cloud.ovh.net/videos/1728724020_إصلاح تمرين أوظف ص 13 من كتاب الرياضيات للسنة الأولى ‐ Réalisée avec Clipchamp.mp4', 14, NULL, 91, 3, '2024-10-12 07:07:03', '2024-10-12 07:07:03', NULL, 1666, 0, 0, 'إصلاح تمرين أوظف ص 13 من كتاب الرياضيات للسنة الأولى ‐ Réalisée avec Clipchamp.mp4', 'APPROVED', 0.00),
(481, NULL, 'https://videos-abajim-1.s3.de.io.cloud.ovh.net/videos/1728724037_إصلاح تمرين أستكشف ص 14 من كتاب الرياضيات للسنة الأولى ‐ Réalisée avec Clipchamp.mp4', 15, NULL, 101, 3, '2024-10-12 07:07:20', '2024-10-12 07:07:20', NULL, 1666, 0, 0, 'إصلاح تمرين أستكشف ص 14 من كتاب الرياضيات للسنة الأولى ‐ Réalisée avec Clipchamp.mp4', 'APPROVED', 0.00),
(482, NULL, 'https://videos-abajim-1.s3.de.io.cloud.ovh.net/videos/1728724172_إصلاح تمرين أتدرب ص 14 من كتاب الرياضيات للسنة الأولى ‐ Réalisée avec Clipchamp.mp4', 15, NULL, 102, 3, '2024-10-12 07:09:35', '2024-10-12 07:09:35', NULL, 1666, 0, 0, 'إصلاح تمرين أتدرب ص 14 من كتاب الرياضيات للسنة الأولى ‐ Réalisée avec Clipchamp.mp4', 'APPROVED', 0.00),
(483, NULL, 'https://videos-abajim-1.s3.de.io.cloud.ovh.net/videos/1728725120_إصلاح تمرين أوظف ص 19 من كتاب الرياضيات للسنة الأولى ‐ Réalisée avec Clipchamp.mp4', 20, NULL, 131, 3, '2024-10-12 07:25:23', '2024-10-12 07:25:23', NULL, 1666, 0, 0, 'إصلاح تمرين أوظف ص 19 من كتاب الرياضيات للسنة الأولى ‐ Réalisée avec Clipchamp.mp4', 'APPROVED', 0.00),
(484, NULL, 'https://videos-abajim-1.s3.de.io.cloud.ovh.net/videos/1728725145_إصلاح تمرين أقيم ص 19 من كتاب الرياضيات للسنة الأولى ‐ Réalisée avec Clipchamp.mp4', 20, NULL, 132, 3, '2024-10-12 07:25:48', '2024-10-12 07:25:48', NULL, 1666, 0, 0, 'إصلاح تمرين أقيم ص 19 من كتاب الرياضيات للسنة الأولى ‐ Réalisée avec Clipchamp.mp4', 'APPROVED', 0.00),
(485, NULL, 'https://videos-abajim-1.s3.de.io.cloud.ovh.net/videos/1728725263_إصلاح تمرين أتدرب ص 17 من كتاب الرياضيات للسنة الأولى ‐ Réalisée avec Clipchamp.mp4', 18, NULL, 122, 3, '2024-10-12 07:27:45', '2024-10-19 08:39:35', NULL, 1666, 0, 0, 'إصلاح تمرين أتدرب ص 17 من كتاب الرياضيات للسنة الأولى ‐ Réalisée avec Clipchamp.mp4', 'APPROVED', 0.01),
(486, NULL, 'https://videos-abajim-1.s3.de.io.cloud.ovh.net/videos/1728725321_إصلاح تمرين أقيم ص 22 من كتاب الرياضيات للسنة الأولى ‐ Réalisée avec Clipchamp.mp4', 23, NULL, 16, 3, '2024-10-12 07:28:43', '2024-10-12 07:28:43', NULL, 1666, 0, 0, 'إصلاح تمرين أقيم ص 22 من كتاب الرياضيات للسنة الأولى ‐ Réalisée avec Clipchamp.mp4', 'APPROVED', 0.00),
(487, NULL, 'https://videos-abajim-1.s3.de.io.cloud.ovh.net/videos/1728727360_إصلاح تمرين أقيم ص 25 من كتاب الرياضيات للسنة الأولى ‐ Réalisée avec Clipchamp.mp4', 26, NULL, 19, 3, '2024-10-12 08:02:43', '2024-11-21 09:56:12', NULL, 1666, 0, 0, 'إصلاح تمرين أقيم ص 25 من كتاب الرياضيات للسنة الأولى ‐ Réalisée avec Clipchamp.mp4', 'APPROVED', 2.33),
(488, NULL, 'https://videos-abajim-1.s3.de.io.cloud.ovh.net/videos/1728727370_إصلاح تمرين أستكشف ص 23 من كتاب الرياضيات للسنة الأولى ‐ Réalisée avec Clipchamp.mp4', 24, NULL, 171, 3, '2024-10-12 08:02:53', '2024-10-12 08:02:53', NULL, 1666, 0, 0, 'إصلاح تمرين أستكشف ص 23 من كتاب الرياضيات للسنة الأولى ‐ Réalisée avec Clipchamp.mp4', 'APPROVED', 0.00),
(489, NULL, 'https://videos-abajim-1.s3.de.io.cloud.ovh.net/videos/1728727943_إصلاح تمرين أستكشف ص 26 من كتاب الرياضيات للسنة الأولى ‐ Réalisée avec Clipchamp.mp4', 27, NULL, 201, 3, '2024-10-12 08:12:25', '2024-10-12 08:12:25', NULL, 1666, 0, 0, 'إصلاح تمرين أستكشف ص 26 من كتاب الرياضيات للسنة الأولى ‐ Réalisée avec Clipchamp.mp4', 'APPROVED', 0.00),
(490, NULL, 'https://videos-abajim-1.s3.de.io.cloud.ovh.net/videos/1728728062_إصلاح تمرين أقيم ص 28 من كتاب الرياضيات للسنة الأولى ‐ Réalisée avec Clipchamp.mp4', 29, NULL, 22, 3, '2024-10-12 08:14:25', '2024-11-15 07:19:15', NULL, 1666, 0, 0, 'إصلاح تمرين أقيم ص 28 من كتاب الرياضيات للسنة الأولى ‐ Réalisée avec Clipchamp.mp4', 'APPROVED', 2.92),
(491, NULL, 'https://videos-abajim-1.s3.de.io.cloud.ovh.net/videos/1728728872_إصلاح تمرين أوظف ص 30 من كتاب الرياضيات للسنة الأولى ‐ Réalisée avec Clipchamp.mp4', 31, NULL, 24, 3, '2024-10-12 08:27:54', '2024-10-12 08:27:54', NULL, 1666, 0, 0, 'إصلاح تمرين أوظف ص 30 من كتاب الرياضيات للسنة الأولى ‐ Réalisée avec Clipchamp.mp4', 'APPROVED', 0.00),
(492, NULL, 'https://videos-abajim-1.s3.de.io.cloud.ovh.net/videos/1728728886_إصلاح تمرين أستكشف ص 29 من كتاب الرياضيات للسنة الأولى ‐ Réalisée avec Clipchamp.mp4', 30, NULL, 231, 3, '2024-10-12 08:28:09', '2024-10-12 08:28:09', NULL, 1666, 0, 0, 'إصلاح تمرين أستكشف ص 29 من كتاب الرياضيات للسنة الأولى ‐ Réalisée avec Clipchamp.mp4', 'APPROVED', 0.00),
(493, NULL, 'https://videos-abajim-1.s3.de.io.cloud.ovh.net/videos/1728728950_إصلاح تمرين أقيم ص 31 من كتاب الرياضيات للسنة الأولى ‐ Réalisée avec Clipchamp.mp4', 32, NULL, 25, 3, '2024-10-12 08:29:14', '2024-10-12 08:29:14', NULL, 1666, 0, 0, 'إصلاح تمرين أقيم ص 31 من كتاب الرياضيات للسنة الأولى ‐ Réalisée avec Clipchamp.mp4', 'APPROVED', 0.00),
(495, NULL, 'https://videos-abajim-1.s3.de.io.cloud.ovh.net/videos/1728984860_إصلاح أقيم مكتسباتي ص 4 من كتاب الرياضيات للسنة السادسة ‐ Réalisée avec Clipchamp.mp4', 4, NULL, 2, 29, '2024-10-15 07:34:26', '2024-12-16 09:57:32', NULL, 1530, 0, 1, 'إصلاح أقيم مكتسباتي ص 4 من كتاب الرياضيات للسنة السادسة ‐ Réalisée avec Clipchamp.mp4', 'APPROVED', 1.98),
(498, NULL, 'https://videos-abajim-1.s3.de.io.cloud.ovh.net/videos/1728986210_التمرين 5 بالصفحة 11من كتاب الرياضيات للسنة6.mp4', 10, NULL, 9, 29, '2024-10-15 07:56:55', '2024-11-29 09:03:32', NULL, 1530, 0, 0, 'التمرين 5 بالصفحة 11من كتاب الرياضيات للسنة6.mp4', 'APPROVED', 0.84),
(499, NULL, 'https://videos-abajim-1.s3.de.io.cloud.ovh.net/videos/1728987215_أتعهد مكتسباني ص 17 رياضيات س6 ‐ Réalisée avec Clipchamp.mp4', 16, NULL, 15, 29, '2024-10-15 08:13:40', '2024-11-09 09:12:27', NULL, 1530, 0, 2, 'أتعهد مكتسباني ص 17 رياضيات س6 ‐ Réalisée avec Clipchamp.mp4', 'APPROVED', 5.53),
(500, NULL, 'https://videos-abajim-1.s3.de.io.cloud.ovh.net/videos/1728988312_التمرين4 بالصفحة 25من كتاب الرياضيات للسنة6.mp4', 24, NULL, 26, 29, '2024-10-15 08:31:59', '2024-10-15 08:31:59', NULL, 1530, 0, 0, 'التمرين4 بالصفحة 25من كتاب الرياضيات للسنة6.mp4', 'APPROVED', 0.00),
(530, NULL, 'https://videos-abajim-1.s3.de.io.cloud.ovh.net/videos/1729095907_Ex 1 module 2 page 20 français 6 eme année ‐ Réalisée avec Clipchamp.mp4', 20, NULL, 17, 32, '2024-10-16 14:25:11', '2024-10-16 14:25:11', NULL, 1396, 0, 0, 'Ex 1 module 2 page 20 français 6 eme année ‐ Réalisée avec Clipchamp.mp4', 'APPROVED', 0.00),
(532, NULL, 'https://videos-abajim-1.s3.de.io.cloud.ovh.net/videos/1729096014_je m\'entraine ex1 module 2 page 21 français 6 eme année ‐ Réalisée avec Clipchamp.mp4', 21, NULL, 18, 32, '2024-10-16 14:26:57', '2024-10-16 14:26:57', NULL, 1396, 0, 0, 'je m\'entraine ex1 module 2 page 21 français 6 eme année ‐ Réalisée avec Clipchamp.mp4', 'APPROVED', 0.00),
(534, NULL, 'https://videos-abajim-1.s3.de.io.cloud.ovh.net/videos/1729096058_je produit module 2 page 21 français 6 eme année ‐ Réalisée avec Clipchamp.mp4', 21, NULL, 19, 32, '2024-10-16 14:27:42', '2024-10-16 14:27:42', NULL, 1396, 0, 0, 'je produit module 2 page 21 français 6 eme année ‐ Réalisée avec Clipchamp.mp4', 'APPROVED', 0.00),
(535, NULL, 'https://videos-abajim-1.s3.de.io.cloud.ovh.net/videos/1729096086_Ex 2 module 2 page 20 français 6 eme année ‐ Réalisée avec Clipchamp.mp4', 20, NULL, 17, 32, '2024-10-16 14:28:10', '2024-10-16 14:28:10', NULL, 1396, 0, 0, 'Ex 2 module 2 page 20 français 6 eme année ‐ Réalisée avec Clipchamp.mp4', 'APPROVED', 0.00),
(536, NULL, 'https://videos-abajim-1.s3.de.io.cloud.ovh.net/videos/1729096232_Ex 3 module 2 page 20 français 6 eme année ‐ Réalisée avec Clipchamp.mp4', 20, NULL, 17, 32, '2024-10-16 14:30:35', '2024-10-16 14:30:35', NULL, 1396, 0, 0, 'Ex 3 module 2 page 20 français 6 eme année ‐ Réalisée avec Clipchamp.mp4', 'APPROVED', 0.00),
(537, NULL, 'https://videos-abajim-1.s3.de.io.cloud.ovh.net/videos/1729096276_Ex 3 module 2 page 21 français 6 eme année ‐ Réalisée avec Clipchamp.mp4', 21, NULL, 18, 32, '2024-10-16 14:31:21', '2024-10-16 14:31:21', NULL, 1396, 0, 0, 'Ex 3 module 2 page 21 français 6 eme année ‐ Réalisée avec Clipchamp.mp4', 'APPROVED', 0.00),
(538, NULL, 'https://videos-abajim-1.s3.de.io.cloud.ovh.net/videos/1729096611_Ex 1 module 2 page 22 français 6 eme année ‐ Réalisée avec Clipchamp.mp4', 22, NULL, 20, 32, '2024-10-16 14:36:57', '2024-10-16 14:36:57', NULL, 1396, 0, 0, 'Ex 1 module 2 page 22 français 6 eme année ‐ Réalisée avec Clipchamp.mp4', 'APPROVED', 0.00),
(539, NULL, 'https://videos-abajim-1.s3.de.io.cloud.ovh.net/videos/1729096735_Ex 2 module 2 page 22 français 6 eme année ‐ Réalisée avec Clipchamp.mp4', 22, NULL, 20, 32, '2024-10-16 14:39:00', '2024-10-16 14:39:00', NULL, 1396, 0, 0, 'Ex 2 module 2 page 22 français 6 eme année ‐ Réalisée avec Clipchamp.mp4', 'APPROVED', 0.00),
(540, NULL, 'https://videos-abajim-1.s3.de.io.cloud.ovh.net/videos/1729096768_Ex 3 module 2 page 22 français 6 eme année ‐ Réalisée avec Clipchamp.mp4', 22, NULL, 20, 32, '2024-10-16 14:39:36', '2024-10-16 14:39:36', NULL, 1396, 0, 0, 'Ex 3 module 2 page 22 français 6 eme année ‐ Réalisée avec Clipchamp.mp4', 'APPROVED', 0.00),
(542, NULL, 'https://videos-abajim-1.s3.de.io.cloud.ovh.net/videos/1729097289_Ex 1 module 2 page 24 français 6 eme année ‐ Réalisée avec Clipchamp.mp4', 24, NULL, 22, 32, '2024-10-16 14:48:14', '2024-10-16 15:04:51', NULL, 1396, 0, 1, 'Ex 1 module 2 page 24 français 6 eme année ‐ Réalisée avec Clipchamp.mp4', 'APPROVED', 0.00),
(543, NULL, 'https://videos-abajim-1.s3.de.io.cloud.ovh.net/videos/1729097313_Ex 2 module 2 page 24 français 6 eme année ‐ Réalisée avec Clipchamp.mp4', 24, NULL, 22, 32, '2024-10-16 14:48:36', '2024-10-16 14:48:36', NULL, 1396, 0, 0, 'Ex 2 module 2 page 24 français 6 eme année ‐ Réalisée avec Clipchamp.mp4', 'APPROVED', 0.00),
(544, NULL, 'https://videos-abajim-1.s3.de.io.cloud.ovh.net/videos/1729097405_Ex 3 module 2 page 25 français 6 eme année ‐ Réalisée avec Clipchamp.mp4', 25, NULL, 23, 32, '2024-10-16 14:50:12', '2024-10-16 14:50:12', NULL, 1396, 0, 0, 'Ex 3 module 2 page 25 français 6 eme année ‐ Réalisée avec Clipchamp.mp4', 'APPROVED', 0.00),
(545, NULL, 'https://videos-abajim-1.s3.de.io.cloud.ovh.net/videos/1729097447_Ex 3 module 2 page 24 français 6 eme année ‐ Réalisée avec Clipchamp.mp4', 24, NULL, 22, 32, '2024-10-16 14:50:52', '2024-10-16 14:50:52', NULL, 1396, 0, 0, 'Ex 3 module 2 page 24 français 6 eme année ‐ Réalisée avec Clipchamp.mp4', 'APPROVED', 0.00),
(546, NULL, 'https://videos-abajim-1.s3.de.io.cloud.ovh.net/videos/1729097458_Ex 2 module 2 page 25 français 6 eme année ‐ Réalisée avec Clipchamp.mp4', 25, NULL, 23, 32, '2024-10-16 14:51:03', '2024-10-16 14:51:03', NULL, 1396, 0, 0, 'Ex 2 module 2 page 25 français 6 eme année ‐ Réalisée avec Clipchamp.mp4', 'APPROVED', 0.00),
(547, NULL, 'https://videos-abajim-1.s3.de.io.cloud.ovh.net/videos/1729097465_je m\'entraine Ex 1 module 2 page 25 français 6 eme année ‐ Réalisée avec Clipchamp.mp4', 25, NULL, 23, 32, '2024-10-16 14:51:11', '2024-10-16 14:51:11', NULL, 1396, 0, 0, 'je m\'entraine Ex 1 module 2 page 25 français 6 eme année ‐ Réalisée avec Clipchamp.mp4', 'APPROVED', 0.00),
(558, NULL, 'https://videos-abajim-1.s3.de.io.cloud.ovh.net/videos/1729100166_التمرين 4 بالصفحة 7من كتاب الرياضيات للسنة الرابعة ‐ Réalisée avec Clipchamp.mp4', 7, NULL, 4, 13, '2024-10-16 15:36:09', '2024-11-16 14:00:42', NULL, 1318, 0, 1, 'التمرين 4 بالصفحة 7من كتاب الرياضيات للسنة الرابعة', 'APPROVED', 4.11),
(559, NULL, 'https://videos-abajim-1.s3.de.io.cloud.ovh.net/videos/1729100253_exercice 2 page 10 leçon 1 période 1 trimestre 1 4 éme math ‐ Réalisée avec Clipchamp.mp4', 10, NULL, 11, 13, '2024-10-16 15:37:35', '2024-10-17 09:09:05', NULL, 1318, 0, 0, 'exercice 2 page 10 leçon 1 période 1 trimestre 1 4 éme math', 'APPROVED', 0.00),
(560, NULL, 'https://videos-abajim-1.s3.de.io.cloud.ovh.net/videos/1729100277_التمرين 1 بالصفحة 6من كتاب الرياضيات للسنة الرابعة.mp4', 6, NULL, 1, 13, '2024-10-16 15:38:01', '2024-11-16 13:51:32', NULL, 1318, 0, 0, 'التمرين 1 بالصفحة 6من كتاب الرياضيات للسنة الرابعة.mp4', 'APPROVED', 1.22),
(562, NULL, 'https://videos-abajim-1.s3.de.io.cloud.ovh.net/videos/1729100443_exercice 4 page 11 leçon 2 période 1 trimestre 1 - 4 éme math ‐ Réalisée avec Clipchamp.mp4', 11, NULL, 13, 13, '2024-10-16 15:40:47', '2024-12-04 08:50:34', NULL, 1318, 0, 0, 'exercice 4 page 11 leçon 2 période 1 trimestre 1 - 4 éme math ‐ Réalisée avec Clipchamp.mp4', 'APPROVED', 1.60),
(563, NULL, 'https://videos-abajim-1.s3.de.io.cloud.ovh.net/videos/1729100474_التمرين 3 بالصفحة 6من كتاب الرياضيات للسنة الرابعة.mp4', 6, NULL, 3, 13, '2024-10-16 15:41:18', '2024-11-10 12:34:55', NULL, 1318, 0, 1, 'التمرين 3 بالصفحة 6من كتاب الرياضيات للسنة الرابعة.mp4', 'APPROVED', 1.51),
(564, NULL, 'https://videos-abajim-1.s3.de.io.cloud.ovh.net/videos/1729100490_التمرين 2 بالصفحة 6 من كتاب الرياضيات للسنة الرابعة.mp4', 6, NULL, 2, 13, '2024-10-16 15:41:35', '2024-10-16 15:41:35', NULL, 1318, 0, 0, 'التمرين 2 بالصفحة 6 من كتاب الرياضيات للسنة الرابعة.mp4', 'APPROVED', 0.00),
(565, NULL, 'https://videos-abajim-1.s3.de.io.cloud.ovh.net/videos/1729100500_exercice 1 page 10 leçon 2 période 1 trimestre 1 4 éme math ‐ Réalisée avec Clipchamp.mp4', 10, NULL, 10, 13, '2024-10-16 15:41:43', '2024-12-11 15:43:20', NULL, 1318, 0, 0, 'exercice 1 page 10 leçon 2 période 1 trimestre 1 4 éme math ‐ Réalisée avec Clipchamp.mp4', 'APPROVED', 0.02),
(568, NULL, 'https://videos-abajim-1.s3.de.io.cloud.ovh.net/videos/1729100549_التمرين 5 بالصفحة 7من كتاب الرياضيات للسنة الرابعة.mp4', 7, NULL, 5, 13, '2024-10-16 15:42:34', '2024-12-17 09:31:37', NULL, 1318, 0, 0, 'التمرين 5 بالصفحة 7من كتاب الرياضيات للسنة الرابعة', 'APPROVED', 0.34),
(569, NULL, 'https://videos-abajim-1.s3.de.io.cloud.ovh.net/videos/1729100721_exercice 3 page 10 leçon 2 période 1 trimestre 1 - 4 éme math ‐ Réalisée avec Clipchamp.mp4', 10, NULL, 12, 13, '2024-10-16 15:45:29', '2024-10-16 15:45:29', NULL, 1318, 0, 0, 'exercice 3 page 10 leçon 2 période 1 trimestre 1 - 4 éme math ‐ Réalisée avec Clipchamp.mp4', 'APPROVED', 0.00),
(570, NULL, 'https://videos-abajim-1.s3.de.io.cloud.ovh.net/videos/1729100769_التمرين 1 بالصفحة 8من كتاب الرياضيات للسنة الرابعة.mp4', 8, NULL, 6, 13, '2024-10-16 15:46:15', '2024-10-16 15:46:15', NULL, 1318, 0, 0, 'التمرين 1 بالصفحة 8من كتاب الرياضيات للسنة الرابعة.mp4', 'APPROVED', 0.00),
(571, NULL, 'https://videos-abajim-1.s3.de.io.cloud.ovh.net/videos/1729100833_exrcice 5 page 11 leçon 2 période 2 trimestre 4 éme année ‐ Réalisée avec Clipchamp.mp4', 11, NULL, 14, 13, '2024-10-16 15:47:18', '2024-10-16 15:47:18', NULL, 1318, 0, 0, 'exrcice 5 page 11 leçon 2 période 2 trimestre 4 éme année ‐ Réalisée avec Clipchamp.mp4', 'APPROVED', 0.00),
(623, NULL, 'https://videos-abajim-1.s3.de.io.cloud.ovh.net/videos/1729335749_إصلاح تمرين أتدرب-1- ص 32 من كتاب الرياضيات للسنة الأولى ‐ Réalisée avec Clipchamp.mp4', 33, NULL, 262, 3, '2024-10-19 09:02:33', '2024-11-20 18:29:08', NULL, 1666, 0, 0, 'إصلاح تمرين أتدرب-1- ص 32 من كتاب الرياضيات للسنة الأولى ‐ Réalisée avec Clipchamp.mp4', 'APPROVED', 1.21),
(624, NULL, 'https://videos-abajim-1.s3.de.io.cloud.ovh.net/videos/1729336232_إصلاح تمرين أتدرب-3- ص 32 من كتاب الرياضيات للسنة الأولى ‐ Réalisée avec Clipchamp.mp4', 33, NULL, 262, 3, '2024-10-19 09:10:36', '2024-10-19 09:10:36', NULL, 1666, 0, 0, 'إصلاح تمرين أتدرب-3- ص 32 من كتاب الرياضيات للسنة الأولى ‐ Réalisée avec Clipchamp.mp4', 'APPROVED', 0.00),
(625, NULL, 'https://videos-abajim-1.s3.de.io.cloud.ovh.net/videos/1729336455_إصلاح تمرين أوظف ص 33 من كتاب الرياضيات للسنة الأولى ‐ Réalisée avec Clipchamp.mp4', 34, NULL, 271, 3, '2024-10-19 09:14:22', '2024-10-19 09:14:22', NULL, 1666, 0, 0, 'إصلاح تمرين أوظف ص 33 من كتاب الرياضيات للسنة الأولى ‐ Réalisée avec Clipchamp.mp4', 'APPROVED', 0.00),
(626, NULL, 'https://videos-abajim-1.s3.de.io.cloud.ovh.net/videos/1729336548_إصلاح تمرين أقيم ص 33 من كتاب الرياضيات للسنة الأولى ‐ Réalisée avec Clipchamp.mp4', 34, NULL, 272, 3, '2024-10-19 09:15:52', '2024-11-20 19:16:11', NULL, 1666, 0, 0, 'إصلاح تمرين أقيم ص 33 من كتاب الرياضيات للسنة الأولى ‐ Réalisée avec Clipchamp.mp4', 'APPROVED', 1.38),
(627, NULL, 'https://videos-abajim-1.s3.de.io.cloud.ovh.net/videos/1729336857_إصلاح تمرين أستكشف ص 34 من كتاب الرياضيات للسنة الأولى ‐ Réalisée avec Clipchamp.mp4', 35, NULL, 281, 3, '2024-10-19 09:20:59', '2024-10-19 09:20:59', NULL, 1666, 0, 0, 'إصلاح تمرين أستكشف ص 34 من كتاب الرياضيات للسنة الأولى ‐ Réalisée avec Clipchamp.mp4', 'APPROVED', 0.00),
(628, NULL, 'https://videos-abajim-1.s3.de.io.cloud.ovh.net/videos/1729336920_إصلاح تمرين أتدرب ص 34 من كتاب الرياضيات للسنة الأولى ‐ Réalisée avec Clipchamp.mp4', 35, NULL, 282, 3, '2024-10-19 09:22:03', '2024-10-19 09:22:03', NULL, 1666, 0, 0, 'إصلاح تمرين أتدرب ص 34 من كتاب الرياضيات للسنة الأولى ‐ Réalisée avec Clipchamp.mp4', 'APPROVED', 0.00),
(629, NULL, 'https://videos-abajim-1.s3.de.io.cloud.ovh.net/videos/1729337430_إصلاح تمرين أقيم ص 35 من كتاب الرياضيات للسنة الأولى ‐ Réalisée avec Clipchamp.mp4', 36, NULL, 292, 3, '2024-10-19 09:30:33', '2024-10-19 09:30:33', NULL, 1666, 0, 0, 'إصلاح تمرين أقيم ص 35 من كتاب الرياضيات للسنة الأولى ‐ Réalisée avec Clipchamp.mp4', 'APPROVED', 0.00),
(630, NULL, 'https://videos-abajim-1.s3.de.io.cloud.ovh.net/videos/1729338029_إصلاح تمرين أتدرب-1- ص 37 من كتاب الرياضيات للسنة الأولى ‐ Réalisée avec Clipchamp.mp4', 38, NULL, 31, 3, '2024-10-19 09:40:34', '2024-10-19 09:42:50', NULL, 1666, 0, 0, 'إصلاح تمرين أتدرب-1- ص 37 من كتاب الرياضيات للسنة الأولى ‐ Réalisée avec Clipchamp.mp4', 'APPROVED', 0.06),
(631, NULL, 'https://videos-abajim-1.s3.de.io.cloud.ovh.net/videos/1729338134_إصلاح تمرين أتدرب-2- ص 37 من كتاب الرياضيات للسنة الأولى ‐ Réalisée avec Clipchamp.mp4', 38, NULL, 31, 3, '2024-10-19 09:42:20', '2024-10-19 09:42:20', NULL, 1666, 0, 0, 'إصلاح تمرين أتدرب-2- ص 37 من كتاب الرياضيات للسنة الأولى ‐ Réalisée avec Clipchamp.mp4', 'APPROVED', 0.00),
(632, NULL, 'https://videos-abajim-1.s3.de.io.cloud.ovh.net/videos/1729338254_إصلاح تمرين أتدرب-3- ص 37 من كتاب الرياضيات للسنة الأولى ‐ Réalisée avec Clipchamp.mp4', 38, NULL, 31, 3, '2024-10-19 09:44:17', '2024-10-19 09:44:17', NULL, 1666, 0, 0, 'إصلاح تمرين أتدرب-3- ص 37 من كتاب الرياضيات للسنة الأولى ‐ Réalisée avec Clipchamp.mp4', 'APPROVED', 0.00),
(633, NULL, 'https://videos-abajim-1.s3.de.io.cloud.ovh.net/videos/1729338422_إصلاح تمرين أوظف ص 38 من كتاب الرياضيات للسنة الأولى ‐ Réalisée avec Clipchamp.mp4', 39, NULL, 32, 3, '2024-10-19 09:47:12', '2024-10-19 09:47:12', NULL, 1666, 0, 0, 'إصلاح تمرين أوظف ص 38 من كتاب الرياضيات للسنة الأولى ‐ Réalisée avec Clipchamp.mp4', 'APPROVED', 0.00),
(634, NULL, 'https://videos-abajim-1.s3.de.io.cloud.ovh.net/videos/1729338535_إصلاح تمرين أقيم ص 39 من كتاب الرياضيات للسنة الأولى ‐ Réalisée avec Clipchamp.mp4', 40, NULL, 33, 3, '2024-10-19 09:49:02', '2024-10-19 09:49:02', NULL, 1666, 0, 0, 'إصلاح تمرين أقيم ص 39 من كتاب الرياضيات للسنة الأولى ‐ Réalisée avec Clipchamp.mp4', 'APPROVED', 0.00),
(635, NULL, 'https://videos-abajim-1.s3.de.io.cloud.ovh.net/videos/1729338671_إصلاح تمرين أستكشف ص 40 من كتاب الرياضيات للسنة الأولى ‐ Réalisée avec Clipchamp.mp4', 41, NULL, 341, 3, '2024-10-19 09:51:15', '2024-10-19 09:51:15', NULL, 1666, 0, 0, 'إصلاح تمرين أستكشف ص 40 من كتاب الرياضيات للسنة الأولى ‐ Réalisée avec Clipchamp.mp4', 'APPROVED', 0.00),
(636, NULL, 'https://videos-abajim-1.s3.de.io.cloud.ovh.net/videos/1729338715_إصلاح تمرين أتدرب-1- ص 40 من كتاب الرياضيات للسنة الأولى ‐ Réalisée avec Clipchamp.mp4', 41, NULL, 342, 3, '2024-10-19 09:51:58', '2024-10-19 09:51:58', NULL, 1666, 0, 0, 'إصلاح تمرين أتدرب-1- ص 40 من كتاب الرياضيات للسنة الأولى ‐ Réalisée avec Clipchamp.mp4', 'APPROVED', 0.00),
(637, NULL, 'https://videos-abajim-1.s3.de.io.cloud.ovh.net/videos/1729338786_إصلاح تمرين أتدرب-2- ص 40 من كتاب الرياضيات للسنة الأولى ‐ Réalisée avec Clipchamp.mp4', 41, NULL, 342, 3, '2024-10-19 09:53:13', '2024-10-19 09:53:13', NULL, 1666, 0, 0, 'إصلاح تمرين أتدرب-2- ص 40 من كتاب الرياضيات للسنة الأولى ‐ Réalisée avec Clipchamp.mp4', 'APPROVED', 0.00),
(638, NULL, 'https://videos-abajim-1.s3.de.io.cloud.ovh.net/videos/1729339349_إصلاح تمرين أقيم ص 42 من كتاب الرياضيات للسنة الأولى ‐ Réalisée avec Clipchamp.mp4', 43, NULL, 352, 3, '2024-10-19 10:02:37', '2024-10-19 10:02:37', NULL, 1666, 0, 0, 'إصلاح تمرين أقيم ص 42 من كتاب الرياضيات للسنة الأولى ‐ Réalisée avec Clipchamp.mp4', 'APPROVED', 0.00),
(639, NULL, 'https://videos-abajim-1.s3.de.io.cloud.ovh.net/videos/1729341695_أتدرب ص 4 من الدرس 1 من كتاب الرياضيات للسنة الثانية ‐ Réalisée avec Clipchamp.mp4', 5, NULL, 2, 4, '2024-10-19 10:41:42', '2024-12-19 09:25:57', NULL, 1665, 0, 0, 'أتدرب ص 4 من الدرس 1 من كتاب الرياضيات للسنة الثانية', 'APPROVED', 12.95),
(643, NULL, 'https://videos-abajim-1.s3.de.io.cloud.ovh.net/videos/1729347655_exercice  page 21 leçon 7 période 2 trimestre 1 - 3 éme math ‐ Réalisée avec Clipchamp.mp4', 21, NULL, 35, 12, '2024-10-19 12:21:01', '2024-10-28 09:39:01', NULL, 1318, 0, 0, 'exercice  page 21 leçon 7 période 2 trimestre 1 - 3 éme math ‐ Réalisée avec Clipchamp.mp4', 'APPROVED', 0.05),
(644, NULL, 'https://videos-abajim-1.s3.de.io.cloud.ovh.net/videos/1729347781_exercice 1 page 22 leçon 7 période 2 trimestre 1 - 3 éme math ‐ Réalisée avec Clipchamp.mp4', 22, NULL, 36, 12, '2024-10-19 12:23:05', '2024-10-19 12:23:05', NULL, 1318, 0, 0, 'exercice 1 page 22 leçon 7 période 2 trimestre 1 - 3 éme math ‐ Réalisée avec Clipchamp.mp4', 'APPROVED', 0.00),
(645, NULL, 'https://videos-abajim-1.s3.de.io.cloud.ovh.net/videos/1729347837_exercice 2 page 22 leçon 7 période 2 trimestre 1 - 3 éme math ‐ Réalisée avec Clipchamp.mp4', 22, NULL, 37, 12, '2024-10-19 12:24:01', '2024-10-19 12:24:01', NULL, 1318, 0, 0, 'exercice 2 page 22 leçon 7 période 2 trimestre 1 - 3 éme math ‐ Réalisée avec Clipchamp.mp4', 'APPROVED', 0.00),
(646, NULL, 'https://videos-abajim-1.s3.de.io.cloud.ovh.net/videos/1729347879_exercice 3 page 22 leçon 7 période 2 trimestre 1 - 3 éme math ‐ Réalisée avec Clipchamp.mp4', 22, NULL, 38, 12, '2024-10-19 12:24:44', '2024-10-19 12:24:44', NULL, 1318, 0, 0, 'exercice 3 page 22 leçon 7 période 2 trimestre 1 - 3 éme math ‐ Réalisée avec Clipchamp.mp4', 'APPROVED', 0.00),
(647, NULL, 'https://videos-abajim-1.s3.de.io.cloud.ovh.net/videos/1729347943_exercice 4 page 22 leçon 7 période 2 trimestre 1 - 3 éme math ‐ Réalisée avec Clipchamp.mp4', 22, NULL, 39, 12, '2024-10-19 12:25:46', '2024-12-03 17:43:06', NULL, 1318, 0, 0, 'exercice 4 page 22 leçon 7 période 2 trimestre 1 - 3 éme math ‐ Réalisée avec Clipchamp.mp4', 'APPROVED', 0.00),
(648, NULL, 'https://videos-abajim-1.s3.de.io.cloud.ovh.net/videos/1729348063_exercice 1 page 23 leçon 7 période 2 trimestre 1 - 3 éme math ‐ Réalisée avec Clipchamp.mp4', 23, NULL, 40, 12, '2024-10-19 12:27:47', '2024-10-19 12:27:47', NULL, 1318, 0, 0, 'exercice 1 page 23 leçon 7 période 2 trimestre 1 - 3 éme math ‐ Réalisée avec Clipchamp.mp4', 'APPROVED', 0.00),
(649, NULL, 'https://videos-abajim-1.s3.de.io.cloud.ovh.net/videos/1729348140_exercice 2 page 23 leçon 7 période 2 trimestre 1 - 3 éme math ‐ Réalisée avec Clipchamp.mp4', 23, NULL, 41, 12, '2024-10-19 12:29:05', '2024-10-19 12:29:05', NULL, 1318, 0, 0, 'exercice 2 page 23 leçon 7 période 2 trimestre 1 - 3 éme math ‐ Réalisée avec Clipchamp.mp4', 'APPROVED', 0.00),
(650, NULL, 'https://videos-abajim-1.s3.de.io.cloud.ovh.net/videos/1729348225_exercice page 24 leçon 2 trimestre 1 période 2 ‐ Réalisée avec Clipchamp.mp4', 24, NULL, 42, 12, '2024-10-19 12:30:31', '2024-11-25 13:22:24', NULL, 1318, 0, 0, 'exercice page 24 leçon 2 trimestre 1 période 2 ‐ Réalisée avec Clipchamp.mp4', 'APPROVED', 4.93),
(651, NULL, 'https://videos-abajim-1.s3.de.io.cloud.ovh.net/videos/1729348283_exercice 1 page 25  trimestre 1 periode 2 leçon 2 ‐ Réalisée avec Clipchamp.mp4', 25, NULL, 43, 12, '2024-10-19 12:31:27', '2024-10-19 12:31:27', NULL, 1318, 0, 0, 'exercice 1 page 25  trimestre 1 periode 2 leçon 2 ‐ Réalisée avec Clipchamp.mp4', 'APPROVED', 0.00),
(652, NULL, 'https://videos-abajim-1.s3.de.io.cloud.ovh.net/videos/1729348319_exercice 2 page 25 leçon 2 période 2 trimestre 1 ‐ Réalisée avec Clipchamp.mp4', 25, NULL, 44, 12, '2024-10-19 12:32:02', '2024-11-19 20:34:39', NULL, 1318, 0, 0, 'exercice 2 page 25 leçon 2 période 2 trimestre 1 ‐ Réalisée avec Clipchamp.mp4', 'APPROVED', 1.23),
(653, NULL, 'https://videos-abajim-1.s3.de.io.cloud.ovh.net/videos/1729348427_exercice 3 page 26 leçon 2 période 2 trimestre 1 ‐ Réalisée avec Clipchamp.mp4', 26, NULL, 45, 12, '2024-10-19 12:33:50', '2024-10-19 12:33:50', NULL, 1318, 0, 0, 'exercice 3 page 26 leçon 2 période 2 trimestre 1 ‐ Réalisée avec Clipchamp.mp4', 'APPROVED', 0.00);
INSERT INTO `videos` (`id`, `titre`, `video`, `page`, `description`, `numero`, `manuel_id`, `created_at`, `updated_at`, `thumbnail`, `user_id`, `vues`, `likes`, `titleAll`, `status`, `total_minutes_watched`) VALUES
(654, NULL, 'https://videos-abajim-1.s3.de.io.cloud.ovh.net/videos/1729348529_exercice 1 page 27  leçon 8 trimestre 2 periode2 ‐ Réalisée avec Clipchamp.mp4', 27, NULL, 46, 12, '2024-10-19 12:35:34', '2024-10-19 12:35:34', NULL, 1318, 0, 0, 'exercice 1 page 27  leçon 8 trimestre 2 periode2 ‐ Réalisée avec Clipchamp.mp4', 'APPROVED', 0.00),
(671, NULL, 'https://videos-abajim-1.s3.de.io.cloud.ovh.net/videos/1730188162_إصلاح التمرين عدد 1 ص 3 من كتاب التمارين السنة الأولى .MOV', 4, NULL, 1, 2, '2024-10-29 06:49:26', '2024-12-11 08:49:52', NULL, 1666, 0, 2, 'إصلاح التمرين عدد 1 ص 3 من كتاب التمارين السنة الأولى', 'APPROVED', 16.40),
(672, NULL, 'https://videos-abajim-1.s3.de.io.cloud.ovh.net/videos/1730188185_إصلاح التمرين عدد 2 ص 3 من كتاب التمارين السنة الأولى .MOV', 4, NULL, 1, 2, '2024-10-29 06:49:47', '2024-10-29 13:01:20', NULL, 1666, 0, 1, 'إصلاح التمرين عدد 2 ص 3 من كتاب التمارين السنة الأولى', 'APPROVED', 0.00),
(673, NULL, 'https://videos-abajim-1.s3.de.io.cloud.ovh.net/videos/1730188215_إصلاح التمرين عدد 3 ص 3 من كتاب التمارين السنة الأولى .MOV', 4, NULL, 1, 2, '2024-10-29 06:50:16', '2024-10-29 13:01:09', NULL, 1666, 0, 0, 'إصلاح التمرين عدد 3 ص 3 من كتاب التمارين السنة الأولى', 'APPROVED', 0.00),
(674, NULL, 'https://videos-abajim-1.s3.de.io.cloud.ovh.net/videos/1730188229_إصلاح التمرين عدد 4 ص 3 من كتاب التمارين السنة الأولى .MOV', 4, NULL, 1, 2, '2024-10-29 06:50:31', '2024-10-29 06:50:31', NULL, 1666, 0, 0, 'إصلاح التمرين عدد 4 ص 3 من كتاب التمارين السنة الأولى .MOV', 'APPROVED', 0.00),
(675, NULL, 'https://videos-abajim-1.s3.de.io.cloud.ovh.net/videos/1730188243_إصلاح التمرين عدد 5 ص 4 من كتاب التمارين السنة الأولى.MOV', 4, NULL, 1, 2, '2024-10-29 06:50:45', '2024-10-29 06:50:45', NULL, 1666, 0, 0, 'إصلاح التمرين عدد 5 ص 4 من كتاب التمارين السنة الأولى.MOV', 'APPROVED', 0.00),
(676, NULL, 'https://videos-abajim-1.s3.de.io.cloud.ovh.net/videos/1730188248_إصلاح التمرين عدد 6 ص 4 من كتاب التمارين السنة الأولى.MOV', 4, NULL, 1, 2, '2024-10-29 06:50:51', '2024-10-29 06:50:51', NULL, 1666, 0, 0, 'إصلاح التمرين عدد 6 ص 4 من كتاب التمارين السنة الأولى.MOV', 'APPROVED', 0.00),
(680, NULL, 'https://videos-abajim-1.s3.de.io.cloud.ovh.net/videos/1731151299_التمرين أتفكر ص 9 مادة العربية السنة الثانية ‐ Réalisée avec Clipchamp.mp4', 10, NULL, 52, 6, '2024-11-09 10:21:44', '2024-11-11 12:45:51', NULL, 1316, 0, 0, 'أتفكر ص 9 مادة العربية السنة الثانية', 'APPROVED', 0.00),
(682, NULL, 'https://videos-abajim-1.s3.de.io.cloud.ovh.net/videos/1731426927_Visionneuse 3D 2024-09-19 19-31-49.mp4', 9, NULL, 55, 7, '2024-11-12 14:55:28', '2024-11-12 14:55:28', NULL, 1316, 0, 0, 'Visionneuse 3D 2024-09-19 19-31-49.mp4', 'APPROVED', 0.00),
(697, NULL, 'https://videos-abajim-1.s3.de.io.cloud.ovh.net/videos/1732126514_Main.mp4', 11, NULL, 56, 7, '2024-11-20 17:15:14', '2024-11-20 17:15:14', NULL, 1316, 0, 0, 'Main.mp4', 'APPROVED', 0.00),
(698, NULL, 'https://videos-abajim-1.s3.de.io.cloud.ovh.net/videos/1732192594_Erreur du modification de la langue de l\'interface Enseignant .mp4', 29, NULL, 11, 2, '2024-11-21 11:36:37', '2024-11-21 11:36:37', NULL, 1954, 0, 0, 'Erreur du modification de la langue de l\'interface Enseignant .mp4', 'APPROVED', 0.00),
(699, NULL, 'https://videos-abajim-1.s3.de.io.cloud.ovh.net/videos/1732192642_Erreur du modification de la langue de l\'interface Enseignant .mp4', 29, NULL, 11, 2, '2024-11-21 11:37:23', '2024-11-21 11:37:23', NULL, 1954, 0, 0, 'Erreur du modification de la langue de l\'interface Enseignant .mp4', 'APPROVED', 0.00),
(702, NULL, 'https://videos-abajim-1.s3.de.io.cloud.ovh.net/videos/1732628381_1019 (1).mp4', 45, NULL, 79, 36, '2024-11-26 12:39:43', '2024-11-26 12:42:42', NULL, 2306, 0, 0, 'احتراق الشمعة.mp4', 'APPROVED', 0.00),
(703, NULL, 'https://videos-abajim-1.s3.de.io.cloud.ovh.net/videos/1732628889_1019 2.mp4', 45, NULL, 79, 36, '2024-11-26 12:48:12', '2024-11-26 12:48:34', NULL, 2306, 0, 0, 'الإحتراق.mp4', 'APPROVED', 0.00),
(704, NULL, 'https://videos-abajim-1.s3.de.io.cloud.ovh.net/videos/1732629445_1103.mp4', 50, NULL, 86, 36, '2024-11-26 12:57:29', '2024-11-26 12:59:01', NULL, 2306, 0, 0, 'التبادل الغازي بين الرئتين وهواء المحيط .mp4', 'APPROVED', 0.00),
(709, NULL, 'https://videos-abajim-1.s3.de.io.cloud.ovh.net/videos/1733050652_bandicam 2024-12-01 11-49-59-073.mp4', 4, NULL, 1, 27, '2024-12-01 09:57:34', '2024-12-01 09:57:34', NULL, 2582, 0, 0, 'bandicam 2024-12-01 11-49-59-073.mp4', 'APPROVED', 0.00),
(713, NULL, 'https://videos-abajim-1.s3.de.io.cloud.ovh.net/videos/1733056451_exercice 1 page 15 ‐ Réalisée avec Clipchamp.mp4', 4, NULL, 1, 32, '2024-12-01 11:34:13', '2024-12-01 11:34:13', NULL, 2588, 0, 0, 'exercice 1 page 15 ‐ Réalisée avec Clipchamp.mp4', 'APPROVED', 0.00),
(715, NULL, 'https://videos-abajim-1.s3.de.io.cloud.ovh.net/videos/1733327174_Erreur du modification de la langue de l\'interface Enseignant .mp4', 7, NULL, 1, 9, '2024-12-04 14:46:15', '2024-12-04 14:46:15', NULL, 1954, 0, 0, 'Erreur du modification de la langue de l\'interface Enseignant .mp4', 'APPROVED', 0.00),
(717, NULL, 'https://videos-abajim-1.s3.de.io.cloud.ovh.net/videos/1733410058_demo (2).mp4', 5, NULL, 1, 24, '2024-12-05 13:47:40', '2024-12-13 10:07:57', NULL, 1954, 0, 2, 'demo (2).mp4', 'APPROVED', 0.00),
(721, NULL, 'https://videos-abajim-1.s3.de.io.cloud.ovh.net/videos/1733488592_bandicam 2024-11-16 13-28-15-627.mp4', 3, NULL, 1, 35, '2024-12-06 11:36:36', '2024-12-06 11:39:22', NULL, 2624, 0, 1, 'bandicam 2024-11-16 13-28-15-627.mp4', 'APPROVED', 0.25),
(728, NULL, 'https://videos-abajim-1.s3.de.io.cloud.ovh.net/videos/1733598832_bandicam 2024-12-07 10-21-24-046.mp4', 8, NULL, 10, 25, '2024-12-07 18:13:54', '2024-12-07 18:13:54', NULL, 2625, 0, 0, 'bandicam 2024-12-07 10-21-24-046.mp4', 'APPROVED', 0.00),
(729, NULL, 'https://videos-abajim-1.s3.de.io.cloud.ovh.net/videos/1733603927_bandicam 2024-12-07 10-09-15-531.mp4', 4, NULL, 1, 25, '2024-12-07 19:38:53', '2024-12-07 19:38:53', NULL, 2625, 0, 0, 'bandicam 2024-12-07 10-09-15-531.mp4', 'APPROVED', 0.00),
(730, NULL, 'https://videos-abajim-1.s3.de.io.cloud.ovh.net/videos/1733604256_bandicam 2024-12-07 10-28-58-306.mp4', 8, NULL, 10, 25, '2024-12-07 19:44:18', '2024-12-07 19:44:18', NULL, 2625, 0, 0, 'bandicam 2024-12-07 10-28-58-306.mp4', 'APPROVED', 0.00),
(731, NULL, 'https://videos-abajim-1.s3.de.io.cloud.ovh.net/videos/1733604350_bandicam 2024-12-07 10-38-15-915.mp4', 8, NULL, 10, 25, '2024-12-07 19:45:51', '2024-12-07 19:45:51', NULL, 2625, 0, 0, 'bandicam 2024-12-07 10-38-15-915.mp4', 'APPROVED', 0.00),
(732, NULL, 'https://videos-abajim-1.s3.de.io.cloud.ovh.net/videos/1733604500_bandicam 2024-12-07 10-50-18-999.mp4', 7, NULL, 7, 25, '2024-12-07 19:48:24', '2024-12-07 19:48:24', NULL, 2625, 0, 0, 'bandicam 2024-12-07 10-50-18-999.mp4', 'APPROVED', 0.00),
(733, NULL, 'https://videos-abajim-1.s3.de.io.cloud.ovh.net/videos/1733605031_bandicam 2024-12-07 18-57-11-060.mp4', 5, NULL, 3, 25, '2024-12-07 19:57:14', '2024-12-07 19:57:14', NULL, 2625, 0, 0, 'bandicam 2024-12-07 18-57-11-060.mp4', 'APPROVED', 0.00),
(734, NULL, 'https://videos-abajim-1.s3.de.io.cloud.ovh.net/videos/1733605173_bandicam 2024-12-07 19-20-05-586.mp4', 5, NULL, 3, 25, '2024-12-07 19:59:35', '2024-12-07 19:59:35', NULL, 2625, 0, 0, 'bandicam 2024-12-07 19-20-05-586.mp4', 'APPROVED', 0.00),
(735, NULL, 'https://videos-abajim-1.s3.de.io.cloud.ovh.net/videos/1733608037_bandicam 2024-12-07 22-26-46-419.mp4', 8, NULL, 10, 25, '2024-12-07 20:47:20', '2024-12-07 20:47:20', NULL, 2625, 0, 0, 'bandicam 2024-12-07 22-26-46-419.mp4', 'APPROVED', 0.00),
(741, NULL, 'https://videos-abajim-1.s3.de.io.cloud.ovh.net/videos/1733760917_1000041303.mp4', 31, NULL, 1151, 5, '2024-12-09 15:15:19', '2024-12-09 18:58:13', NULL, 2596, 0, 0, 'نص \" الفحص الطبيّ\" ص30 و 31 من كتاب القراءة سنة ثانية', 'APPROVED', 0.00),
(745, NULL, 'https://videos-abajim-1.s3.de.io.cloud.ovh.net/videos/1733998387_1000015942.mp4', 12, NULL, 18, 4, '2024-12-12 09:13:10', '2024-12-12 12:21:05', NULL, 2613, 0, 0, 'الوضعية 1 صفحة 11', 'APPROVED', 0.00),
(747, NULL, 'https://videos-abajim-1.s3.de.io.cloud.ovh.net/videos/1734022390_bandicam 2024-12-12 16-00-49-993.mp4', 67, NULL, 125, 25, '2024-12-12 15:53:12', '2024-12-12 15:53:12', NULL, 2625, 0, 0, 'bandicam 2024-12-12 16-00-49-993.mp4', 'APPROVED', 0.00),
(750, NULL, 'https://videos-abajim-1.s3.de.io.cloud.ovh.net/videos/1734023918_bandicam 2024-12-12 16-35-28-348.mp4', 66, NULL, 123, 25, '2024-12-12 16:18:41', '2024-12-12 16:18:41', NULL, 2625, 0, 0, 'bandicam 2024-12-12 16-35-28-348.mp4', 'APPROVED', 0.00),
(751, NULL, 'https://videos-abajim-1.s3.de.io.cloud.ovh.net/videos/1734024183_bandicam 2024-12-12 17-44-01-877.mp4', 67, NULL, 125, 25, '2024-12-12 16:23:04', '2024-12-12 16:23:04', NULL, 2625, 0, 0, 'bandicam 2024-12-12 17-44-01-877.mp4', 'APPROVED', 0.00);

-- --------------------------------------------------------

--
-- Structure de la table `webinars`
--

CREATE TABLE `webinars` (
  `id` int UNSIGNED NOT NULL,
  `teacher_id` int UNSIGNED NOT NULL,
  `creator_id` int UNSIGNED NOT NULL,
  `category_id` int UNSIGNED DEFAULT NULL,
  `type` enum('webinar','course','text_lesson') COLLATE utf8mb4_unicode_ci NOT NULL,
  `private` tinyint(1) NOT NULL DEFAULT '0',
  `slug` varchar(255) COLLATE utf8mb4_unicode_ci DEFAULT NULL,
  `start_date` int DEFAULT NULL,
  `duration` int UNSIGNED DEFAULT NULL,
  `image_cover` varchar(255) CHARACTER SET utf8mb4 COLLATE utf8mb4_unicode_ci DEFAULT NULL,
  `status` enum('active','pending','is_draft','inactive') COLLATE utf8mb4_unicode_ci NOT NULL,
  `created_at` int NOT NULL,
  `updated_at` int DEFAULT NULL,
  `deleted_at` int DEFAULT NULL,
  `level_id` int UNSIGNED DEFAULT NULL,
  `matiere_id` int UNSIGNED DEFAULT NULL,
  `seo_description` varchar(128) COLLATE utf8mb4_unicode_ci DEFAULT NULL,
  `thumbnail` varchar(255) COLLATE utf8mb4_unicode_ci NOT NULL,
  `video_demo` varchar(255) COLLATE utf8mb4_unicode_ci DEFAULT NULL,
  `capacity` int UNSIGNED DEFAULT NULL,
  `price` int UNSIGNED DEFAULT NULL,
  `description` text COLLATE utf8mb4_unicode_ci,
  `support` tinyint(1) DEFAULT '0',
  `downloadable` tinyint(1) DEFAULT '0',
  `partner_instructor` tinyint(1) DEFAULT '0',
  `subscribe` tinyint(1) DEFAULT '0',
  `forum` tinyint(1) NOT NULL DEFAULT '0',
  `access_days` int UNSIGNED DEFAULT NULL COMMENT 'Number of days to access the course',
  `points` int DEFAULT NULL,
  `message_for_reviewer` text COLLATE utf8mb4_unicode_ci,
  `submaterial_id` int UNSIGNED DEFAULT NULL
) ENGINE=InnoDB DEFAULT CHARSET=utf8mb4 COLLATE=utf8mb4_unicode_ci ROW_FORMAT=DYNAMIC;

--
-- Déchargement des données de la table `webinars`
--

INSERT INTO `webinars` (`id`, `teacher_id`, `creator_id`, `category_id`, `type`, `private`, `slug`, `start_date`, `duration`, `image_cover`, `status`, `created_at`, `updated_at`, `deleted_at`, `level_id`, `matiere_id`, `seo_description`, `thumbnail`, `video_demo`, `capacity`, `price`, `description`, `support`, `downloadable`, `partner_instructor`, `subscribe`, `forum`, `access_days`, `points`, `message_for_reviewer`, `submaterial_id`) VALUES
(2085, 1954, 1954, NULL, 'course', 0, 'azeaze-2', NULL, NULL, 'store/nky0D1LLtZvmofjluSyibkljHAAi9HNepkjoCrmn.png', 'pending', 1730373504, 1733483134, NULL, 8, 6, 'azeaze', '', NULL, NULL, NULL, NULL, 0, 0, 0, 0, 0, NULL, NULL, NULL, NULL),
(2086, 1954, 1954, NULL, 'course', 0, 'azeaze-3', NULL, NULL, 'store/pxDIxUPIwSl7s0lP9PoXJHDwkyHNe2vWu0fjignv.jpg', 'pending', 1730375605, 1732966441, NULL, 6, 1, NULL, '', NULL, NULL, NULL, NULL, 0, 0, 0, 0, 0, NULL, NULL, NULL, 24),
(2090, 1954, 1954, NULL, 'course', 0, 'azeaze', NULL, NULL, 'store/tMoktTxP64iviOqjJYarX1jeXowQAbfiNBrYUXkB.webp', 'active', 1730541001, 1731588047, NULL, 8, 6, NULL, '', NULL, NULL, NULL, NULL, 0, 0, 0, 0, 0, NULL, NULL, NULL, NULL),
(2116, 1316, 1316, NULL, 'course', 0, 'aze-11', NULL, NULL, 'store/QGqmMRvqmapTX5vVJsfQ55PowZI1NG6kM8UNuD8S.png', 'active', 1731153577, NULL, NULL, 6, 1, NULL, '', NULL, NULL, NULL, NULL, 0, 0, 0, 0, 0, NULL, NULL, NULL, NULL),
(2124, 1954, 1954, 520, 'course', 0, 'الأعداد-من-0-إلى-99-مقارنة-ترتيبا-تفكيكا-و-تركيبا', NULL, 22, 'store/0ikzVexJY3ujfOECdugdME7XE92j9wsf3WMHE0cp.png', 'active', 1731603730, 1732642815, NULL, 8, 5, NULL, 'store/GSSPulSRyZoASfriqOQ0UwOCHxPLieHGyazBJjRF.png', NULL, NULL, NULL, NULL, 0, 0, 0, 0, 0, NULL, NULL, NULL, NULL),
(2125, 1954, 1954, 520, 'course', 0, 'درس-في-العربية', NULL, NULL, 'store/CS8DzlJQudn8bOZaLhwpKv6B9926c5k84VAoQjtj.png', 'active', 1731683505, 1732121437, NULL, 6, 1, NULL, 'store/CS8DzlJQudn8bOZaLhwpKv6B9926c5k84VAoQjtj.png', NULL, NULL, NULL, NULL, 0, 0, 0, 0, 0, NULL, NULL, NULL, NULL),
(2126, 1954, 1954, NULL, 'course', 0, 'azeaze-4', NULL, NULL, 'store/RiyDyEaD5vplUCQcjRFsvaibpICNDMMwxP3aDpkv.png', 'pending', 1731690029, 1734056998, NULL, 9, 9, NULL, '', NULL, NULL, NULL, NULL, 0, 0, 0, 0, 0, NULL, NULL, NULL, NULL),
(2127, 1901, 1901, NULL, 'course', 0, 'fbfb', NULL, NULL, 'store/bKMp2C9JiAslqyvNKATFQamoFid04gUefYA78YKe.png', 'is_draft', 1731876525, NULL, NULL, 7, 3, NULL, '', NULL, NULL, NULL, NULL, 0, 0, 0, 0, 0, NULL, NULL, NULL, NULL),
(2128, 1426, 1426, NULL, 'course', 0, 'جسم-الإنسان', NULL, NULL, 'store/feG2H5lfUL9938pdVtlACGNcYDjyZsklH9RuXuiC.jpg', 'is_draft', 1731937791, 1731938042, NULL, 10, 13, NULL, '', NULL, NULL, NULL, NULL, 0, 0, 0, 0, 0, NULL, NULL, NULL, NULL),
(2129, 1426, 1426, NULL, 'course', 0, 'gngtn', NULL, NULL, 'store/xaYVNCJq6ejZggFdF5bHMBu1VLY63RXtMYyfd5nZ.jpg', 'is_draft', 1732092683, NULL, NULL, 8, 7, NULL, '', NULL, NULL, NULL, NULL, 0, 0, 0, 0, 0, NULL, NULL, NULL, NULL),
(2130, 1316, 1316, NULL, 'course', 0, 'bfdbf', NULL, NULL, 'store/1LWPv9XrdBVBJQbTMgUxWeefHqWHJzUpO8E58ZXY.jpg', 'is_draft', 1732119893, NULL, NULL, 7, 4, NULL, '', NULL, NULL, NULL, NULL, 0, 0, 0, 0, 0, NULL, NULL, NULL, NULL),
(2132, 1316, 1316, NULL, 'course', 0, 'fbfbr', NULL, NULL, 'store/8z6EHe1AAR0Y3NwwTW7KLYLbJygyOYjMkijGgGLL.png', 'is_draft', 1732358813, 1732620545, NULL, 7, 3, NULL, '', NULL, NULL, NULL, NULL, 0, 0, 0, 0, 0, NULL, NULL, NULL, NULL),
(2135, 1954, 1954, NULL, 'course', 0, 'lecture', NULL, NULL, 'store/Sfj3lj5i41aT2RsCf4SMwgPkZ1eV5MeCxYqxtgv1.jpg', 'pending', 1732549497, 1734057051, NULL, 11, 21, NULL, '', NULL, NULL, NULL, NULL, 0, 0, 0, 0, 0, NULL, NULL, NULL, NULL),
(2138, 1954, 1954, NULL, 'course', 0, 'aze', NULL, NULL, 'store/f0Je2GvUg23p5UknFjDQudw46eQFPwqhhj1rAo3i.png', 'pending', 1732713767, 1734057185, NULL, 11, 20, NULL, '', NULL, NULL, NULL, NULL, 0, 0, 0, 0, 0, NULL, NULL, NULL, NULL),
(2140, 1954, 1954, NULL, 'course', 0, 'aze-12', NULL, NULL, 'store/VzFRZPBtFH1vPvG7FKuTMKR4jkjCzRoMZH8hjqwZ.png', 'pending', 1732788478, 1734058203, NULL, 7, 3, NULL, '', NULL, NULL, NULL, NULL, 0, 0, 0, 0, 0, NULL, NULL, NULL, NULL),
(2146, 1411, 1411, NULL, 'course', 0, 'grgre', NULL, NULL, 'store/H3I7Ktl3txb4y6Xvfy6OQud9AhdHkyxPiyh5HI04.jpg', 'pending', 1732792980, NULL, NULL, 6, 2, NULL, '', NULL, NULL, NULL, NULL, 0, 0, 0, 0, 0, NULL, NULL, NULL, NULL),
(2149, 1316, 1316, NULL, 'course', 0, 'test-2', NULL, NULL, 'store/6e0g8bLam63us76SP5tWhgaAIPCSzGNMbmcGEaY3.jpg', 'pending', 1732804085, 1732876878, NULL, 8, 5, NULL, '', NULL, NULL, NULL, NULL, 0, 0, 0, 0, 0, NULL, NULL, NULL, 16),
(2150, 1954, 1954, NULL, 'course', 0, 'aze-13', NULL, NULL, 'store/r9tAGydL6WNFx9pXD8FIOB1fMDAZQLvWtBdDv6H1.webp', 'pending', 1732881181, 1734057602, NULL, 8, 6, NULL, '', NULL, NULL, NULL, NULL, 0, 0, 0, 0, 0, NULL, NULL, NULL, NULL),
(2151, 1316, 1316, 520, 'course', 0, 'test-3', NULL, NULL, 'store/97EHujF8GibqjSNhBAtfXfeUr1GCM71m8ohRuR4E.png', 'active', 1732904099, 1732904432, NULL, 9, 9, NULL, 'dvdvd', NULL, NULL, NULL, NULL, 0, 0, 0, 0, 0, NULL, NULL, NULL, NULL),
(2152, 1316, 1316, 520, 'course', 0, 'gezgre', NULL, NULL, 'store/RhgZQ1kRy40q5SNz6ixTies7KUgpSYVdkujnBpZV.png', 'pending', 1732904587, 1733583336, NULL, 6, 2, NULL, 'store/RhgZQ1kRy40q5SNz6ixTies7KUgpSYVdkujnBpZV.png', NULL, NULL, NULL, NULL, 0, 0, 0, 0, 0, NULL, NULL, NULL, NULL),
(2155, 1954, 1954, NULL, 'course', 0, 'azerty', NULL, NULL, 'store/fbn7l6wARTwEZbEPGcmIGE1XSO7BWfrGIv7WxHOi.png', 'pending', 1732962165, 1734058255, NULL, 7, 3, NULL, '', NULL, NULL, NULL, NULL, 0, 0, 0, 0, 0, NULL, NULL, NULL, NULL),
(2156, 1954, 1954, NULL, 'course', 0, 'azertyu', NULL, NULL, 'store/Il1nTzQ6OPR4HduvsI51OLz7QYMqqrXUIpENMGbP.png', 'pending', 1732962349, 1734058141, NULL, 7, 4, NULL, '', NULL, NULL, NULL, NULL, 0, 0, 0, 0, 0, NULL, NULL, NULL, 11),
(2157, 1954, 1954, NULL, 'course', 0, 'azertyu-1', NULL, NULL, 'store/NXioruhFFUmmsdPKC606Rrp0vjPoylT6HVvZ8RG7.png', 'pending', 1732962383, 1734057289, NULL, 7, 4, NULL, '', NULL, NULL, NULL, NULL, 0, 0, 0, 0, 0, NULL, NULL, NULL, 11),
(2158, 1954, 1954, NULL, 'course', 0, 'aaa', NULL, NULL, 'store/kGSfXVt4SbwUZff3EuwaYzVVG7WXijg9OKsKNKhb.png', 'pending', 1732962437, 1734058076, NULL, 7, 3, NULL, '', NULL, NULL, NULL, NULL, 0, 0, 0, 0, 0, NULL, NULL, NULL, NULL),
(2159, 2012, 2012, NULL, 'course', 0, 'ال-ف-ع-ل-ال-م-اض-ي', NULL, NULL, 'store/7MDHvT4pFERiilvfUklBasUIw74CrX87vkL8Joal.jpg', 'is_draft', 1733003750, 1733035183, NULL, 8, 5, NULL, '', NULL, NULL, NULL, NULL, 0, 0, 0, 0, 0, NULL, NULL, NULL, 16),
(2162, 2582, 2582, NULL, 'course', 0, 'برقرقبر', NULL, NULL, 'store/zaE5eelF52KvrqqcgpHJVVy54kLTmmAFwcB7hatA.jpg', 'is_draft', 1733050956, NULL, NULL, 7, 3, NULL, '', NULL, NULL, NULL, NULL, 0, 0, 0, 0, 0, NULL, NULL, NULL, NULL),
(2163, 2591, 2591, NULL, 'course', 0, 'ؤؤؤؤؤؤؤؤؤؤؤؤؤ', NULL, NULL, 'store/663qCy1fA3fx1KmqdRAUXOqz9BmPRZ7WSIkpZsMW.jpg', 'is_draft', 1733051982, NULL, NULL, 9, 9, NULL, '', NULL, NULL, NULL, NULL, 0, 0, 0, 0, 0, NULL, NULL, NULL, NULL),
(2164, 1992, 1992, NULL, 'course', 0, 'jjg', NULL, NULL, 'store/kkxSatw3jvjce8avQK8toux34GTL6xDpZjpFTCYc.jpg', 'is_draft', 1733055476, 1733055520, NULL, 8, 5, NULL, '', NULL, NULL, NULL, NULL, 0, 0, 0, 0, 0, NULL, NULL, NULL, 16),
(2165, 1665, 1665, 520, 'course', 0, 'dbgn', NULL, NULL, 'store/BbyeFMLi3UoGHQX3HKi7le1kPaGzKBT5Tc41fEH2.png', 'active', 1733236219, 1733236419, NULL, 7, 4, NULL, '/store/1184/eng.jpg', '/store/1287/panel_scolaire_view_teacher_21.mp4', NULL, NULL, NULL, 0, 0, 0, 0, 0, NULL, NULL, NULL, 17),
(2168, 1411, 1411, NULL, 'course', 0, 'JHGFDS', NULL, NULL, 'store/FZDZLU0Byfy3zIAGZZze3cmIR7UjEfMOI3KEGa0H.png', 'is_draft', 1733323383, NULL, NULL, 6, 1, NULL, '', NULL, NULL, NULL, NULL, 0, 0, 0, 0, 0, NULL, NULL, NULL, 24),
(2174, 2623, 2623, NULL, 'course', 0, 'test-4', NULL, NULL, 'store/aA3viKXFFFiMToiFq6ESv8oJvhXk0etEG8YD0Z0k.jpg', 'pending', 1733480731, 1733480851, NULL, 9, 12, NULL, '', NULL, NULL, NULL, NULL, 0, 0, 0, 0, 0, NULL, NULL, NULL, 15),
(2175, 2624, 2624, NULL, 'course', 0, 'تقديم-الخبر-على-المبتدأ', NULL, NULL, 'store/beJuGc0oHHSQJF6ynEQhbMADd2uCbT8vUEn3bbK0.jpg', 'is_draft', 1733488929, NULL, NULL, 11, 22, NULL, '', NULL, NULL, NULL, NULL, 0, 0, 0, 0, 0, NULL, NULL, NULL, 13),
(2176, 1316, 1316, NULL, 'course', 0, 'dvfd', NULL, NULL, 'store/WoGgfPYDZiRd7Ai1XcD3AjU8Nzh13Vos2MGN6xch.jpg', 'pending', 1733849037, 1733849098, NULL, 8, 6, NULL, '', NULL, NULL, NULL, NULL, 0, 0, 0, 0, 0, NULL, NULL, NULL, NULL),
(2177, 2612, 2612, NULL, 'course', 0, 'correction-d-valuation', NULL, NULL, 'store/KLaddsYj3nzA2aBFwH7DIUd2WXLxI8jV59tx0sK8.png', 'pending', 1733849155, 1733921267, NULL, 8, 7, NULL, '', NULL, NULL, NULL, NULL, 0, 0, 0, 0, 0, NULL, NULL, NULL, NULL),
(2178, 2644, 2644, NULL, 'course', 0, 'Sauver-la-nature', NULL, NULL, 'store/YSi0NTY2VcnEMRr23Df9HvC28Berk0TbXaR7EsmX.webp', 'is_draft', 1733932764, 1733932773, NULL, 11, 21, NULL, '', NULL, NULL, NULL, NULL, 0, 0, 0, 0, 0, NULL, NULL, NULL, NULL),
(2179, 1954, 1954, NULL, 'course', 0, 'درس-في-الر-ياضي-ات', NULL, NULL, 'store/eGhaWeaekDJX7nMdDbgyshp3V9yi42yUjU9Qklgd.png', 'pending', 1733996115, 1733996121, NULL, 10, 16, NULL, '', NULL, NULL, NULL, NULL, 0, 0, 0, 0, 0, NULL, NULL, NULL, NULL),
(2180, 1954, 1954, NULL, 'course', 0, 'درس-جديد', NULL, NULL, 'store/wdUvjvXuR6wX15rGkcTz1Ymi1jRFw447q0YxgsEX.png', 'pending', 1734000113, 1734000483, NULL, 6, 1, NULL, '', NULL, NULL, NULL, NULL, 0, 0, 0, 0, 0, NULL, NULL, NULL, 12),
(2181, 1954, 1954, NULL, 'course', 0, 'aze-14', NULL, NULL, 'store/eBvJRw4A6GBBX3DRwXHVoBUav0aBlnpd4F8hA5Ti.jpg', 'pending', 1734056976, 1734056980, NULL, 7, 3, NULL, '', NULL, NULL, NULL, NULL, 0, 0, 0, 0, 0, NULL, NULL, NULL, NULL),
(2182, 1954, 1954, NULL, 'course', 0, 'azeaz', NULL, NULL, 'store/xSmv4aizWyBbttN3gIyHSKkLzwNhvtZkpNpLsqLC.jpg', 'pending', 1734057210, 1734057215, NULL, 7, 3, NULL, '', NULL, NULL, NULL, NULL, 0, 0, 0, 0, 0, NULL, NULL, NULL, NULL),
(2183, 1954, 1954, NULL, 'course', 0, 'tt', NULL, NULL, 'store/0Yw4MPbCpYqVY8vWBdzykBEUTZyr0tZOmHdXIW12.webp', 'pending', 1734058326, 1734058329, NULL, 8, 6, NULL, '', NULL, NULL, NULL, NULL, 0, 0, 0, 0, 0, NULL, NULL, NULL, NULL),
(2184, 1316, 1316, NULL, 'course', 0, 'titre-chapiter', NULL, NULL, 'store/LMISnINXmAurE7CnGY5WoAh4RYzKeX5NrauK93FP.png', 'pending', 1734221524, 1734221590, NULL, 8, 5, NULL, '', NULL, NULL, NULL, NULL, 0, 0, 0, 0, 0, NULL, NULL, NULL, 16),
(2185, 1316, 1316, NULL, 'course', 0, 'lumire', NULL, NULL, 'store/wlCENa0gu1WUDvokp3Fi0GB9Gva4VbPLYNlaVikE.webp', 'is_draft', 1734431129, NULL, NULL, 8, 6, NULL, '', NULL, NULL, NULL, NULL, 0, 0, 0, 0, 0, NULL, NULL, NULL, NULL),
(2187, 1316, 1316, NULL, 'course', 0, '3onweeeen', NULL, NULL, 'store/q4rYPxm20ToBATeVFV8CYX7KtgQCa51wbV0JMPih.png', 'is_draft', 1734709245, NULL, NULL, 8, 8, NULL, '', NULL, NULL, NULL, NULL, 0, 0, 0, 0, 0, NULL, NULL, NULL, NULL);

-- --------------------------------------------------------

--
-- Structure de la table `webinar_assignments`
--

CREATE TABLE `webinar_assignments` (
  `id` int UNSIGNED NOT NULL,
  `creator_id` int UNSIGNED NOT NULL,
  `webinar_id` int UNSIGNED NOT NULL,
  `chapter_id` int UNSIGNED NOT NULL,
  `grade` int UNSIGNED DEFAULT NULL,
  `pass_grade` int UNSIGNED DEFAULT NULL,
  `deadline` int UNSIGNED DEFAULT NULL,
  `attempts` int UNSIGNED DEFAULT NULL,
  `check_previous_parts` tinyint(1) NOT NULL DEFAULT '0',
  `access_after_day` int UNSIGNED DEFAULT NULL,
  `status` enum('active','inactive') COLLATE utf8mb4_unicode_ci NOT NULL,
  `created_at` bigint UNSIGNED NOT NULL
) ENGINE=InnoDB DEFAULT CHARSET=utf8mb4 COLLATE=utf8mb4_unicode_ci;

--
-- Déchargement des données de la table `webinar_assignments`
--

INSERT INTO `webinar_assignments` (`id`, `creator_id`, `webinar_id`, `chapter_id`, `grade`, `pass_grade`, `deadline`, `attempts`, `check_previous_parts`, `access_after_day`, `status`, `created_at`) VALUES
(1, 929, 2010, 31, 100, 70, 180, 5, 0, NULL, 'active', 1655801119),
(2, 1015, 2008, 34, 100, 75, 250, 1, 0, NULL, 'active', 1656407252);

-- --------------------------------------------------------

--
-- Structure de la table `webinar_assignment_attachments`
--

CREATE TABLE `webinar_assignment_attachments` (
  `id` bigint UNSIGNED NOT NULL,
  `creator_id` int UNSIGNED NOT NULL,
  `assignment_id` int UNSIGNED NOT NULL,
  `title` varchar(255) COLLATE utf8mb4_unicode_ci NOT NULL,
  `attach` varchar(255) COLLATE utf8mb4_unicode_ci NOT NULL
) ENGINE=InnoDB DEFAULT CHARSET=utf8mb4 COLLATE=utf8mb4_unicode_ci;

--
-- Déchargement des données de la table `webinar_assignment_attachments`
--

INSERT INTO `webinar_assignment_attachments` (`id`, `creator_id`, `assignment_id`, `title`, `attach`) VALUES
(3, 929, 1, 'Assignment File', '/store/929/Sample_PDF.pdf'),
(4, 1015, 2, 'Homework File', '/store/1015/Documentation.pdf');

-- --------------------------------------------------------

--
-- Structure de la table `webinar_assignment_history`
--

CREATE TABLE `webinar_assignment_history` (
  `id` int UNSIGNED NOT NULL,
  `instructor_id` int UNSIGNED NOT NULL,
  `student_id` int UNSIGNED NOT NULL,
  `assignment_id` int UNSIGNED NOT NULL,
  `grade` int UNSIGNED DEFAULT NULL,
  `status` enum('pending','passed','not_passed','not_submitted') COLLATE utf8mb4_unicode_ci NOT NULL,
  `created_at` bigint UNSIGNED NOT NULL
) ENGINE=InnoDB DEFAULT CHARSET=utf8mb4 COLLATE=utf8mb4_unicode_ci;

--
-- Déchargement des données de la table `webinar_assignment_history`
--

INSERT INTO `webinar_assignment_history` (`id`, `instructor_id`, `student_id`, `assignment_id`, `grade`, `status`, `created_at`) VALUES
(1, 929, 995, 1, 80, 'passed', 1655872680),
(2, 929, 930, 1, 75, 'passed', 1655877115),
(3, 929, 996, 1, 50, 'not_passed', 1656219608),
(4, 1015, 996, 2, 60, 'not_passed', 1656407301),
(5, 1015, 1017, 2, NULL, 'not_submitted', 1680600480),
(6, 929, 1015, 1, NULL, 'not_submitted', 1694304104);

-- --------------------------------------------------------

--
-- Structure de la table `webinar_assignment_history_messages`
--

CREATE TABLE `webinar_assignment_history_messages` (
  `id` int UNSIGNED NOT NULL,
  `assignment_history_id` int UNSIGNED NOT NULL,
  `sender_id` int UNSIGNED NOT NULL,
  `message` text COLLATE utf8mb4_unicode_ci NOT NULL,
  `file_title` varchar(255) COLLATE utf8mb4_unicode_ci DEFAULT NULL,
  `file_path` varchar(255) COLLATE utf8mb4_unicode_ci DEFAULT NULL,
  `created_at` bigint UNSIGNED NOT NULL
) ENGINE=InnoDB DEFAULT CHARSET=utf8mb4 COLLATE=utf8mb4_unicode_ci;

--
-- Déchargement des données de la table `webinar_assignment_history_messages`
--

INSERT INTO `webinar_assignment_history_messages` (`id`, `assignment_history_id`, `sender_id`, `message`, `file_title`, `file_path`, `created_at`) VALUES
(1, 2, 930, 'Hi,\r\nI attached my homework.\r\nPlease review it and inform me if it has a problem.\r\nRegards.', 'Jade Harrison Homework', '/store/930/homework.docx', 1655877736),
(2, 2, 929, 'Hi,\r\nThank you for your answers.\r\nHave a good day.', NULL, NULL, 1655877887),
(3, 1, 995, 'Hi, I attached my homework. Please review it and inform me if it has a problem. Regards.', 'Cameron Schofield Homework', '/store/995/homework.docx', 1655878091),
(4, 1, 929, 'Hi,\r\nI reviewed your answers.\r\nPlease check the attached file and solve the problems.\r\nRegards.', 'Cameron Schofield Homework problems', '/store/929/Sample_PDF.pdf', 1655878235),
(5, 1, 995, 'Hi, Thank you.\r\nI attached it again.\r\nPlease recheck it.\r\nRegards.', 'Cameron Schofield Homework fixed', '/store/995/homework.docx', 1655878364),
(6, 1, 929, 'Thank you.', NULL, NULL, 1655878537),
(7, 3, 996, 'Hi,\r\nI attached my answers.\r\nRegards.', 'Robert B. Gray Assignment', '/store/996/lmX4K.png', 1656219737),
(8, 4, 996, 'Hi,\r\nI attached my homework.\r\nPlease review it.\r\nRegards.', 'my first submit', '/store/996/lmX4K.png', 1656407360);

-- --------------------------------------------------------

--
-- Structure de la table `webinar_assignment_translations`
--

CREATE TABLE `webinar_assignment_translations` (
  `id` bigint UNSIGNED NOT NULL,
  `locale` varchar(255) COLLATE utf8mb4_unicode_ci NOT NULL,
  `webinar_assignment_id` int UNSIGNED NOT NULL,
  `title` text COLLATE utf8mb4_unicode_ci NOT NULL,
  `description` text COLLATE utf8mb4_unicode_ci NOT NULL
) ENGINE=InnoDB DEFAULT CHARSET=utf8mb4 COLLATE=utf8mb4_unicode_ci;

--
-- Déchargement des données de la table `webinar_assignment_translations`
--

INSERT INTO `webinar_assignment_translations` (`id`, `locale`, `webinar_assignment_id`, `title`, `description`) VALUES
(1, 'en', 1, 'Students Assignment', 'Homework, or a homework assignment, is a set of tasks assigned to students by their teachers to be completed outside the classroom.\r\nThe effects of homework are debated. Generally speaking, homework does not improve academic performance among young children. Homework may improve academic skills among older students, especially lower-achieving students. However, homework also creates stress for students and parents and reduces the amount of time that students can spend on other activities.\r\n\r\nPlease send the assignments within the specified deadline.'),
(2, 'en', 2, 'Mid-term Homework', 'A  Homework to test yourself on your grasp of CSS and reassure yourself that you\'ve got this!\r\nPlease send your homework as soon as possible.\r\nRegards.');

-- --------------------------------------------------------

--
-- Structure de la table `webinar_chapters`
--

CREATE TABLE `webinar_chapters` (
  `id` int UNSIGNED NOT NULL,
  `user_id` int UNSIGNED NOT NULL,
  `webinar_id` int UNSIGNED NOT NULL,
  `order` int UNSIGNED DEFAULT NULL,
  `check_all_contents_pass` tinyint(1) NOT NULL DEFAULT '0',
  `status` enum('active','inactive') CHARACTER SET utf8mb4 COLLATE utf8mb4_general_ci NOT NULL DEFAULT 'active',
  `created_at` int UNSIGNED NOT NULL
) ENGINE=InnoDB DEFAULT CHARSET=utf8mb4 COLLATE=utf8mb4_unicode_ci;

--
-- Déchargement des données de la table `webinar_chapters`
--

INSERT INTO `webinar_chapters` (`id`, `user_id`, `webinar_id`, `order`, `check_all_contents_pass`, `status`, `created_at`) VALUES
(2, 1015, 2007, NULL, 0, 'active', 1635407804),
(3, 867, 2007, NULL, 0, 'active', 1635407977),
(4, 1016, 1995, NULL, 0, 'active', 1635410840),
(5, 867, 2006, NULL, 0, 'active', 1635412019),
(6, 867, 2006, NULL, 0, 'active', 1635412070),
(7, 4, 2005, NULL, 0, 'active', 1635412460),
(8, 929, 2004, NULL, 0, 'active', 1635412622),
(9, 929, 1999, NULL, 0, 'active', 1635412731),
(10, 929, 1999, NULL, 0, 'active', 1635414134),
(11, 1016, 1995, NULL, 0, 'active', 1635416511),
(12, 864, 2003, NULL, 0, 'active', 1635416675),
(13, 864, 2003, NULL, 0, 'active', 1635416784),
(14, 863, 2002, NULL, 0, 'active', 1635416977),
(15, 863, 2002, NULL, 0, 'active', 1635417025),
(16, 3, 2001, NULL, 0, 'active', 1635417112),
(17, 3, 2001, NULL, 0, 'active', 1635417172),
(18, 867, 2000, NULL, 0, 'active', 1635417285),
(19, 867, 2000, NULL, 0, 'active', 1635417326),
(20, 1015, 1998, NULL, 0, 'active', 1635417480),
(21, 1015, 1998, NULL, 0, 'active', 1635417524),
(24, 934, 1997, NULL, 0, 'active', 1635417828),
(26, 934, 1997, NULL, 0, 'active', 1635417896),
(28, 1015, 2008, NULL, 0, 'active', 1646118899),
(29, 1015, 2008, NULL, 0, 'active', 1646119712),
(30, 1015, 2009, NULL, 0, 'active', 1646171933),
(31, 929, 2010, NULL, 0, 'active', 1655799483),
(32, 929, 2010, NULL, 1, 'active', 1655801203),
(33, 929, 2010, NULL, 0, 'active', 1655801453),
(34, 1015, 2008, NULL, 0, 'active', 1655975170),
(37, 1015, 2012, NULL, 0, 'active', 1678823180),
(38, 929, 1999, NULL, 0, 'active', 1680139432),
(41, 1015, 2018, NULL, 0, 'active', 1682269626),
(42, 1015, 2019, NULL, 0, 'active', 1682948659),
(43, 1015, 2019, NULL, 0, 'active', 1683193472),
(46, 1015, 2022, NULL, 0, 'active', 1683553733),
(47, 1015, 2022, NULL, 0, 'active', 1690915517),
(48, 1110, 2026, NULL, 0, 'active', 1695204430),
(49, 1112, 2027, NULL, 0, 'active', 1695206308),
(50, 1015, 2028, NULL, 0, 'active', 1695894250),
(51, 1015, 2028, NULL, 0, 'active', 1695894345),
(52, 1015, 2012, NULL, 0, 'active', 1697537445),
(53, 1187, 2030, NULL, 0, 'active', 1710332581),
(54, 1192, 2031, NULL, 0, 'active', 1710722865),
(56, 1184, 2029, 2, 0, 'active', 1710811932),
(57, 1307, 2034, NULL, 0, 'active', 1722686719),
(58, 1307, 2035, NULL, 0, 'active', 1725644047),
(59, 1307, 2035, NULL, 0, 'active', 1725644058),
(60, 1307, 2035, NULL, 0, 'active', 1725644070),
(61, 1307, 2036, NULL, 0, 'active', 1726150341),
(63, 1307, 2036, NULL, 0, 'active', 1726150498),
(65, 1307, 2036, NULL, 0, 'active', 1726151268),
(66, 1307, 2036, NULL, 0, 'active', 1726151284),
(67, 1307, 2036, NULL, 0, 'active', 1726151320),
(68, 1307, 2036, NULL, 0, 'active', 1726151334),
(69, 1307, 2036, NULL, 0, 'active', 1726231018),
(70, 1665, 2038, NULL, 0, 'active', 1729617369),
(71, 1316, 2040, 1, 0, 'active', 1729781469),
(72, 1316, 2040, 2, 0, 'active', 1729781479),
(74, 1316, 2042, NULL, 0, 'active', 1730187970),
(75, 1666, 2044, NULL, 0, 'active', 1730197241),
(76, 1666, 2044, NULL, 0, 'active', 1730197243),
(78, 1954, 2045, NULL, 0, 'active', 1730217697),
(79, 1954, 2053, NULL, 0, 'active', 1730220951),
(80, 1954, 2054, NULL, 0, 'active', 1730221037),
(81, 1954, 2055, NULL, 0, 'active', 1730277767),
(82, 1954, 2056, NULL, 0, 'active', 1730277821),
(83, 1954, 2057, NULL, 0, 'active', 1730277828),
(84, 1954, 2058, NULL, 0, 'active', 1730277861),
(85, 1954, 2059, NULL, 0, 'active', 1730278162),
(86, 1954, 2060, NULL, 0, 'active', 1730278184),
(87, 1954, 2061, NULL, 0, 'active', 1730278232),
(88, 1954, 2062, NULL, 0, 'active', 1730278236),
(89, 1954, 2063, NULL, 0, 'active', 1730278272),
(96, 1954, 2077, NULL, 0, 'active', 1730289418),
(97, 1954, 2078, NULL, 0, 'active', 1730295259),
(98, 1954, 2078, NULL, 0, 'active', 1730295260),
(99, 1954, 2078, NULL, 0, 'active', 1730297317),
(100, 1954, 2079, NULL, 0, 'active', 1730297504),
(101, 1954, 2080, NULL, 0, 'active', 1730298099),
(102, 1954, 2080, NULL, 0, 'active', 1730298167),
(103, 1954, 2080, NULL, 0, 'active', 1730298169),
(104, 1954, 2080, NULL, 0, 'active', 1730298178),
(105, 1954, 2080, NULL, 0, 'active', 1730298221),
(106, 1954, 2081, 2, 0, 'active', 1730298245),
(108, 1954, 2081, 1, 0, 'active', 1730298969),
(109, 1954, 2081, NULL, 0, 'active', 1730299338),
(110, 1954, 2081, NULL, 0, 'active', 1730299430),
(111, 1954, 2089, NULL, 0, 'active', 1730379647),
(112, 1954, 2090, NULL, 0, 'active', 1730541015),
(113, 1954, 2091, NULL, 0, 'active', 1730549617),
(114, 1316, 2092, NULL, 0, 'active', 1730552518),
(115, 1954, 2085, NULL, 0, 'active', 1730723638),
(116, 1954, 2091, NULL, 0, 'active', 1730731378),
(117, 1954, 2100, NULL, 0, 'active', 1730731497),
(118, 1316, 2094, NULL, 0, 'active', 1730732405),
(122, 1666, 2103, NULL, 0, 'active', 1730738074),
(124, 1954, 2087, NULL, 0, 'active', 1730739292),
(125, 1954, 2104, 2, 0, 'active', 1730797262),
(127, 1954, 2105, NULL, 0, 'active', 1730817434),
(128, 1316, 2106, NULL, 0, 'active', 1730826476),
(129, 1316, 2102, NULL, 0, 'active', 1730885555),
(130, 1316, 2107, NULL, 0, 'active', 1730891029),
(131, 1954, 2108, NULL, 0, 'active', 1730891172),
(132, 1954, 2109, NULL, 0, 'active', 1730911673),
(133, 1316, 2110, 1, 0, 'active', 1730915085),
(134, 1316, 2110, 2, 0, 'active', 1730915748),
(135, 1316, 2116, NULL, 0, 'active', 1731153588),
(136, 1316, 2117, NULL, 0, 'active', 1731155163),
(137, 1316, 2117, NULL, 0, 'active', 1731155212),
(138, 1954, 2115, NULL, 0, 'active', 1731155499),
(139, 1316, 2118, NULL, 0, 'active', 1731155951),
(140, 1426, 2119, NULL, 0, 'active', 1731327915),
(141, 1316, 2120, NULL, 0, 'active', 1731402499),
(142, 1316, 2120, NULL, 0, 'active', 1731424671),
(143, 1316, 2121, NULL, 0, 'active', 1731427078),
(144, 1316, 2121, NULL, 0, 'active', 1731508302),
(145, 1954, 2124, NULL, 0, 'active', 1731603775),
(146, 1954, 2124, NULL, 0, 'active', 1731603937),
(147, 1954, 2126, NULL, 0, 'active', 1731690198),
(148, 1316, 2116, NULL, 0, 'active', 1731782073),
(149, 1316, 2116, NULL, 0, 'active', 1731782864),
(150, 1901, 2127, NULL, 0, 'active', 1731876541),
(151, 1901, 2127, NULL, 0, 'active', 1731876732),
(152, 1426, 2128, 2, 0, 'active', 1731937828),
(153, 1426, 2128, 1, 0, 'active', 1731937940),
(154, 1954, 2125, NULL, 0, 'inactive', 1731940149),
(156, 1426, 2129, NULL, 0, 'inactive', 1732092689),
(157, 1316, 2121, NULL, 0, 'inactive', 1732099272),
(158, 1954, 2125, NULL, 0, 'inactive', 1732100164),
(159, 1954, 2125, NULL, 0, 'inactive', 1732100193),
(160, 1954, 2125, NULL, 0, 'inactive', 1732100305),
(161, 1954, 2125, NULL, 0, 'inactive', 1732119791),
(162, 1316, 2130, NULL, 0, 'inactive', 1732119902),
(163, 1316, 2131, 2, 0, 'inactive', 1732127007),
(164, 1316, 2131, 1, 0, 'inactive', 1732127028),
(166, 1316, 2132, NULL, 0, 'inactive', 1732358857),
(167, 1316, 2133, NULL, 0, 'inactive', 1732365162),
(168, 1316, 2134, NULL, 0, 'inactive', 1732530689),
(169, 1954, 2135, NULL, 0, 'inactive', 1732549647),
(170, 1316, 2132, NULL, 0, 'inactive', 1732554830),
(171, 1666, 2136, NULL, 0, 'inactive', 1732614343),
(172, 1316, 2137, NULL, 0, 'inactive', 1732626596),
(173, 1954, 2138, NULL, 0, 'inactive', 1732722897),
(174, 1316, 2134, NULL, 0, 'inactive', 1732732649),
(175, 1316, 2139, NULL, 0, 'inactive', 1732732861),
(176, 1316, 2139, NULL, 0, 'inactive', 1732732876),
(177, 1411, 2141, NULL, 0, 'inactive', 1732789197),
(178, 1411, 2142, NULL, 0, 'inactive', 1732789646),
(179, 1411, 2142, NULL, 0, 'inactive', 1732789754),
(180, 1411, 2142, NULL, 0, 'inactive', 1732789758),
(181, 1411, 2142, NULL, 0, 'inactive', 1732789762),
(182, 1411, 2142, NULL, 0, 'inactive', 1732789768),
(183, 1411, 2142, NULL, 0, 'inactive', 1732789771),
(184, 1411, 2144, NULL, 0, 'inactive', 1732790880),
(185, 1411, 2144, NULL, 0, 'inactive', 1732790884),
(186, 1411, 2145, NULL, 0, 'inactive', 1732791170),
(187, 1411, 2145, NULL, 0, 'inactive', 1732791173),
(188, 1411, 2145, NULL, 0, 'inactive', 1732791176),
(189, 1411, 2145, NULL, 0, 'inactive', 1732791180),
(190, 1411, 2145, NULL, 0, 'inactive', 1732791228),
(191, 1411, 2146, NULL, 0, 'inactive', 1732793019),
(192, 1316, 2137, NULL, 0, 'inactive', 1732801493),
(193, 1316, 2147, NULL, 0, 'inactive', 1732801531),
(194, 1316, 2148, NULL, 0, 'inactive', 1732803187),
(195, 1316, 2148, NULL, 0, 'inactive', 1732803195),
(196, 1316, 2149, NULL, 0, 'inactive', 1732804094),
(197, 1316, 2149, NULL, 0, 'inactive', 1732804103),
(198, 1316, 2151, NULL, 0, 'inactive', 1732904119),
(199, 1316, 2152, NULL, 0, 'inactive', 1732904594),
(200, 1316, 2152, NULL, 0, 'inactive', 1732904637),
(201, 1316, 2154, NULL, 0, 'inactive', 1732904789),
(202, 1316, 2154, NULL, 0, 'inactive', 1732904875),
(203, 2012, 2159, NULL, 0, 'inactive', 1733003792),
(204, 2392, 2160, NULL, 0, 'inactive', 1733045591),
(205, 2392, 2160, NULL, 0, 'inactive', 1733045603),
(206, 2392, 2161, NULL, 0, 'inactive', 1733047118),
(207, 2582, 2162, NULL, 0, 'inactive', 1733050973),
(208, 2591, 2163, NULL, 0, 'inactive', 1733051995),
(211, 1665, 2165, NULL, 0, 'inactive', 1733236225),
(212, 1666, 2166, NULL, 0, 'inactive', 1733237009),
(213, 2392, 2167, NULL, 0, 'inactive', 1733241117),
(214, 1411, 2168, NULL, 0, 'inactive', 1733323424),
(215, 1316, 2152, NULL, 0, 'inactive', 1733405578),
(216, 1316, 2172, 2, 0, 'inactive', 1733406082),
(217, 1316, 2172, 1, 0, 'inactive', 1733406357),
(218, 2623, 2174, 3, 0, 'inactive', 1733480745),
(219, 2623, 2174, 1, 0, 'inactive', 1733480751),
(220, 2623, 2174, 2, 0, 'inactive', 1733480756),
(221, 2624, 2175, 1, 0, 'inactive', 1733488967),
(222, 2624, 2175, 2, 0, 'inactive', 1733488990),
(223, 1316, 2152, NULL, 0, 'inactive', 1733583327),
(224, 1316, 2176, NULL, 0, 'inactive', 1733849043),
(225, 1316, 2176, NULL, 0, 'inactive', 1733849050),
(226, 1316, 2176, NULL, 0, 'inactive', 1733849062),
(227, 2612, 2177, NULL, 0, 'inactive', 1733849194),
(228, 1316, 2151, NULL, 0, 'inactive', 1734218675),
(229, 1316, 2184, NULL, 0, 'inactive', 1734221534),
(230, 1316, 2184, NULL, 0, 'inactive', 1734221539),
(231, 1316, 2184, NULL, 0, 'inactive', 1734221543),
(232, 1316, 2185, NULL, 0, 'inactive', 1734431141),
(233, 1316, 2186, NULL, 0, 'inactive', 1734531543),
(234, 1316, 2187, NULL, 0, 'inactive', 1734709302),
(235, 1316, 2187, NULL, 0, 'inactive', 1734709311),
(236, 1316, 2187, NULL, 0, 'inactive', 1734709317);

-- --------------------------------------------------------

--
-- Structure de la table `webinar_chapter_items`
--

CREATE TABLE `webinar_chapter_items` (
  `id` bigint UNSIGNED NOT NULL,
  `user_id` int UNSIGNED NOT NULL,
  `chapter_id` int UNSIGNED NOT NULL,
  `item_id` int UNSIGNED NOT NULL,
  `type` enum('file','session','text_lesson','quiz','assignment') COLLATE utf8mb4_unicode_ci NOT NULL,
  `order` int UNSIGNED DEFAULT NULL,
  `created_at` bigint UNSIGNED NOT NULL
) ENGINE=InnoDB DEFAULT CHARSET=utf8mb4 COLLATE=utf8mb4_unicode_ci;

--
-- Déchargement des données de la table `webinar_chapter_items`
--

INSERT INTO `webinar_chapter_items` (`id`, `user_id`, `chapter_id`, `item_id`, `type`, `order`, `created_at`) VALUES
(1, 1016, 4, 31, 'file', 1, 1624869878),
(2, 1016, 4, 32, 'file', 2, 1624870086),
(3, 1016, 11, 33, 'file', 1, 1624871143),
(4, 1016, 4, 34, 'file', 3, 1624942577),
(5, 934, 24, 35, 'file', 1, 1624956937),
(7, 929, 9, 37, 'file', 1, 1625038371),
(8, 929, 9, 38, 'file', 2, 1625038447),
(9, 929, 10, 39, 'file', 4, 1625038633),
(10, 929, 10, 40, 'file', 1, 1625039003),
(11, 929, 10, 41, 'file', 3, 1625039096),
(12, 929, 10, 42, 'file', 2, 1625039180),
(13, 867, 18, 43, 'file', 1, 1625045148),
(14, 863, 14, 44, 'file', 1, 1625123527),
(15, 864, 12, 45, 'file', 1, 1625300200),
(16, 929, 8, 46, 'file', 2, 1625685492),
(17, 929, 8, 47, 'file', 1, 1625685578),
(18, 929, 8, 48, 'file', 3, 1625685691),
(19, 4, 7, 49, 'file', 1, 1625690308),
(20, 4, 7, 50, 'file', 2, 1625690699),
(21, 4, 7, 51, 'file', 3, 1625690835),
(22, 867, 5, 52, 'file', 1, 1625694176),
(23, 867, 5, 53, 'file', 2, 1625694214),
(24, 867, 6, 54, 'file', 2, 1625694330),
(25, 867, 6, 55, 'file', 1, 1625694401),
(26, 867, 2, 56, 'file', 1, 1626234339),
(27, 867, 2, 57, 'file', 2, 1626234398),
(28, 867, 3, 58, 'file', 1, 1626234448),
(29, 867, 3, 59, 'file', 2, 1626234512),
(30, 1015, 28, 60, 'file', 1, 1646119189),
(31, 1015, 28, 61, 'file', 2, 1646119460),
(32, 1015, 28, 62, 'file', 3, 1646119651),
(33, 1015, 29, 63, 'file', 1, 1646120871),
(34, 1015, 29, 64, 'file', 2, 1646124099),
(35, 1015, 29, 65, 'file', 3, 1646124765),
(36, 1015, 29, 66, 'file', 4, 1646124966),
(37, 1015, 29, 67, 'file', 5, 1646125437),
(38, 1015, 29, 68, 'file', 6, 1646126002),
(39, 1015, 29, 69, 'file', 7, 1646126305),
(40, 1015, 29, 70, 'file', 8, 1646126442),
(41, 1015, 29, 71, 'file', 9, 1646127121),
(42, 1015, 29, 72, 'file', 10, 1646130252),
(43, 1015, 29, 73, 'file', 11, 1646130397),
(49, 1015, 21, 59, 'session', 1, 1624966322),
(50, 1015, 21, 60, 'session', 2, 1624966428),
(51, 1015, 21, 61, 'session', 3, 1624966659),
(52, 867, 19, 62, 'session', 1, 1625045297),
(53, 867, 19, 63, 'session', 2, 1625045392),
(54, 867, 19, 64, 'session', 3, 1625045465),
(55, 3, 16, 65, 'session', 1, 1625078642),
(56, 3, 17, 66, 'session', 1, 1625078804),
(57, 3, 17, 67, 'session', 2, 1625079005),
(58, 863, 15, 68, 'session', 1, 1625122908),
(59, 863, 15, 69, 'session', 2, 1625122957),
(60, 863, 15, 70, 'session', 3, 1625123036),
(61, 864, 13, 71, 'session', 1, 1625299964),
(62, 864, 13, 72, 'session', 2, 1625300053),
(63, 864, 13, 73, 'session', 3, 1625300165),
(64, 1015, 30, 74, 'session', 1, 1646172799),
(65, 1015, 30, 75, 'session', 2, 1646172930),
(67, 934, 26, 13, 'text_lesson', 1, 1624954655),
(68, 934, 26, 14, 'text_lesson', 2, 1624954929),
(69, 934, 26, 15, 'text_lesson', 3, 1624956733),
(70, 1016, 4, 28, 'quiz', 4, 1624872015),
(71, 929, 8, 30, 'quiz', 4, 1625039490),
(72, 3, 16, 31, 'quiz', 2, 1625079329),
(73, 3, 17, 32, 'quiz', 3, 1625950930),
(74, 1015, 21, 33, 'quiz', 4, 1625951048),
(77, 929, 31, 74, 'file', 1, 1655799640),
(78, 929, 31, 75, 'file', 3, 1655799735),
(79, 929, 31, 76, 'file', 4, 1655800074),
(80, 929, 31, 1, 'assignment', 2, 1655801119),
(81, 929, 32, 77, 'file', 1, 1655801400),
(82, 929, 33, 78, 'file', 1, 1655801529),
(83, 1015, 34, 2, 'assignment', 1, 1656407252),
(85, 1015, 37, 80, 'file', 1, 1678823210),
(89, 1015, 41, 82, 'file', 1, 1682269823),
(90, 1015, 41, 83, 'file', 2, 1682269971),
(95, 1015, 46, 87, 'file', 2, 1683553767),
(96, 1015, 46, 88, 'file', 1, 1683553789),
(97, 1015, 47, 89, 'file', 1, 1690915558),
(98, 1015, 21, 77, 'session', 5, 1692903116),
(101, 1015, 21, 90, 'file', 7, 1693994173),
(102, 1015, 20, 36, 'file', 1, 1693994186),
(103, 1015, 20, 91, 'file', 2, 1695118780),
(104, 1015, 20, 92, 'file', 3, 1695133987),
(105, 1110, 48, 93, 'file', 1, 1695204505),
(106, 1112, 49, 94, 'file', 1, 1695206339),
(107, 1015, 50, 95, 'file', 1, 1695894283),
(108, 1015, 50, 96, 'file', 2, 1695894303),
(109, 1015, 50, 97, 'file', 3, 1695894329),
(110, 1015, 51, 98, 'file', 1, 1695894376),
(111, 1015, 20, 99, 'file', 4, 1697471903),
(112, 1015, 37, 100, 'file', 2, 1697534287),
(113, 1015, 37, 101, 'file', 3, 1697537434),
(114, 1015, 52, 102, 'file', 1, 1697537466),
(115, 1187, 53, 78, 'session', 1, 1710333082),
(116, 1192, 54, 103, 'file', 1, 1710722905),
(117, 1307, 57, 104, 'file', 1, 1722686761),
(118, 1307, 61, 105, 'file', 2, 1726152166),
(119, 1307, 61, 106, 'file', 1, 1726223917),
(120, 1954, 106, 108, 'file', 1, 1730298447),
(121, 1954, 113, 109, 'file', 1, 1730552623),
(122, 1954, 121, 110, 'file', 1, 1730739071),
(124, 1954, 121, 112, 'file', 2, 1730739246),
(125, 1954, 121, 113, 'file', 3, 1730739273),
(126, 1954, 124, 114, 'file', 1, 1730739310),
(127, 1954, 124, 115, 'file', 2, 1730739329),
(130, 1954, 131, 119, 'file', 1, 1730894188),
(131, 1954, 131, 120, 'file', 2, 1730894410),
(132, 1954, 132, 121, 'file', 1, 1730911918),
(133, 1316, 133, 122, 'file', 1, 1730915130),
(134, 1316, 133, 123, 'file', 2, 1730915225),
(135, 1316, 134, 124, 'file', 1, 1730915778),
(136, 1954, 132, 125, 'file', 2, 1730974800),
(137, 1954, 125, 126, 'file', 1, 1731146562),
(139, 1316, 135, 128, 'file', 1, 1731153610),
(141, 1316, 136, 130, 'file', 1, 1731155673),
(145, 1954, 138, 134, 'file', 4, 1731409099),
(146, 1954, 138, 135, 'file', 5, 1731409465),
(151, 1954, 138, 140, 'file', 6, 1731412327),
(152, 1954, 138, 141, 'file', 7, 1731412830),
(153, 1954, 138, 142, 'file', 8, 1731412994),
(154, 1954, 138, 143, 'file', 9, 1731413104),
(155, 1954, 138, 144, 'file', 10, 1731413132),
(156, 1954, 138, 145, 'file', 11, 1731413238),
(157, 1954, 138, 146, 'file', 12, 1731413598),
(159, 1954, 125, 147, 'file', 3, 1731414271),
(160, 1316, 142, 148, 'file', 1, 1731424705),
(161, 1954, 125, 149, 'file', 2, 1731425999),
(162, 1316, 143, 150, 'file', 1, 1731427119),
(163, 1954, 125, 127, 'file', 4, 1731513542),
(165, 1954, 112, 151, 'file', 1, 1731600882),
(166, 1954, 145, 152, 'file', 1, 1731603840),
(167, 1954, 145, 153, 'file', 2, 1731603898),
(168, 1954, 146, 154, 'file', 1, 1731603986),
(172, 1901, 150, 157, 'file', 1, 1731876574),
(173, 1901, 150, 158, 'file', 2, 1731876626),
(174, 1901, 150, 159, 'file', 3, 1731876681),
(175, 1901, 151, 160, 'file', 1, 1731876768),
(176, 1901, 151, 161, 'file', 2, 1731876857),
(178, 1316, 148, 155, 'file', 1, 1731919765),
(179, 1316, 149, 156, 'file', 1, 1731919780),
(180, 1426, 152, 162, 'file', 1, 1731937878),
(181, 1426, 152, 163, 'file', 2, 1731937923),
(184, 1426, 153, 164, 'file', 3, 1731938200),
(185, 1426, 153, 165, 'file', 4, 1731938225),
(186, 1954, 154, 166, 'file', 1, 1731940371),
(187, 1954, 154, 167, 'file', 2, 1731944110),
(188, 1954, 160, 168, 'file', 1, 1732100352),
(189, 1316, 162, 169, 'file', 1, 1732119945),
(190, 1316, 163, 170, 'file', 2, 1732127099),
(192, 1316, 163, 171, 'file', 3, 1732127343),
(193, 1316, 166, 172, 'file', 1, 1732362289),
(194, 1316, 167, 173, 'file', 1, 1732365192),
(195, 1954, 147, 174, 'file', 1, 1732365860),
(198, 1954, 169, 177, 'file', 3, 1732552610),
(199, 1954, 169, 178, 'file', 4, 1732552802),
(200, 1954, 169, 179, 'file', 5, 1732553231),
(201, 1954, 169, 180, 'file', 6, 1732553278),
(202, 1666, 171, 181, 'file', 1, 1732614495),
(203, 1316, 172, 182, 'file', 1, 1732626660),
(204, 1954, 145, 183, 'file', 3, 1732642467),
(205, 1316, 172, 184, 'file', 2, 1732785691),
(206, 1411, 178, 185, 'file', 1, 1732789692),
(207, 1411, 184, 186, 'file', 1, 1732790905),
(208, 1411, 191, 187, 'file', 1, 1732793046),
(209, 1316, 194, 188, 'file', 1, 1732803223),
(210, 1316, 196, 189, 'file', 1, 1732804128),
(211, 1316, 196, 190, 'file', 2, 1732804177),
(212, 1316, 196, 191, 'file', 3, 1732804397),
(213, 1954, 115, 192, 'file', 1, 1732878775),
(214, 1316, 198, 193, 'file', 1, 1732904337),
(215, 1316, 199, 194, 'file', 1, 1732904611),
(216, 1316, 201, 195, 'file', 1, 1732904855),
(217, 1316, 201, 196, 'file', 2, 1732904868),
(218, 1316, 202, 197, 'file', 1, 1732904889),
(219, 2012, 203, 198, 'file', 1, 1733041567),
(220, 2582, 207, 199, 'file', 1, 1733051079),
(221, 1665, 211, 200, 'file', 1, 1733236242),
(222, 1411, 214, 201, 'file', 1, 1733323460),
(223, 1316, 215, 202, 'file', 1, 1733405599),
(224, 1316, 200, 203, 'file', 1, 1733405627),
(225, 1316, 216, 204, 'file', 1, 1733406186),
(226, 1316, 216, 205, 'file', 2, 1733406405),
(227, 2623, 218, 206, 'file', 2, 1733480791),
(228, 2623, 218, 207, 'file', 1, 1733480817),
(229, 2624, 221, 208, 'file', 1, 1733489048),
(230, 2624, 221, 209, 'file', 2, 1733489070),
(231, 2624, 222, 210, 'file', 1, 1733489126),
(232, 1316, 224, 211, 'file', 1, 1733849093),
(233, 2612, 227, 212, 'file', 1, 1733921260);

-- --------------------------------------------------------

--
-- Structure de la table `webinar_chapter_translations`
--

CREATE TABLE `webinar_chapter_translations` (
  `id` bigint UNSIGNED NOT NULL,
  `webinar_chapter_id` int UNSIGNED NOT NULL,
  `locale` varchar(255) COLLATE utf8mb4_unicode_ci NOT NULL,
  `title` varchar(255) COLLATE utf8mb4_unicode_ci NOT NULL
) ENGINE=InnoDB DEFAULT CHARSET=utf8mb4 COLLATE=utf8mb4_unicode_ci;

--
-- Déchargement des données de la table `webinar_chapter_translations`
--

INSERT INTO `webinar_chapter_translations` (`id`, `webinar_chapter_id`, `locale`, `title`) VALUES
(2, 2, 'en', 'Introduction'),
(3, 3, 'en', 'General Advice & Tips'),
(4, 4, 'en', 'Before Starting the Course'),
(5, 5, 'en', 'Let\'s Start!'),
(6, 6, 'en', 'Ready to go?'),
(7, 7, 'en', 'Essentials'),
(8, 8, 'en', 'Exponential'),
(9, 9, 'en', 'Introduction'),
(10, 10, 'en', 'Tactics of Influence & Persuasion'),
(11, 11, 'en', 'Ideas and User Needs'),
(12, 12, 'en', 'Introduction'),
(13, 13, 'en', 'Why Active Listening?'),
(14, 14, 'en', 'Introduction'),
(15, 15, 'en', 'Setting Up Your Fitness Diet'),
(16, 16, 'en', 'Getting Started'),
(17, 17, 'en', 'Model, View, Whatever...'),
(18, 18, 'en', 'Introduction'),
(19, 19, 'en', 'Effective Time Management'),
(20, 20, 'en', 'Introduction'),
(21, 21, 'en', 'Microsoft Excel Fundamentals'),
(24, 24, 'en', 'Introduction'),
(26, 26, 'en', 'Stepping into the World of Python'),
(28, 28, 'en', 'SCORM Files'),
(29, 29, 'en', 'Different File Types'),
(30, 30, 'en', 'Introduction'),
(31, 31, 'en', 'First Chapter'),
(32, 32, 'en', 'Second Chapter'),
(33, 33, 'en', 'Final Chapter'),
(34, 34, 'en', 'Assignments'),
(37, 37, 'en', '1111'),
(38, 38, 'en', 'cdsds'),
(41, 41, 'en', 'Développeur Python | Formation Complète 2023'),
(42, 42, 'en', 'day1'),
(43, 43, 'en', 'chapiter1'),
(46, 46, 'en', 'suite'),
(47, 47, 'en', 'chapiter 6'),
(48, 48, 'en', 'chapitre 1'),
(49, 49, 'en', 'chapiter 1'),
(50, 50, 'en', 'chapiter 1'),
(51, 51, 'en', 'chapiter 2'),
(52, 52, 'en', 'chap 2'),
(53, 53, 'ar', 'Maths 1.A'),
(54, 54, 'ar', 'intro'),
(55, 55, 'ar', 'chapiter 1 :gé introduction'),
(56, 56, 'ar', 'chapiter2 : mobile java'),
(57, 57, 'ar', 'Chapiter 1: introduction'),
(58, 58, 'ar', 'chapter 1'),
(59, 59, 'ar', 'chapter02'),
(60, 60, 'ar', 'chapter03'),
(61, 61, 'ar', 'المجموعات و مكوناتها و العلاقة بينهما (11)'),
(62, 62, 'ar', 'المجموعات و مكوناتها و العلاقة بينهما (11)'),
(63, 63, 'ar', 'التعرف في الأعداد ذات الرقمين (1)'),
(64, 64, 'ar', 'التعرف في الأعداد ذات الرقمين (1)'),
(65, 65, 'ar', 'الخطوط المنكسرة (1)'),
(66, 66, 'ar', 'القطع النقدية أقل من 100 (5)'),
(67, 67, 'ar', 'حساب عدد مكمل الى عدد ٱخر (1)'),
(68, 68, 'ar', 'حساب ذهني (24)'),
(69, 69, 'ar', 'chhh'),
(70, 70, 'ar', 'chapter 01'),
(71, 71, 'ar', '.chapitre 1'),
(72, 72, 'ar', 'chapitre02'),
(73, 73, 'ar', 'chapitre 03'),
(74, 74, 'ar', '222'),
(75, 78, 'ar', 'title555'),
(76, 79, 'ar', 'l;l;l;l;'),
(77, 80, 'ar', 'jnvfjnvjf'),
(78, 91, 'ar', 'azeaze'),
(79, 92, 'ar', 'azeaze'),
(80, 96, 'ar', 'chap1'),
(81, 104, 'ar', 'ddd'),
(82, 105, 'ar', 'ffff'),
(83, 106, 'ar', 'ddeqs'),
(84, 107, 'ar', 'qecdeazqqcsq1111111111111111111'),
(85, 108, 'ar', 'Chapiter 1: introduction'),
(86, 109, 'ar', 'ou9ayem moktasabety'),
(87, 110, 'ar', ':kjhlkjh'),
(88, 111, 'ar', 'chap1'),
(89, 112, 'ar', 'azeaze'),
(90, 113, 'ar', 'azeaze'),
(91, 114, 'ar', 'HOW TO LEARN ROMEN'),
(92, 115, 'ar', 'azeaze'),
(93, 116, 'ar', 'chap 1 :ii'),
(94, 117, 'ar', 'azeaze'),
(95, 118, 'ar', 'Bdbehd'),
(96, 119, 'ar', '3onser 1'),
(97, 120, 'ar', '3onser 1'),
(98, 121, 'ar', 'aze'),
(99, 122, 'ar', '3onser 1'),
(100, 123, 'ar', 'dgwdfgxgxc'),
(101, 124, 'ar', 'azeaze'),
(102, 125, 'ar', 'dars 1f we7da 1'),
(103, 126, 'ar', 'Chapiter 1: introduction'),
(104, 127, 'ar', 'ddùs'),
(105, 128, 'ar', '3onser 1'),
(106, 129, 'ar', 'chap 1'),
(107, 130, 'ar', 'rdfhfhtr'),
(108, 131, 'ar', 'Lesson 1: Food and Drinks'),
(109, 132, 'ar', '1) e regroupe les mots qui correspondent au jardin et ceux qui. Correspondent à la classe. Je les écris dans mon cahier.'),
(110, 133, 'ar', 'me7wer 1'),
(111, 134, 'ar', 'me7wer 02'),
(112, 135, 'ar', 'Chapiter 1 :'),
(113, 136, 'ar', 'èjuybhtgbyhny'),
(114, 137, 'ar', 'uh-h-yhyh'),
(115, 138, 'ar', 'azeaze'),
(116, 139, 'ar', 'jnybh'),
(117, 140, 'ar', 'jukuk'),
(118, 141, 'ar', 'chapb 1'),
(119, 142, 'ar', 'sdgfbfd'),
(120, 143, 'ar', 'chapitre 01'),
(121, 144, 'ar', 'Chapiter 1 :'),
(122, 145, 'ar', 'مقارنة الأعداد'),
(123, 146, 'ar', 'تفكيك الأعداد'),
(124, 147, 'ar', 'azeaze'),
(125, 148, 'ar', 'chapter 02'),
(126, 149, 'ar', 'chapitre 03'),
(127, 150, 'ar', 'bgbgbg'),
(128, 151, 'ar', 'bgfngfngngfngfngng'),
(129, 152, 'ar', 'المفاصل'),
(130, 153, 'ar', 'العضلات'),
(131, 154, 'ar', 'azeazeaze'),
(132, 155, 'ar', 'azeazeaze'),
(133, 156, 'ar', 'gnh'),
(134, 157, 'ar', 'iojeigjre'),
(135, 158, 'ar', 'CHAPnew'),
(136, 159, 'ar', 'CHAP3'),
(137, 160, 'ar', 'chap4'),
(138, 161, 'ar', 'chap5'),
(139, 162, 'ar', ',jkjbjkb'),
(140, 163, 'ar', 'التاء المفتوحة'),
(141, 164, 'ar', 'حرف الراء'),
(142, 165, 'ar', 'حرف الكاف'),
(143, 166, 'ar', 'vfgngng'),
(144, 167, 'ar', 'eggrgt'),
(145, 168, 'ar', 'Chapiter 1 :'),
(146, 169, 'ar', 'chapitre1'),
(147, 170, 'ar', 'lkjbdfkljbfd'),
(148, 171, 'ar', 'fghjkl'),
(149, 172, 'ar', 'chapitre 1'),
(150, 173, 'ar', 'english'),
(151, 174, 'ar', 'kjhkhgkj'),
(152, 175, 'ar', 'kjhjkh'),
(153, 176, 'ar', 'lhljh'),
(154, 177, 'ar', 'rgrr'),
(155, 178, 'ar', 'egrgr'),
(156, 179, 'ar', 'grerrt'),
(157, 180, 'ar', 'grgrgrgr'),
(158, 181, 'ar', 'grgrgrr'),
(159, 182, 'ar', 'rgrgregrgrgrgr'),
(160, 183, 'ar', 'fegergzeaa'),
(161, 184, 'ar', 'sfngfngn'),
(162, 185, 'ar', 'ngfnfgnqdfn'),
(163, 186, 'ar', 'fhfehf'),
(164, 187, 'ar', 'dfhfhnfdhf'),
(165, 188, 'ar', 'fnhgngfngf'),
(166, 189, 'ar', 'dfnfdnn'),
(167, 190, 'ar', 'greghrhre'),
(168, 191, 'ar', 'sdfbfnr'),
(169, 192, 'ar', 'lkjsdjvd'),
(170, 193, 'ar', 'rgrgre'),
(171, 194, 'ar', 'c 1'),
(172, 195, 'ar', 'c2'),
(173, 196, 'ar', 'ch 1'),
(174, 197, 'ar', 'ch 2'),
(175, 198, 'ar', 'test2911'),
(176, 199, 'ar', 'egfegege'),
(177, 200, 'ar', 'dfbfdbf'),
(178, 201, 'ar', 'lkfjbfdkbjfdk'),
(179, 202, 'ar', 'kdkfdjgf'),
(180, 203, 'ar', 'الْفِعْلُ الْمَاضِي'),
(181, 204, 'ar', 'فثسف'),
(182, 205, 'ar', 'لءلءيلي'),
(183, 206, 'ar', 'المجموعة الفارغة'),
(184, 207, 'ar', 'فسصتبسص'),
(185, 208, 'ar', 'لابيالابرء'),
(186, 209, 'ar', 'jghgjhgb'),
(187, 210, 'ar', '2'),
(188, 211, 'ar', 'gfngn'),
(189, 212, 'ar', 'tourisme interne'),
(190, 213, 'ar', 'حرف التاء'),
(191, 214, 'ar', 'الخط العربي'),
(192, 215, 'ar', 'JHHG'),
(193, 216, 'ar', 'GHHG'),
(194, 217, 'ar', 'JUJUT'),
(195, 218, 'ar', 'dars1'),
(196, 219, 'ar', 'dars2'),
(197, 220, 'ar', 'dars 3'),
(198, 221, 'ar', 'التقديم و التأخير'),
(199, 222, 'ar', 'تقديم خبر ناسخ على اسم ناسخ'),
(200, 223, 'ar', 'Iiiiiiiii'),
(201, 224, 'ar', 'chapterr 1'),
(202, 225, 'ar', 'chapter 2'),
(203, 226, 'ar', 'chapter 3'),
(204, 227, 'ar', 'correction d\'évaluation du 1er trimestre 3ème année primaire'),
(205, 228, 'ar', 'chap2'),
(206, 229, 'ar', 'dars 1'),
(207, 230, 'ar', 'dars2'),
(208, 231, 'ar', 'dars3'),
(209, 232, 'ar', 'masader e dhaw'),
(210, 233, 'ar', 'Chapiter 1: introduction'),
(211, 234, 'ar', 'dars 1'),
(212, 235, 'ar', 'dars 2'),
(213, 236, 'ar', 'dars 3');

-- --------------------------------------------------------

--
-- Structure de la table `webinar_extra_descriptions`
--

CREATE TABLE `webinar_extra_descriptions` (
  `id` int UNSIGNED NOT NULL,
  `creator_id` int UNSIGNED NOT NULL,
  `webinar_id` int UNSIGNED NOT NULL,
  `type` enum('learning_materials','company_logos','requirements') COLLATE utf8mb4_unicode_ci NOT NULL,
  `order` int UNSIGNED DEFAULT NULL,
  `created_at` bigint UNSIGNED NOT NULL
) ENGINE=InnoDB DEFAULT CHARSET=utf8mb4 COLLATE=utf8mb4_unicode_ci;

--
-- Déchargement des données de la table `webinar_extra_descriptions`
--

INSERT INTO `webinar_extra_descriptions` (`id`, `creator_id`, `webinar_id`, `type`, `order`, `created_at`) VALUES
(1, 929, 2010, 'learning_materials', NULL, 1655803120),
(2, 929, 2010, 'learning_materials', NULL, 1655803131),
(3, 929, 2010, 'learning_materials', NULL, 1655803150),
(4, 929, 2010, 'learning_materials', NULL, 1655803174),
(9, 929, 2010, 'requirements', NULL, 1655804489),
(10, 929, 2010, 'requirements', NULL, 1655804502),
(11, 929, 2010, 'requirements', NULL, 1655804514),
(12, 929, 2010, 'requirements', NULL, 1655804529),
(13, 929, 2010, 'company_logos', NULL, 1655871591),
(14, 929, 2010, 'company_logos', NULL, 1655871600),
(15, 929, 2010, 'company_logos', NULL, 1655871608),
(16, 929, 2010, 'company_logos', NULL, 1655871622),
(17, 1015, 2008, 'company_logos', NULL, 1656220273),
(18, 1015, 2008, 'company_logos', NULL, 1656220284),
(19, 1015, 2008, 'company_logos', NULL, 1656220295),
(20, 1015, 2008, 'company_logos', NULL, 1656220306),
(21, 1015, 2008, 'requirements', NULL, 1656220352),
(22, 1015, 2008, 'requirements', NULL, 1656220362),
(23, 1015, 2008, 'requirements', NULL, 1656220373),
(24, 1015, 2008, 'learning_materials', NULL, 1656220401),
(25, 1015, 2008, 'learning_materials', NULL, 1656220412),
(26, 1015, 2008, 'learning_materials', NULL, 1656220456),
(27, 1015, 2008, 'learning_materials', NULL, 1656220468),
(28, 1015, 2008, 'learning_materials', NULL, 1656220486),
(29, 1015, 2018, 'learning_materials', NULL, 1682270093),
(30, 1015, 2018, 'company_logos', NULL, 1682270163),
(31, 1665, 2038, 'learning_materials', NULL, 1729617890),
(32, 1665, 2038, 'company_logos', NULL, 1729617927);

-- --------------------------------------------------------

--
-- Structure de la table `webinar_extra_description_translations`
--

CREATE TABLE `webinar_extra_description_translations` (
  `id` bigint UNSIGNED NOT NULL,
  `webinar_extra_description_id` int UNSIGNED NOT NULL,
  `locale` varchar(255) COLLATE utf8mb4_unicode_ci NOT NULL,
  `value` text COLLATE utf8mb4_unicode_ci NOT NULL
) ENGINE=InnoDB DEFAULT CHARSET=utf8mb4 COLLATE=utf8mb4_unicode_ci;

--
-- Déchargement des données de la table `webinar_extra_description_translations`
--

INSERT INTO `webinar_extra_description_translations` (`id`, `webinar_extra_description_id`, `locale`, `value`) VALUES
(1, 1, 'en', 'Have a greater understanding of your life\'s greater purpose'),
(2, 2, 'en', 'Find greater meaning and purpose in your current career'),
(3, 3, 'en', 'See the greater meaning in the experiences in your life'),
(4, 4, 'en', 'Replace limiting beliefs with empowering beliefs'),
(9, 9, 'en', 'A computer (Windows/Mac/Linux). That\'s it!'),
(10, 10, 'en', 'No previous coding experience is needed'),
(11, 11, 'en', 'All tools and software used in this course will be free'),
(12, 12, 'en', 'Prepare to learn real life skills and build real web apps that will get you hired!'),
(13, 13, 'en', '/store/929/logo/logo (1).png'),
(14, 14, 'en', '/store/929/logo/logo (2).png'),
(15, 15, 'en', '/store/929/logo/logo (3).png'),
(16, 16, 'en', '/store/929/logo/logo (4).png'),
(17, 17, 'en', '/store/1015/logo_files/logo (1).png'),
(18, 18, 'en', '/store/1015/logo_files/logo (2).png'),
(19, 19, 'en', '/store/1015/logo_files/logo (3).png'),
(20, 20, 'en', '/store/1015/logo_files/logo (4).png'),
(21, 21, 'en', 'Have a computer with Internet'),
(22, 22, 'en', 'Be ready to learn an insane amount of awesome stuff'),
(23, 23, 'en', 'Prepare to build real web apps!'),
(24, 24, 'en', 'Create a complicated yelp-like application from scratch'),
(25, 25, 'en', 'Make REAL web applications using cutting-edge technologies'),
(26, 26, 'en', 'Create your own Node modules'),
(27, 27, 'en', 'Create a beautiful animated todo list application'),
(28, 28, 'en', 'Understand the ins and outs of HTTP requests'),
(29, 29, 'en', 'IIDE Pycharm'),
(30, 30, 'en', '/store/1015/download.jpeg'),
(31, 31, 'ar', 'gbththt'),
(32, 32, 'ar', '/store/1665/Photoshop (abajim_20241015_095547_0000 (1).jpg');

-- --------------------------------------------------------

--
-- Structure de la table `webinar_filter_option`
--

CREATE TABLE `webinar_filter_option` (
  `id` int UNSIGNED NOT NULL,
  `webinar_id` int UNSIGNED NOT NULL,
  `filter_option_id` int UNSIGNED NOT NULL
) ENGINE=InnoDB DEFAULT CHARSET=utf8mb4 COLLATE=utf8mb4_unicode_ci ROW_FORMAT=DYNAMIC;

--
-- Déchargement des données de la table `webinar_filter_option`
--

INSERT INTO `webinar_filter_option` (`id`, `webinar_id`, `filter_option_id`) VALUES
(11447, 1995, 9146),
(11448, 1995, 9212),
(11449, 1995, 9275),
(11450, 1995, 9277),
(11454, 2003, 9142),
(11455, 2003, 9206),
(11456, 2003, 9272),
(11474, 1997, 9147),
(11475, 1997, 9218),
(11476, 1997, 9281),
(11477, 1997, 9283),
(11480, 2002, 9127),
(11481, 2002, 9250),
(11505, 2006, 9130),
(11506, 2006, 9181),
(11507, 2000, 9140),
(11508, 2000, 9196),
(11509, 2000, 9267),
(11558, 2005, 9114),
(11559, 2005, 9156),
(11560, 2005, 9231),
(11561, 2004, 9122),
(11562, 2004, 9166),
(11563, 2004, 9240),
(11576, 2009, 9143),
(11577, 2009, 9206),
(11578, 2009, 9270),
(11579, 2009, 9271),
(11694, 2019, 9119),
(11695, 2019, 9161),
(11696, 2019, 9236),
(11720, 2007, 9130),
(11721, 2007, 9181),
(11722, 2026, 9140),
(11723, 2026, 9196),
(11724, 2026, 9200),
(11725, 2026, 9266),
(11726, 2026, 9269),
(11727, 2027, 9140),
(11728, 2027, 9196),
(11729, 2027, 9200),
(11730, 2027, 9266),
(11743, 2030, 9118),
(11744, 2030, 9165),
(11745, 2030, 9236),
(11746, 2030, 9237),
(11750, 2031, 9138),
(11751, 2031, 9200),
(11752, 2031, 9267),
(11753, 2032, 9141),
(11754, 2032, 9143),
(11755, 2032, 9207),
(11756, 2032, 9272),
(11757, 2035, 9144),
(11763, 2038, 9148),
(11764, 2038, 9218),
(11765, 2038, 9280),
(11775, 2039, 9142),
(11776, 2039, 9207),
(11777, 2039, 9271),
(11778, 2042, 9145);

-- --------------------------------------------------------

--
-- Structure de la table `webinar_partner_teacher`
--

CREATE TABLE `webinar_partner_teacher` (
  `id` int UNSIGNED NOT NULL,
  `webinar_id` int UNSIGNED NOT NULL,
  `teacher_id` int UNSIGNED NOT NULL
) ENGINE=InnoDB DEFAULT CHARSET=utf8mb4 COLLATE=utf8mb4_unicode_ci ROW_FORMAT=DYNAMIC;

--
-- Déchargement des données de la table `webinar_partner_teacher`
--

INSERT INTO `webinar_partner_teacher` (`id`, `webinar_id`, `teacher_id`) VALUES
(87, 2005, 1016),
(112, 2010, 1015),
(118, 2008, 1016),
(122, 1998, 1016),
(126, 2030, 1188),
(127, 2038, 1426);

-- --------------------------------------------------------

--
-- Structure de la table `webinar_reports`
--

CREATE TABLE `webinar_reports` (
  `id` int UNSIGNED NOT NULL,
  `user_id` int UNSIGNED NOT NULL,
  `webinar_id` int UNSIGNED NOT NULL,
  `reason` varchar(255) COLLATE utf8mb4_unicode_ci NOT NULL,
  `message` text COLLATE utf8mb4_unicode_ci NOT NULL,
  `created_at` int UNSIGNED NOT NULL
) ENGINE=InnoDB DEFAULT CHARSET=utf8mb4 COLLATE=utf8mb4_unicode_ci ROW_FORMAT=DYNAMIC;

--
-- Déchargement des données de la table `webinar_reports`
--

INSERT INTO `webinar_reports` (`id`, `user_id`, `webinar_id`, `reason`, `message`, `created_at`) VALUES
(3, 995, 1997, 'Not Related', 'I think the right category has not been chosen for this course.', 1626239751),
(4, 995, 1995, 'Against Rules', 'Course files are not complete', 1626239965),
(5, 995, 2018, 'Inappropriate Behavior', 'fdc', 1695209843);

-- --------------------------------------------------------

--
-- Structure de la table `webinar_reviews`
--

CREATE TABLE `webinar_reviews` (
  `id` int UNSIGNED NOT NULL,
  `creator_id` int UNSIGNED NOT NULL,
  `webinar_id` int UNSIGNED DEFAULT NULL,
  `bundle_id` int UNSIGNED DEFAULT NULL,
  `content_quality` int UNSIGNED NOT NULL,
  `instructor_skills` int UNSIGNED NOT NULL,
  `purchase_worth` int UNSIGNED NOT NULL,
  `support_quality` int UNSIGNED NOT NULL,
  `rates` char(10) COLLATE utf8mb4_unicode_ci NOT NULL,
  `description` text COLLATE utf8mb4_unicode_ci,
  `created_at` int UNSIGNED NOT NULL,
  `status` enum('pending','active') COLLATE utf8mb4_unicode_ci NOT NULL
) ENGINE=InnoDB DEFAULT CHARSET=utf8mb4 COLLATE=utf8mb4_unicode_ci ROW_FORMAT=DYNAMIC;

--
-- Déchargement des données de la table `webinar_reviews`
--

INSERT INTO `webinar_reviews` (`id`, `creator_id`, `webinar_id`, `bundle_id`, `content_quality`, `instructor_skills`, `purchase_worth`, `support_quality`, `rates`, `description`, `created_at`, `status`) VALUES
(20, 996, 2006, NULL, 5, 5, 5, 5, '5', 'This course is full of traveling information. I\'m so thankful for new tips that I didn\'t hear before. Thanks:)', 1626214531, 'active'),
(21, 996, 1998, NULL, 5, 5, 4, 5, '4.75', 'Definitely recommended for anyone starting out excel. If you are familiar with the basics and have only been using excel as a calculator this will help you realize how versatile it is and how to use it effectively.', 1626214590, 'active'),
(22, 996, 1997, NULL, 5, 5, 5, 5, '5', 'The course covers all the basics required along with applications which gives the learner a high level of exposure in python programming.\r\n\r\nI liked the way the course is explained ie, by showing the errors and how to correct them. This enables the learner to debug issues on his own.\r\n\r\nKeep up the good work.', 1626214647, 'active'),
(24, 996, 1995, NULL, 5, 5, 5, 5, '5', 'Very clear and entertaining course, made me feel prepared to take the next step in my journey to become a product manager! 10/10 would totally recomend.', 1626214849, 'active'),
(25, 995, 2005, NULL, 5, 4, 4, 4, '4.25', 'Has some previous experience. But wanted to further develop this knowledge and chose to do it thoroughly. So this course definitely feels right to me.', 1626232945, 'active'),
(26, 995, 2004, NULL, 2, 2, 3, 3, '2.5', 'Didn\'t have the expert deliver the information. Heavily political bashing. Full disaster and scare rather than being leveled and focused on the science.', 1626233054, 'active'),
(27, 995, 2001, NULL, 2, 3, 3, 3, '2.75', 'this last lecture about controller and routing didnt worked for me. Second page is not loading even after taking uploaded resources.', 1626233222, 'active'),
(28, 995, 1995, NULL, 3, 4, 4, 4, '3.75', 'The course is completely worth. The instructors gave practical instances and interviewed two successful PMs. In short it taught me all the necessities. The resource PDF is treasure.', 1626233313, 'active'),
(29, 995, 1999, NULL, 4, 4, 4, 3, '3.75', 'Good Course, It has good tips and information, it is important to apply these on your day-to-day to make sure that you get the best of it. Liked the summary slides.', 1626233413, 'active'),
(30, 995, 2002, NULL, 5, 5, 5, 5, '5', 'The instructor is very clear in his teaching and he makes it so simple for anyone to understand what he is teaching. I\'m glad I chose him to take this course.', 1626283457, 'active'),
(31, 979, 2002, NULL, 5, 5, 5, 5, '5', 'Personally I love fitness and wanted to gain more knowledge because I love to workout and also help people get in shape and I found the right course. It\'s amazing and I am learning a lot.', 1626283559, 'active'),
(32, 996, 2000, NULL, 5, 5, 5, 5, '5', 'Great course, concise and to the point. Realized how much time I have been wasting. Tried some of the concept mentioned in this course from other readings before but the framework provided here to create a sustainable environment/process for success was the missing piece to keep things from falling apart soon after starting.', 1626508980, 'active'),
(33, 979, 2009, NULL, 5, 5, 5, 5, '5', 'It was a perfect Course.\r\nThank Robert :)', 1646254621, 'active'),
(34, 995, 2008, NULL, 5, 5, 5, 5, '5', 'It was an excellent course. I hope to see more courses from this teacher in the future.', 1646352833, 'active'),
(35, 1015, 1995, NULL, 5, 5, 5, 5, '5', 'This course was perfect.', 1646413440, 'active'),
(36, 996, 2010, NULL, 4, 4, 4, 4, '4', 'Perfect course.\r\nI recommend this course to everyone.\r\nRegards.', 1655875572, 'active'),
(37, 930, NULL, 1, 5, 5, 5, 5, '5', 'It was perfect. I learned all the key points of Office with this bundle.', 1656083380, 'active'),
(38, 995, 2007, NULL, 5, 5, 5, 5, '5', 'I recommend this course to everyone.', 1656103090, 'active'),
(39, 996, 2003, NULL, 5, 5, 5, 5, '5', 'It was a perfect course.\r\nI recommend it to everyone.', 1656130561, 'active'),
(40, 979, NULL, 3, 5, 5, 5, 5, '5', 'I really enjoyed this course. The explanations were very detailed and clear. Nice job on the course! Also, lots of extra materials and bonus classes you can learn from too.', 1656139761, 'active'),
(41, 979, NULL, 2, 5, 5, 4, 5, '4.75', 'The course was great, nice explanation.', 1656139787, 'active'),
(42, 995, 2018, NULL, 5, 3, 4, 2, '3.5', 'spuer formation', 1682273759, 'active'),
(43, 995, 2003, NULL, 1, 4, 5, 4, '3.5', 'gooddd', 1682872641, 'pending'),
(44, 1015, 2008, NULL, 1, 1, 1, 1, '1', 'sx', 1693382964, 'pending');

-- --------------------------------------------------------

--
-- Structure de la table `webinar_translations`
--

CREATE TABLE `webinar_translations` (
  `id` bigint UNSIGNED NOT NULL,
  `webinar_id` int UNSIGNED NOT NULL,
  `locale` varchar(255) COLLATE utf8mb4_unicode_ci NOT NULL,
  `title` varchar(255) COLLATE utf8mb4_unicode_ci NOT NULL,
  `seo_description` text COLLATE utf8mb4_unicode_ci,
  `description` longtext COLLATE utf8mb4_unicode_ci
) ENGINE=InnoDB DEFAULT CHARSET=utf8mb4 COLLATE=utf8mb4_unicode_ci;

--
-- Déchargement des données de la table `webinar_translations`
--

INSERT INTO `webinar_translations` (`id`, `webinar_id`, `locale`, `title`, `seo_description`, `description`) VALUES
(101, 2074, 'ar', 'aze', NULL, NULL),
(102, 2075, 'ar', 'aze', NULL, NULL),
(103, 2076, 'ar', 'azeaze', NULL, NULL),
(104, 2077, 'ar', 'test', NULL, NULL),
(105, 2078, 'ar', 'dw', NULL, NULL),
(106, 2079, 'ar', 'cours1', NULL, NULL),
(107, 2080, 'ar', 'new cours', NULL, NULL),
(108, 2081, 'ar', 'ddddddddddddddddddddddddd', NULL, NULL),
(109, 2082, 'ar', 'ar', NULL, NULL),
(110, 2083, 'ar', 'aze', NULL, NULL),
(111, 2084, 'ar', 'azeaze', NULL, NULL),
(112, 2085, 'ar', 'azeaze', 'azeaze', NULL),
(113, 2086, 'ar', 'azeaze', NULL, NULL),
(114, 2087, 'ar', 'azeazeaze', NULL, NULL),
(115, 2088, 'ar', 'aze', NULL, NULL),
(116, 2089, 'ar', 'aze', NULL, NULL),
(117, 2090, 'ar', 'azeaze', NULL, NULL),
(118, 2091, 'ar', 'title', NULL, NULL),
(119, 2092, 'ar', ',jvkjdhv', NULL, NULL),
(120, 2100, 'ar', 'aze', NULL, NULL),
(121, 2101, 'ar', 'n,h', NULL, NULL),
(122, 2102, 'ar', 'n,h', 'dfgf', NULL),
(123, 2103, 'ar', 'bsdjbsjd', 'cvsdvsdvcsdvc', NULL),
(124, 2104, 'ar', 'درس عمليّة الضرب', NULL, NULL),
(125, 2105, 'ar', 'gdsedvw x', NULL, NULL),
(126, 2106, 'ar', 'gregregtr', 'tgrtgr', NULL),
(127, 2107, 'ar', 'dars jadid', 'kukuku', NULL),
(128, 2108, 'ar', 'Unit 5 : Food and drinks', NULL, NULL),
(129, 2109, 'ar', 'correction de production orale', NULL, NULL),
(130, 2110, 'ar', 'dars 1', NULL, NULL),
(131, 2111, 'ar', 'eeeeeeeeeeeeeeeee', NULL, NULL),
(132, 2112, 'ar', 'aze', 'test', NULL),
(133, 2113, 'ar', 'aze', NULL, NULL),
(134, 2114, 'ar', 'aze', NULL, NULL),
(135, 2115, 'ar', 'aze', NULL, NULL),
(136, 2116, 'ar', 'aze', NULL, NULL),
(137, 2117, 'ar', 'jfhfhnfhn', NULL, NULL),
(138, 2118, 'ar', 'k,ujnybh', 'yjnhb', NULL),
(139, 2119, 'ar', 'fgrt', NULL, NULL),
(140, 2120, 'ar', 'lesson', NULL, NULL),
(141, 2121, 'ar', '!jfdlkjbfkjbfdklbjflkjbflkjbfrg', NULL, NULL),
(142, 2123, 'ar', 'azeaze', NULL, NULL),
(143, 2124, 'ar', 'الأعداد من 0 إلى 99 - مقارنة ترتيبا تفكيكا و تركيبا', NULL, '<p>00000000000</p>'),
(144, 2125, 'ar', 'درس في العربية', NULL, '<p>azeaze</p>'),
(145, 2126, 'ar', 'azeaze', NULL, NULL),
(146, 2127, 'ar', 'fbfb', NULL, NULL),
(147, 2128, 'ar', 'جسم الإنسان', NULL, NULL),
(148, 2129, 'ar', 'gngtn', NULL, NULL),
(149, 2130, 'ar', 'bfdbf', NULL, NULL),
(150, 2131, 'ar', 'الوحدة رقم 1', NULL, NULL),
(151, 2132, 'ar', 'fbfbr', NULL, NULL),
(152, 2133, 'ar', 'dfgfd', NULL, '<p>gfvcv&nbsp;</p>'),
(153, 2134, 'ar', 'test', NULL, NULL),
(154, 2135, 'ar', 'lecture', NULL, NULL),
(155, 2136, 'ar', 'dfghj', NULL, NULL),
(156, 2137, 'ar', 'الأعداد العشرية', NULL, NULL),
(157, 2138, 'ar', 'aze', NULL, NULL),
(158, 2139, 'ar', 'mkjjpmjmmjk', NULL, NULL),
(159, 2140, 'ar', 'aze', NULL, NULL),
(160, 2141, 'ar', 'vebre', NULL, NULL),
(161, 2142, 'ar', 'rgrgrgr', NULL, NULL),
(162, 2143, 'ar', 'llllllllll', NULL, NULL),
(163, 2144, 'ar', 'ergrgr', NULL, NULL),
(164, 2145, 'ar', 'fhtrhtr', NULL, NULL),
(165, 2146, 'ar', 'grgre', NULL, NULL),
(166, 2147, 'ar', 'dvdvef', NULL, NULL),
(167, 2148, 'ar', 'test', NULL, NULL),
(168, 2149, 'ar', 'test', NULL, NULL),
(169, 2150, 'ar', 'aze', NULL, NULL),
(170, 2151, 'ar', 'test', NULL, '<p>dvdsvds</p>'),
(171, 2152, 'ar', 'gezgre', NULL, '<p>vfdc</p>'),
(172, 2153, 'ar', 'gdvd', NULL, NULL),
(173, 2154, 'ar', 'dbfbf', NULL, NULL),
(174, 2155, 'ar', 'azerty', NULL, NULL),
(175, 2156, 'ar', 'azertyu', NULL, NULL),
(176, 2157, 'ar', 'azertyu', NULL, NULL),
(177, 2158, 'ar', 'aaa', NULL, NULL),
(178, 2159, 'ar', 'الْفِعُلُ الْمَاضِي', NULL, NULL),
(179, 2160, 'ar', 'ضمائر الجر', NULL, NULL),
(180, 2161, 'ar', 'المجموعة الفارغة', NULL, NULL),
(181, 2162, 'ar', 'برقرقبر', NULL, NULL),
(182, 2163, 'ar', 'ؤؤؤؤؤؤؤؤؤؤؤؤؤ', NULL, NULL),
(183, 2164, 'ar', 'jjg', NULL, NULL),
(184, 2165, 'ar', 'dbgn', NULL, '<p>fhhgf</p>'),
(185, 2166, 'ar', 'voyage', NULL, NULL),
(186, 2167, 'ar', 'حرف التاء', NULL, NULL),
(187, 2168, 'ar', 'JHGFDS', NULL, NULL),
(188, 2171, 'ar', 'JFHG', NULL, NULL),
(189, 2172, 'ar', 'HGFJ', NULL, NULL),
(190, 2173, 'ar', 'dvvd', NULL, NULL),
(191, 2174, 'ar', 'test', NULL, NULL),
(192, 2175, 'ar', 'تقديم الخبر على المبتدأ', NULL, NULL),
(193, 2176, 'ar', 'dvfd', NULL, NULL),
(194, 2177, 'ar', 'correction d\'évaluation', NULL, NULL),
(195, 2178, 'ar', 'Sauver la nature', NULL, NULL),
(196, 2179, 'ar', 'درس في الرّياضيّات', NULL, NULL),
(197, 2180, 'ar', 'درس جديد', NULL, NULL),
(198, 2181, 'ar', 'aze', NULL, NULL),
(199, 2182, 'ar', 'azeaz', NULL, NULL),
(200, 2183, 'ar', 'tt', NULL, NULL),
(201, 2184, 'ar', 'titre chapiter', NULL, NULL),
(202, 2185, 'ar', 'lumière', NULL, NULL),
(203, 2186, 'ar', 'تونس زهرة رحومة', NULL, NULL),
(204, 2187, 'ar', '3onweeeen', NULL, NULL);

--
-- Index pour les tables déchargées
--

--
-- Index pour la table `accounting`
--
ALTER TABLE `accounting`
  ADD PRIMARY KEY (`id`) USING BTREE,
  ADD KEY `id` (`id`) USING BTREE,
  ADD KEY `user_id` (`user_id`) USING BTREE,
  ADD KEY `webinar_id` (`webinar_id`) USING BTREE,
  ADD KEY `meeting_time_id` (`meeting_time_id`) USING BTREE,
  ADD KEY `subscribe_id` (`subscribe_id`) USING BTREE,
  ADD KEY `promotion_id` (`promotion_id`) USING BTREE;

--
-- Index pour la table `advertising_banners`
--
ALTER TABLE `advertising_banners`
  ADD PRIMARY KEY (`id`) USING BTREE;

--
-- Index pour la table `advertising_banners_translations`
--
ALTER TABLE `advertising_banners_translations`
  ADD PRIMARY KEY (`id`),
  ADD KEY `advertising_banners_translations_advertising_banner_id_foreign` (`advertising_banner_id`),
  ADD KEY `advertising_banners_translations_locale_index` (`locale`);

--
-- Index pour la table `affiliates`
--
ALTER TABLE `affiliates`
  ADD PRIMARY KEY (`id`),
  ADD KEY `affiliates_affiliate_user_id_foreign` (`affiliate_user_id`),
  ADD KEY `affiliates_referred_user_id_foreign` (`referred_user_id`);

--
-- Index pour la table `affiliates_codes`
--
ALTER TABLE `affiliates_codes`
  ADD PRIMARY KEY (`id`),
  ADD UNIQUE KEY `affiliates_codes_code_unique` (`code`),
  ADD KEY `affiliates_codes_user_id_foreign` (`user_id`);

--
-- Index pour la table `agora_history`
--
ALTER TABLE `agora_history`
  ADD PRIMARY KEY (`id`),
  ADD KEY `agora_history_session_id_foreign` (`session_id`);

--
-- Index pour la table `amel`
--
ALTER TABLE `amel`
  ADD PRIMARY KEY (`id`);

--
-- Index pour la table `badges`
--
ALTER TABLE `badges`
  ADD PRIMARY KEY (`id`) USING BTREE,
  ADD KEY `badges_type_index` (`type`) USING BTREE;

--
-- Index pour la table `badge_translations`
--
ALTER TABLE `badge_translations`
  ADD PRIMARY KEY (`id`),
  ADD KEY `badge_translations_badge_id_foreign` (`badge_id`),
  ADD KEY `badge_translations_locale_index` (`locale`);

--
-- Index pour la table `become_instructors`
--
ALTER TABLE `become_instructors`
  ADD PRIMARY KEY (`id`) USING BTREE,
  ADD KEY `become_instructors_user_id_foreign` (`user_id`) USING BTREE;

--
-- Index pour la table `blog`
--
ALTER TABLE `blog`
  ADD PRIMARY KEY (`id`) USING BTREE,
  ADD KEY `blog_category_id_foreign` (`category_id`) USING BTREE,
  ADD KEY `slug` (`slug`) USING BTREE;

--
-- Index pour la table `blog_categories`
--
ALTER TABLE `blog_categories`
  ADD PRIMARY KEY (`id`) USING BTREE;

--
-- Index pour la table `blog_translations`
--
ALTER TABLE `blog_translations`
  ADD PRIMARY KEY (`id`),
  ADD UNIQUE KEY `blog_translations_blog_id_locale_unique` (`blog_id`,`locale`),
  ADD KEY `blog_translations_locale_index` (`locale`);

--
-- Index pour la table `bundles`
--
ALTER TABLE `bundles`
  ADD PRIMARY KEY (`id`),
  ADD KEY `bundles_creator_id_foreign` (`creator_id`),
  ADD KEY `bundles_teacher_id_foreign` (`teacher_id`),
  ADD KEY `bundles_category_id_foreign` (`category_id`),
  ADD KEY `bundles_slug_index` (`slug`);

--
-- Index pour la table `bundle_filter_option`
--
ALTER TABLE `bundle_filter_option`
  ADD PRIMARY KEY (`id`),
  ADD KEY `bundle_filter_option_bundle_id_foreign` (`bundle_id`),
  ADD KEY `bundle_filter_option_filter_option_id_foreign` (`filter_option_id`);

--
-- Index pour la table `bundle_translations`
--
ALTER TABLE `bundle_translations`
  ADD PRIMARY KEY (`id`),
  ADD KEY `bundle_translations_bundle_id_foreign` (`bundle_id`),
  ADD KEY `bundle_translations_locale_index` (`locale`);

--
-- Index pour la table `bundle_webinars`
--
ALTER TABLE `bundle_webinars`
  ADD PRIMARY KEY (`id`),
  ADD KEY `bundle_webinars_bundle_id_foreign` (`bundle_id`),
  ADD KEY `bundle_webinars_webinar_id_foreign` (`webinar_id`);

--
-- Index pour la table `cache`
--
ALTER TABLE `cache`
  ADD UNIQUE KEY `cache_key_unique` (`key`);

--
-- Index pour la table `cart`
--
ALTER TABLE `cart`
  ADD PRIMARY KEY (`id`) USING BTREE,
  ADD KEY `cart_creator_id_foreign` (`creator_id`) USING BTREE,
  ADD KEY `cart_webinar_id_foreign` (`webinar_id`) USING BTREE,
  ADD KEY `cart_ticket_id_foreign` (`ticket_id`) USING BTREE,
  ADD KEY `cart_reserve_meeting_id_foreign` (`reserve_meeting_id`) USING BTREE,
  ADD KEY `cart_subscribe_id_foreign` (`subscribe_id`) USING BTREE,
  ADD KEY `cart_promotion_id_foreign` (`promotion_id`) USING BTREE,
  ADD KEY `cart_special_offer_id_foreign` (`special_offer_id`),
  ADD KEY `cart_product_order_id_foreign` (`product_order_id`),
  ADD KEY `cart_product_discount_id_foreign` (`product_discount_id`),
  ADD KEY `cart_bundle_id_foreign` (`bundle_id`);

--
-- Index pour la table `categories`
--
ALTER TABLE `categories`
  ADD PRIMARY KEY (`id`) USING BTREE,
  ADD KEY `parent_id` (`parent_id`) USING BTREE;

--
-- Index pour la table `category_translations`
--
ALTER TABLE `category_translations`
  ADD PRIMARY KEY (`id`),
  ADD KEY `category_translations_category_id_foreign` (`category_id`),
  ADD KEY `category_translations_locale_index` (`locale`);

--
-- Index pour la table `certificates`
--
ALTER TABLE `certificates`
  ADD PRIMARY KEY (`id`) USING BTREE,
  ADD KEY `certificates_quiz_id_foreign` (`quiz_id`) USING BTREE,
  ADD KEY `certificates_quiz_result_id_foreign` (`quiz_result_id`) USING BTREE,
  ADD KEY `certificates_student_id_foreign` (`student_id`) USING BTREE,
  ADD KEY `certificates_webinar_id_foreign` (`webinar_id`);

--
-- Index pour la table `certificates_templates`
--
ALTER TABLE `certificates_templates`
  ADD PRIMARY KEY (`id`) USING BTREE;

--
-- Index pour la table `certificate_template_translations`
--
ALTER TABLE `certificate_template_translations`
  ADD PRIMARY KEY (`id`),
  ADD KEY `certificate_template_id` (`certificate_template_id`),
  ADD KEY `certificate_template_translations_locale_index` (`locale`);

--
-- Index pour la table `comments`
--
ALTER TABLE `comments`
  ADD PRIMARY KEY (`id`) USING BTREE,
  ADD KEY `comments_webinar_id_foreign` (`webinar_id`) USING BTREE,
  ADD KEY `comments_user_id_foreign` (`user_id`) USING BTREE,
  ADD KEY `comments_review_id_foreign` (`review_id`) USING BTREE,
  ADD KEY `comments_reply_id_foreign` (`reply_id`) USING BTREE,
  ADD KEY `comments_product_id_foreign` (`product_id`),
  ADD KEY `comments_bundle_id_foreign` (`bundle_id`);

--
-- Index pour la table `comments_reports`
--
ALTER TABLE `comments_reports`
  ADD PRIMARY KEY (`id`) USING BTREE,
  ADD KEY `comments_reports_comment_id_foreign` (`comment_id`) USING BTREE,
  ADD KEY `comments_reports_product_id_foreign` (`product_id`);

--
-- Index pour la table `contacts`
--
ALTER TABLE `contacts`
  ADD PRIMARY KEY (`id`) USING BTREE;

--
-- Index pour la table `course_forums`
--
ALTER TABLE `course_forums`
  ADD PRIMARY KEY (`id`),
  ADD KEY `course_forums_webinar_id_foreign` (`webinar_id`),
  ADD KEY `course_forums_user_id_foreign` (`user_id`);

--
-- Index pour la table `course_forum_answers`
--
ALTER TABLE `course_forum_answers`
  ADD PRIMARY KEY (`id`),
  ADD KEY `course_forum_answers_user_id_foreign` (`user_id`),
  ADD KEY `course_forum_answers_forum_id_foreign` (`forum_id`);

--
-- Index pour la table `course_learning`
--
ALTER TABLE `course_learning`
  ADD PRIMARY KEY (`id`),
  ADD KEY `course_learning_user_id_foreign` (`user_id`),
  ADD KEY `course_learning_text_lesson_id_foreign` (`text_lesson_id`),
  ADD KEY `course_learning_file_id_foreign` (`file_id`),
  ADD KEY `course_learning_session_id_foreign` (`session_id`);

--
-- Index pour la table `course_noticeboards`
--
ALTER TABLE `course_noticeboards`
  ADD PRIMARY KEY (`id`),
  ADD KEY `course_noticeboards_creator_id_foreign` (`creator_id`),
  ADD KEY `course_noticeboards_webinar_id_foreign` (`webinar_id`);

--
-- Index pour la table `course_noticeboard_status`
--
ALTER TABLE `course_noticeboard_status`
  ADD PRIMARY KEY (`id`),
  ADD KEY `course_noticeboard_status_noticeboard_id_foreign` (`noticeboard_id`);

--
-- Index pour la table `delete_account_requests`
--
ALTER TABLE `delete_account_requests`
  ADD PRIMARY KEY (`id`),
  ADD KEY `delete_account_requests_user_id_foreign` (`user_id`);

--
-- Index pour la table `discounts`
--
ALTER TABLE `discounts`
  ADD PRIMARY KEY (`id`) USING BTREE,
  ADD UNIQUE KEY `discounts_code_unique` (`code`),
  ADD KEY `discounts_creator_id_foreign` (`creator_id`) USING BTREE;

--
-- Index pour la table `discount_categories`
--
ALTER TABLE `discount_categories`
  ADD PRIMARY KEY (`id`),
  ADD KEY `discount_categories_discount_id_foreign` (`discount_id`),
  ADD KEY `discount_categories_category_id_foreign` (`category_id`);

--
-- Index pour la table `discount_courses`
--
ALTER TABLE `discount_courses`
  ADD PRIMARY KEY (`id`),
  ADD KEY `discount_courses_discount_id_foreign` (`discount_id`),
  ADD KEY `discount_courses_course_id_foreign` (`course_id`);

--
-- Index pour la table `discount_groups`
--
ALTER TABLE `discount_groups`
  ADD PRIMARY KEY (`id`),
  ADD KEY `discount_groups_discount_id_foreign` (`discount_id`),
  ADD KEY `discount_groups_group_id_foreign` (`group_id`);

--
-- Index pour la table `discount_users`
--
ALTER TABLE `discount_users`
  ADD PRIMARY KEY (`id`) USING BTREE,
  ADD KEY `discount_users_discount_id_foreign` (`discount_id`) USING BTREE,
  ADD KEY `discount_users_user_id_foreign` (`user_id`) USING BTREE;

--
-- Index pour la table `documents`
--
ALTER TABLE `documents`
  ADD PRIMARY KEY (`id`),
  ADD KEY `manuel_id_foreign` (`manuel_id`);

--
-- Index pour la table `enfant`
--
ALTER TABLE `enfant`
  ADD PRIMARY KEY (`id`),
  ADD KEY `enfant_parent_id_foreign` (`parent_id`),
  ADD KEY `enfant_level_id_foreign` (`level_id`),
  ADD KEY `enfant_user_id_foreign` (`user_id`);

--
-- Index pour la table `example`
--
ALTER TABLE `example`
  ADD PRIMARY KEY (`id`);

--
-- Index pour la table `faqs`
--
ALTER TABLE `faqs`
  ADD PRIMARY KEY (`id`) USING BTREE,
  ADD KEY `faqs_webinar_id_foreign` (`webinar_id`) USING BTREE,
  ADD KEY `faqs_creator_id_foreign` (`creator_id`) USING BTREE,
  ADD KEY `faqs_bundle_id_foreign` (`bundle_id`);

--
-- Index pour la table `faq_translations`
--
ALTER TABLE `faq_translations`
  ADD PRIMARY KEY (`id`),
  ADD KEY `faq_translations_faq_id_foreign` (`faq_id`),
  ADD KEY `faq_translations_locale_index` (`locale`);

--
-- Index pour la table `favorites`
--
ALTER TABLE `favorites`
  ADD PRIMARY KEY (`id`) USING BTREE,
  ADD KEY `favorites_webinar_id_foreign` (`webinar_id`) USING BTREE,
  ADD KEY `favorites_user_id_foreign` (`user_id`) USING BTREE,
  ADD KEY `favorites_bundle_id_foreign` (`bundle_id`);

--
-- Index pour la table `feature_webinars`
--
ALTER TABLE `feature_webinars`
  ADD PRIMARY KEY (`id`) USING BTREE,
  ADD KEY `feature_webinars_webinar_id_index` (`webinar_id`) USING BTREE;

--
-- Index pour la table `feature_webinar_translations`
--
ALTER TABLE `feature_webinar_translations`
  ADD PRIMARY KEY (`id`),
  ADD KEY `feature_webinar_translations_feature_webinar_id_foreign` (`feature_webinar_id`),
  ADD KEY `feature_webinar_translations_locale_index` (`locale`);

--
-- Index pour la table `files`
--
ALTER TABLE `files`
  ADD PRIMARY KEY (`id`) USING BTREE,
  ADD KEY `files_webinar_id_foreign` (`webinar_id`) USING BTREE,
  ADD KEY `files_creator_id_foreign` (`creator_id`) USING BTREE,
  ADD KEY `files_chapter_id_foreign` (`chapter_id`);

--
-- Index pour la table `file_translations`
--
ALTER TABLE `file_translations`
  ADD PRIMARY KEY (`id`),
  ADD KEY `file_translations_file_id_foreign` (`file_id`),
  ADD KEY `file_translations_locale_index` (`locale`);

--
-- Index pour la table `filters`
--
ALTER TABLE `filters`
  ADD PRIMARY KEY (`id`) USING BTREE,
  ADD KEY `filters_category_id_foreign` (`category_id`) USING BTREE;

--
-- Index pour la table `filter_options`
--
ALTER TABLE `filter_options`
  ADD PRIMARY KEY (`id`) USING BTREE,
  ADD KEY `filter_options_filter_id_foreign` (`filter_id`) USING BTREE;

--
-- Index pour la table `filter_option_translations`
--
ALTER TABLE `filter_option_translations`
  ADD PRIMARY KEY (`id`),
  ADD KEY `filter_option_translations_filter_option_id_foreign` (`filter_option_id`),
  ADD KEY `filter_option_translations_locale_index` (`locale`);

--
-- Index pour la table `filter_translations`
--
ALTER TABLE `filter_translations`
  ADD PRIMARY KEY (`id`),
  ADD KEY `filter_translations_filter_id_foreign` (`filter_id`),
  ADD KEY `filter_translations_locale_index` (`locale`);

--
-- Index pour la table `follows`
--
ALTER TABLE `follows`
  ADD PRIMARY KEY (`id`) USING BTREE,
  ADD KEY `follows_follower_foreign` (`follower`) USING BTREE,
  ADD KEY `follows_user_id_foreign` (`user_id`) USING BTREE;

--
-- Index pour la table `forums`
--
ALTER TABLE `forums`
  ADD PRIMARY KEY (`id`),
  ADD UNIQUE KEY `forums_slug_unique` (`slug`),
  ADD KEY `forums_role_id_foreign` (`role_id`),
  ADD KEY `forums_group_id_foreign` (`group_id`);

--
-- Index pour la table `forum_featured_topics`
--
ALTER TABLE `forum_featured_topics`
  ADD PRIMARY KEY (`id`),
  ADD KEY `forum_featured_topics_topic_id_foreign` (`topic_id`);

--
-- Index pour la table `forum_recommended_topics`
--
ALTER TABLE `forum_recommended_topics`
  ADD PRIMARY KEY (`id`);

--
-- Index pour la table `forum_recommended_topic_items`
--
ALTER TABLE `forum_recommended_topic_items`
  ADD PRIMARY KEY (`id`),
  ADD KEY `forum_recommended_topic_items_recommended_topic_id_foreign` (`recommended_topic_id`),
  ADD KEY `forum_recommended_topic_items_topic_id_foreign` (`topic_id`);

--
-- Index pour la table `forum_topics`
--
ALTER TABLE `forum_topics`
  ADD PRIMARY KEY (`id`),
  ADD UNIQUE KEY `forum_topics_slug_unique` (`slug`),
  ADD KEY `forum_topics_creator_id_foreign` (`creator_id`),
  ADD KEY `forum_topics_forum_id_foreign` (`forum_id`);

--
-- Index pour la table `forum_topic_attachments`
--
ALTER TABLE `forum_topic_attachments`
  ADD PRIMARY KEY (`id`),
  ADD KEY `forum_topic_attachments_topic_id_foreign` (`topic_id`),
  ADD KEY `forum_topic_attachments_creator_id_foreign` (`creator_id`);

--
-- Index pour la table `forum_topic_bookmarks`
--
ALTER TABLE `forum_topic_bookmarks`
  ADD PRIMARY KEY (`id`),
  ADD KEY `forum_topic_bookmarks_user_id_foreign` (`user_id`),
  ADD KEY `forum_topic_bookmarks_topic_id_foreign` (`topic_id`);

--
-- Index pour la table `forum_topic_likes`
--
ALTER TABLE `forum_topic_likes`
  ADD PRIMARY KEY (`id`),
  ADD KEY `forum_topic_likes_user_id_foreign` (`user_id`),
  ADD KEY `forum_topic_likes_topic_id_foreign` (`topic_id`),
  ADD KEY `forum_topic_likes_topic_post_id_foreign` (`topic_post_id`);

--
-- Index pour la table `forum_topic_posts`
--
ALTER TABLE `forum_topic_posts`
  ADD PRIMARY KEY (`id`),
  ADD KEY `forum_topic_posts_user_id_foreign` (`user_id`),
  ADD KEY `forum_topic_posts_topic_id_foreign` (`topic_id`),
  ADD KEY `forum_topic_posts_parent_id_foreign` (`parent_id`);

--
-- Index pour la table `forum_topic_reports`
--
ALTER TABLE `forum_topic_reports`
  ADD PRIMARY KEY (`id`),
  ADD KEY `forum_topic_reports_user_id_foreign` (`user_id`),
  ADD KEY `forum_topic_reports_topic_id_foreign` (`topic_id`),
  ADD KEY `forum_topic_reports_topic_post_id_foreign` (`topic_post_id`);

--
-- Index pour la table `forum_translations`
--
ALTER TABLE `forum_translations`
  ADD PRIMARY KEY (`id`),
  ADD KEY `forum_translations_forum_id_foreign` (`forum_id`),
  ADD KEY `forum_translations_locale_index` (`locale`);

--
-- Index pour la table `groups`
--
ALTER TABLE `groups`
  ADD PRIMARY KEY (`id`) USING BTREE,
  ADD KEY `groups_creator_id_foreign` (`creator_id`) USING BTREE;

--
-- Index pour la table `groups_registration_packages`
--
ALTER TABLE `groups_registration_packages`
  ADD PRIMARY KEY (`id`),
  ADD KEY `groups_registration_packages_group_id_foreign` (`group_id`);

--
-- Index pour la table `group_users`
--
ALTER TABLE `group_users`
  ADD PRIMARY KEY (`id`) USING BTREE,
  ADD KEY `group_users_group_id_foreign` (`group_id`) USING BTREE,
  ADD KEY `group_users_user_id_foreign` (`user_id`) USING BTREE;

--
-- Index pour la table `home_sections`
--
ALTER TABLE `home_sections`
  ADD PRIMARY KEY (`id`),
  ADD KEY `home_sections_name_index` (`name`);

--
-- Index pour la table `home_videos`
--
ALTER TABLE `home_videos`
  ADD PRIMARY KEY (`id`);

--
-- Index pour la table `jazzcash_transactions`
--
ALTER TABLE `jazzcash_transactions`
  ADD PRIMARY KEY (`id`);

--
-- Index pour la table `likes`
--
ALTER TABLE `likes`
  ADD PRIMARY KEY (`id`),
  ADD UNIQUE KEY `likes_user_id_video_id_unique` (`user_id`,`video_id`),
  ADD KEY `likes_video_id_foreign` (`video_id`);

--
-- Index pour la table `manuels`
--
ALTER TABLE `manuels`
  ADD PRIMARY KEY (`id`),
  ADD KEY `material_id_foreign` (`material_id`);

--
-- Index pour la table `materials`
--
ALTER TABLE `materials`
  ADD PRIMARY KEY (`id`),
  ADD KEY `materials_section_id_foreign` (`section_id`);

--
-- Index pour la table `meetings`
--
ALTER TABLE `meetings`
  ADD PRIMARY KEY (`id`) USING BTREE,
  ADD KEY `meetings_creator_id_foreign` (`teacher_id`) USING BTREE;

--
-- Index pour la table `meeting_files`
--
ALTER TABLE `meeting_files`
  ADD PRIMARY KEY (`id`),
  ADD KEY `meeting_files_meeting_id_foreign` (`meeting_id`);

--
-- Index pour la table `meeting_times`
--
ALTER TABLE `meeting_times`
  ADD PRIMARY KEY (`id`) USING BTREE,
  ADD KEY `meeting_times_meeting_id_foreign` (`meeting_id`) USING BTREE,
  ADD KEY `meeting_times_level_id_foreign` (`level_id`),
  ADD KEY `meeting_times_matiere_id_foreign` (`matiere_id`),
  ADD KEY `meeting_times_submaterial_id_foreign` (`submaterial_id`);

--
-- Index pour la table `migrations`
--
ALTER TABLE `migrations`
  ADD PRIMARY KEY (`id`) USING BTREE;

--
-- Index pour la table `navbar_buttons`
--
ALTER TABLE `navbar_buttons`
  ADD PRIMARY KEY (`id`),
  ADD KEY `navbar_buttons_role_id_foreign` (`role_id`);

--
-- Index pour la table `navbar_button_translations`
--
ALTER TABLE `navbar_button_translations`
  ADD PRIMARY KEY (`id`),
  ADD KEY `navbar_button_translations_navbar_button_id_foreign` (`navbar_button_id`),
  ADD KEY `navbar_button_translations_locale_index` (`locale`);

--
-- Index pour la table `newsletters`
--
ALTER TABLE `newsletters`
  ADD PRIMARY KEY (`id`);

--
-- Index pour la table `newsletters_history`
--
ALTER TABLE `newsletters_history`
  ADD PRIMARY KEY (`id`);

--
-- Index pour la table `noticeboards`
--
ALTER TABLE `noticeboards`
  ADD PRIMARY KEY (`id`),
  ADD KEY `noticeboards_organ_id_foreign` (`organ_id`),
  ADD KEY `noticeboards_user_id_foreign` (`user_id`),
  ADD KEY `noticeboards_instructor_id_foreign` (`instructor_id`),
  ADD KEY `noticeboards_webinar_id_foreign` (`webinar_id`);

--
-- Index pour la table `noticeboards_status`
--
ALTER TABLE `noticeboards_status`
  ADD PRIMARY KEY (`id`),
  ADD KEY `noticeboards_status_noticeboard_id_foreign` (`noticeboard_id`);

--
-- Index pour la table `notifications`
--
ALTER TABLE `notifications`
  ADD PRIMARY KEY (`id`) USING BTREE,
  ADD KEY `notifications_user_id_foreign` (`user_id`) USING BTREE,
  ADD KEY `notifications_group_id_foreign` (`group_id`) USING BTREE;

--
-- Index pour la table `notifications_status`
--
ALTER TABLE `notifications_status`
  ADD PRIMARY KEY (`id`) USING BTREE,
  ADD KEY `notifications_status_notification_id_foreign` (`notification_id`) USING BTREE;

--
-- Index pour la table `notification_templates`
--
ALTER TABLE `notification_templates`
  ADD PRIMARY KEY (`id`) USING BTREE;

--
-- Index pour la table `offline_payments`
--
ALTER TABLE `offline_payments`
  ADD PRIMARY KEY (`id`) USING BTREE,
  ADD KEY `offline_payments_user_id_foreign` (`user_id`) USING BTREE;

--
-- Index pour la table `options`
--
ALTER TABLE `options`
  ADD PRIMARY KEY (`id`);

--
-- Index pour la table `orders`
--
ALTER TABLE `orders`
  ADD PRIMARY KEY (`id`) USING BTREE,
  ADD KEY `orders_user_id_foreign` (`user_id`) USING BTREE;

--
-- Index pour la table `order_items`
--
ALTER TABLE `order_items`
  ADD PRIMARY KEY (`id`) USING BTREE,
  ADD KEY `order_items_order_id_foreign` (`order_id`) USING BTREE,
  ADD KEY `order_items_webinar_id_foreign` (`webinar_id`) USING BTREE,
  ADD KEY `order_items_ticket_id_foreign` (`ticket_id`) USING BTREE,
  ADD KEY `order_items_reserve_meeting_id_foreign` (`reserve_meeting_id`) USING BTREE,
  ADD KEY `order_items_subscribe_id_foreign` (`subscribe_id`) USING BTREE,
  ADD KEY `order_items_promotion_id_foreign` (`promotion_id`) USING BTREE;

--
-- Index pour la table `pages`
--
ALTER TABLE `pages`
  ADD PRIMARY KEY (`id`),
  ADD UNIQUE KEY `pages_link_unique` (`link`);

--
-- Index pour la table `page_translations`
--
ALTER TABLE `page_translations`
  ADD PRIMARY KEY (`id`),
  ADD KEY `page_translations_page_id_foreign` (`page_id`),
  ADD KEY `page_translations_locale_index` (`locale`);

--
-- Index pour la table `password_resets`
--
ALTER TABLE `password_resets`
  ADD KEY `password_resets_email_index` (`email`) USING BTREE;

--
-- Index pour la table `payku_payments`
--
ALTER TABLE `payku_payments`
  ADD UNIQUE KEY `payku_payments_transaction_id_unique` (`transaction_id`);

--
-- Index pour la table `payku_transactions`
--
ALTER TABLE `payku_transactions`
  ADD UNIQUE KEY `payku_transactions_id_unique` (`id`),
  ADD UNIQUE KEY `payku_transactions_order_unique` (`order`);

--
-- Index pour la table `payment_channels`
--
ALTER TABLE `payment_channels`
  ADD PRIMARY KEY (`id`) USING BTREE;

--
-- Index pour la table `payouts`
--
ALTER TABLE `payouts`
  ADD PRIMARY KEY (`id`) USING BTREE,
  ADD KEY `payouts_user_id_foreign` (`user_id`) USING BTREE;

--
-- Index pour la table `payu_transactions`
--
ALTER TABLE `payu_transactions`
  ADD PRIMARY KEY (`id`) USING BTREE,
  ADD UNIQUE KEY `payu_transactions_transaction_id_unique` (`transaction_id`) USING BTREE,
  ADD KEY `payu_transactions_status_index` (`status`) USING BTREE,
  ADD KEY `payu_transactions_verified_at_index` (`verified_at`) USING BTREE;

--
-- Index pour la table `pdf_documents`
--
ALTER TABLE `pdf_documents`
  ADD PRIMARY KEY (`id`),
  ADD KEY `pdf_documents_level_id_foreign` (`level_id`),
  ADD KEY `pdf_documents_matiere_id_foreign` (`matiere_id`);

--
-- Index pour la table `permissions`
--
ALTER TABLE `permissions`
  ADD PRIMARY KEY (`id`) USING BTREE,
  ADD KEY `permissions_role_id_index` (`role_id`) USING BTREE,
  ADD KEY `permissions_section_id_index` (`section_id`) USING BTREE;

--
-- Index pour la table `prerequisites`
--
ALTER TABLE `prerequisites`
  ADD PRIMARY KEY (`id`) USING BTREE,
  ADD KEY `prerequisites_webinar_id_foreign` (`webinar_id`) USING BTREE,
  ADD KEY `prerequisite_id` (`prerequisite_id`);

--
-- Index pour la table `products`
--
ALTER TABLE `products`
  ADD PRIMARY KEY (`id`),
  ADD KEY `products_creator_id_foreign` (`creator_id`),
  ADD KEY `products_category_id_foreign` (`category_id`),
  ADD KEY `products_type_index` (`type`),
  ADD KEY `products_slug_index` (`slug`);

--
-- Index pour la table `product_categories`
--
ALTER TABLE `product_categories`
  ADD PRIMARY KEY (`id`);

--
-- Index pour la table `product_category_translations`
--
ALTER TABLE `product_category_translations`
  ADD PRIMARY KEY (`id`),
  ADD KEY `product_category_id` (`product_category_id`),
  ADD KEY `product_category_translations_locale_index` (`locale`);

--
-- Index pour la table `product_discounts`
--
ALTER TABLE `product_discounts`
  ADD PRIMARY KEY (`id`),
  ADD KEY `product_discounts_creator_id_foreign` (`creator_id`),
  ADD KEY `product_discounts_product_id_foreign` (`product_id`);

--
-- Index pour la table `product_faqs`
--
ALTER TABLE `product_faqs`
  ADD PRIMARY KEY (`id`),
  ADD KEY `product_faqs_product_id_foreign` (`product_id`),
  ADD KEY `product_faqs_creator_id_foreign` (`creator_id`);

--
-- Index pour la table `product_faq_translations`
--
ALTER TABLE `product_faq_translations`
  ADD PRIMARY KEY (`id`),
  ADD KEY `product_faq_id` (`product_faq_id`),
  ADD KEY `product_faq_translations_locale_index` (`locale`);

--
-- Index pour la table `product_files`
--
ALTER TABLE `product_files`
  ADD PRIMARY KEY (`id`),
  ADD KEY `file_product_id` (`product_id`),
  ADD KEY `file_creator_id` (`creator_id`);

--
-- Index pour la table `product_file_translations`
--
ALTER TABLE `product_file_translations`
  ADD PRIMARY KEY (`id`),
  ADD KEY `product_file_id` (`product_file_id`),
  ADD KEY `product_file_translations_locale_index` (`locale`);

--
-- Index pour la table `product_filters`
--
ALTER TABLE `product_filters`
  ADD PRIMARY KEY (`id`),
  ADD KEY `product_filters_category_id_foreign` (`category_id`);

--
-- Index pour la table `product_filter_options`
--
ALTER TABLE `product_filter_options`
  ADD PRIMARY KEY (`id`),
  ADD KEY `product_filter_options_filter_id_foreign` (`filter_id`);

--
-- Index pour la table `product_filter_option_translations`
--
ALTER TABLE `product_filter_option_translations`
  ADD PRIMARY KEY (`id`),
  ADD KEY `product_filter_option_id` (`product_filter_option_id`),
  ADD KEY `product_filter_option_translations_locale_index` (`locale`);

--
-- Index pour la table `product_filter_translations`
--
ALTER TABLE `product_filter_translations`
  ADD PRIMARY KEY (`id`),
  ADD KEY `product_filter_id` (`product_filter_id`),
  ADD KEY `product_filter_translations_locale_index` (`locale`);

--
-- Index pour la table `product_media`
--
ALTER TABLE `product_media`
  ADD PRIMARY KEY (`id`),
  ADD KEY `media_product_id` (`product_id`),
  ADD KEY `media_creator_id` (`creator_id`);

--
-- Index pour la table `product_orders`
--
ALTER TABLE `product_orders`
  ADD PRIMARY KEY (`id`);

--
-- Index pour la table `product_reviews`
--
ALTER TABLE `product_reviews`
  ADD PRIMARY KEY (`id`),
  ADD KEY `product_reviews_creator_id_foreign` (`creator_id`),
  ADD KEY `product_reviews_product_id_foreign` (`product_id`);

--
-- Index pour la table `product_selected_filter_options`
--
ALTER TABLE `product_selected_filter_options`
  ADD PRIMARY KEY (`id`),
  ADD KEY `product_selected_filter_options_product_id_foreign` (`product_id`),
  ADD KEY `product_selected_filter_options_filter_option_id_foreign` (`filter_option_id`);

--
-- Index pour la table `product_selected_specifications`
--
ALTER TABLE `product_selected_specifications`
  ADD PRIMARY KEY (`id`),
  ADD KEY `product_selected_specifications_creator_id_foreign` (`creator_id`),
  ADD KEY `product_selected_specifications_product_id_foreign` (`product_id`),
  ADD KEY `product_selected_specifications_product_specification_id_foreign` (`product_specification_id`);

--
-- Index pour la table `product_selected_specification_multi_values`
--
ALTER TABLE `product_selected_specification_multi_values`
  ADD PRIMARY KEY (`id`),
  ADD KEY `selected_specification_id` (`selected_specification_id`),
  ADD KEY `specification_multi_value_id` (`specification_multi_value_id`);

--
-- Index pour la table `product_selected_specification_translations`
--
ALTER TABLE `product_selected_specification_translations`
  ADD PRIMARY KEY (`id`),
  ADD KEY `product_selected_specification_id_translations` (`product_selected_specification_id`),
  ADD KEY `product_selected_specification_translations_locale_index` (`locale`);

--
-- Index pour la table `product_specifications`
--
ALTER TABLE `product_specifications`
  ADD PRIMARY KEY (`id`);

--
-- Index pour la table `product_specification_categories`
--
ALTER TABLE `product_specification_categories`
  ADD PRIMARY KEY (`id`),
  ADD KEY `product_specification_categories_specification_id_foreign` (`specification_id`),
  ADD KEY `product_specification_categories_category_id_foreign` (`category_id`);

--
-- Index pour la table `product_specification_multi_values`
--
ALTER TABLE `product_specification_multi_values`
  ADD PRIMARY KEY (`id`),
  ADD KEY `product_specification_multi_values_specification_id_foreign` (`specification_id`);

--
-- Index pour la table `product_specification_multi_value_translations`
--
ALTER TABLE `product_specification_multi_value_translations`
  ADD PRIMARY KEY (`id`),
  ADD KEY `product_specification_multi_value_id` (`product_specification_multi_value_id`),
  ADD KEY `product_specification_multi_value_translations_locale_index` (`locale`);

--
-- Index pour la table `product_specification_translations`
--
ALTER TABLE `product_specification_translations`
  ADD PRIMARY KEY (`id`),
  ADD KEY `product_specification_id` (`product_specification_id`),
  ADD KEY `product_specification_translations_locale_index` (`locale`);

--
-- Index pour la table `product_translations`
--
ALTER TABLE `product_translations`
  ADD PRIMARY KEY (`id`),
  ADD KEY `product_id` (`product_id`),
  ADD KEY `product_translations_locale_index` (`locale`);

--
-- Index pour la table `promotions`
--
ALTER TABLE `promotions`
  ADD PRIMARY KEY (`id`) USING BTREE;

--
-- Index pour la table `promotion_translations`
--
ALTER TABLE `promotion_translations`
  ADD PRIMARY KEY (`id`),
  ADD KEY `promotion_translations_promotion_id_foreign` (`promotion_id`),
  ADD KEY `promotion_translations_locale_index` (`locale`);

--
-- Index pour la table `purchases`
--
ALTER TABLE `purchases`
  ADD PRIMARY KEY (`id`) USING BTREE,
  ADD KEY `purchases_webinar_id_foreign` (`webinar_id`) USING BTREE,
  ADD KEY `purchases_user_id_foreign` (`user_id`) USING BTREE;

--
-- Index pour la table `quizzes`
--
ALTER TABLE `quizzes`
  ADD PRIMARY KEY (`id`) USING BTREE,
  ADD KEY `quizzes_webinar_id_foreign` (`webinar_id`) USING BTREE,
  ADD KEY `quizzes_creator_id_foreign` (`creator_id`) USING BTREE,
  ADD KEY `quizzes_chapter_id_foreign` (`chapter_id`);

--
-- Index pour la table `quizzes_questions`
--
ALTER TABLE `quizzes_questions`
  ADD PRIMARY KEY (`id`) USING BTREE,
  ADD KEY `quizzes_questions_quiz_id_foreign` (`quiz_id`) USING BTREE,
  ADD KEY `quizzes_questions_creator_id_foreign` (`creator_id`) USING BTREE;

--
-- Index pour la table `quizzes_questions_answers`
--
ALTER TABLE `quizzes_questions_answers`
  ADD PRIMARY KEY (`id`) USING BTREE,
  ADD KEY `quizzes_questions_answers_question_id_foreign` (`question_id`) USING BTREE,
  ADD KEY `quizzes_questions_answers_creator_id_foreign` (`creator_id`) USING BTREE;

--
-- Index pour la table `quizzes_questions_answer_translations`
--
ALTER TABLE `quizzes_questions_answer_translations`
  ADD PRIMARY KEY (`id`),
  ADD KEY `quizzes_questions_answer_id` (`quizzes_questions_answer_id`),
  ADD KEY `quizzes_questions_answer_translations_locale_index` (`locale`);

--
-- Index pour la table `quizzes_results`
--
ALTER TABLE `quizzes_results`
  ADD PRIMARY KEY (`id`) USING BTREE,
  ADD KEY `quizzes_results_quiz_id_foreign` (`quiz_id`) USING BTREE,
  ADD KEY `quizzes_results_user_id_foreign` (`user_id`) USING BTREE;

--
-- Index pour la table `quiz_question_translations`
--
ALTER TABLE `quiz_question_translations`
  ADD PRIMARY KEY (`id`),
  ADD KEY `quiz_question_translations_quiz_question_id_foreign` (`quizzes_question_id`),
  ADD KEY `quiz_question_translations_locale_index` (`locale`);

--
-- Index pour la table `quiz_translations`
--
ALTER TABLE `quiz_translations`
  ADD PRIMARY KEY (`id`),
  ADD KEY `quiz_translations_quiz_id_foreign` (`quiz_id`),
  ADD KEY `quiz_translations_locale_index` (`locale`);

--
-- Index pour la table `rating`
--
ALTER TABLE `rating`
  ADD PRIMARY KEY (`id`) USING BTREE,
  ADD KEY `rating_user_id_foreign` (`user_id`) USING BTREE,
  ADD KEY `rating_webinar_id_foreign` (`webinar_id`) USING BTREE,
  ADD KEY `rating_creator_id_foreign` (`creator_id`) USING BTREE;

--
-- Index pour la table `regions`
--
ALTER TABLE `regions`
  ADD PRIMARY KEY (`id`),
  ADD KEY `regions_country_id_foreign` (`country_id`),
  ADD KEY `regions_province_id_foreign` (`province_id`),
  ADD KEY `regions_city_id_foreign` (`city_id`);

--
-- Index pour la table `registration_packages`
--
ALTER TABLE `registration_packages`
  ADD PRIMARY KEY (`id`),
  ADD KEY `registration_packages_role_index` (`role`);

--
-- Index pour la table `registration_packages_translations`
--
ALTER TABLE `registration_packages_translations`
  ADD PRIMARY KEY (`id`),
  ADD KEY `registration_package` (`registration_package_id`),
  ADD KEY `registration_packages_translations_locale_index` (`locale`);

--
-- Index pour la table `reserve_meetings`
--
ALTER TABLE `reserve_meetings`
  ADD PRIMARY KEY (`id`) USING BTREE,
  ADD KEY `reserve_meetings_meeting_time_id_foreign` (`meeting_time_id`) USING BTREE,
  ADD KEY `reserve_meetings_user_id_foreign` (`user_id`) USING BTREE,
  ADD KEY `reserve_meetings_sale_id_foreign` (`sale_id`);

--
-- Index pour la table `rewards`
--
ALTER TABLE `rewards`
  ADD PRIMARY KEY (`id`);

--
-- Index pour la table `rewards_accounting`
--
ALTER TABLE `rewards_accounting`
  ADD PRIMARY KEY (`id`),
  ADD KEY `rewards_accounting_user_id_foreign` (`user_id`);

--
-- Index pour la table `roles`
--
ALTER TABLE `roles`
  ADD PRIMARY KEY (`id`) USING BTREE;

--
-- Index pour la table `sales`
--
ALTER TABLE `sales`
  ADD PRIMARY KEY (`id`) USING BTREE,
  ADD KEY `sales_order_id_foreign` (`order_id`) USING BTREE,
  ADD KEY `sales_webinar_id_foreign` (`webinar_id`) USING BTREE,
  ADD KEY `sales_meeting_id_foreign` (`meeting_id`) USING BTREE,
  ADD KEY `sales_ticket_id_foreign` (`ticket_id`) USING BTREE,
  ADD KEY `sales_buyer_id_foreign` (`buyer_id`) USING BTREE,
  ADD KEY `sales_seller_id_foreign` (`seller_id`) USING BTREE,
  ADD KEY `sales_promotion_id_foreign` (`promotion_id`) USING BTREE;

--
-- Index pour la table `sales_log`
--
ALTER TABLE `sales_log`
  ADD PRIMARY KEY (`id`),
  ADD KEY `sales_status_sale_id_foreign` (`sale_id`);

--
-- Index pour la table `schools`
--
ALTER TABLE `schools`
  ADD PRIMARY KEY (`id`);

--
-- Index pour la table `school_levels`
--
ALTER TABLE `school_levels`
  ADD PRIMARY KEY (`id`);

--
-- Index pour la table `sections`
--
ALTER TABLE `sections`
  ADD PRIMARY KEY (`id`) USING BTREE;

--
-- Index pour la table `sectionsmat`
--
ALTER TABLE `sectionsmat`
  ADD PRIMARY KEY (`id`),
  ADD KEY `sectionsmat_level_id_foreign` (`level_id`);

--
-- Index pour la table `sessions`
--
ALTER TABLE `sessions`
  ADD PRIMARY KEY (`id`) USING BTREE,
  ADD KEY `sessions_webinar_id_foreign` (`webinar_id`) USING BTREE,
  ADD KEY `sessions_creator_id_foreign` (`creator_id`) USING BTREE,
  ADD KEY `sessions_chapter_id_foreign` (`chapter_id`);

--
-- Index pour la table `session_reminds`
--
ALTER TABLE `session_reminds`
  ADD PRIMARY KEY (`id`),
  ADD KEY `session_reminds_session_id_foreign` (`session_id`),
  ADD KEY `session_reminds_user_id_foreign` (`user_id`);

--
-- Index pour la table `session_translations`
--
ALTER TABLE `session_translations`
  ADD PRIMARY KEY (`id`),
  ADD KEY `session_translations_session_id_foreign` (`session_id`),
  ADD KEY `session_translations_locale_index` (`locale`);

--
-- Index pour la table `settings`
--
ALTER TABLE `settings`
  ADD PRIMARY KEY (`id`) USING BTREE,
  ADD KEY `name` (`name`) USING BTREE;

--
-- Index pour la table `setting_translations`
--
ALTER TABLE `setting_translations`
  ADD PRIMARY KEY (`id`),
  ADD KEY `setting_translations_setting_id_foreign` (`setting_id`),
  ADD KEY `setting_translations_locale_index` (`locale`);

--
-- Index pour la table `speciality`
--
ALTER TABLE `speciality`
  ADD PRIMARY KEY (`id`),
  ADD KEY `speciality_section_id_foreign` (`section_id`);

--
-- Index pour la table `special_offers`
--
ALTER TABLE `special_offers`
  ADD PRIMARY KEY (`id`) USING BTREE,
  ADD KEY `special_offers_creator_id_foreign` (`creator_id`) USING BTREE,
  ADD KEY `special_offers_webinar_id_foreign` (`webinar_id`) USING BTREE,
  ADD KEY `special_offers_bundle_id_foreign` (`bundle_id`);

--
-- Index pour la table `submaterials`
--
ALTER TABLE `submaterials`
  ADD PRIMARY KEY (`id`),
  ADD KEY `submaterials_material_id_foreign` (`material_id`);

--
-- Index pour la table `subscribes`
--
ALTER TABLE `subscribes`
  ADD PRIMARY KEY (`id`) USING BTREE,
  ADD KEY `subscribes_level_id_foreign` (`level_id`);

--
-- Index pour la table `subscribe_reminds`
--
ALTER TABLE `subscribe_reminds`
  ADD PRIMARY KEY (`id`),
  ADD KEY `subscribe_reminds_subscribe_id_foreign` (`subscribe_id`),
  ADD KEY `subscribe_reminds_user_id_foreign` (`user_id`);

--
-- Index pour la table `subscribe_translations`
--
ALTER TABLE `subscribe_translations`
  ADD PRIMARY KEY (`id`),
  ADD KEY `subscribe_translations_subscribe_id_foreign` (`subscribe_id`),
  ADD KEY `subscribe_translations_locale_index` (`locale`);

--
-- Index pour la table `subscribe_uses`
--
ALTER TABLE `subscribe_uses`
  ADD PRIMARY KEY (`id`) USING BTREE,
  ADD KEY `subscribe_uses_user_id_foreign` (`user_id`) USING BTREE,
  ADD KEY `subscribe_uses_webinar_id_foreign` (`webinar_id`) USING BTREE,
  ADD KEY `subscribe_uses_subscribe_id_foreign` (`subscribe_id`) USING BTREE,
  ADD KEY `subscribe_uses_sale_id_foreign` (`sale_id`) USING BTREE,
  ADD KEY `subscribe_uses_bundle_id_foreign` (`bundle_id`);

--
-- Index pour la table `supports`
--
ALTER TABLE `supports`
  ADD PRIMARY KEY (`id`) USING BTREE,
  ADD KEY `supports_user_id_foreign` (`user_id`) USING BTREE,
  ADD KEY `supports_webinar_id_foreign` (`webinar_id`) USING BTREE,
  ADD KEY `supports_department_id_foreign` (`department_id`) USING BTREE;

--
-- Index pour la table `support_conversations`
--
ALTER TABLE `support_conversations`
  ADD PRIMARY KEY (`id`) USING BTREE,
  ADD KEY `support_conversations_support_id_foreign` (`support_id`) USING BTREE,
  ADD KEY `support_conversations_sender_id_foreign` (`sender_id`) USING BTREE,
  ADD KEY `support_conversations_supporter_id_foreign` (`supporter_id`) USING BTREE;

--
-- Index pour la table `support_departments`
--
ALTER TABLE `support_departments`
  ADD PRIMARY KEY (`id`) USING BTREE;

--
-- Index pour la table `support_department_translations`
--
ALTER TABLE `support_department_translations`
  ADD PRIMARY KEY (`id`),
  ADD KEY `support_department_id` (`support_department_id`),
  ADD KEY `support_department_translations_locale_index` (`locale`);

--
-- Index pour la table `tags`
--
ALTER TABLE `tags`
  ADD PRIMARY KEY (`id`) USING BTREE,
  ADD KEY `tags_webinar_id_foreign` (`webinar_id`) USING BTREE,
  ADD KEY `tags_bundle_id_foreign` (`bundle_id`);

--
-- Index pour la table `teachers`
--
ALTER TABLE `teachers`
  ADD PRIMARY KEY (`id`),
  ADD KEY `teachers_users_id_foreign` (`users_id`),
  ADD KEY `teachers_teacher_id_foreign` (`teacher_id`);

--
-- Index pour la table `testimonials`
--
ALTER TABLE `testimonials`
  ADD PRIMARY KEY (`id`) USING BTREE;

--
-- Index pour la table `testimonial_translations`
--
ALTER TABLE `testimonial_translations`
  ADD PRIMARY KEY (`id`),
  ADD KEY `testimonial_translations_testimonial_id_foreign` (`testimonial_id`),
  ADD KEY `testimonial_translations_locale_index` (`locale`);

--
-- Index pour la table `text_lessons`
--
ALTER TABLE `text_lessons`
  ADD PRIMARY KEY (`id`) USING BTREE,
  ADD KEY `text_lessons_creator_id_foreign` (`creator_id`) USING BTREE,
  ADD KEY `text_lessons_webinar_id_foreign` (`webinar_id`) USING BTREE,
  ADD KEY `text_lessons_chapter_id_foreign` (`chapter_id`);

--
-- Index pour la table `text_lessons_attachments`
--
ALTER TABLE `text_lessons_attachments`
  ADD PRIMARY KEY (`id`) USING BTREE,
  ADD KEY `text_lessons_attachments_text_lesson_id_foreign` (`text_lesson_id`) USING BTREE,
  ADD KEY `text_lessons_attachments_file_id_foreign` (`file_id`) USING BTREE;

--
-- Index pour la table `text_lesson_translations`
--
ALTER TABLE `text_lesson_translations`
  ADD PRIMARY KEY (`id`),
  ADD KEY `text_lesson_id` (`text_lesson_id`),
  ADD KEY `text_lesson_translations_locale_index` (`locale`);

--
-- Index pour la table `tickets`
--
ALTER TABLE `tickets`
  ADD PRIMARY KEY (`id`) USING BTREE,
  ADD KEY `tickets_webinar_id_foreign` (`webinar_id`) USING BTREE,
  ADD KEY `tickets_creator_id_foreign` (`creator_id`) USING BTREE,
  ADD KEY `tickets_bundle_id_foreign` (`bundle_id`);

--
-- Index pour la table `ticket_translations`
--
ALTER TABLE `ticket_translations`
  ADD PRIMARY KEY (`id`),
  ADD KEY `ticket_translations_ticket_id_foreign` (`ticket_id`),
  ADD KEY `ticket_translations_locale_index` (`locale`);

--
-- Index pour la table `ticket_users`
--
ALTER TABLE `ticket_users`
  ADD PRIMARY KEY (`id`) USING BTREE,
  ADD KEY `ticket_users_ticket_id_foreign` (`ticket_id`) USING BTREE,
  ADD KEY `ticket_users_user_id_foreign` (`user_id`) USING BTREE;

--
-- Index pour la table `trend_categories`
--
ALTER TABLE `trend_categories`
  ADD PRIMARY KEY (`id`) USING BTREE,
  ADD KEY `trend_categories_category_id_index` (`category_id`) USING BTREE;

--
-- Index pour la table `users`
--
ALTER TABLE `users`
  ADD PRIMARY KEY (`id`) USING BTREE,
  ADD UNIQUE KEY `users_email_unique` (`email`) USING BTREE,
  ADD KEY `users_country_id_foreign` (`country_id`),
  ADD KEY `users_province_id_foreign` (`province_id`),
  ADD KEY `users_city_id_foreign` (`city_id`),
  ADD KEY `users_district_id_foreign` (`district_id`),
  ADD KEY `users_section_id_foreign` (`section_id`),
  ADD KEY `school_id_foreign` (`school_id`),
  ADD KEY `level_id_id_foreign` (`level_id`),
  ADD KEY `option_id_foreign` (`option_id`),
  ADD KEY `users_matier_id_foreign` (`matier_id`);

--
-- Index pour la table `users_badges`
--
ALTER TABLE `users_badges`
  ADD PRIMARY KEY (`id`) USING BTREE,
  ADD KEY `users_badges_user_id_foreign` (`user_id`) USING BTREE,
  ADD KEY `users_badges_badge_id_foreign` (`badge_id`) USING BTREE;

--
-- Index pour la table `users_cookie_security`
--
ALTER TABLE `users_cookie_security`
  ADD PRIMARY KEY (`id`),
  ADD KEY `users_cookie_security_user_id_foreign` (`user_id`);

--
-- Index pour la table `users_manual_purchase`
--
ALTER TABLE `users_manual_purchase`
  ADD PRIMARY KEY (`id`);

--
-- Index pour la table `users_metas`
--
ALTER TABLE `users_metas`
  ADD PRIMARY KEY (`id`),
  ADD KEY `users_metas_user_id_foreign` (`user_id`);

--
-- Index pour la table `users_occupations`
--
ALTER TABLE `users_occupations`
  ADD PRIMARY KEY (`id`) USING BTREE,
  ADD KEY `users_occupations_user_id_foreign` (`user_id`) USING BTREE,
  ADD KEY `users_occupations_category_id_foreign` (`category_id`) USING BTREE;

--
-- Index pour la table `users_registration_packages`
--
ALTER TABLE `users_registration_packages`
  ADD PRIMARY KEY (`id`),
  ADD KEY `users_registration_packages_user_id_foreign` (`user_id`);

--
-- Index pour la table `users_zoom_api`
--
ALTER TABLE `users_zoom_api`
  ADD PRIMARY KEY (`id`),
  ADD KEY `users_zoom_api_user_id_foreign` (`user_id`);

--
-- Index pour la table `user_level`
--
ALTER TABLE `user_level`
  ADD PRIMARY KEY (`id`),
  ADD KEY `user_level_teacher_id_foreign` (`teacher_id`),
  ADD KEY `user_level_level_id_foreign` (`level_id`);

--
-- Index pour la table `user_matiere`
--
ALTER TABLE `user_matiere`
  ADD PRIMARY KEY (`id`),
  ADD KEY `user_matiere_teacher_id_foreign` (`teacher_id`),
  ADD KEY `user_matiere_matiere_id_foreign` (`matiere_id`),
  ADD KEY `user_matiere_level_id_foreign` (`level_id`);

--
-- Index pour la table `user_views`
--
ALTER TABLE `user_views`
  ADD PRIMARY KEY (`id`),
  ADD KEY `user_views_user_id_foreign` (`user_id`),
  ADD KEY `user_views_video_id_foreign` (`video_id`);

--
-- Index pour la table `verifications`
--
ALTER TABLE `verifications`
  ADD PRIMARY KEY (`id`) USING BTREE,
  ADD KEY `verifications_user_id_foreign` (`user_id`) USING BTREE;

--
-- Index pour la table `videos`
--
ALTER TABLE `videos`
  ADD PRIMARY KEY (`id`),
  ADD KEY ` manuel_id_foreign` (`manuel_id`),
  ADD KEY `user_id_foreign` (`user_id`);

--
-- Index pour la table `webinars`
--
ALTER TABLE `webinars`
  ADD PRIMARY KEY (`id`) USING BTREE,
  ADD UNIQUE KEY `webinars_slug_unique` (`slug`) USING BTREE,
  ADD KEY `webinars_teacher_id_foreign` (`teacher_id`) USING BTREE,
  ADD KEY `webinars_slug_index` (`slug`) USING BTREE,
  ADD KEY `webinars_creator_id_foreign` (`creator_id`) USING BTREE,
  ADD KEY `webinars_level_id_foreign` (`level_id`),
  ADD KEY `webinars_matiere_id_foreign` (`matiere_id`),
  ADD KEY `webinars_submaterial_id_foreign` (`submaterial_id`);

--
-- Index pour la table `webinar_assignments`
--
ALTER TABLE `webinar_assignments`
  ADD PRIMARY KEY (`id`),
  ADD KEY `webinar_assignments_creator_id_foreign` (`creator_id`),
  ADD KEY `webinar_assignments_webinar_id_foreign` (`webinar_id`),
  ADD KEY `webinar_assignments_chapter_id_foreign` (`chapter_id`);

--
-- Index pour la table `webinar_assignment_attachments`
--
ALTER TABLE `webinar_assignment_attachments`
  ADD PRIMARY KEY (`id`),
  ADD KEY `webinar_assignment_attachments_assignment_id_foreign` (`assignment_id`);

--
-- Index pour la table `webinar_assignment_history`
--
ALTER TABLE `webinar_assignment_history`
  ADD PRIMARY KEY (`id`),
  ADD KEY `webinar_assignment_history_instructor_id_foreign` (`instructor_id`),
  ADD KEY `webinar_assignment_history_student_id_foreign` (`student_id`),
  ADD KEY `webinar_assignment_history_assignment_id_foreign` (`assignment_id`);

--
-- Index pour la table `webinar_assignment_history_messages`
--
ALTER TABLE `webinar_assignment_history_messages`
  ADD PRIMARY KEY (`id`),
  ADD KEY `webinar_assignment_history_id` (`assignment_history_id`);

--
-- Index pour la table `webinar_assignment_translations`
--
ALTER TABLE `webinar_assignment_translations`
  ADD PRIMARY KEY (`id`),
  ADD KEY `webinar_assignment_id_translate_foreign` (`webinar_assignment_id`),
  ADD KEY `webinar_assignment_translations_locale_index` (`locale`);

--
-- Index pour la table `webinar_chapters`
--
ALTER TABLE `webinar_chapters`
  ADD PRIMARY KEY (`id`),
  ADD KEY `webinar_chapters_user_id_foreign` (`user_id`),
  ADD KEY `webinar_chapters_webinar_id_foreign` (`webinar_id`);

--
-- Index pour la table `webinar_chapter_items`
--
ALTER TABLE `webinar_chapter_items`
  ADD PRIMARY KEY (`id`),
  ADD KEY `webinar_chapter_items_chapter_id_foreign` (`chapter_id`),
  ADD KEY `user_id` (`user_id`);

--
-- Index pour la table `webinar_chapter_translations`
--
ALTER TABLE `webinar_chapter_translations`
  ADD PRIMARY KEY (`id`),
  ADD KEY `webinar_chapter_id` (`webinar_chapter_id`),
  ADD KEY `webinar_chapter_translations_locale_index` (`locale`);

--
-- Index pour la table `webinar_extra_descriptions`
--
ALTER TABLE `webinar_extra_descriptions`
  ADD PRIMARY KEY (`id`),
  ADD KEY `webinar_extra_descriptions_creator_id_foreign` (`creator_id`),
  ADD KEY `webinar_extra_descriptions_webinar_id_foreign` (`webinar_id`);

--
-- Index pour la table `webinar_extra_description_translations`
--
ALTER TABLE `webinar_extra_description_translations`
  ADD PRIMARY KEY (`id`),
  ADD KEY `webinar_extra_description_id_foreign` (`webinar_extra_description_id`),
  ADD KEY `webinar_extra_description_translations_locale_index` (`locale`);

--
-- Index pour la table `webinar_filter_option`
--
ALTER TABLE `webinar_filter_option`
  ADD PRIMARY KEY (`id`) USING BTREE,
  ADD KEY `webinar_filter_option_filter_option_id_foreign` (`filter_option_id`) USING BTREE,
  ADD KEY `webinar_filter_option_webinar_id_foreign` (`webinar_id`) USING BTREE;

--
-- Index pour la table `webinar_partner_teacher`
--
ALTER TABLE `webinar_partner_teacher`
  ADD PRIMARY KEY (`id`) USING BTREE,
  ADD KEY `webinar_partner_teacher_webinar_id_foreign` (`webinar_id`) USING BTREE,
  ADD KEY `webinar_partner_teacher_teacher_id_foreign` (`teacher_id`) USING BTREE;

--
-- Index pour la table `webinar_reports`
--
ALTER TABLE `webinar_reports`
  ADD PRIMARY KEY (`id`) USING BTREE,
  ADD KEY `webinar_reports_webinar_id_foreign` (`webinar_id`) USING BTREE;

--
-- Index pour la table `webinar_reviews`
--
ALTER TABLE `webinar_reviews`
  ADD PRIMARY KEY (`id`) USING BTREE,
  ADD KEY `webinar_reviews_webinar_id_foreign` (`webinar_id`) USING BTREE,
  ADD KEY `webinar_reviews_creator_id_foreign` (`creator_id`) USING BTREE,
  ADD KEY `webinar_reviews_bundle_id_foreign` (`bundle_id`);

--
-- Index pour la table `webinar_translations`
--
ALTER TABLE `webinar_translations`
  ADD PRIMARY KEY (`id`),
  ADD KEY `webinar_translations_webinar_id_foreign` (`webinar_id`),
  ADD KEY `webinar_translations_locale_index` (`locale`);

--
-- AUTO_INCREMENT pour les tables déchargées
--

--
-- AUTO_INCREMENT pour la table `accounting`
--
ALTER TABLE `accounting`
  MODIFY `id` int UNSIGNED NOT NULL AUTO_INCREMENT, AUTO_INCREMENT=649;

--
-- AUTO_INCREMENT pour la table `advertising_banners`
--
ALTER TABLE `advertising_banners`
  MODIFY `id` int UNSIGNED NOT NULL AUTO_INCREMENT, AUTO_INCREMENT=10;

--
-- AUTO_INCREMENT pour la table `advertising_banners_translations`
--
ALTER TABLE `advertising_banners_translations`
  MODIFY `id` int UNSIGNED NOT NULL AUTO_INCREMENT, AUTO_INCREMENT=23;

--
-- AUTO_INCREMENT pour la table `affiliates`
--
ALTER TABLE `affiliates`
  MODIFY `id` int UNSIGNED NOT NULL AUTO_INCREMENT, AUTO_INCREMENT=2;

--
-- AUTO_INCREMENT pour la table `affiliates_codes`
--
ALTER TABLE `affiliates_codes`
  MODIFY `id` int UNSIGNED NOT NULL AUTO_INCREMENT, AUTO_INCREMENT=5;

--
-- AUTO_INCREMENT pour la table `agora_history`
--
ALTER TABLE `agora_history`
  MODIFY `id` int UNSIGNED NOT NULL AUTO_INCREMENT, AUTO_INCREMENT=4;

--
-- AUTO_INCREMENT pour la table `amel`
--
ALTER TABLE `amel`
  MODIFY `id` bigint UNSIGNED NOT NULL AUTO_INCREMENT;

--
-- AUTO_INCREMENT pour la table `badges`
--
ALTER TABLE `badges`
  MODIFY `id` int UNSIGNED NOT NULL AUTO_INCREMENT, AUTO_INCREMENT=42;

--
-- AUTO_INCREMENT pour la table `badge_translations`
--
ALTER TABLE `badge_translations`
  MODIFY `id` bigint UNSIGNED NOT NULL AUTO_INCREMENT, AUTO_INCREMENT=22;

--
-- AUTO_INCREMENT pour la table `become_instructors`
--
ALTER TABLE `become_instructors`
  MODIFY `id` int UNSIGNED NOT NULL AUTO_INCREMENT, AUTO_INCREMENT=656;

--
-- AUTO_INCREMENT pour la table `blog`
--
ALTER TABLE `blog`
  MODIFY `id` int UNSIGNED NOT NULL AUTO_INCREMENT, AUTO_INCREMENT=25;

--
-- AUTO_INCREMENT pour la table `blog_categories`
--
ALTER TABLE `blog_categories`
  MODIFY `id` int UNSIGNED NOT NULL AUTO_INCREMENT, AUTO_INCREMENT=38;

--
-- AUTO_INCREMENT pour la table `blog_translations`
--
ALTER TABLE `blog_translations`
  MODIFY `id` bigint UNSIGNED NOT NULL AUTO_INCREMENT, AUTO_INCREMENT=12;

--
-- AUTO_INCREMENT pour la table `bundles`
--
ALTER TABLE `bundles`
  MODIFY `id` int UNSIGNED NOT NULL AUTO_INCREMENT, AUTO_INCREMENT=4;

--
-- AUTO_INCREMENT pour la table `bundle_filter_option`
--
ALTER TABLE `bundle_filter_option`
  MODIFY `id` int UNSIGNED NOT NULL AUTO_INCREMENT, AUTO_INCREMENT=52;

--
-- AUTO_INCREMENT pour la table `bundle_translations`
--
ALTER TABLE `bundle_translations`
  MODIFY `id` bigint UNSIGNED NOT NULL AUTO_INCREMENT, AUTO_INCREMENT=5;

--
-- AUTO_INCREMENT pour la table `bundle_webinars`
--
ALTER TABLE `bundle_webinars`
  MODIFY `id` int UNSIGNED NOT NULL AUTO_INCREMENT, AUTO_INCREMENT=9;

--
-- AUTO_INCREMENT pour la table `cart`
--
ALTER TABLE `cart`
  MODIFY `id` int UNSIGNED NOT NULL AUTO_INCREMENT, AUTO_INCREMENT=183;

--
-- AUTO_INCREMENT pour la table `categories`
--
ALTER TABLE `categories`
  MODIFY `id` int UNSIGNED NOT NULL AUTO_INCREMENT, AUTO_INCREMENT=612;

--
-- AUTO_INCREMENT pour la table `category_translations`
--
ALTER TABLE `category_translations`
  MODIFY `id` bigint UNSIGNED NOT NULL AUTO_INCREMENT, AUTO_INCREMENT=55;

--
-- AUTO_INCREMENT pour la table `certificates`
--
ALTER TABLE `certificates`
  MODIFY `id` int UNSIGNED NOT NULL AUTO_INCREMENT, AUTO_INCREMENT=11;

--
-- AUTO_INCREMENT pour la table `certificates_templates`
--
ALTER TABLE `certificates_templates`
  MODIFY `id` int UNSIGNED NOT NULL AUTO_INCREMENT, AUTO_INCREMENT=3;

--
-- AUTO_INCREMENT pour la table `certificate_template_translations`
--
ALTER TABLE `certificate_template_translations`
  MODIFY `id` bigint UNSIGNED NOT NULL AUTO_INCREMENT, AUTO_INCREMENT=4;

--
-- AUTO_INCREMENT pour la table `comments`
--
ALTER TABLE `comments`
  MODIFY `id` int UNSIGNED NOT NULL AUTO_INCREMENT, AUTO_INCREMENT=74;

--
-- AUTO_INCREMENT pour la table `comments_reports`
--
ALTER TABLE `comments_reports`
  MODIFY `id` int UNSIGNED NOT NULL AUTO_INCREMENT, AUTO_INCREMENT=6;

--
-- AUTO_INCREMENT pour la table `contacts`
--
ALTER TABLE `contacts`
  MODIFY `id` int UNSIGNED NOT NULL AUTO_INCREMENT, AUTO_INCREMENT=9;

--
-- AUTO_INCREMENT pour la table `course_forums`
--
ALTER TABLE `course_forums`
  MODIFY `id` int UNSIGNED NOT NULL AUTO_INCREMENT, AUTO_INCREMENT=14;

--
-- AUTO_INCREMENT pour la table `course_forum_answers`
--
ALTER TABLE `course_forum_answers`
  MODIFY `id` int UNSIGNED NOT NULL AUTO_INCREMENT, AUTO_INCREMENT=18;

--
-- AUTO_INCREMENT pour la table `course_learning`
--
ALTER TABLE `course_learning`
  MODIFY `id` int UNSIGNED NOT NULL AUTO_INCREMENT, AUTO_INCREMENT=114;

--
-- AUTO_INCREMENT pour la table `course_noticeboards`
--
ALTER TABLE `course_noticeboards`
  MODIFY `id` int UNSIGNED NOT NULL AUTO_INCREMENT, AUTO_INCREMENT=10;

--
-- AUTO_INCREMENT pour la table `course_noticeboard_status`
--
ALTER TABLE `course_noticeboard_status`
  MODIFY `id` int UNSIGNED NOT NULL AUTO_INCREMENT, AUTO_INCREMENT=31;

--
-- AUTO_INCREMENT pour la table `delete_account_requests`
--
ALTER TABLE `delete_account_requests`
  MODIFY `id` int UNSIGNED NOT NULL AUTO_INCREMENT, AUTO_INCREMENT=2;

--
-- AUTO_INCREMENT pour la table `discounts`
--
ALTER TABLE `discounts`
  MODIFY `id` int UNSIGNED NOT NULL AUTO_INCREMENT, AUTO_INCREMENT=11;

--
-- AUTO_INCREMENT pour la table `discount_categories`
--
ALTER TABLE `discount_categories`
  MODIFY `id` int UNSIGNED NOT NULL AUTO_INCREMENT, AUTO_INCREMENT=7;

--
-- AUTO_INCREMENT pour la table `discount_courses`
--
ALTER TABLE `discount_courses`
  MODIFY `id` int UNSIGNED NOT NULL AUTO_INCREMENT;

--
-- AUTO_INCREMENT pour la table `discount_groups`
--
ALTER TABLE `discount_groups`
  MODIFY `id` int UNSIGNED NOT NULL AUTO_INCREMENT;

--
-- AUTO_INCREMENT pour la table `discount_users`
--
ALTER TABLE `discount_users`
  MODIFY `id` int UNSIGNED NOT NULL AUTO_INCREMENT;

--
-- AUTO_INCREMENT pour la table `documents`
--
ALTER TABLE `documents`
  MODIFY `id` int UNSIGNED NOT NULL AUTO_INCREMENT, AUTO_INCREMENT=257;

--
-- AUTO_INCREMENT pour la table `enfant`
--
ALTER TABLE `enfant`
  MODIFY `id` bigint UNSIGNED NOT NULL AUTO_INCREMENT, AUTO_INCREMENT=1008;

--
-- AUTO_INCREMENT pour la table `example`
--
ALTER TABLE `example`
  MODIFY `id` bigint UNSIGNED NOT NULL AUTO_INCREMENT;

--
-- AUTO_INCREMENT pour la table `faqs`
--
ALTER TABLE `faqs`
  MODIFY `id` int UNSIGNED NOT NULL AUTO_INCREMENT, AUTO_INCREMENT=58;

--
-- AUTO_INCREMENT pour la table `faq_translations`
--
ALTER TABLE `faq_translations`
  MODIFY `id` bigint UNSIGNED NOT NULL AUTO_INCREMENT, AUTO_INCREMENT=46;

--
-- AUTO_INCREMENT pour la table `favorites`
--
ALTER TABLE `favorites`
  MODIFY `id` int UNSIGNED NOT NULL AUTO_INCREMENT, AUTO_INCREMENT=19;

--
-- AUTO_INCREMENT pour la table `feature_webinars`
--
ALTER TABLE `feature_webinars`
  MODIFY `id` int UNSIGNED NOT NULL AUTO_INCREMENT, AUTO_INCREMENT=29;

--
-- AUTO_INCREMENT pour la table `feature_webinar_translations`
--
ALTER TABLE `feature_webinar_translations`
  MODIFY `id` bigint UNSIGNED NOT NULL AUTO_INCREMENT, AUTO_INCREMENT=7;

--
-- AUTO_INCREMENT pour la table `files`
--
ALTER TABLE `files`
  MODIFY `id` int UNSIGNED NOT NULL AUTO_INCREMENT, AUTO_INCREMENT=213;

--
-- AUTO_INCREMENT pour la table `file_translations`
--
ALTER TABLE `file_translations`
  MODIFY `id` bigint UNSIGNED NOT NULL AUTO_INCREMENT, AUTO_INCREMENT=181;

--
-- AUTO_INCREMENT pour la table `filters`
--
ALTER TABLE `filters`
  MODIFY `id` int UNSIGNED NOT NULL AUTO_INCREMENT, AUTO_INCREMENT=1848;

--
-- AUTO_INCREMENT pour la table `filter_options`
--
ALTER TABLE `filter_options`
  MODIFY `id` int UNSIGNED NOT NULL AUTO_INCREMENT, AUTO_INCREMENT=9293;

--
-- AUTO_INCREMENT pour la table `filter_option_translations`
--
ALTER TABLE `filter_option_translations`
  MODIFY `id` bigint UNSIGNED NOT NULL AUTO_INCREMENT, AUTO_INCREMENT=175;

--
-- AUTO_INCREMENT pour la table `filter_translations`
--
ALTER TABLE `filter_translations`
  MODIFY `id` bigint UNSIGNED NOT NULL AUTO_INCREMENT, AUTO_INCREMENT=43;

--
-- AUTO_INCREMENT pour la table `follows`
--
ALTER TABLE `follows`
  MODIFY `id` int UNSIGNED NOT NULL AUTO_INCREMENT, AUTO_INCREMENT=72;

--
-- AUTO_INCREMENT pour la table `forums`
--
ALTER TABLE `forums`
  MODIFY `id` int UNSIGNED NOT NULL AUTO_INCREMENT, AUTO_INCREMENT=11;

--
-- AUTO_INCREMENT pour la table `forum_featured_topics`
--
ALTER TABLE `forum_featured_topics`
  MODIFY `id` int UNSIGNED NOT NULL AUTO_INCREMENT, AUTO_INCREMENT=5;

--
-- AUTO_INCREMENT pour la table `forum_recommended_topics`
--
ALTER TABLE `forum_recommended_topics`
  MODIFY `id` int UNSIGNED NOT NULL AUTO_INCREMENT, AUTO_INCREMENT=5;

--
-- AUTO_INCREMENT pour la table `forum_recommended_topic_items`
--
ALTER TABLE `forum_recommended_topic_items`
  MODIFY `id` int UNSIGNED NOT NULL AUTO_INCREMENT, AUTO_INCREMENT=55;

--
-- AUTO_INCREMENT pour la table `forum_topics`
--
ALTER TABLE `forum_topics`
  MODIFY `id` int UNSIGNED NOT NULL AUTO_INCREMENT, AUTO_INCREMENT=11;

--
-- AUTO_INCREMENT pour la table `forum_topic_attachments`
--
ALTER TABLE `forum_topic_attachments`
  MODIFY `id` int UNSIGNED NOT NULL AUTO_INCREMENT, AUTO_INCREMENT=2;

--
-- AUTO_INCREMENT pour la table `forum_topic_bookmarks`
--
ALTER TABLE `forum_topic_bookmarks`
  MODIFY `id` int UNSIGNED NOT NULL AUTO_INCREMENT;

--
-- AUTO_INCREMENT pour la table `forum_topic_likes`
--
ALTER TABLE `forum_topic_likes`
  MODIFY `id` int UNSIGNED NOT NULL AUTO_INCREMENT;

--
-- AUTO_INCREMENT pour la table `forum_topic_posts`
--
ALTER TABLE `forum_topic_posts`
  MODIFY `id` int UNSIGNED NOT NULL AUTO_INCREMENT, AUTO_INCREMENT=20;

--
-- AUTO_INCREMENT pour la table `forum_topic_reports`
--
ALTER TABLE `forum_topic_reports`
  MODIFY `id` int UNSIGNED NOT NULL AUTO_INCREMENT;

--
-- AUTO_INCREMENT pour la table `forum_translations`
--
ALTER TABLE `forum_translations`
  MODIFY `id` bigint UNSIGNED NOT NULL AUTO_INCREMENT, AUTO_INCREMENT=11;

--
-- AUTO_INCREMENT pour la table `groups`
--
ALTER TABLE `groups`
  MODIFY `id` int UNSIGNED NOT NULL AUTO_INCREMENT, AUTO_INCREMENT=4;

--
-- AUTO_INCREMENT pour la table `groups_registration_packages`
--
ALTER TABLE `groups_registration_packages`
  MODIFY `id` bigint UNSIGNED NOT NULL AUTO_INCREMENT;

--
-- AUTO_INCREMENT pour la table `group_users`
--
ALTER TABLE `group_users`
  MODIFY `id` int UNSIGNED NOT NULL AUTO_INCREMENT, AUTO_INCREMENT=68;

--
-- AUTO_INCREMENT pour la table `home_sections`
--
ALTER TABLE `home_sections`
  MODIFY `id` int UNSIGNED NOT NULL AUTO_INCREMENT, AUTO_INCREMENT=23;

--
-- AUTO_INCREMENT pour la table `home_videos`
--
ALTER TABLE `home_videos`
  MODIFY `id` int UNSIGNED NOT NULL AUTO_INCREMENT, AUTO_INCREMENT=19;

--
-- AUTO_INCREMENT pour la table `jazzcash_transactions`
--
ALTER TABLE `jazzcash_transactions`
  MODIFY `id` bigint UNSIGNED NOT NULL AUTO_INCREMENT;

--
-- AUTO_INCREMENT pour la table `likes`
--
ALTER TABLE `likes`
  MODIFY `id` bigint UNSIGNED NOT NULL AUTO_INCREMENT, AUTO_INCREMENT=288;

--
-- AUTO_INCREMENT pour la table `manuels`
--
ALTER TABLE `manuels`
  MODIFY `id` int UNSIGNED NOT NULL AUTO_INCREMENT, AUTO_INCREMENT=1313;

--
-- AUTO_INCREMENT pour la table `materials`
--
ALTER TABLE `materials`
  MODIFY `id` int UNSIGNED NOT NULL AUTO_INCREMENT, AUTO_INCREMENT=100059;

--
-- AUTO_INCREMENT pour la table `meetings`
--
ALTER TABLE `meetings`
  MODIFY `id` int UNSIGNED NOT NULL AUTO_INCREMENT, AUTO_INCREMENT=101;

--
-- AUTO_INCREMENT pour la table `meeting_files`
--
ALTER TABLE `meeting_files`
  MODIFY `id` bigint UNSIGNED NOT NULL AUTO_INCREMENT, AUTO_INCREMENT=2;

--
-- AUTO_INCREMENT pour la table `meeting_times`
--
ALTER TABLE `meeting_times`
  MODIFY `id` int UNSIGNED NOT NULL AUTO_INCREMENT, AUTO_INCREMENT=371;

--
-- AUTO_INCREMENT pour la table `migrations`
--
ALTER TABLE `migrations`
  MODIFY `id` int UNSIGNED NOT NULL AUTO_INCREMENT, AUTO_INCREMENT=568;

--
-- AUTO_INCREMENT pour la table `navbar_buttons`
--
ALTER TABLE `navbar_buttons`
  MODIFY `id` int UNSIGNED NOT NULL AUTO_INCREMENT, AUTO_INCREMENT=5;

--
-- AUTO_INCREMENT pour la table `navbar_button_translations`
--
ALTER TABLE `navbar_button_translations`
  MODIFY `id` int UNSIGNED NOT NULL AUTO_INCREMENT, AUTO_INCREMENT=11;

--
-- AUTO_INCREMENT pour la table `newsletters`
--
ALTER TABLE `newsletters`
  MODIFY `id` int UNSIGNED NOT NULL AUTO_INCREMENT, AUTO_INCREMENT=219;

--
-- AUTO_INCREMENT pour la table `newsletters_history`
--
ALTER TABLE `newsletters_history`
  MODIFY `id` int UNSIGNED NOT NULL AUTO_INCREMENT, AUTO_INCREMENT=5;

--
-- AUTO_INCREMENT pour la table `noticeboards`
--
ALTER TABLE `noticeboards`
  MODIFY `id` int UNSIGNED NOT NULL AUTO_INCREMENT, AUTO_INCREMENT=15;

--
-- AUTO_INCREMENT pour la table `noticeboards_status`
--
ALTER TABLE `noticeboards_status`
  MODIFY `id` int UNSIGNED NOT NULL AUTO_INCREMENT, AUTO_INCREMENT=18;

--
-- AUTO_INCREMENT pour la table `notifications`
--
ALTER TABLE `notifications`
  MODIFY `id` int UNSIGNED NOT NULL AUTO_INCREMENT, AUTO_INCREMENT=3713;

--
-- AUTO_INCREMENT pour la table `notifications_status`
--
ALTER TABLE `notifications_status`
  MODIFY `id` int UNSIGNED NOT NULL AUTO_INCREMENT, AUTO_INCREMENT=521;

--
-- AUTO_INCREMENT pour la table `notification_templates`
--
ALTER TABLE `notification_templates`
  MODIFY `id` int UNSIGNED NOT NULL AUTO_INCREMENT, AUTO_INCREMENT=59;

--
-- AUTO_INCREMENT pour la table `offline_payments`
--
ALTER TABLE `offline_payments`
  MODIFY `id` int UNSIGNED NOT NULL AUTO_INCREMENT, AUTO_INCREMENT=66;

--
-- AUTO_INCREMENT pour la table `options`
--
ALTER TABLE `options`
  MODIFY `id` int UNSIGNED NOT NULL AUTO_INCREMENT, AUTO_INCREMENT=35;

--
-- AUTO_INCREMENT pour la table `orders`
--
ALTER TABLE `orders`
  MODIFY `id` int UNSIGNED NOT NULL AUTO_INCREMENT, AUTO_INCREMENT=518;

--
-- AUTO_INCREMENT pour la table `order_items`
--
ALTER TABLE `order_items`
  MODIFY `id` int UNSIGNED NOT NULL AUTO_INCREMENT, AUTO_INCREMENT=528;

--
-- AUTO_INCREMENT pour la table `pages`
--
ALTER TABLE `pages`
  MODIFY `id` int UNSIGNED NOT NULL AUTO_INCREMENT, AUTO_INCREMENT=8;

--
-- AUTO_INCREMENT pour la table `page_translations`
--
ALTER TABLE `page_translations`
  MODIFY `id` bigint UNSIGNED NOT NULL AUTO_INCREMENT, AUTO_INCREMENT=7;

--
-- AUTO_INCREMENT pour la table `payment_channels`
--
ALTER TABLE `payment_channels`
  MODIFY `id` int UNSIGNED NOT NULL AUTO_INCREMENT, AUTO_INCREMENT=25;

--
-- AUTO_INCREMENT pour la table `payouts`
--
ALTER TABLE `payouts`
  MODIFY `id` int UNSIGNED NOT NULL AUTO_INCREMENT, AUTO_INCREMENT=8;

--
-- AUTO_INCREMENT pour la table `payu_transactions`
--
ALTER TABLE `payu_transactions`
  MODIFY `id` bigint UNSIGNED NOT NULL AUTO_INCREMENT;

--
-- AUTO_INCREMENT pour la table `pdf_documents`
--
ALTER TABLE `pdf_documents`
  MODIFY `id` bigint UNSIGNED NOT NULL AUTO_INCREMENT;

--
-- AUTO_INCREMENT pour la table `permissions`
--
ALTER TABLE `permissions`
  MODIFY `id` int UNSIGNED NOT NULL AUTO_INCREMENT, AUTO_INCREMENT=12893;

--
-- AUTO_INCREMENT pour la table `prerequisites`
--
ALTER TABLE `prerequisites`
  MODIFY `id` int UNSIGNED NOT NULL AUTO_INCREMENT, AUTO_INCREMENT=32;

--
-- AUTO_INCREMENT pour la table `products`
--
ALTER TABLE `products`
  MODIFY `id` int UNSIGNED NOT NULL AUTO_INCREMENT, AUTO_INCREMENT=7;

--
-- AUTO_INCREMENT pour la table `product_categories`
--
ALTER TABLE `product_categories`
  MODIFY `id` int UNSIGNED NOT NULL AUTO_INCREMENT, AUTO_INCREMENT=4;

--
-- AUTO_INCREMENT pour la table `product_category_translations`
--
ALTER TABLE `product_category_translations`
  MODIFY `id` bigint UNSIGNED NOT NULL AUTO_INCREMENT, AUTO_INCREMENT=4;

--
-- AUTO_INCREMENT pour la table `product_discounts`
--
ALTER TABLE `product_discounts`
  MODIFY `id` int UNSIGNED NOT NULL AUTO_INCREMENT, AUTO_INCREMENT=2;

--
-- AUTO_INCREMENT pour la table `product_faqs`
--
ALTER TABLE `product_faqs`
  MODIFY `id` int UNSIGNED NOT NULL AUTO_INCREMENT;

--
-- AUTO_INCREMENT pour la table `product_faq_translations`
--
ALTER TABLE `product_faq_translations`
  MODIFY `id` bigint UNSIGNED NOT NULL AUTO_INCREMENT;

--
-- AUTO_INCREMENT pour la table `product_files`
--
ALTER TABLE `product_files`
  MODIFY `id` int UNSIGNED NOT NULL AUTO_INCREMENT, AUTO_INCREMENT=6;

--
-- AUTO_INCREMENT pour la table `product_file_translations`
--
ALTER TABLE `product_file_translations`
  MODIFY `id` bigint UNSIGNED NOT NULL AUTO_INCREMENT, AUTO_INCREMENT=6;

--
-- AUTO_INCREMENT pour la table `product_filters`
--
ALTER TABLE `product_filters`
  MODIFY `id` int UNSIGNED NOT NULL AUTO_INCREMENT, AUTO_INCREMENT=3;

--
-- AUTO_INCREMENT pour la table `product_filter_options`
--
ALTER TABLE `product_filter_options`
  MODIFY `id` int UNSIGNED NOT NULL AUTO_INCREMENT, AUTO_INCREMENT=5;

--
-- AUTO_INCREMENT pour la table `product_filter_option_translations`
--
ALTER TABLE `product_filter_option_translations`
  MODIFY `id` bigint UNSIGNED NOT NULL AUTO_INCREMENT, AUTO_INCREMENT=5;

--
-- AUTO_INCREMENT pour la table `product_filter_translations`
--
ALTER TABLE `product_filter_translations`
  MODIFY `id` bigint UNSIGNED NOT NULL AUTO_INCREMENT, AUTO_INCREMENT=3;

--
-- AUTO_INCREMENT pour la table `product_media`
--
ALTER TABLE `product_media`
  MODIFY `id` int UNSIGNED NOT NULL AUTO_INCREMENT, AUTO_INCREMENT=80;

--
-- AUTO_INCREMENT pour la table `product_orders`
--
ALTER TABLE `product_orders`
  MODIFY `id` int UNSIGNED NOT NULL AUTO_INCREMENT, AUTO_INCREMENT=11;

--
-- AUTO_INCREMENT pour la table `product_reviews`
--
ALTER TABLE `product_reviews`
  MODIFY `id` int UNSIGNED NOT NULL AUTO_INCREMENT, AUTO_INCREMENT=6;

--
-- AUTO_INCREMENT pour la table `product_selected_filter_options`
--
ALTER TABLE `product_selected_filter_options`
  MODIFY `id` int UNSIGNED NOT NULL AUTO_INCREMENT, AUTO_INCREMENT=17;

--
-- AUTO_INCREMENT pour la table `product_selected_specifications`
--
ALTER TABLE `product_selected_specifications`
  MODIFY `id` int UNSIGNED NOT NULL AUTO_INCREMENT, AUTO_INCREMENT=8;

--
-- AUTO_INCREMENT pour la table `product_selected_specification_multi_values`
--
ALTER TABLE `product_selected_specification_multi_values`
  MODIFY `id` int UNSIGNED NOT NULL AUTO_INCREMENT, AUTO_INCREMENT=11;

--
-- AUTO_INCREMENT pour la table `product_selected_specification_translations`
--
ALTER TABLE `product_selected_specification_translations`
  MODIFY `id` bigint UNSIGNED NOT NULL AUTO_INCREMENT, AUTO_INCREMENT=3;

--
-- AUTO_INCREMENT pour la table `product_specifications`
--
ALTER TABLE `product_specifications`
  MODIFY `id` int UNSIGNED NOT NULL AUTO_INCREMENT, AUTO_INCREMENT=6;

--
-- AUTO_INCREMENT pour la table `product_specification_categories`
--
ALTER TABLE `product_specification_categories`
  MODIFY `id` int UNSIGNED NOT NULL AUTO_INCREMENT, AUTO_INCREMENT=8;

--
-- AUTO_INCREMENT pour la table `product_specification_multi_values`
--
ALTER TABLE `product_specification_multi_values`
  MODIFY `id` int UNSIGNED NOT NULL AUTO_INCREMENT, AUTO_INCREMENT=15;

--
-- AUTO_INCREMENT pour la table `product_specification_multi_value_translations`
--
ALTER TABLE `product_specification_multi_value_translations`
  MODIFY `id` bigint UNSIGNED NOT NULL AUTO_INCREMENT, AUTO_INCREMENT=15;

--
-- AUTO_INCREMENT pour la table `product_specification_translations`
--
ALTER TABLE `product_specification_translations`
  MODIFY `id` bigint UNSIGNED NOT NULL AUTO_INCREMENT, AUTO_INCREMENT=6;

--
-- AUTO_INCREMENT pour la table `product_translations`
--
ALTER TABLE `product_translations`
  MODIFY `id` bigint UNSIGNED NOT NULL AUTO_INCREMENT, AUTO_INCREMENT=7;

--
-- AUTO_INCREMENT pour la table `promotions`
--
ALTER TABLE `promotions`
  MODIFY `id` int UNSIGNED NOT NULL AUTO_INCREMENT, AUTO_INCREMENT=5;

--
-- AUTO_INCREMENT pour la table `promotion_translations`
--
ALTER TABLE `promotion_translations`
  MODIFY `id` bigint UNSIGNED NOT NULL AUTO_INCREMENT, AUTO_INCREMENT=10;

--
-- AUTO_INCREMENT pour la table `purchases`
--
ALTER TABLE `purchases`
  MODIFY `id` int UNSIGNED NOT NULL AUTO_INCREMENT;

--
-- AUTO_INCREMENT pour la table `quizzes`
--
ALTER TABLE `quizzes`
  MODIFY `id` int UNSIGNED NOT NULL AUTO_INCREMENT, AUTO_INCREMENT=43;

--
-- AUTO_INCREMENT pour la table `quizzes_questions`
--
ALTER TABLE `quizzes_questions`
  MODIFY `id` int UNSIGNED NOT NULL AUTO_INCREMENT, AUTO_INCREMENT=83;

--
-- AUTO_INCREMENT pour la table `quizzes_questions_answers`
--
ALTER TABLE `quizzes_questions_answers`
  MODIFY `id` int UNSIGNED NOT NULL AUTO_INCREMENT, AUTO_INCREMENT=220;

--
-- AUTO_INCREMENT pour la table `quizzes_questions_answer_translations`
--
ALTER TABLE `quizzes_questions_answer_translations`
  MODIFY `id` bigint UNSIGNED NOT NULL AUTO_INCREMENT, AUTO_INCREMENT=150;

--
-- AUTO_INCREMENT pour la table `quizzes_results`
--
ALTER TABLE `quizzes_results`
  MODIFY `id` int UNSIGNED NOT NULL AUTO_INCREMENT, AUTO_INCREMENT=73;

--
-- AUTO_INCREMENT pour la table `quiz_question_translations`
--
ALTER TABLE `quiz_question_translations`
  MODIFY `id` bigint UNSIGNED NOT NULL AUTO_INCREMENT, AUTO_INCREMENT=43;

--
-- AUTO_INCREMENT pour la table `quiz_translations`
--
ALTER TABLE `quiz_translations`
  MODIFY `id` bigint UNSIGNED NOT NULL AUTO_INCREMENT, AUTO_INCREMENT=10;

--
-- AUTO_INCREMENT pour la table `rating`
--
ALTER TABLE `rating`
  MODIFY `id` int UNSIGNED NOT NULL AUTO_INCREMENT;

--
-- AUTO_INCREMENT pour la table `regions`
--
ALTER TABLE `regions`
  MODIFY `id` int UNSIGNED NOT NULL AUTO_INCREMENT, AUTO_INCREMENT=86;

--
-- AUTO_INCREMENT pour la table `registration_packages`
--
ALTER TABLE `registration_packages`
  MODIFY `id` int UNSIGNED NOT NULL AUTO_INCREMENT, AUTO_INCREMENT=7;

--
-- AUTO_INCREMENT pour la table `registration_packages_translations`
--
ALTER TABLE `registration_packages_translations`
  MODIFY `id` bigint UNSIGNED NOT NULL AUTO_INCREMENT, AUTO_INCREMENT=7;

--
-- AUTO_INCREMENT pour la table `reserve_meetings`
--
ALTER TABLE `reserve_meetings`
  MODIFY `id` int UNSIGNED NOT NULL AUTO_INCREMENT, AUTO_INCREMENT=84;

--
-- AUTO_INCREMENT pour la table `rewards`
--
ALTER TABLE `rewards`
  MODIFY `id` int UNSIGNED NOT NULL AUTO_INCREMENT, AUTO_INCREMENT=25;

--
-- AUTO_INCREMENT pour la table `rewards_accounting`
--
ALTER TABLE `rewards_accounting`
  MODIFY `id` int UNSIGNED NOT NULL AUTO_INCREMENT, AUTO_INCREMENT=1003;

--
-- AUTO_INCREMENT pour la table `roles`
--
ALTER TABLE `roles`
  MODIFY `id` int UNSIGNED NOT NULL AUTO_INCREMENT, AUTO_INCREMENT=11;

--
-- AUTO_INCREMENT pour la table `sales`
--
ALTER TABLE `sales`
  MODIFY `id` int UNSIGNED NOT NULL AUTO_INCREMENT, AUTO_INCREMENT=388;

--
-- AUTO_INCREMENT pour la table `sales_log`
--
ALTER TABLE `sales_log`
  MODIFY `id` int UNSIGNED NOT NULL AUTO_INCREMENT, AUTO_INCREMENT=143;

--
-- AUTO_INCREMENT pour la table `schools`
--
ALTER TABLE `schools`
  MODIFY `id` int UNSIGNED NOT NULL AUTO_INCREMENT, AUTO_INCREMENT=125;

--
-- AUTO_INCREMENT pour la table `school_levels`
--
ALTER TABLE `school_levels`
  MODIFY `id` int UNSIGNED NOT NULL AUTO_INCREMENT, AUTO_INCREMENT=13;

--
-- AUTO_INCREMENT pour la table `sections`
--
ALTER TABLE `sections`
  MODIFY `id` int UNSIGNED NOT NULL AUTO_INCREMENT, AUTO_INCREMENT=2033;

--
-- AUTO_INCREMENT pour la table `sectionsmat`
--
ALTER TABLE `sectionsmat`
  MODIFY `id` int UNSIGNED NOT NULL AUTO_INCREMENT, AUTO_INCREMENT=26;

--
-- AUTO_INCREMENT pour la table `sessions`
--
ALTER TABLE `sessions`
  MODIFY `id` int UNSIGNED NOT NULL AUTO_INCREMENT, AUTO_INCREMENT=79;

--
-- AUTO_INCREMENT pour la table `session_reminds`
--
ALTER TABLE `session_reminds`
  MODIFY `id` int UNSIGNED NOT NULL AUTO_INCREMENT;

--
-- AUTO_INCREMENT pour la table `session_translations`
--
ALTER TABLE `session_translations`
  MODIFY `id` bigint UNSIGNED NOT NULL AUTO_INCREMENT, AUTO_INCREMENT=26;

--
-- AUTO_INCREMENT pour la table `settings`
--
ALTER TABLE `settings`
  MODIFY `id` int UNSIGNED NOT NULL AUTO_INCREMENT, AUTO_INCREMENT=53;

--
-- AUTO_INCREMENT pour la table `setting_translations`
--
ALTER TABLE `setting_translations`
  MODIFY `id` bigint UNSIGNED NOT NULL AUTO_INCREMENT, AUTO_INCREMENT=68;

--
-- AUTO_INCREMENT pour la table `speciality`
--
ALTER TABLE `speciality`
  MODIFY `id` int UNSIGNED NOT NULL AUTO_INCREMENT;

--
-- AUTO_INCREMENT pour la table `special_offers`
--
ALTER TABLE `special_offers`
  MODIFY `id` int UNSIGNED NOT NULL AUTO_INCREMENT, AUTO_INCREMENT=18;

--
-- AUTO_INCREMENT pour la table `submaterials`
--
ALTER TABLE `submaterials`
  MODIFY `id` int UNSIGNED NOT NULL AUTO_INCREMENT, AUTO_INCREMENT=32;

--
-- AUTO_INCREMENT pour la table `subscribes`
--
ALTER TABLE `subscribes`
  MODIFY `id` int UNSIGNED NOT NULL AUTO_INCREMENT, AUTO_INCREMENT=11;

--
-- AUTO_INCREMENT pour la table `subscribe_reminds`
--
ALTER TABLE `subscribe_reminds`
  MODIFY `id` int UNSIGNED NOT NULL AUTO_INCREMENT;

--
-- AUTO_INCREMENT pour la table `subscribe_translations`
--
ALTER TABLE `subscribe_translations`
  MODIFY `id` bigint UNSIGNED NOT NULL AUTO_INCREMENT, AUTO_INCREMENT=12;

--
-- AUTO_INCREMENT pour la table `subscribe_uses`
--
ALTER TABLE `subscribe_uses`
  MODIFY `id` int UNSIGNED NOT NULL AUTO_INCREMENT, AUTO_INCREMENT=12;

--
-- AUTO_INCREMENT pour la table `supports`
--
ALTER TABLE `supports`
  MODIFY `id` int UNSIGNED NOT NULL AUTO_INCREMENT, AUTO_INCREMENT=54;

--
-- AUTO_INCREMENT pour la table `support_conversations`
--
ALTER TABLE `support_conversations`
  MODIFY `id` int UNSIGNED NOT NULL AUTO_INCREMENT, AUTO_INCREMENT=61;

--
-- AUTO_INCREMENT pour la table `support_departments`
--
ALTER TABLE `support_departments`
  MODIFY `id` int UNSIGNED NOT NULL AUTO_INCREMENT, AUTO_INCREMENT=5;

--
-- AUTO_INCREMENT pour la table `support_department_translations`
--
ALTER TABLE `support_department_translations`
  MODIFY `id` bigint UNSIGNED NOT NULL AUTO_INCREMENT, AUTO_INCREMENT=10;

--
-- AUTO_INCREMENT pour la table `tags`
--
ALTER TABLE `tags`
  MODIFY `id` int UNSIGNED NOT NULL AUTO_INCREMENT, AUTO_INCREMENT=6743;

--
-- AUTO_INCREMENT pour la table `teachers`
--
ALTER TABLE `teachers`
  MODIFY `id` bigint UNSIGNED NOT NULL AUTO_INCREMENT, AUTO_INCREMENT=516;

--
-- AUTO_INCREMENT pour la table `testimonials`
--
ALTER TABLE `testimonials`
  MODIFY `id` int UNSIGNED NOT NULL AUTO_INCREMENT, AUTO_INCREMENT=8;

--
-- AUTO_INCREMENT pour la table `testimonial_translations`
--
ALTER TABLE `testimonial_translations`
  MODIFY `id` bigint UNSIGNED NOT NULL AUTO_INCREMENT, AUTO_INCREMENT=17;

--
-- AUTO_INCREMENT pour la table `text_lessons`
--
ALTER TABLE `text_lessons`
  MODIFY `id` int UNSIGNED NOT NULL AUTO_INCREMENT, AUTO_INCREMENT=16;

--
-- AUTO_INCREMENT pour la table `text_lessons_attachments`
--
ALTER TABLE `text_lessons_attachments`
  MODIFY `id` int UNSIGNED NOT NULL AUTO_INCREMENT, AUTO_INCREMENT=15;

--
-- AUTO_INCREMENT pour la table `text_lesson_translations`
--
ALTER TABLE `text_lesson_translations`
  MODIFY `id` bigint UNSIGNED NOT NULL AUTO_INCREMENT, AUTO_INCREMENT=4;

--
-- AUTO_INCREMENT pour la table `tickets`
--
ALTER TABLE `tickets`
  MODIFY `id` int UNSIGNED NOT NULL AUTO_INCREMENT, AUTO_INCREMENT=36;

--
-- AUTO_INCREMENT pour la table `ticket_translations`
--
ALTER TABLE `ticket_translations`
  MODIFY `id` bigint UNSIGNED NOT NULL AUTO_INCREMENT, AUTO_INCREMENT=9;

--
-- AUTO_INCREMENT pour la table `ticket_users`
--
ALTER TABLE `ticket_users`
  MODIFY `id` int UNSIGNED NOT NULL AUTO_INCREMENT, AUTO_INCREMENT=11;

--
-- AUTO_INCREMENT pour la table `trend_categories`
--
ALTER TABLE `trend_categories`
  MODIFY `id` int UNSIGNED NOT NULL AUTO_INCREMENT, AUTO_INCREMENT=7;

--
-- AUTO_INCREMENT pour la table `users`
--
ALTER TABLE `users`
  MODIFY `id` int UNSIGNED NOT NULL AUTO_INCREMENT, AUTO_INCREMENT=2673;

--
-- AUTO_INCREMENT pour la table `users_badges`
--
ALTER TABLE `users_badges`
  MODIFY `id` int UNSIGNED NOT NULL AUTO_INCREMENT, AUTO_INCREMENT=2;

--
-- AUTO_INCREMENT pour la table `users_cookie_security`
--
ALTER TABLE `users_cookie_security`
  MODIFY `id` int UNSIGNED NOT NULL AUTO_INCREMENT, AUTO_INCREMENT=12;

--
-- AUTO_INCREMENT pour la table `users_manual_purchase`
--
ALTER TABLE `users_manual_purchase`
  MODIFY `id` int UNSIGNED NOT NULL AUTO_INCREMENT;

--
-- AUTO_INCREMENT pour la table `users_metas`
--
ALTER TABLE `users_metas`
  MODIFY `id` int UNSIGNED NOT NULL AUTO_INCREMENT, AUTO_INCREMENT=140;

--
-- AUTO_INCREMENT pour la table `users_occupations`
--
ALTER TABLE `users_occupations`
  MODIFY `id` int UNSIGNED NOT NULL AUTO_INCREMENT, AUTO_INCREMENT=1119;

--
-- AUTO_INCREMENT pour la table `users_registration_packages`
--
ALTER TABLE `users_registration_packages`
  MODIFY `id` bigint UNSIGNED NOT NULL AUTO_INCREMENT;

--
-- AUTO_INCREMENT pour la table `users_zoom_api`
--
ALTER TABLE `users_zoom_api`
  MODIFY `id` int UNSIGNED NOT NULL AUTO_INCREMENT, AUTO_INCREMENT=6;

--
-- AUTO_INCREMENT pour la table `user_level`
--
ALTER TABLE `user_level`
  MODIFY `id` bigint UNSIGNED NOT NULL AUTO_INCREMENT, AUTO_INCREMENT=1052;

--
-- AUTO_INCREMENT pour la table `user_matiere`
--
ALTER TABLE `user_matiere`
  MODIFY `id` bigint UNSIGNED NOT NULL AUTO_INCREMENT, AUTO_INCREMENT=1935;

--
-- AUTO_INCREMENT pour la table `user_views`
--
ALTER TABLE `user_views`
  MODIFY `id` bigint UNSIGNED NOT NULL AUTO_INCREMENT, AUTO_INCREMENT=470;

--
-- AUTO_INCREMENT pour la table `verifications`
--
ALTER TABLE `verifications`
  MODIFY `id` int UNSIGNED NOT NULL AUTO_INCREMENT, AUTO_INCREMENT=301;

--
-- AUTO_INCREMENT pour la table `videos`
--
ALTER TABLE `videos`
  MODIFY `id` int UNSIGNED NOT NULL AUTO_INCREMENT, AUTO_INCREMENT=752;

--
-- AUTO_INCREMENT pour la table `webinars`
--
ALTER TABLE `webinars`
  MODIFY `id` int UNSIGNED NOT NULL AUTO_INCREMENT, AUTO_INCREMENT=2188;

--
-- AUTO_INCREMENT pour la table `webinar_assignments`
--
ALTER TABLE `webinar_assignments`
  MODIFY `id` int UNSIGNED NOT NULL AUTO_INCREMENT, AUTO_INCREMENT=3;

--
-- AUTO_INCREMENT pour la table `webinar_assignment_attachments`
--
ALTER TABLE `webinar_assignment_attachments`
  MODIFY `id` bigint UNSIGNED NOT NULL AUTO_INCREMENT, AUTO_INCREMENT=5;

--
-- AUTO_INCREMENT pour la table `webinar_assignment_history`
--
ALTER TABLE `webinar_assignment_history`
  MODIFY `id` int UNSIGNED NOT NULL AUTO_INCREMENT, AUTO_INCREMENT=7;

--
-- AUTO_INCREMENT pour la table `webinar_assignment_history_messages`
--
ALTER TABLE `webinar_assignment_history_messages`
  MODIFY `id` int UNSIGNED NOT NULL AUTO_INCREMENT, AUTO_INCREMENT=9;

--
-- AUTO_INCREMENT pour la table `webinar_assignment_translations`
--
ALTER TABLE `webinar_assignment_translations`
  MODIFY `id` bigint UNSIGNED NOT NULL AUTO_INCREMENT, AUTO_INCREMENT=3;

--
-- AUTO_INCREMENT pour la table `webinar_chapters`
--
ALTER TABLE `webinar_chapters`
  MODIFY `id` int UNSIGNED NOT NULL AUTO_INCREMENT, AUTO_INCREMENT=237;

--
-- AUTO_INCREMENT pour la table `webinar_chapter_items`
--
ALTER TABLE `webinar_chapter_items`
  MODIFY `id` bigint UNSIGNED NOT NULL AUTO_INCREMENT, AUTO_INCREMENT=234;

--
-- AUTO_INCREMENT pour la table `webinar_chapter_translations`
--
ALTER TABLE `webinar_chapter_translations`
  MODIFY `id` bigint UNSIGNED NOT NULL AUTO_INCREMENT, AUTO_INCREMENT=214;

--
-- AUTO_INCREMENT pour la table `webinar_extra_descriptions`
--
ALTER TABLE `webinar_extra_descriptions`
  MODIFY `id` int UNSIGNED NOT NULL AUTO_INCREMENT, AUTO_INCREMENT=33;

--
-- AUTO_INCREMENT pour la table `webinar_extra_description_translations`
--
ALTER TABLE `webinar_extra_description_translations`
  MODIFY `id` bigint UNSIGNED NOT NULL AUTO_INCREMENT, AUTO_INCREMENT=33;

--
-- AUTO_INCREMENT pour la table `webinar_filter_option`
--
ALTER TABLE `webinar_filter_option`
  MODIFY `id` int UNSIGNED NOT NULL AUTO_INCREMENT, AUTO_INCREMENT=11779;

--
-- AUTO_INCREMENT pour la table `webinar_partner_teacher`
--
ALTER TABLE `webinar_partner_teacher`
  MODIFY `id` int UNSIGNED NOT NULL AUTO_INCREMENT, AUTO_INCREMENT=128;

--
-- AUTO_INCREMENT pour la table `webinar_reports`
--
ALTER TABLE `webinar_reports`
  MODIFY `id` int UNSIGNED NOT NULL AUTO_INCREMENT, AUTO_INCREMENT=6;

--
-- AUTO_INCREMENT pour la table `webinar_reviews`
--
ALTER TABLE `webinar_reviews`
  MODIFY `id` int UNSIGNED NOT NULL AUTO_INCREMENT, AUTO_INCREMENT=45;

--
-- AUTO_INCREMENT pour la table `webinar_translations`
--
ALTER TABLE `webinar_translations`
  MODIFY `id` bigint UNSIGNED NOT NULL AUTO_INCREMENT, AUTO_INCREMENT=205;

--
-- Contraintes pour les tables déchargées
--

--
-- Contraintes pour la table `advertising_banners_translations`
--
ALTER TABLE `advertising_banners_translations`
  ADD CONSTRAINT `advertising_banners_translations_advertising_banner_id_foreign` FOREIGN KEY (`advertising_banner_id`) REFERENCES `advertising_banners` (`id`) ON DELETE CASCADE;

--
-- Contraintes pour la table `affiliates`
--
ALTER TABLE `affiliates`
  ADD CONSTRAINT `affiliates_affiliate_user_id_foreign` FOREIGN KEY (`affiliate_user_id`) REFERENCES `users` (`id`) ON DELETE CASCADE,
  ADD CONSTRAINT `affiliates_referred_user_id_foreign` FOREIGN KEY (`referred_user_id`) REFERENCES `users` (`id`) ON DELETE CASCADE;

--
-- Contraintes pour la table `affiliates_codes`
--
ALTER TABLE `affiliates_codes`
  ADD CONSTRAINT `affiliates_codes_user_id_foreign` FOREIGN KEY (`user_id`) REFERENCES `users` (`id`) ON DELETE CASCADE;

--
-- Contraintes pour la table `agora_history`
--
ALTER TABLE `agora_history`
  ADD CONSTRAINT `agora_history_session_id_foreign` FOREIGN KEY (`session_id`) REFERENCES `sessions` (`id`) ON DELETE CASCADE;

--
-- Contraintes pour la table `badge_translations`
--
ALTER TABLE `badge_translations`
  ADD CONSTRAINT `badge_translations_badge_id_foreign` FOREIGN KEY (`badge_id`) REFERENCES `badges` (`id`) ON DELETE CASCADE;

--
-- Contraintes pour la table `become_instructors`
--
ALTER TABLE `become_instructors`
  ADD CONSTRAINT `become_instructors_user_id_foreign` FOREIGN KEY (`user_id`) REFERENCES `users` (`id`) ON DELETE CASCADE;

--
-- Contraintes pour la table `blog`
--
ALTER TABLE `blog`
  ADD CONSTRAINT `blog_category_id_foreign` FOREIGN KEY (`category_id`) REFERENCES `blog_categories` (`id`) ON DELETE CASCADE;

--
-- Contraintes pour la table `blog_translations`
--
ALTER TABLE `blog_translations`
  ADD CONSTRAINT `blog_translations_blog_id_foreign` FOREIGN KEY (`blog_id`) REFERENCES `blog` (`id`) ON DELETE CASCADE;

--
-- Contraintes pour la table `bundles`
--
ALTER TABLE `bundles`
  ADD CONSTRAINT `bundles_category_id_foreign` FOREIGN KEY (`category_id`) REFERENCES `categories` (`id`) ON DELETE CASCADE,
  ADD CONSTRAINT `bundles_creator_id_foreign` FOREIGN KEY (`creator_id`) REFERENCES `users` (`id`) ON DELETE CASCADE,
  ADD CONSTRAINT `bundles_teacher_id_foreign` FOREIGN KEY (`teacher_id`) REFERENCES `users` (`id`) ON DELETE CASCADE;

--
-- Contraintes pour la table `bundle_filter_option`
--
ALTER TABLE `bundle_filter_option`
  ADD CONSTRAINT `bundle_filter_option_bundle_id_foreign` FOREIGN KEY (`bundle_id`) REFERENCES `bundles` (`id`) ON DELETE CASCADE,
  ADD CONSTRAINT `bundle_filter_option_filter_option_id_foreign` FOREIGN KEY (`filter_option_id`) REFERENCES `filter_options` (`id`) ON DELETE CASCADE;

--
-- Contraintes pour la table `bundle_translations`
--
ALTER TABLE `bundle_translations`
  ADD CONSTRAINT `bundle_translations_bundle_id_foreign` FOREIGN KEY (`bundle_id`) REFERENCES `bundles` (`id`) ON DELETE CASCADE;

--
-- Contraintes pour la table `bundle_webinars`
--
ALTER TABLE `bundle_webinars`
  ADD CONSTRAINT `bundle_webinars_bundle_id_foreign` FOREIGN KEY (`bundle_id`) REFERENCES `bundles` (`id`) ON DELETE CASCADE,
  ADD CONSTRAINT `bundle_webinars_webinar_id_foreign` FOREIGN KEY (`webinar_id`) REFERENCES `webinars` (`id`) ON DELETE CASCADE;

--
-- Contraintes pour la table `cart`
--
ALTER TABLE `cart`
  ADD CONSTRAINT `cart_bundle_id_foreign` FOREIGN KEY (`bundle_id`) REFERENCES `bundles` (`id`) ON DELETE CASCADE,
  ADD CONSTRAINT `cart_creator_id_foreign` FOREIGN KEY (`creator_id`) REFERENCES `users` (`id`) ON DELETE CASCADE,
  ADD CONSTRAINT `cart_product_discount_id_foreign` FOREIGN KEY (`product_discount_id`) REFERENCES `product_discounts` (`id`) ON DELETE SET NULL,
  ADD CONSTRAINT `cart_product_order_id_foreign` FOREIGN KEY (`product_order_id`) REFERENCES `product_orders` (`id`) ON DELETE CASCADE,
  ADD CONSTRAINT `cart_promotion_id_foreign` FOREIGN KEY (`promotion_id`) REFERENCES `promotions` (`id`) ON DELETE CASCADE,
  ADD CONSTRAINT `cart_reserve_meeting_id_foreign` FOREIGN KEY (`reserve_meeting_id`) REFERENCES `reserve_meetings` (`id`) ON DELETE CASCADE,
  ADD CONSTRAINT `cart_special_offer_id_foreign` FOREIGN KEY (`special_offer_id`) REFERENCES `special_offers` (`id`) ON DELETE CASCADE,
  ADD CONSTRAINT `cart_subscribe_id_foreign` FOREIGN KEY (`subscribe_id`) REFERENCES `subscribes` (`id`) ON DELETE CASCADE,
  ADD CONSTRAINT `cart_ticket_id_foreign` FOREIGN KEY (`ticket_id`) REFERENCES `tickets` (`id`) ON DELETE CASCADE,
  ADD CONSTRAINT `cart_webinar_id_foreign` FOREIGN KEY (`webinar_id`) REFERENCES `webinars` (`id`) ON DELETE CASCADE;

--
-- Contraintes pour la table `category_translations`
--
ALTER TABLE `category_translations`
  ADD CONSTRAINT `category_translations_category_id_foreign` FOREIGN KEY (`category_id`) REFERENCES `categories` (`id`) ON DELETE CASCADE;

--
-- Contraintes pour la table `certificates`
--
ALTER TABLE `certificates`
  ADD CONSTRAINT `certificates_quiz_id_foreign` FOREIGN KEY (`quiz_id`) REFERENCES `quizzes` (`id`) ON DELETE CASCADE,
  ADD CONSTRAINT `certificates_quiz_result_id_foreign` FOREIGN KEY (`quiz_result_id`) REFERENCES `quizzes_results` (`id`) ON DELETE CASCADE,
  ADD CONSTRAINT `certificates_student_id_foreign` FOREIGN KEY (`student_id`) REFERENCES `users` (`id`) ON DELETE CASCADE,
  ADD CONSTRAINT `certificates_webinar_id_foreign` FOREIGN KEY (`webinar_id`) REFERENCES `webinars` (`id`) ON DELETE CASCADE;

--
-- Contraintes pour la table `certificate_template_translations`
--
ALTER TABLE `certificate_template_translations`
  ADD CONSTRAINT `certificate_template_id` FOREIGN KEY (`certificate_template_id`) REFERENCES `certificates_templates` (`id`) ON DELETE CASCADE;

--
-- Contraintes pour la table `comments`
--
ALTER TABLE `comments`
  ADD CONSTRAINT `comments_bundle_id_foreign` FOREIGN KEY (`bundle_id`) REFERENCES `bundles` (`id`) ON DELETE CASCADE,
  ADD CONSTRAINT `comments_product_id_foreign` FOREIGN KEY (`product_id`) REFERENCES `products` (`id`) ON DELETE CASCADE,
  ADD CONSTRAINT `comments_reply_id_foreign` FOREIGN KEY (`reply_id`) REFERENCES `comments` (`id`) ON DELETE CASCADE,
  ADD CONSTRAINT `comments_review_id_foreign` FOREIGN KEY (`review_id`) REFERENCES `webinar_reviews` (`id`) ON DELETE CASCADE,
  ADD CONSTRAINT `comments_user_id_foreign` FOREIGN KEY (`user_id`) REFERENCES `users` (`id`) ON DELETE CASCADE,
  ADD CONSTRAINT `comments_webinar_id_foreign` FOREIGN KEY (`webinar_id`) REFERENCES `webinars` (`id`) ON DELETE CASCADE;

--
-- Contraintes pour la table `comments_reports`
--
ALTER TABLE `comments_reports`
  ADD CONSTRAINT `comments_reports_comment_id_foreign` FOREIGN KEY (`comment_id`) REFERENCES `comments` (`id`) ON DELETE CASCADE,
  ADD CONSTRAINT `comments_reports_product_id_foreign` FOREIGN KEY (`product_id`) REFERENCES `products` (`id`) ON DELETE CASCADE;

--
-- Contraintes pour la table `course_forums`
--
ALTER TABLE `course_forums`
  ADD CONSTRAINT `course_forums_user_id_foreign` FOREIGN KEY (`user_id`) REFERENCES `users` (`id`) ON DELETE CASCADE,
  ADD CONSTRAINT `course_forums_webinar_id_foreign` FOREIGN KEY (`webinar_id`) REFERENCES `webinars` (`id`) ON DELETE CASCADE;

--
-- Contraintes pour la table `course_forum_answers`
--
ALTER TABLE `course_forum_answers`
  ADD CONSTRAINT `course_forum_answers_forum_id_foreign` FOREIGN KEY (`forum_id`) REFERENCES `course_forums` (`id`) ON DELETE CASCADE,
  ADD CONSTRAINT `course_forum_answers_user_id_foreign` FOREIGN KEY (`user_id`) REFERENCES `users` (`id`) ON DELETE CASCADE;

--
-- Contraintes pour la table `course_learning`
--
ALTER TABLE `course_learning`
  ADD CONSTRAINT `course_learning_file_id_foreign` FOREIGN KEY (`file_id`) REFERENCES `files` (`id`) ON DELETE CASCADE,
  ADD CONSTRAINT `course_learning_session_id_foreign` FOREIGN KEY (`session_id`) REFERENCES `sessions` (`id`) ON DELETE CASCADE,
  ADD CONSTRAINT `course_learning_text_lesson_id_foreign` FOREIGN KEY (`text_lesson_id`) REFERENCES `text_lessons` (`id`) ON DELETE CASCADE,
  ADD CONSTRAINT `course_learning_user_id_foreign` FOREIGN KEY (`user_id`) REFERENCES `users` (`id`) ON DELETE CASCADE;

--
-- Contraintes pour la table `course_noticeboards`
--
ALTER TABLE `course_noticeboards`
  ADD CONSTRAINT `course_noticeboards_creator_id_foreign` FOREIGN KEY (`creator_id`) REFERENCES `users` (`id`) ON DELETE CASCADE,
  ADD CONSTRAINT `course_noticeboards_webinar_id_foreign` FOREIGN KEY (`webinar_id`) REFERENCES `webinars` (`id`) ON DELETE CASCADE;

--
-- Contraintes pour la table `course_noticeboard_status`
--
ALTER TABLE `course_noticeboard_status`
  ADD CONSTRAINT `course_noticeboard_status_noticeboard_id_foreign` FOREIGN KEY (`noticeboard_id`) REFERENCES `course_noticeboards` (`id`) ON DELETE CASCADE;

--
-- Contraintes pour la table `delete_account_requests`
--
ALTER TABLE `delete_account_requests`
  ADD CONSTRAINT `delete_account_requests_user_id_foreign` FOREIGN KEY (`user_id`) REFERENCES `users` (`id`) ON DELETE CASCADE;

--
-- Contraintes pour la table `discounts`
--
ALTER TABLE `discounts`
  ADD CONSTRAINT `discounts_creator_id_foreign` FOREIGN KEY (`creator_id`) REFERENCES `users` (`id`) ON DELETE CASCADE;

--
-- Contraintes pour la table `discount_categories`
--
ALTER TABLE `discount_categories`
  ADD CONSTRAINT `discount_categories_category_id_foreign` FOREIGN KEY (`category_id`) REFERENCES `categories` (`id`) ON DELETE CASCADE,
  ADD CONSTRAINT `discount_categories_discount_id_foreign` FOREIGN KEY (`discount_id`) REFERENCES `discounts` (`id`) ON DELETE CASCADE;

--
-- Contraintes pour la table `discount_courses`
--
ALTER TABLE `discount_courses`
  ADD CONSTRAINT `discount_courses_course_id_foreign` FOREIGN KEY (`course_id`) REFERENCES `webinars` (`id`) ON DELETE CASCADE,
  ADD CONSTRAINT `discount_courses_discount_id_foreign` FOREIGN KEY (`discount_id`) REFERENCES `discounts` (`id`) ON DELETE CASCADE;

--
-- Contraintes pour la table `discount_groups`
--
ALTER TABLE `discount_groups`
  ADD CONSTRAINT `discount_groups_discount_id_foreign` FOREIGN KEY (`discount_id`) REFERENCES `discounts` (`id`) ON DELETE CASCADE,
  ADD CONSTRAINT `discount_groups_group_id_foreign` FOREIGN KEY (`group_id`) REFERENCES `groups` (`id`) ON DELETE CASCADE;

--
-- Contraintes pour la table `discount_users`
--
ALTER TABLE `discount_users`
  ADD CONSTRAINT `discount_users_discount_id_foreign` FOREIGN KEY (`discount_id`) REFERENCES `discounts` (`id`) ON DELETE CASCADE,
  ADD CONSTRAINT `discount_users_user_id_foreign` FOREIGN KEY (`user_id`) REFERENCES `users` (`id`) ON DELETE CASCADE;

--
-- Contraintes pour la table `documents`
--
ALTER TABLE `documents`
  ADD CONSTRAINT `manuel_id_foreign` FOREIGN KEY (`manuel_id`) REFERENCES `manuels` (`id`) ON DELETE CASCADE ON UPDATE CASCADE;

--
-- Contraintes pour la table `enfant`
--
ALTER TABLE `enfant`
  ADD CONSTRAINT `enfant_level_id_foreign` FOREIGN KEY (`level_id`) REFERENCES `school_levels` (`id`) ON DELETE CASCADE ON UPDATE CASCADE,
  ADD CONSTRAINT `enfant_parent_id_foreign` FOREIGN KEY (`parent_id`) REFERENCES `users` (`id`) ON DELETE CASCADE ON UPDATE CASCADE,
  ADD CONSTRAINT `enfant_user_id_foreign` FOREIGN KEY (`user_id`) REFERENCES `users` (`id`) ON DELETE CASCADE ON UPDATE CASCADE;

--
-- Contraintes pour la table `faqs`
--
ALTER TABLE `faqs`
  ADD CONSTRAINT `faqs_bundle_id_foreign` FOREIGN KEY (`bundle_id`) REFERENCES `bundles` (`id`) ON DELETE CASCADE,
  ADD CONSTRAINT `faqs_creator_id_foreign` FOREIGN KEY (`creator_id`) REFERENCES `users` (`id`) ON DELETE CASCADE,
  ADD CONSTRAINT `faqs_webinar_id_foreign` FOREIGN KEY (`webinar_id`) REFERENCES `webinars` (`id`) ON DELETE CASCADE;

--
-- Contraintes pour la table `faq_translations`
--
ALTER TABLE `faq_translations`
  ADD CONSTRAINT `faq_translations_faq_id_foreign` FOREIGN KEY (`faq_id`) REFERENCES `faqs` (`id`) ON DELETE CASCADE;

--
-- Contraintes pour la table `favorites`
--
ALTER TABLE `favorites`
  ADD CONSTRAINT `favorites_bundle_id_foreign` FOREIGN KEY (`bundle_id`) REFERENCES `bundles` (`id`) ON DELETE CASCADE,
  ADD CONSTRAINT `favorites_user_id_foreign` FOREIGN KEY (`user_id`) REFERENCES `users` (`id`) ON DELETE CASCADE,
  ADD CONSTRAINT `favorites_webinar_id_foreign` FOREIGN KEY (`webinar_id`) REFERENCES `webinars` (`id`) ON DELETE CASCADE;

--
-- Contraintes pour la table `feature_webinars`
--
ALTER TABLE `feature_webinars`
  ADD CONSTRAINT `feature_webinars_webinar_id_foreign` FOREIGN KEY (`webinar_id`) REFERENCES `webinars` (`id`) ON DELETE CASCADE;

--
-- Contraintes pour la table `feature_webinar_translations`
--
ALTER TABLE `feature_webinar_translations`
  ADD CONSTRAINT `feature_webinar_translations_feature_webinar_id_foreign` FOREIGN KEY (`feature_webinar_id`) REFERENCES `feature_webinars` (`id`) ON DELETE CASCADE;

--
-- Contraintes pour la table `files`
--
ALTER TABLE `files`
  ADD CONSTRAINT `files_chapter_id_foreign` FOREIGN KEY (`chapter_id`) REFERENCES `webinar_chapters` (`id`) ON DELETE CASCADE,
  ADD CONSTRAINT `files_creator_id_foreign` FOREIGN KEY (`creator_id`) REFERENCES `users` (`id`) ON DELETE CASCADE,
  ADD CONSTRAINT `files_webinar_id_foreign` FOREIGN KEY (`webinar_id`) REFERENCES `webinars` (`id`) ON DELETE CASCADE;

--
-- Contraintes pour la table `file_translations`
--
ALTER TABLE `file_translations`
  ADD CONSTRAINT `file_translations_file_id_foreign` FOREIGN KEY (`file_id`) REFERENCES `files` (`id`) ON DELETE CASCADE;

--
-- Contraintes pour la table `filters`
--
ALTER TABLE `filters`
  ADD CONSTRAINT `filters_category_id_foreign` FOREIGN KEY (`category_id`) REFERENCES `categories` (`id`) ON DELETE CASCADE;

--
-- Contraintes pour la table `filter_options`
--
ALTER TABLE `filter_options`
  ADD CONSTRAINT `filter_options_filter_id_foreign` FOREIGN KEY (`filter_id`) REFERENCES `filters` (`id`) ON DELETE CASCADE;

--
-- Contraintes pour la table `filter_option_translations`
--
ALTER TABLE `filter_option_translations`
  ADD CONSTRAINT `filter_option_translations_filter_option_id_foreign` FOREIGN KEY (`filter_option_id`) REFERENCES `filter_options` (`id`) ON DELETE CASCADE;

--
-- Contraintes pour la table `filter_translations`
--
ALTER TABLE `filter_translations`
  ADD CONSTRAINT `filter_translations_filter_id_foreign` FOREIGN KEY (`filter_id`) REFERENCES `filters` (`id`) ON DELETE CASCADE;

--
-- Contraintes pour la table `follows`
--
ALTER TABLE `follows`
  ADD CONSTRAINT `follows_follower_foreign` FOREIGN KEY (`follower`) REFERENCES `users` (`id`) ON DELETE CASCADE,
  ADD CONSTRAINT `follows_user_id_foreign` FOREIGN KEY (`user_id`) REFERENCES `users` (`id`) ON DELETE CASCADE;

--
-- Contraintes pour la table `forums`
--
ALTER TABLE `forums`
  ADD CONSTRAINT `forums_group_id_foreign` FOREIGN KEY (`group_id`) REFERENCES `groups` (`id`) ON DELETE CASCADE,
  ADD CONSTRAINT `forums_role_id_foreign` FOREIGN KEY (`role_id`) REFERENCES `roles` (`id`) ON DELETE CASCADE;

--
-- Contraintes pour la table `forum_featured_topics`
--
ALTER TABLE `forum_featured_topics`
  ADD CONSTRAINT `forum_featured_topics_topic_id_foreign` FOREIGN KEY (`topic_id`) REFERENCES `forum_topics` (`id`) ON DELETE CASCADE;

--
-- Contraintes pour la table `forum_recommended_topic_items`
--
ALTER TABLE `forum_recommended_topic_items`
  ADD CONSTRAINT `forum_recommended_topic_items_recommended_topic_id_foreign` FOREIGN KEY (`recommended_topic_id`) REFERENCES `forum_recommended_topics` (`id`) ON DELETE CASCADE,
  ADD CONSTRAINT `forum_recommended_topic_items_topic_id_foreign` FOREIGN KEY (`topic_id`) REFERENCES `forum_topics` (`id`) ON DELETE CASCADE;

--
-- Contraintes pour la table `forum_topics`
--
ALTER TABLE `forum_topics`
  ADD CONSTRAINT `forum_topics_creator_id_foreign` FOREIGN KEY (`creator_id`) REFERENCES `users` (`id`) ON DELETE CASCADE,
  ADD CONSTRAINT `forum_topics_forum_id_foreign` FOREIGN KEY (`forum_id`) REFERENCES `forums` (`id`) ON DELETE CASCADE;

--
-- Contraintes pour la table `forum_topic_attachments`
--
ALTER TABLE `forum_topic_attachments`
  ADD CONSTRAINT `forum_topic_attachments_creator_id_foreign` FOREIGN KEY (`creator_id`) REFERENCES `users` (`id`) ON DELETE CASCADE,
  ADD CONSTRAINT `forum_topic_attachments_topic_id_foreign` FOREIGN KEY (`topic_id`) REFERENCES `forum_topics` (`id`) ON DELETE CASCADE;

--
-- Contraintes pour la table `forum_topic_bookmarks`
--
ALTER TABLE `forum_topic_bookmarks`
  ADD CONSTRAINT `forum_topic_bookmarks_topic_id_foreign` FOREIGN KEY (`topic_id`) REFERENCES `forum_topics` (`id`) ON DELETE CASCADE,
  ADD CONSTRAINT `forum_topic_bookmarks_user_id_foreign` FOREIGN KEY (`user_id`) REFERENCES `users` (`id`) ON DELETE CASCADE;

--
-- Contraintes pour la table `forum_topic_likes`
--
ALTER TABLE `forum_topic_likes`
  ADD CONSTRAINT `forum_topic_likes_topic_id_foreign` FOREIGN KEY (`topic_id`) REFERENCES `forum_topics` (`id`) ON DELETE CASCADE,
  ADD CONSTRAINT `forum_topic_likes_topic_post_id_foreign` FOREIGN KEY (`topic_post_id`) REFERENCES `forum_topic_posts` (`id`) ON DELETE CASCADE,
  ADD CONSTRAINT `forum_topic_likes_user_id_foreign` FOREIGN KEY (`user_id`) REFERENCES `users` (`id`) ON DELETE CASCADE;

--
-- Contraintes pour la table `forum_topic_posts`
--
ALTER TABLE `forum_topic_posts`
  ADD CONSTRAINT `forum_topic_posts_parent_id_foreign` FOREIGN KEY (`parent_id`) REFERENCES `forum_topic_posts` (`id`) ON DELETE SET NULL,
  ADD CONSTRAINT `forum_topic_posts_topic_id_foreign` FOREIGN KEY (`topic_id`) REFERENCES `forum_topics` (`id`) ON DELETE CASCADE,
  ADD CONSTRAINT `forum_topic_posts_user_id_foreign` FOREIGN KEY (`user_id`) REFERENCES `users` (`id`) ON DELETE CASCADE;

--
-- Contraintes pour la table `forum_topic_reports`
--
ALTER TABLE `forum_topic_reports`
  ADD CONSTRAINT `forum_topic_reports_topic_id_foreign` FOREIGN KEY (`topic_id`) REFERENCES `forum_topics` (`id`) ON DELETE CASCADE,
  ADD CONSTRAINT `forum_topic_reports_topic_post_id_foreign` FOREIGN KEY (`topic_post_id`) REFERENCES `forum_topic_posts` (`id`) ON DELETE CASCADE,
  ADD CONSTRAINT `forum_topic_reports_user_id_foreign` FOREIGN KEY (`user_id`) REFERENCES `users` (`id`) ON DELETE CASCADE;

--
-- Contraintes pour la table `forum_translations`
--
ALTER TABLE `forum_translations`
  ADD CONSTRAINT `forum_translations_forum_id_foreign` FOREIGN KEY (`forum_id`) REFERENCES `forums` (`id`) ON DELETE CASCADE;

--
-- Contraintes pour la table `groups`
--
ALTER TABLE `groups`
  ADD CONSTRAINT `groups_creator_id_foreign` FOREIGN KEY (`creator_id`) REFERENCES `users` (`id`) ON DELETE CASCADE;

--
-- Contraintes pour la table `groups_registration_packages`
--
ALTER TABLE `groups_registration_packages`
  ADD CONSTRAINT `groups_registration_packages_group_id_foreign` FOREIGN KEY (`group_id`) REFERENCES `groups` (`id`) ON DELETE CASCADE;

--
-- Contraintes pour la table `group_users`
--
ALTER TABLE `group_users`
  ADD CONSTRAINT `group_users_group_id_foreign` FOREIGN KEY (`group_id`) REFERENCES `groups` (`id`) ON DELETE CASCADE,
  ADD CONSTRAINT `group_users_user_id_foreign` FOREIGN KEY (`user_id`) REFERENCES `users` (`id`) ON DELETE CASCADE;

--
-- Contraintes pour la table `likes`
--
ALTER TABLE `likes`
  ADD CONSTRAINT `likes_user_id_foreign` FOREIGN KEY (`user_id`) REFERENCES `users` (`id`) ON DELETE CASCADE ON UPDATE CASCADE,
  ADD CONSTRAINT `likes_video_id_foreign` FOREIGN KEY (`video_id`) REFERENCES `videos` (`id`) ON DELETE CASCADE ON UPDATE CASCADE;

--
-- Contraintes pour la table `manuels`
--
ALTER TABLE `manuels`
  ADD CONSTRAINT `material_id_foreign` FOREIGN KEY (`material_id`) REFERENCES `materials` (`id`) ON DELETE CASCADE ON UPDATE CASCADE;

--
-- Contraintes pour la table `materials`
--
ALTER TABLE `materials`
  ADD CONSTRAINT `materials_section_id_foreign` FOREIGN KEY (`section_id`) REFERENCES `sectionsmat` (`id`) ON DELETE CASCADE ON UPDATE CASCADE;

--
-- Contraintes pour la table `meetings`
--
ALTER TABLE `meetings`
  ADD CONSTRAINT `meetings_teacher_id_foreign` FOREIGN KEY (`teacher_id`) REFERENCES `users` (`id`) ON DELETE CASCADE ON UPDATE RESTRICT;

--
-- Contraintes pour la table `meeting_files`
--
ALTER TABLE `meeting_files`
  ADD CONSTRAINT `meeting_files_meeting_id_foreign` FOREIGN KEY (`meeting_id`) REFERENCES `meetings` (`id`) ON DELETE CASCADE ON UPDATE CASCADE;

--
-- Contraintes pour la table `meeting_times`
--
ALTER TABLE `meeting_times`
  ADD CONSTRAINT `meeting_times_level_id_foreign` FOREIGN KEY (`level_id`) REFERENCES `school_levels` (`id`) ON DELETE CASCADE ON UPDATE CASCADE,
  ADD CONSTRAINT `meeting_times_matiere_id_foreign` FOREIGN KEY (`matiere_id`) REFERENCES `materials` (`id`) ON DELETE CASCADE ON UPDATE CASCADE,
  ADD CONSTRAINT `meeting_times_meeting_id_foreign` FOREIGN KEY (`meeting_id`) REFERENCES `meetings` (`id`) ON DELETE CASCADE,
  ADD CONSTRAINT `meeting_times_submaterial_id_foreign` FOREIGN KEY (`submaterial_id`) REFERENCES `submaterials` (`id`) ON DELETE CASCADE ON UPDATE CASCADE;

--
-- Contraintes pour la table `navbar_buttons`
--
ALTER TABLE `navbar_buttons`
  ADD CONSTRAINT `navbar_buttons_role_id_foreign` FOREIGN KEY (`role_id`) REFERENCES `roles` (`id`) ON DELETE CASCADE;

--
-- Contraintes pour la table `navbar_button_translations`
--
ALTER TABLE `navbar_button_translations`
  ADD CONSTRAINT `navbar_button_translations_navbar_button_id_foreign` FOREIGN KEY (`navbar_button_id`) REFERENCES `navbar_buttons` (`id`) ON DELETE CASCADE;

--
-- Contraintes pour la table `noticeboards`
--
ALTER TABLE `noticeboards`
  ADD CONSTRAINT `noticeboards_instructor_id_foreign` FOREIGN KEY (`instructor_id`) REFERENCES `users` (`id`) ON DELETE CASCADE,
  ADD CONSTRAINT `noticeboards_organ_id_foreign` FOREIGN KEY (`organ_id`) REFERENCES `users` (`id`) ON DELETE CASCADE,
  ADD CONSTRAINT `noticeboards_user_id_foreign` FOREIGN KEY (`user_id`) REFERENCES `users` (`id`) ON DELETE CASCADE,
  ADD CONSTRAINT `noticeboards_webinar_id_foreign` FOREIGN KEY (`webinar_id`) REFERENCES `webinars` (`id`) ON DELETE CASCADE;

--
-- Contraintes pour la table `noticeboards_status`
--
ALTER TABLE `noticeboards_status`
  ADD CONSTRAINT `noticeboards_status_noticeboard_id_foreign` FOREIGN KEY (`noticeboard_id`) REFERENCES `noticeboards` (`id`) ON DELETE CASCADE;

--
-- Contraintes pour la table `notifications`
--
ALTER TABLE `notifications`
  ADD CONSTRAINT `notifications_group_id_foreign` FOREIGN KEY (`group_id`) REFERENCES `groups` (`id`) ON DELETE CASCADE,
  ADD CONSTRAINT `notifications_user_id_foreign` FOREIGN KEY (`user_id`) REFERENCES `users` (`id`) ON DELETE CASCADE;

--
-- Contraintes pour la table `notifications_status`
--
ALTER TABLE `notifications_status`
  ADD CONSTRAINT `notifications_status_notification_id_foreign` FOREIGN KEY (`notification_id`) REFERENCES `notifications` (`id`) ON DELETE CASCADE;

--
-- Contraintes pour la table `offline_payments`
--
ALTER TABLE `offline_payments`
  ADD CONSTRAINT `offline_payments_user_id_foreign` FOREIGN KEY (`user_id`) REFERENCES `users` (`id`) ON DELETE CASCADE;

--
-- Contraintes pour la table `orders`
--
ALTER TABLE `orders`
  ADD CONSTRAINT `orders_user_id_foreign` FOREIGN KEY (`user_id`) REFERENCES `users` (`id`) ON DELETE CASCADE;

--
-- Contraintes pour la table `page_translations`
--
ALTER TABLE `page_translations`
  ADD CONSTRAINT `page_translations_page_id_foreign` FOREIGN KEY (`page_id`) REFERENCES `pages` (`id`) ON DELETE CASCADE;

--
-- Contraintes pour la table `payku_payments`
--
ALTER TABLE `payku_payments`
  ADD CONSTRAINT `payku_payments_transaction_id_foreign` FOREIGN KEY (`transaction_id`) REFERENCES `payku_transactions` (`id`);

--
-- Contraintes pour la table `payouts`
--
ALTER TABLE `payouts`
  ADD CONSTRAINT `payouts_user_id_foreign` FOREIGN KEY (`user_id`) REFERENCES `users` (`id`) ON DELETE CASCADE;

--
-- Contraintes pour la table `pdf_documents`
--
ALTER TABLE `pdf_documents`
  ADD CONSTRAINT `pdf_documents_level_id_foreign` FOREIGN KEY (`level_id`) REFERENCES `school_levels` (`id`) ON DELETE CASCADE ON UPDATE CASCADE,
  ADD CONSTRAINT `pdf_documents_matiere_id_foreign` FOREIGN KEY (`matiere_id`) REFERENCES `materials` (`id`) ON DELETE CASCADE ON UPDATE CASCADE;

--
-- Contraintes pour la table `permissions`
--
ALTER TABLE `permissions`
  ADD CONSTRAINT `permissions_role_id_foreign` FOREIGN KEY (`role_id`) REFERENCES `roles` (`id`) ON DELETE CASCADE,
  ADD CONSTRAINT `permissions_section_id_foreign` FOREIGN KEY (`section_id`) REFERENCES `sections` (`id`);

--
-- Contraintes pour la table `prerequisites`
--
ALTER TABLE `prerequisites`
  ADD CONSTRAINT `prerequisite_id` FOREIGN KEY (`prerequisite_id`) REFERENCES `webinars` (`id`) ON DELETE CASCADE,
  ADD CONSTRAINT `prerequisites_webinar_id_foreign` FOREIGN KEY (`webinar_id`) REFERENCES `webinars` (`id`) ON DELETE CASCADE;

--
-- Contraintes pour la table `products`
--
ALTER TABLE `products`
  ADD CONSTRAINT `products_category_id_foreign` FOREIGN KEY (`category_id`) REFERENCES `product_categories` (`id`) ON DELETE CASCADE,
  ADD CONSTRAINT `products_creator_id_foreign` FOREIGN KEY (`creator_id`) REFERENCES `users` (`id`) ON DELETE CASCADE;

--
-- Contraintes pour la table `product_category_translations`
--
ALTER TABLE `product_category_translations`
  ADD CONSTRAINT `product_category_id` FOREIGN KEY (`product_category_id`) REFERENCES `product_categories` (`id`) ON DELETE CASCADE;

--
-- Contraintes pour la table `product_discounts`
--
ALTER TABLE `product_discounts`
  ADD CONSTRAINT `product_discounts_creator_id_foreign` FOREIGN KEY (`creator_id`) REFERENCES `users` (`id`) ON DELETE CASCADE,
  ADD CONSTRAINT `product_discounts_product_id_foreign` FOREIGN KEY (`product_id`) REFERENCES `products` (`id`) ON DELETE CASCADE;

--
-- Contraintes pour la table `product_faqs`
--
ALTER TABLE `product_faqs`
  ADD CONSTRAINT `product_faqs_creator_id_foreign` FOREIGN KEY (`creator_id`) REFERENCES `users` (`id`) ON DELETE CASCADE,
  ADD CONSTRAINT `product_faqs_product_id_foreign` FOREIGN KEY (`product_id`) REFERENCES `products` (`id`) ON DELETE CASCADE;

--
-- Contraintes pour la table `product_faq_translations`
--
ALTER TABLE `product_faq_translations`
  ADD CONSTRAINT `product_faq_id` FOREIGN KEY (`product_faq_id`) REFERENCES `product_faqs` (`id`) ON DELETE CASCADE;

--
-- Contraintes pour la table `product_files`
--
ALTER TABLE `product_files`
  ADD CONSTRAINT `file_creator_id` FOREIGN KEY (`creator_id`) REFERENCES `users` (`id`) ON DELETE CASCADE,
  ADD CONSTRAINT `file_product_id` FOREIGN KEY (`product_id`) REFERENCES `products` (`id`) ON DELETE CASCADE;

--
-- Contraintes pour la table `product_file_translations`
--
ALTER TABLE `product_file_translations`
  ADD CONSTRAINT `product_file_id` FOREIGN KEY (`product_file_id`) REFERENCES `product_files` (`id`) ON DELETE CASCADE;

--
-- Contraintes pour la table `product_filters`
--
ALTER TABLE `product_filters`
  ADD CONSTRAINT `product_filters_category_id_foreign` FOREIGN KEY (`category_id`) REFERENCES `product_categories` (`id`) ON DELETE CASCADE;

--
-- Contraintes pour la table `product_filter_options`
--
ALTER TABLE `product_filter_options`
  ADD CONSTRAINT `product_filter_options_filter_id_foreign` FOREIGN KEY (`filter_id`) REFERENCES `product_filters` (`id`) ON DELETE CASCADE;

--
-- Contraintes pour la table `product_filter_option_translations`
--
ALTER TABLE `product_filter_option_translations`
  ADD CONSTRAINT `product_filter_option_id` FOREIGN KEY (`product_filter_option_id`) REFERENCES `product_filter_options` (`id`) ON DELETE CASCADE;

--
-- Contraintes pour la table `product_filter_translations`
--
ALTER TABLE `product_filter_translations`
  ADD CONSTRAINT `product_filter_id` FOREIGN KEY (`product_filter_id`) REFERENCES `product_filters` (`id`) ON DELETE CASCADE;

--
-- Contraintes pour la table `product_media`
--
ALTER TABLE `product_media`
  ADD CONSTRAINT `media_creator_id` FOREIGN KEY (`creator_id`) REFERENCES `users` (`id`) ON DELETE CASCADE,
  ADD CONSTRAINT `media_product_id` FOREIGN KEY (`product_id`) REFERENCES `products` (`id`) ON DELETE CASCADE;

--
-- Contraintes pour la table `product_reviews`
--
ALTER TABLE `product_reviews`
  ADD CONSTRAINT `product_reviews_creator_id_foreign` FOREIGN KEY (`creator_id`) REFERENCES `users` (`id`) ON DELETE CASCADE,
  ADD CONSTRAINT `product_reviews_product_id_foreign` FOREIGN KEY (`product_id`) REFERENCES `products` (`id`) ON DELETE CASCADE;

--
-- Contraintes pour la table `product_selected_filter_options`
--
ALTER TABLE `product_selected_filter_options`
  ADD CONSTRAINT `product_selected_filter_options_filter_option_id_foreign` FOREIGN KEY (`filter_option_id`) REFERENCES `product_filter_options` (`id`) ON DELETE CASCADE,
  ADD CONSTRAINT `product_selected_filter_options_product_id_foreign` FOREIGN KEY (`product_id`) REFERENCES `products` (`id`) ON DELETE CASCADE;

--
-- Contraintes pour la table `product_selected_specifications`
--
ALTER TABLE `product_selected_specifications`
  ADD CONSTRAINT `product_selected_specifications_creator_id_foreign` FOREIGN KEY (`creator_id`) REFERENCES `users` (`id`) ON DELETE CASCADE,
  ADD CONSTRAINT `product_selected_specifications_product_id_foreign` FOREIGN KEY (`product_id`) REFERENCES `products` (`id`) ON DELETE CASCADE,
  ADD CONSTRAINT `product_selected_specifications_product_specification_id_foreign` FOREIGN KEY (`product_specification_id`) REFERENCES `product_specifications` (`id`) ON DELETE CASCADE;

--
-- Contraintes pour la table `product_selected_specification_multi_values`
--
ALTER TABLE `product_selected_specification_multi_values`
  ADD CONSTRAINT `selected_specification_id` FOREIGN KEY (`selected_specification_id`) REFERENCES `product_selected_specifications` (`id`) ON DELETE CASCADE,
  ADD CONSTRAINT `specification_multi_value_id` FOREIGN KEY (`specification_multi_value_id`) REFERENCES `product_specification_multi_values` (`id`) ON DELETE CASCADE;

--
-- Contraintes pour la table `product_selected_specification_translations`
--
ALTER TABLE `product_selected_specification_translations`
  ADD CONSTRAINT `product_selected_specification_id_translations` FOREIGN KEY (`product_selected_specification_id`) REFERENCES `product_selected_specifications` (`id`) ON DELETE CASCADE;

--
-- Contraintes pour la table `product_specification_categories`
--
ALTER TABLE `product_specification_categories`
  ADD CONSTRAINT `product_specification_categories_category_id_foreign` FOREIGN KEY (`category_id`) REFERENCES `product_categories` (`id`) ON DELETE CASCADE,
  ADD CONSTRAINT `product_specification_categories_specification_id_foreign` FOREIGN KEY (`specification_id`) REFERENCES `product_specifications` (`id`) ON DELETE CASCADE;

--
-- Contraintes pour la table `product_specification_multi_values`
--
ALTER TABLE `product_specification_multi_values`
  ADD CONSTRAINT `product_specification_multi_values_specification_id_foreign` FOREIGN KEY (`specification_id`) REFERENCES `product_specifications` (`id`) ON DELETE CASCADE;

--
-- Contraintes pour la table `product_specification_multi_value_translations`
--
ALTER TABLE `product_specification_multi_value_translations`
  ADD CONSTRAINT `product_specification_multi_value_id` FOREIGN KEY (`product_specification_multi_value_id`) REFERENCES `product_specification_multi_values` (`id`) ON DELETE CASCADE;

--
-- Contraintes pour la table `product_specification_translations`
--
ALTER TABLE `product_specification_translations`
  ADD CONSTRAINT `product_specification_id` FOREIGN KEY (`product_specification_id`) REFERENCES `product_specifications` (`id`) ON DELETE CASCADE;

--
-- Contraintes pour la table `product_translations`
--
ALTER TABLE `product_translations`
  ADD CONSTRAINT `product_id` FOREIGN KEY (`product_id`) REFERENCES `products` (`id`) ON DELETE CASCADE;

--
-- Contraintes pour la table `promotion_translations`
--
ALTER TABLE `promotion_translations`
  ADD CONSTRAINT `promotion_translations_promotion_id_foreign` FOREIGN KEY (`promotion_id`) REFERENCES `promotions` (`id`) ON DELETE CASCADE;

--
-- Contraintes pour la table `purchases`
--
ALTER TABLE `purchases`
  ADD CONSTRAINT `purchases_user_id_foreign` FOREIGN KEY (`user_id`) REFERENCES `users` (`id`) ON DELETE CASCADE,
  ADD CONSTRAINT `purchases_webinar_id_foreign` FOREIGN KEY (`webinar_id`) REFERENCES `webinars` (`id`) ON DELETE CASCADE;

--
-- Contraintes pour la table `quizzes`
--
ALTER TABLE `quizzes`
  ADD CONSTRAINT `quizzes_chapter_id_foreign` FOREIGN KEY (`chapter_id`) REFERENCES `webinar_chapters` (`id`) ON DELETE CASCADE,
  ADD CONSTRAINT `quizzes_creator_id_foreign` FOREIGN KEY (`creator_id`) REFERENCES `users` (`id`) ON DELETE CASCADE,
  ADD CONSTRAINT `quizzes_webinar_id_foreign` FOREIGN KEY (`webinar_id`) REFERENCES `webinars` (`id`) ON DELETE CASCADE;

--
-- Contraintes pour la table `quizzes_questions`
--
ALTER TABLE `quizzes_questions`
  ADD CONSTRAINT `quizzes_questions_creator_id_foreign` FOREIGN KEY (`creator_id`) REFERENCES `users` (`id`) ON DELETE CASCADE,
  ADD CONSTRAINT `quizzes_questions_quiz_id_foreign` FOREIGN KEY (`quiz_id`) REFERENCES `quizzes` (`id`) ON DELETE CASCADE;

--
-- Contraintes pour la table `quizzes_questions_answers`
--
ALTER TABLE `quizzes_questions_answers`
  ADD CONSTRAINT `quizzes_questions_answers_creator_id_foreign` FOREIGN KEY (`creator_id`) REFERENCES `users` (`id`) ON DELETE CASCADE,
  ADD CONSTRAINT `quizzes_questions_answers_question_id_foreign` FOREIGN KEY (`question_id`) REFERENCES `quizzes_questions` (`id`) ON DELETE CASCADE;

--
-- Contraintes pour la table `quizzes_questions_answer_translations`
--
ALTER TABLE `quizzes_questions_answer_translations`
  ADD CONSTRAINT `quizzes_questions_answer_id` FOREIGN KEY (`quizzes_questions_answer_id`) REFERENCES `quizzes_questions_answers` (`id`) ON DELETE CASCADE;

--
-- Contraintes pour la table `quizzes_results`
--
ALTER TABLE `quizzes_results`
  ADD CONSTRAINT `quizzes_results_quiz_id_foreign` FOREIGN KEY (`quiz_id`) REFERENCES `quizzes` (`id`) ON DELETE CASCADE,
  ADD CONSTRAINT `quizzes_results_user_id_foreign` FOREIGN KEY (`user_id`) REFERENCES `users` (`id`) ON DELETE CASCADE;

--
-- Contraintes pour la table `quiz_question_translations`
--
ALTER TABLE `quiz_question_translations`
  ADD CONSTRAINT `quiz_question_translations_quiz_question_id_foreign` FOREIGN KEY (`quizzes_question_id`) REFERENCES `quizzes_questions` (`id`) ON DELETE CASCADE;

--
-- Contraintes pour la table `quiz_translations`
--
ALTER TABLE `quiz_translations`
  ADD CONSTRAINT `quiz_translations_quiz_id_foreign` FOREIGN KEY (`quiz_id`) REFERENCES `quizzes` (`id`) ON DELETE CASCADE;

--
-- Contraintes pour la table `rating`
--
ALTER TABLE `rating`
  ADD CONSTRAINT `rating_creator_id_foreign` FOREIGN KEY (`creator_id`) REFERENCES `users` (`id`) ON DELETE CASCADE,
  ADD CONSTRAINT `rating_user_id_foreign` FOREIGN KEY (`user_id`) REFERENCES `users` (`id`) ON DELETE CASCADE,
  ADD CONSTRAINT `rating_webinar_id_foreign` FOREIGN KEY (`webinar_id`) REFERENCES `webinars` (`id`) ON DELETE CASCADE;

--
-- Contraintes pour la table `regions`
--
ALTER TABLE `regions`
  ADD CONSTRAINT `regions_city_id_foreign` FOREIGN KEY (`city_id`) REFERENCES `regions` (`id`) ON DELETE CASCADE,
  ADD CONSTRAINT `regions_country_id_foreign` FOREIGN KEY (`country_id`) REFERENCES `regions` (`id`) ON DELETE CASCADE,
  ADD CONSTRAINT `regions_province_id_foreign` FOREIGN KEY (`province_id`) REFERENCES `regions` (`id`) ON DELETE CASCADE;

--
-- Contraintes pour la table `registration_packages_translations`
--
ALTER TABLE `registration_packages_translations`
  ADD CONSTRAINT `registration_package` FOREIGN KEY (`registration_package_id`) REFERENCES `registration_packages` (`id`) ON DELETE CASCADE;

--
-- Contraintes pour la table `reserve_meetings`
--
ALTER TABLE `reserve_meetings`
  ADD CONSTRAINT `reserve_meetings_meeting_time_id_foreign` FOREIGN KEY (`meeting_time_id`) REFERENCES `meeting_times` (`id`) ON DELETE CASCADE,
  ADD CONSTRAINT `reserve_meetings_sale_id_foreign` FOREIGN KEY (`sale_id`) REFERENCES `sales` (`id`) ON DELETE CASCADE,
  ADD CONSTRAINT `reserve_meetings_user_id_foreign` FOREIGN KEY (`user_id`) REFERENCES `users` (`id`) ON DELETE CASCADE;

--
-- Contraintes pour la table `rewards_accounting`
--
ALTER TABLE `rewards_accounting`
  ADD CONSTRAINT `rewards_accounting_user_id_foreign` FOREIGN KEY (`user_id`) REFERENCES `users` (`id`) ON DELETE CASCADE;

--
-- Contraintes pour la table `sales_log`
--
ALTER TABLE `sales_log`
  ADD CONSTRAINT `sales_status_sale_id_foreign` FOREIGN KEY (`sale_id`) REFERENCES `sales` (`id`) ON DELETE CASCADE;

--
-- Contraintes pour la table `sessions`
--
ALTER TABLE `sessions`
  ADD CONSTRAINT `sessions_chapter_id_foreign` FOREIGN KEY (`chapter_id`) REFERENCES `webinar_chapters` (`id`) ON DELETE CASCADE,
  ADD CONSTRAINT `sessions_creator_id_foreign` FOREIGN KEY (`creator_id`) REFERENCES `users` (`id`) ON DELETE CASCADE,
  ADD CONSTRAINT `sessions_webinar_id_foreign` FOREIGN KEY (`webinar_id`) REFERENCES `webinars` (`id`) ON DELETE CASCADE;

--
-- Contraintes pour la table `submaterials`
--
ALTER TABLE `submaterials`
  ADD CONSTRAINT `submaterials_material_id_foreign` FOREIGN KEY (`material_id`) REFERENCES `materials` (`id`) ON DELETE CASCADE;

--
-- Contraintes pour la table `subscribes`
--
ALTER TABLE `subscribes`
  ADD CONSTRAINT `subscribes_level_id_foreign` FOREIGN KEY (`level_id`) REFERENCES `school_levels` (`id`) ON DELETE CASCADE ON UPDATE CASCADE;

--
-- Contraintes pour la table `teachers`
--
ALTER TABLE `teachers`
  ADD CONSTRAINT `teachers_teacher_id_foreign` FOREIGN KEY (`teacher_id`) REFERENCES `users` (`id`) ON DELETE CASCADE ON UPDATE CASCADE,
  ADD CONSTRAINT `teachers_users_id_foreign` FOREIGN KEY (`users_id`) REFERENCES `users` (`id`) ON DELETE CASCADE ON UPDATE CASCADE;

--
-- Contraintes pour la table `users`
--
ALTER TABLE `users`
  ADD CONSTRAINT `users_matier_id_foreign` FOREIGN KEY (`matier_id`) REFERENCES `materials` (`id`) ON DELETE CASCADE ON UPDATE CASCADE,
  ADD CONSTRAINT `users_option_id_foreign` FOREIGN KEY (`option_id`) REFERENCES `options` (`id`) ON DELETE CASCADE ON UPDATE CASCADE;

--
-- Contraintes pour la table `user_level`
--
ALTER TABLE `user_level`
  ADD CONSTRAINT `user_level_level_id_foreign` FOREIGN KEY (`level_id`) REFERENCES `school_levels` (`id`) ON DELETE CASCADE ON UPDATE CASCADE,
  ADD CONSTRAINT `user_level_teacher_id_foreign` FOREIGN KEY (`teacher_id`) REFERENCES `users` (`id`) ON DELETE CASCADE ON UPDATE CASCADE;

--
-- Contraintes pour la table `user_matiere`
--
ALTER TABLE `user_matiere`
  ADD CONSTRAINT `user_matiere_level_id_foreign` FOREIGN KEY (`level_id`) REFERENCES `school_levels` (`id`) ON DELETE CASCADE ON UPDATE CASCADE,
  ADD CONSTRAINT `user_matiere_matiere_id_foreign` FOREIGN KEY (`matiere_id`) REFERENCES `materials` (`id`) ON DELETE CASCADE ON UPDATE CASCADE,
  ADD CONSTRAINT `user_matiere_teacher_id_foreign` FOREIGN KEY (`teacher_id`) REFERENCES `users` (`id`) ON DELETE CASCADE ON UPDATE CASCADE;

--
-- Contraintes pour la table `user_views`
--
ALTER TABLE `user_views`
  ADD CONSTRAINT `user_views_user_id_foreign` FOREIGN KEY (`user_id`) REFERENCES `users` (`id`) ON DELETE CASCADE,
  ADD CONSTRAINT `user_views_video_id_foreign` FOREIGN KEY (`video_id`) REFERENCES `videos` (`id`) ON DELETE CASCADE;

--
-- Contraintes pour la table `videos`
--
ALTER TABLE `videos`
  ADD CONSTRAINT `user_id_foreign` FOREIGN KEY (`user_id`) REFERENCES `users` (`id`) ON DELETE CASCADE ON UPDATE CASCADE;

--
-- Contraintes pour la table `webinars`
--
ALTER TABLE `webinars`
  ADD CONSTRAINT `webinars_level_id_foreign` FOREIGN KEY (`level_id`) REFERENCES `school_levels` (`id`) ON DELETE CASCADE ON UPDATE CASCADE,
  ADD CONSTRAINT `webinars_matiere_id_foreign` FOREIGN KEY (`matiere_id`) REFERENCES `materials` (`id`) ON DELETE CASCADE ON UPDATE CASCADE,
  ADD CONSTRAINT `webinars_submaterial_id_foreign` FOREIGN KEY (`submaterial_id`) REFERENCES `submaterials` (`id`) ON DELETE CASCADE ON UPDATE CASCADE;
COMMIT;

/*!40101 SET CHARACTER_SET_CLIENT=@OLD_CHARACTER_SET_CLIENT */;
/*!40101 SET CHARACTER_SET_RESULTS=@OLD_CHARACTER_SET_RESULTS */;
/*!40101 SET COLLATION_CONNECTION=@OLD_COLLATION_CONNECTION */;
